--
-- PostgreSQL database dump
--

\restrict qx0HebzrXUXrl2nkxgojdIcGgi2jSeXK0evLf6yTPQ32DjwNijo76ZhoMRbUAOq

-- Dumped from database version 16.11 (b740647)
-- Dumped by pg_dump version 16.11 (Ubuntu 16.11-1.pgdg22.04+1)

-- Started on 2025-12-09 06:17:58 UTC

SET statement_timeout = 0;
SET lock_timeout = 0;
SET idle_in_transaction_session_timeout = 0;
SET client_encoding = 'UTF8';
SET standard_conforming_strings = on;
SELECT pg_catalog.set_config('search_path', '', false);
SET check_function_bodies = false;
SET xmloption = content;
SET client_min_messages = warning;
SET row_security = off;

SET default_tablespace = '';

SET default_table_access_method = heap;

--
-- TOC entry 215 (class 1259 OID 24576)
-- Name: accounts_generalsetting; Type: TABLE; Schema: public; Owner: -
--

CREATE TABLE public.accounts_generalsetting (
    id bigint NOT NULL,
    referral_code_length integer NOT NULL,
    referral_code_case character varying(20) NOT NULL,
    exclude_similar_chars boolean NOT NULL,
    created_at timestamp with time zone NOT NULL,
    updated_at timestamp with time zone NOT NULL,
    referral_code_pattern character varying(100),
    auto_login_on_register boolean NOT NULL,
    rank_basis character varying(20) NOT NULL,
    rank_count_levels_upto smallint NOT NULL,
    rank_use_missions boolean NOT NULL,
    rank_use_downlines_total boolean NOT NULL,
    rank_use_downlines_active boolean NOT NULL,
    registration_bonus_amount numeric(15,2) NOT NULL,
    registration_bonus_enabled boolean NOT NULL,
    registration_bonus_wallet character varying(20) NOT NULL,
    CONSTRAINT accounts_generalsetting_rank_count_levels_upto_check CHECK ((rank_count_levels_upto >= 0)),
    CONSTRAINT accounts_generalsetting_referral_code_length_check CHECK ((referral_code_length >= 0))
);


--
-- TOC entry 216 (class 1259 OID 24581)
-- Name: accounts_generalsetting_id_seq; Type: SEQUENCE; Schema: public; Owner: -
--

ALTER TABLE public.accounts_generalsetting ALTER COLUMN id ADD GENERATED BY DEFAULT AS IDENTITY (
    SEQUENCE NAME public.accounts_generalsetting_id_seq
    START WITH 1
    INCREMENT BY 1
    NO MINVALUE
    NO MAXVALUE
    CACHE 1
);


--
-- TOC entry 217 (class 1259 OID 24582)
-- Name: accounts_user; Type: TABLE; Schema: public; Owner: -
--

CREATE TABLE public.accounts_user (
    id bigint NOT NULL,
    password character varying(128) NOT NULL,
    last_login timestamp with time zone,
    is_superuser boolean NOT NULL,
    username character varying(150) NOT NULL,
    first_name character varying(150) NOT NULL,
    last_name character varying(150) NOT NULL,
    is_staff boolean NOT NULL,
    is_active boolean NOT NULL,
    date_joined timestamp with time zone NOT NULL,
    email character varying(254) NOT NULL,
    full_name character varying(255) NOT NULL,
    phone character varying(15) NOT NULL,
    balance numeric(15,2) NOT NULL,
    balance_deposit numeric(15,2) NOT NULL,
    banned_status boolean NOT NULL,
    referral_code character varying(20),
    rank smallint,
    is_account_non_expired boolean NOT NULL,
    is_account_non_locked boolean NOT NULL,
    is_credentials_non_expired boolean NOT NULL,
    is_enabled boolean NOT NULL,
    created_at timestamp with time zone NOT NULL,
    updated_at timestamp with time zone NOT NULL,
    referral_by_id bigint,
    withdraw_pin character varying(128),
    CONSTRAINT accounts_user_rank_56660d3c_check CHECK ((rank >= 0))
);


--
-- TOC entry 218 (class 1259 OID 24588)
-- Name: accounts_user_groups; Type: TABLE; Schema: public; Owner: -
--

CREATE TABLE public.accounts_user_groups (
    id bigint NOT NULL,
    user_id bigint NOT NULL,
    group_id integer NOT NULL
);


--
-- TOC entry 219 (class 1259 OID 24591)
-- Name: accounts_user_groups_id_seq; Type: SEQUENCE; Schema: public; Owner: -
--

ALTER TABLE public.accounts_user_groups ALTER COLUMN id ADD GENERATED BY DEFAULT AS IDENTITY (
    SEQUENCE NAME public.accounts_user_groups_id_seq
    START WITH 1
    INCREMENT BY 1
    NO MINVALUE
    NO MAXVALUE
    CACHE 1
);


--
-- TOC entry 220 (class 1259 OID 24592)
-- Name: accounts_user_id_seq; Type: SEQUENCE; Schema: public; Owner: -
--

ALTER TABLE public.accounts_user ALTER COLUMN id ADD GENERATED BY DEFAULT AS IDENTITY (
    SEQUENCE NAME public.accounts_user_id_seq
    START WITH 1
    INCREMENT BY 1
    NO MINVALUE
    NO MAXVALUE
    CACHE 1
);


--
-- TOC entry 221 (class 1259 OID 24593)
-- Name: accounts_user_user_permissions; Type: TABLE; Schema: public; Owner: -
--

CREATE TABLE public.accounts_user_user_permissions (
    id bigint NOT NULL,
    user_id bigint NOT NULL,
    permission_id integer NOT NULL
);


--
-- TOC entry 222 (class 1259 OID 24596)
-- Name: accounts_user_user_permissions_id_seq; Type: SEQUENCE; Schema: public; Owner: -
--

ALTER TABLE public.accounts_user_user_permissions ALTER COLUMN id ADD GENERATED BY DEFAULT AS IDENTITY (
    SEQUENCE NAME public.accounts_user_user_permissions_id_seq
    START WITH 1
    INCREMENT BY 1
    NO MINVALUE
    NO MAXVALUE
    CACHE 1
);


--
-- TOC entry 223 (class 1259 OID 24597)
-- Name: attendance_logs; Type: TABLE; Schema: public; Owner: -
--

CREATE TABLE public.attendance_logs (
    id bigint NOT NULL,
    date date NOT NULL,
    streak_count integer NOT NULL,
    amount numeric(15,2) NOT NULL,
    created_at timestamp with time zone NOT NULL,
    user_id bigint NOT NULL
);


--
-- TOC entry 224 (class 1259 OID 24600)
-- Name: attendance_logs_id_seq; Type: SEQUENCE; Schema: public; Owner: -
--

ALTER TABLE public.attendance_logs ALTER COLUMN id ADD GENERATED BY DEFAULT AS IDENTITY (
    SEQUENCE NAME public.attendance_logs_id_seq
    START WITH 1
    INCREMENT BY 1
    NO MINVALUE
    NO MAXVALUE
    CACHE 1
);


--
-- TOC entry 225 (class 1259 OID 24601)
-- Name: attendance_settings; Type: TABLE; Schema: public; Owner: -
--

CREATE TABLE public.attendance_settings (
    id bigint NOT NULL,
    balance_source character varying(20) NOT NULL,
    reward_type character varying(20) NOT NULL,
    fixed_amount numeric(15,2),
    min_amount numeric(15,2) NOT NULL,
    max_amount numeric(15,2) NOT NULL,
    consecutive_bonus_enabled boolean NOT NULL,
    bonus_7_days numeric(15,2) NOT NULL,
    bonus_30_days numeric(15,2) NOT NULL,
    is_active boolean NOT NULL,
    created_at timestamp with time zone NOT NULL,
    updated_at timestamp with time zone NOT NULL,
    rank_rewards jsonb NOT NULL
);


--
-- TOC entry 226 (class 1259 OID 24606)
-- Name: attendance_settings_id_seq; Type: SEQUENCE; Schema: public; Owner: -
--

ALTER TABLE public.attendance_settings ALTER COLUMN id ADD GENERATED BY DEFAULT AS IDENTITY (
    SEQUENCE NAME public.attendance_settings_id_seq
    START WITH 1
    INCREMENT BY 1
    NO MINVALUE
    NO MAXVALUE
    CACHE 1
);


--
-- TOC entry 227 (class 1259 OID 24607)
-- Name: auth_group; Type: TABLE; Schema: public; Owner: -
--

CREATE TABLE public.auth_group (
    id integer NOT NULL,
    name character varying(150) NOT NULL
);


--
-- TOC entry 228 (class 1259 OID 24610)
-- Name: auth_group_id_seq; Type: SEQUENCE; Schema: public; Owner: -
--

ALTER TABLE public.auth_group ALTER COLUMN id ADD GENERATED BY DEFAULT AS IDENTITY (
    SEQUENCE NAME public.auth_group_id_seq
    START WITH 1
    INCREMENT BY 1
    NO MINVALUE
    NO MAXVALUE
    CACHE 1
);


--
-- TOC entry 229 (class 1259 OID 24611)
-- Name: auth_group_permissions; Type: TABLE; Schema: public; Owner: -
--

CREATE TABLE public.auth_group_permissions (
    id bigint NOT NULL,
    group_id integer NOT NULL,
    permission_id integer NOT NULL
);


--
-- TOC entry 230 (class 1259 OID 24614)
-- Name: auth_group_permissions_id_seq; Type: SEQUENCE; Schema: public; Owner: -
--

ALTER TABLE public.auth_group_permissions ALTER COLUMN id ADD GENERATED BY DEFAULT AS IDENTITY (
    SEQUENCE NAME public.auth_group_permissions_id_seq
    START WITH 1
    INCREMENT BY 1
    NO MINVALUE
    NO MAXVALUE
    CACHE 1
);


--
-- TOC entry 231 (class 1259 OID 24615)
-- Name: auth_permission; Type: TABLE; Schema: public; Owner: -
--

CREATE TABLE public.auth_permission (
    id integer NOT NULL,
    name character varying(255) NOT NULL,
    content_type_id integer NOT NULL,
    codename character varying(100) NOT NULL
);


--
-- TOC entry 232 (class 1259 OID 24618)
-- Name: auth_permission_id_seq; Type: SEQUENCE; Schema: public; Owner: -
--

ALTER TABLE public.auth_permission ALTER COLUMN id ADD GENERATED BY DEFAULT AS IDENTITY (
    SEQUENCE NAME public.auth_permission_id_seq
    START WITH 1
    INCREMENT BY 1
    NO MINVALUE
    NO MAXVALUE
    CACHE 1
);


--
-- TOC entry 233 (class 1259 OID 24619)
-- Name: authtoken_token; Type: TABLE; Schema: public; Owner: -
--

CREATE TABLE public.authtoken_token (
    key character varying(40) NOT NULL,
    created timestamp with time zone NOT NULL,
    user_id bigint NOT NULL
);


--
-- TOC entry 234 (class 1259 OID 24622)
-- Name: bank_settings; Type: TABLE; Schema: public; Owner: -
--

CREATE TABLE public.bank_settings (
    id bigint NOT NULL,
    max_banks_per_user smallint NOT NULL,
    created_at timestamp with time zone NOT NULL,
    updated_at timestamp with time zone NOT NULL,
    CONSTRAINT bank_settings_max_banks_per_user_check CHECK ((max_banks_per_user >= 0))
);


--
-- TOC entry 235 (class 1259 OID 24626)
-- Name: bank_settings_id_seq; Type: SEQUENCE; Schema: public; Owner: -
--

ALTER TABLE public.bank_settings ALTER COLUMN id ADD GENERATED BY DEFAULT AS IDENTITY (
    SEQUENCE NAME public.bank_settings_id_seq
    START WITH 1
    INCREMENT BY 1
    NO MINVALUE
    NO MAXVALUE
    CACHE 1
);


--
-- TOC entry 236 (class 1259 OID 24627)
-- Name: banks; Type: TABLE; Schema: public; Owner: -
--

CREATE TABLE public.banks (
    id bigint NOT NULL,
    code character varying(50) NOT NULL,
    name character varying(100) NOT NULL,
    is_active boolean NOT NULL,
    logo character varying(200),
    min_withdrawal numeric(15,2) NOT NULL,
    max_withdrawal numeric(15,2) NOT NULL,
    withdrawal_fee numeric(7,2) NOT NULL,
    processing_time smallint NOT NULL,
    created_at timestamp with time zone NOT NULL,
    updated_at timestamp with time zone NOT NULL,
    CONSTRAINT banks_processing_time_check CHECK ((processing_time >= 0))
);


--
-- TOC entry 237 (class 1259 OID 24631)
-- Name: banks_id_seq; Type: SEQUENCE; Schema: public; Owner: -
--

ALTER TABLE public.banks ALTER COLUMN id ADD GENERATED BY DEFAULT AS IDENTITY (
    SEQUENCE NAME public.banks_id_seq
    START WITH 1
    INCREMENT BY 1
    NO MINVALUE
    NO MAXVALUE
    CACHE 1
);


--
-- TOC entry 238 (class 1259 OID 24632)
-- Name: claim_history; Type: TABLE; Schema: public; Owner: -
--

CREATE TABLE public.claim_history (
    id bigint NOT NULL,
    claim_amount numeric(15,2) NOT NULL,
    claim_type character varying(20) NOT NULL,
    status character varying(20) NOT NULL,
    claim_number integer NOT NULL,
    remaining_days_at_claim integer NOT NULL,
    total_claimed_before numeric(15,2) NOT NULL,
    notes text NOT NULL,
    created_at timestamp with time zone NOT NULL,
    investment_id bigint NOT NULL,
    transaction_id bigint,
    user_id bigint NOT NULL
);


--
-- TOC entry 239 (class 1259 OID 24637)
-- Name: claim_history_id_seq; Type: SEQUENCE; Schema: public; Owner: -
--

ALTER TABLE public.claim_history ALTER COLUMN id ADD GENERATED BY DEFAULT AS IDENTITY (
    SEQUENCE NAME public.claim_history_id_seq
    START WITH 1
    INCREMENT BY 1
    NO MINVALUE
    NO MAXVALUE
    CACHE 1
);


--
-- TOC entry 240 (class 1259 OID 24638)
-- Name: deposits; Type: TABLE; Schema: public; Owner: -
--

CREATE TABLE public.deposits (
    id bigint NOT NULL,
    gateway character varying(20) NOT NULL,
    order_num character varying(60) NOT NULL,
    amount numeric(15,2) NOT NULL,
    wallet_type character varying(20) NOT NULL,
    status character varying(20) NOT NULL,
    payment_url character varying(500) NOT NULL,
    request_params jsonb NOT NULL,
    response_payload jsonb,
    callback_payload jsonb,
    callback_at timestamp with time zone,
    created_at timestamp with time zone NOT NULL,
    updated_at timestamp with time zone NOT NULL,
    transaction_id bigint,
    user_id bigint NOT NULL
);


--
-- TOC entry 241 (class 1259 OID 24643)
-- Name: deposits_gatewaysettings; Type: TABLE; Schema: public; Owner: -
--

CREATE TABLE public.deposits_gatewaysettings (
    id bigint NOT NULL,
    default_wallet_type character varying(20) NOT NULL,
    app_domain character varying(255) NOT NULL,
    jayapay_enabled boolean NOT NULL,
    klikpay_enabled boolean NOT NULL,
    jayapay_merchant_code character varying(100) NOT NULL,
    jayapay_private_key text NOT NULL,
    jayapay_public_key text NOT NULL,
    klikpay_api_url character varying(255) NOT NULL,
    klikpay_merchant_code character varying(100) NOT NULL,
    klikpay_secret_key character varying(255) NOT NULL,
    klikpay_public_key text NOT NULL,
    updated_at timestamp with time zone NOT NULL,
    jayapay_api_url character varying(255) NOT NULL,
    jayapay_callback_path character varying(255) NOT NULL,
    jayapay_redirect_url character varying(255) NOT NULL,
    klikpay_private_key text NOT NULL,
    klikpay_callback_path character varying(255) NOT NULL,
    klikpay_redirect_url character varying(255) NOT NULL
);


--
-- TOC entry 242 (class 1259 OID 24648)
-- Name: deposits_gatewaysettings_id_seq; Type: SEQUENCE; Schema: public; Owner: -
--

ALTER TABLE public.deposits_gatewaysettings ALTER COLUMN id ADD GENERATED BY DEFAULT AS IDENTITY (
    SEQUENCE NAME public.deposits_gatewaysettings_id_seq
    START WITH 1
    INCREMENT BY 1
    NO MINVALUE
    NO MAXVALUE
    CACHE 1
);


--
-- TOC entry 243 (class 1259 OID 24649)
-- Name: deposits_id_seq; Type: SEQUENCE; Schema: public; Owner: -
--

ALTER TABLE public.deposits ALTER COLUMN id ADD GENERATED BY DEFAULT AS IDENTITY (
    SEQUENCE NAME public.deposits_id_seq
    START WITH 1
    INCREMENT BY 1
    NO MINVALUE
    NO MAXVALUE
    CACHE 1
);


--
-- TOC entry 244 (class 1259 OID 24650)
-- Name: django_admin_log; Type: TABLE; Schema: public; Owner: -
--

CREATE TABLE public.django_admin_log (
    id integer NOT NULL,
    action_time timestamp with time zone NOT NULL,
    object_id text,
    object_repr character varying(200) NOT NULL,
    action_flag smallint NOT NULL,
    change_message text NOT NULL,
    content_type_id integer,
    user_id bigint NOT NULL,
    CONSTRAINT django_admin_log_action_flag_check CHECK ((action_flag >= 0))
);


--
-- TOC entry 245 (class 1259 OID 24656)
-- Name: django_admin_log_id_seq; Type: SEQUENCE; Schema: public; Owner: -
--

ALTER TABLE public.django_admin_log ALTER COLUMN id ADD GENERATED BY DEFAULT AS IDENTITY (
    SEQUENCE NAME public.django_admin_log_id_seq
    START WITH 1
    INCREMENT BY 1
    NO MINVALUE
    NO MAXVALUE
    CACHE 1
);


--
-- TOC entry 246 (class 1259 OID 24657)
-- Name: django_content_type; Type: TABLE; Schema: public; Owner: -
--

CREATE TABLE public.django_content_type (
    id integer NOT NULL,
    app_label character varying(100) NOT NULL,
    model character varying(100) NOT NULL
);


--
-- TOC entry 247 (class 1259 OID 24660)
-- Name: django_content_type_id_seq; Type: SEQUENCE; Schema: public; Owner: -
--

ALTER TABLE public.django_content_type ALTER COLUMN id ADD GENERATED BY DEFAULT AS IDENTITY (
    SEQUENCE NAME public.django_content_type_id_seq
    START WITH 1
    INCREMENT BY 1
    NO MINVALUE
    NO MAXVALUE
    CACHE 1
);


--
-- TOC entry 248 (class 1259 OID 24661)
-- Name: django_migrations; Type: TABLE; Schema: public; Owner: -
--

CREATE TABLE public.django_migrations (
    id bigint NOT NULL,
    app character varying(255) NOT NULL,
    name character varying(255) NOT NULL,
    applied timestamp with time zone NOT NULL
);


--
-- TOC entry 249 (class 1259 OID 24666)
-- Name: django_migrations_id_seq; Type: SEQUENCE; Schema: public; Owner: -
--

ALTER TABLE public.django_migrations ALTER COLUMN id ADD GENERATED BY DEFAULT AS IDENTITY (
    SEQUENCE NAME public.django_migrations_id_seq
    START WITH 1
    INCREMENT BY 1
    NO MINVALUE
    NO MAXVALUE
    CACHE 1
);


--
-- TOC entry 250 (class 1259 OID 24667)
-- Name: django_session; Type: TABLE; Schema: public; Owner: -
--

CREATE TABLE public.django_session (
    session_key character varying(40) NOT NULL,
    session_data text NOT NULL,
    expire_date timestamp with time zone NOT NULL
);


--
-- TOC entry 251 (class 1259 OID 24672)
-- Name: investments; Type: TABLE; Schema: public; Owner: -
--

CREATE TABLE public.investments (
    id bigint NOT NULL,
    quantity integer NOT NULL,
    total_amount numeric(15,2) NOT NULL,
    profit_type character varying(20) NOT NULL,
    profit_rate numeric(16,2) NOT NULL,
    profit_method character varying(20) NOT NULL,
    claim_reset_mode character varying(20) NOT NULL,
    duration_days integer NOT NULL,
    remaining_days integer NOT NULL,
    expires_at timestamp with time zone NOT NULL,
    last_claim_time timestamp with time zone,
    next_claim_time timestamp with time zone,
    total_claimed_profit numeric(15,2) NOT NULL,
    status character varying(20) NOT NULL,
    created_at timestamp with time zone NOT NULL,
    updated_at timestamp with time zone NOT NULL,
    product_id bigint NOT NULL,
    transaction_id bigint NOT NULL,
    user_id bigint NOT NULL,
    claims_count integer NOT NULL,
    claims_remaining integer NOT NULL,
    first_claim_time timestamp with time zone,
    last_claim_amount numeric(15,2) NOT NULL,
    total_claimed_amount numeric(15,2) NOT NULL,
    profit_random_max numeric(16,2),
    profit_random_min numeric(16,2)
);


--
-- TOC entry 252 (class 1259 OID 24675)
-- Name: investments_id_seq; Type: SEQUENCE; Schema: public; Owner: -
--

ALTER TABLE public.investments ALTER COLUMN id ADD GENERATED BY DEFAULT AS IDENTITY (
    SEQUENCE NAME public.investments_id_seq
    START WITH 1
    INCREMENT BY 1
    NO MINVALUE
    NO MAXVALUE
    CACHE 1
);


--
-- TOC entry 253 (class 1259 OID 24676)
-- Name: mission_user_states; Type: TABLE; Schema: public; Owner: -
--

CREATE TABLE public.mission_user_states (
    id bigint NOT NULL,
    claimed_count integer NOT NULL,
    last_claimed_at timestamp with time zone,
    created_at timestamp with time zone NOT NULL,
    updated_at timestamp with time zone NOT NULL,
    mission_id bigint NOT NULL,
    user_id bigint NOT NULL,
    CONSTRAINT mission_user_states_claimed_count_check CHECK ((claimed_count >= 0))
);


--
-- TOC entry 254 (class 1259 OID 24680)
-- Name: mission_user_states_id_seq; Type: SEQUENCE; Schema: public; Owner: -
--

ALTER TABLE public.mission_user_states ALTER COLUMN id ADD GENERATED BY DEFAULT AS IDENTITY (
    SEQUENCE NAME public.mission_user_states_id_seq
    START WITH 1
    INCREMENT BY 1
    NO MINVALUE
    NO MAXVALUE
    CACHE 1
);


--
-- TOC entry 255 (class 1259 OID 24681)
-- Name: missions; Type: TABLE; Schema: public; Owner: -
--

CREATE TABLE public.missions (
    id bigint NOT NULL,
    description character varying(255) NOT NULL,
    is_active boolean NOT NULL,
    is_repeatable boolean NOT NULL,
    level smallint,
    type character varying(20) NOT NULL,
    requirement integer NOT NULL,
    reward numeric(15,2) NOT NULL,
    reward_balance_type character varying(20) NOT NULL,
    referral_levels jsonb NOT NULL,
    created_at timestamp with time zone NOT NULL,
    updated_at timestamp with time zone NOT NULL,
    title character varying(100) NOT NULL,
    CONSTRAINT missions_level_check CHECK ((level >= 0)),
    CONSTRAINT missions_requirement_check CHECK ((requirement >= 0))
);


--
-- TOC entry 256 (class 1259 OID 24688)
-- Name: missions_id_seq; Type: SEQUENCE; Schema: public; Owner: -
--

ALTER TABLE public.missions ALTER COLUMN id ADD GENERATED BY DEFAULT AS IDENTITY (
    SEQUENCE NAME public.missions_id_seq
    START WITH 1
    INCREMENT BY 1
    NO MINVALUE
    NO MAXVALUE
    CACHE 1
);


--
-- TOC entry 257 (class 1259 OID 24689)
-- Name: news_news; Type: TABLE; Schema: public; Owner: -
--

CREATE TABLE public.news_news (
    id bigint NOT NULL,
    title character varying(200) NOT NULL,
    slug character varying(220) NOT NULL,
    body text NOT NULL,
    is_published boolean NOT NULL,
    published_at timestamp with time zone NOT NULL,
    updated_at timestamp with time zone NOT NULL,
    image character varying(100)
);


--
-- TOC entry 258 (class 1259 OID 24694)
-- Name: news_news_id_seq; Type: SEQUENCE; Schema: public; Owner: -
--

ALTER TABLE public.news_news ALTER COLUMN id ADD GENERATED BY DEFAULT AS IDENTITY (
    SEQUENCE NAME public.news_news_id_seq
    START WITH 1
    INCREMENT BY 1
    NO MINVALUE
    NO MAXVALUE
    CACHE 1
);


--
-- TOC entry 259 (class 1259 OID 24695)
-- Name: products; Type: TABLE; Schema: public; Owner: -
--

CREATE TABLE public.products (
    id bigint NOT NULL,
    name character varying(255) NOT NULL,
    description text NOT NULL,
    price numeric(16,2) NOT NULL,
    status integer NOT NULL,
    purchase_limit integer NOT NULL,
    stock integer NOT NULL,
    stock_enabled boolean NOT NULL,
    profit_type character varying(20) NOT NULL,
    profit_rate numeric(16,2) NOT NULL,
    profit_method character varying(20) NOT NULL,
    duration integer NOT NULL,
    balance_source character varying(20) NOT NULL,
    claim_reset_mode character varying(20) NOT NULL,
    claim_reset_hours integer,
    image character varying(100),
    specifications text NOT NULL,
    created_at timestamp with time zone NOT NULL,
    updated_at timestamp with time zone NOT NULL,
    cashback_enabled boolean NOT NULL,
    cashback_percentage numeric(5,2) NOT NULL,
    custom_field_10_content text,
    custom_field_10_title character varying(255),
    custom_field_1_content text,
    custom_field_1_title character varying(255),
    custom_field_2_content text,
    custom_field_2_title character varying(255),
    custom_field_3_content text,
    custom_field_3_title character varying(255),
    custom_field_4_content text,
    custom_field_4_title character varying(255),
    custom_field_5_content text,
    custom_field_5_title character varying(255),
    custom_field_6_content text,
    custom_field_6_title character varying(255),
    custom_field_7_content text,
    custom_field_7_title character varying(255),
    custom_field_8_content text,
    custom_field_8_title character varying(255),
    custom_field_9_content text,
    custom_field_9_title character varying(255),
    max_purchase_count integer NOT NULL,
    profit_rebate_level_1 numeric(10,2) NOT NULL,
    profit_rebate_level_2 numeric(10,2) NOT NULL,
    profit_rebate_level_3 numeric(10,2) NOT NULL,
    profit_rebate_level_4 numeric(10,2) NOT NULL,
    profit_rebate_level_5 numeric(10,2) NOT NULL,
    purchase_rebate_level_1 numeric(10,2) NOT NULL,
    purchase_rebate_level_2 numeric(10,2) NOT NULL,
    purchase_rebate_level_3 numeric(10,2) NOT NULL,
    purchase_rebate_level_4 numeric(10,2) NOT NULL,
    purchase_rebate_level_5 numeric(10,2) NOT NULL,
    require_upline_ownership_for_commissions boolean NOT NULL,
    profit_random_max numeric(16,2),
    profit_random_min numeric(16,2)
);


--
-- TOC entry 260 (class 1259 OID 24700)
-- Name: products_id_seq; Type: SEQUENCE; Schema: public; Owner: -
--

ALTER TABLE public.products ALTER COLUMN id ADD GENERATED BY DEFAULT AS IDENTITY (
    SEQUENCE NAME public.products_id_seq
    START WITH 1
    INCREMENT BY 1
    NO MINVALUE
    NO MAXVALUE
    CACHE 1
);


--
-- TOC entry 261 (class 1259 OID 24701)
-- Name: rank_levels; Type: TABLE; Schema: public; Owner: -
--

CREATE TABLE public.rank_levels (
    id bigint NOT NULL,
    rank smallint NOT NULL,
    title character varying(100) NOT NULL,
    missions_required_total integer NOT NULL,
    created_at timestamp with time zone NOT NULL,
    updated_at timestamp with time zone NOT NULL,
    CONSTRAINT rank_levels_missions_required_total_check CHECK ((missions_required_total >= 0)),
    CONSTRAINT rank_levels_rank_check CHECK ((rank >= 0))
);


--
-- TOC entry 262 (class 1259 OID 24706)
-- Name: rank_levels_id_seq; Type: SEQUENCE; Schema: public; Owner: -
--

ALTER TABLE public.rank_levels ALTER COLUMN id ADD GENERATED BY DEFAULT AS IDENTITY (
    SEQUENCE NAME public.rank_levels_id_seq
    START WITH 1
    INCREMENT BY 1
    NO MINVALUE
    NO MAXVALUE
    CACHE 1
);


--
-- TOC entry 263 (class 1259 OID 24707)
-- Name: support_supportchatmessage; Type: TABLE; Schema: public; Owner: -
--

CREATE TABLE public.support_supportchatmessage (
    id bigint NOT NULL,
    sender_type character varying(10) NOT NULL,
    message text NOT NULL,
    created_at timestamp with time zone NOT NULL,
    sender_user_id bigint,
    thread_id bigint NOT NULL
);


--
-- TOC entry 264 (class 1259 OID 24712)
-- Name: support_supportchatmessage_id_seq; Type: SEQUENCE; Schema: public; Owner: -
--

ALTER TABLE public.support_supportchatmessage ALTER COLUMN id ADD GENERATED BY DEFAULT AS IDENTITY (
    SEQUENCE NAME public.support_supportchatmessage_id_seq
    START WITH 1
    INCREMENT BY 1
    NO MINVALUE
    NO MAXVALUE
    CACHE 1
);


--
-- TOC entry 265 (class 1259 OID 24713)
-- Name: support_supportchatthread; Type: TABLE; Schema: public; Owner: -
--

CREATE TABLE public.support_supportchatthread (
    id bigint NOT NULL,
    is_closed boolean NOT NULL,
    created_at timestamp with time zone NOT NULL,
    updated_at timestamp with time zone NOT NULL,
    user_id bigint NOT NULL
);


--
-- TOC entry 266 (class 1259 OID 24716)
-- Name: support_supportchatthread_id_seq; Type: SEQUENCE; Schema: public; Owner: -
--

ALTER TABLE public.support_supportchatthread ALTER COLUMN id ADD GENERATED BY DEFAULT AS IDENTITY (
    SEQUENCE NAME public.support_supportchatthread_id_seq
    START WITH 1
    INCREMENT BY 1
    NO MINVALUE
    NO MAXVALUE
    CACHE 1
);


--
-- TOC entry 267 (class 1259 OID 24717)
-- Name: support_supportlink; Type: TABLE; Schema: public; Owner: -
--

CREATE TABLE public.support_supportlink (
    id bigint NOT NULL,
    title character varying(100) NOT NULL,
    url character varying(300) NOT NULL,
    platform character varying(20) NOT NULL,
    description text NOT NULL,
    is_active boolean NOT NULL,
    created_at timestamp with time zone NOT NULL,
    updated_at timestamp with time zone NOT NULL,
    icon character varying(100)
);


--
-- TOC entry 268 (class 1259 OID 24722)
-- Name: support_supportlink_id_seq; Type: SEQUENCE; Schema: public; Owner: -
--

ALTER TABLE public.support_supportlink ALTER COLUMN id ADD GENERATED BY DEFAULT AS IDENTITY (
    SEQUENCE NAME public.support_supportlink_id_seq
    START WITH 1
    INCREMENT BY 1
    NO MINVALUE
    NO MAXVALUE
    CACHE 1
);


--
-- TOC entry 269 (class 1259 OID 24723)
-- Name: transactions; Type: TABLE; Schema: public; Owner: -
--

CREATE TABLE public.transactions (
    id bigint NOT NULL,
    trx_id character varying(50) NOT NULL,
    type character varying(20) NOT NULL,
    amount numeric(15,2) NOT NULL,
    description text NOT NULL,
    status character varying(20) NOT NULL,
    wallet_type character varying(20) NOT NULL,
    investment_quantity integer,
    commission_level integer,
    voucher_id integer,
    voucher_code character varying(50),
    created_at timestamp with time zone NOT NULL,
    product_id bigint,
    related_transaction_id bigint,
    upline_user_id bigint,
    user_id bigint NOT NULL
);


--
-- TOC entry 270 (class 1259 OID 24728)
-- Name: transactions_id_seq; Type: SEQUENCE; Schema: public; Owner: -
--

ALTER TABLE public.transactions ALTER COLUMN id ADD GENERATED BY DEFAULT AS IDENTITY (
    SEQUENCE NAME public.transactions_id_seq
    START WITH 1
    INCREMENT BY 1
    NO MINVALUE
    NO MAXVALUE
    CACHE 1
);


--
-- TOC entry 271 (class 1259 OID 24729)
-- Name: user_banks; Type: TABLE; Schema: public; Owner: -
--

CREATE TABLE public.user_banks (
    id bigint NOT NULL,
    account_name character varying(100) NOT NULL,
    account_number character varying(50) NOT NULL,
    is_default boolean NOT NULL,
    created_at timestamp with time zone NOT NULL,
    updated_at timestamp with time zone NOT NULL,
    bank_id bigint NOT NULL,
    user_id bigint NOT NULL
);


--
-- TOC entry 272 (class 1259 OID 24732)
-- Name: user_banks_id_seq; Type: SEQUENCE; Schema: public; Owner: -
--

ALTER TABLE public.user_banks ALTER COLUMN id ADD GENERATED BY DEFAULT AS IDENTITY (
    SEQUENCE NAME public.user_banks_id_seq
    START WITH 1
    INCREMENT BY 1
    NO MINVALUE
    NO MAXVALUE
    CACHE 1
);


--
-- TOC entry 273 (class 1259 OID 24733)
-- Name: voucher_usages; Type: TABLE; Schema: public; Owner: -
--

CREATE TABLE public.voucher_usages (
    id bigint NOT NULL,
    voucher_code character varying(50) NOT NULL,
    amount_credited numeric(15,2) NOT NULL,
    amount_received numeric(15,2) NOT NULL,
    balance_type character varying(20) NOT NULL,
    used_at timestamp with time zone NOT NULL,
    transaction_id bigint,
    user_id bigint NOT NULL,
    voucher_id bigint NOT NULL
);


--
-- TOC entry 274 (class 1259 OID 24736)
-- Name: voucher_usages_id_seq; Type: SEQUENCE; Schema: public; Owner: -
--

ALTER TABLE public.voucher_usages ALTER COLUMN id ADD GENERATED BY DEFAULT AS IDENTITY (
    SEQUENCE NAME public.voucher_usages_id_seq
    START WITH 1
    INCREMENT BY 1
    NO MINVALUE
    NO MAXVALUE
    CACHE 1
);


--
-- TOC entry 275 (class 1259 OID 24737)
-- Name: vouchers; Type: TABLE; Schema: public; Owner: -
--

CREATE TABLE public.vouchers (
    id bigint NOT NULL,
    code character varying(50) NOT NULL,
    type character varying(20) NOT NULL,
    amount numeric(15,2) NOT NULL,
    max_amount numeric(15,2) NOT NULL,
    balance_type character varying(20) NOT NULL,
    usage_limit integer NOT NULL,
    used_count integer NOT NULL,
    is_active boolean NOT NULL,
    expires_at timestamp with time zone,
    created_at timestamp with time zone NOT NULL,
    updated_at timestamp with time zone NOT NULL,
    min_amount numeric(15,2) NOT NULL,
    rank_rewards jsonb NOT NULL
);


--
-- TOC entry 276 (class 1259 OID 24742)
-- Name: vouchers_id_seq; Type: SEQUENCE; Schema: public; Owner: -
--

ALTER TABLE public.vouchers ALTER COLUMN id ADD GENERATED BY DEFAULT AS IDENTITY (
    SEQUENCE NAME public.vouchers_id_seq
    START WITH 1
    INCREMENT BY 1
    NO MINVALUE
    NO MAXVALUE
    CACHE 1
);


--
-- TOC entry 277 (class 1259 OID 24743)
-- Name: withdrawal_jayapay; Type: TABLE; Schema: public; Owner: -
--

CREATE TABLE public.withdrawal_jayapay (
    id bigint NOT NULL,
    request_params jsonb NOT NULL,
    response_payload jsonb NOT NULL,
    created_at timestamp with time zone NOT NULL,
    updated_at timestamp with time zone NOT NULL,
    withdrawal_id bigint NOT NULL
);


--
-- TOC entry 278 (class 1259 OID 24748)
-- Name: withdrawal_jayapay_id_seq; Type: SEQUENCE; Schema: public; Owner: -
--

ALTER TABLE public.withdrawal_jayapay ALTER COLUMN id ADD GENERATED BY DEFAULT AS IDENTITY (
    SEQUENCE NAME public.withdrawal_jayapay_id_seq
    START WITH 1
    INCREMENT BY 1
    NO MINVALUE
    NO MAXVALUE
    CACHE 1
);


--
-- TOC entry 279 (class 1259 OID 24749)
-- Name: withdrawal_settings; Type: TABLE; Schema: public; Owner: -
--

CREATE TABLE public.withdrawal_settings (
    id bigint NOT NULL,
    is_active boolean NOT NULL,
    require_bank_account boolean NOT NULL,
    minimum_product_quantity integer NOT NULL,
    created_at timestamp with time zone NOT NULL,
    updated_at timestamp with time zone NOT NULL,
    required_product_id bigint,
    balance_source character varying(20) NOT NULL,
    require_pin boolean NOT NULL,
    CONSTRAINT withdrawal_settings_minimum_product_quantity_check CHECK ((minimum_product_quantity >= 0))
);


--
-- TOC entry 280 (class 1259 OID 24753)
-- Name: withdrawal_settings_id_seq; Type: SEQUENCE; Schema: public; Owner: -
--

ALTER TABLE public.withdrawal_settings ALTER COLUMN id ADD GENERATED BY DEFAULT AS IDENTITY (
    SEQUENCE NAME public.withdrawal_settings_id_seq
    START WITH 1
    INCREMENT BY 1
    NO MINVALUE
    NO MAXVALUE
    CACHE 1
);


--
-- TOC entry 281 (class 1259 OID 24754)
-- Name: withdrawals; Type: TABLE; Schema: public; Owner: -
--

CREATE TABLE public.withdrawals (
    id bigint NOT NULL,
    amount numeric(15,2) NOT NULL,
    fee numeric(15,2) NOT NULL,
    net_amount numeric(15,2) NOT NULL,
    status character varying(20) NOT NULL,
    note text NOT NULL,
    created_at timestamp with time zone NOT NULL,
    updated_at timestamp with time zone NOT NULL,
    bank_account_id bigint,
    user_id bigint NOT NULL,
    transaction_id bigint
);


--
-- TOC entry 282 (class 1259 OID 24759)
-- Name: withdrawals_id_seq; Type: SEQUENCE; Schema: public; Owner: -
--

ALTER TABLE public.withdrawals ALTER COLUMN id ADD GENERATED BY DEFAULT AS IDENTITY (
    SEQUENCE NAME public.withdrawals_id_seq
    START WITH 1
    INCREMENT BY 1
    NO MINVALUE
    NO MAXVALUE
    CACHE 1
);


--
-- TOC entry 3712 (class 0 OID 24576)
-- Dependencies: 215
-- Data for Name: accounts_generalsetting; Type: TABLE DATA; Schema: public; Owner: -
--

COPY public.accounts_generalsetting (id, referral_code_length, referral_code_case, exclude_similar_chars, created_at, updated_at, referral_code_pattern, auto_login_on_register, rank_basis, rank_count_levels_upto, rank_use_missions, rank_use_downlines_total, rank_use_downlines_active, registration_bonus_amount, registration_bonus_enabled, registration_bonus_wallet) FROM stdin;
1	8	numbers_only	t	2025-11-01 23:18:27.670585+00	2025-12-08 00:27:29.720556+00	73074428	t	downlines_active	1	f	f	f	7000.00	t	balance_deposit
\.


--
-- TOC entry 3714 (class 0 OID 24582)
-- Dependencies: 217
-- Data for Name: accounts_user; Type: TABLE DATA; Schema: public; Owner: -
--

COPY public.accounts_user (id, password, last_login, is_superuser, username, first_name, last_name, is_staff, is_active, date_joined, email, full_name, phone, balance, balance_deposit, banned_status, referral_code, rank, is_account_non_expired, is_account_non_locked, is_credentials_non_expired, is_enabled, created_at, updated_at, referral_by_id, withdraw_pin) FROM stdin;
15	pbkdf2_sha256$720000$O6IJNgK7m76HdqowbxGZsD$rRgf4W3K/Dukc9WDuWUY5df5H3ooQYc0BAJ0GbkgiGs=	\N	f	r8sga4n631q7ipketcyb			f	t	2025-12-01 09:44:18.493822+00	u6d95uowhwvn5eo0924p@example.com	Sarah Rodriguez	081808368212	0.00	10000.00	f	573636	1	t	t	t	t	2025-12-01 09:44:18.493822+00	2025-12-01 09:44:20.323551+00	14	\N
8	pbkdf2_sha256$720000$xqCnn04nRQsiWvuQQ9d16a$cBF0BDI2E+ootDhXdvMT1Hr28eNTP/jGZM2ru1/jbEc=	\N	f	7gfsl18sda28toeq39t8			f	t	2025-11-30 15:13:33.889116+00	xx6oo1x5mh5nld73urmc@example.com	Emily Rodriguez	85454545454	0.00	0.00	f	872975	1	t	t	t	t	2025-11-30 15:13:33.889116+00	2025-11-30 15:13:34.335498+00	2	\N
13	pbkdf2_sha256$720000$N6PdjKkpdUVweYdFFRQVvj$eZTb/GZPshICsb8LxWrV4CTGaoPIAk4Pgwxgyj4Umiw=	\N	f	7bp2v900sz6fpli193gn			f	t	2025-12-01 01:56:01.115086+00	xf8cghndrdy87shd1dp3@example.com	John Johnson	08123123123	500.00	0.00	f	892699	1	t	t	t	t	2025-12-01 01:56:01.115086+00	2025-12-01 01:59:04.717544+00	9	\N
21	pbkdf2_sha256$720000$4uHPEwNPVIaSJ4eOI62kR2$r0HbKv4X86alXxyp9Z6TaduQED/YhP4txfuPFU+osXg=	\N	f	t5arlw4tldpmw9ozpk12			f	t	2025-12-01 13:06:32.293635+00	pi19c0osm5eqacjiuxd9@example.com	Olivia Miller	08565454524	500.00	10000.00	f	839983	1	t	t	t	t	2025-12-01 13:06:32.293635+00	2025-12-01 13:07:38.91672+00	2	\N
22	pbkdf2_sha256$720000$Xa6GApdERsznvNV990lN0L$eqiJCnJvWA1ZPCqtqJEjMCXtXv1vOVJ6wFjDj2xwiPw=	\N	f	mose5bnstw4bncx54ivi			f	t	2025-12-02 05:30:43.677722+00	rw726uyc19fv1nto1bie@example.com	John Garcia	082122425474	500.00	10000.00	f	723263	1	t	t	t	t	2025-12-02 05:30:43.677722+00	2025-12-02 05:31:36.269429+00	16	\N
12	pbkdf2_sha256$720000$GCHLIQGSZ7yGNKKl8DvpU5$olsRJ2jrcU688kNmuy2rViw9yiXolCO2BFH5F+y3bsI=	\N	f	qz8ca8njj44a45tmnx8j			f	t	2025-11-30 15:52:09.029956+00	m3nyn8w5h28wuvtl7riz@example.com	John Davis	8876484616	0.00	0.00	f	525787	1	t	t	t	t	2025-11-30 15:52:09.029956+00	2025-11-30 15:52:09.539224+00	9	\N
20	pbkdf2_sha256$720000$1TqxXh0eV0fqDUnTksjPEX$JE8cRBXWde2EN4H8bzLNCxkgFm5Fs9k3V3GTLMRptFc=	\N	f	wfpu31ocepfcfrqo2xlr			f	t	2025-12-01 11:53:48.361079+00	urrbpr80zcvjj02c1t7s@example.com	Olivia Miller	085744572424	0.00	10000.00	f	634386	1	t	t	t	t	2025-12-01 11:53:48.361079+00	2025-12-01 11:53:48.812148+00	2	\N
23	pbkdf2_sha256$720000$hJRYgFYf91vmVGlEIaa2ru$XcmmV5HeXwUDmEFx7S43kyN5u10j8wZL0mzjuoHMPHE=	\N	f	gydsymqazqni0nkwusgx			f	t	2025-12-02 10:53:34.347218+00	h9f4bg6jnt16c0nbslb6@example.com	Sarah Rodriguez	083812591985	84250.00	10000.00	f	44676792	3	t	t	t	t	2025-12-02 10:53:34.347218+00	2025-12-02 13:33:26.514175+00	19	\N
27	pbkdf2_sha256$720000$2rObwkFLYeCieiv0JQn2fS$wW8t8Hze/wqhil/rw+M/nOeYf2Z9o9XeuxV48IOpXMs=	\N	f	owpp83s8imd4s2rzk9fc			f	t	2025-12-02 11:02:42.376133+00	jf5hysfglpmii9cr33il@example.com	Sarah Smith	85761846461916	0.00	10000.00	f	58964267	1	t	t	t	t	2025-12-02 11:02:42.376133+00	2025-12-02 11:02:42.799375+00	23	\N
24	pbkdf2_sha256$720000$87CTQl3VefB6dbhBtoSqXm$AvWPKiVj7aunDudbTrodSUc6qQe8fYr0plIMGwNE8MY=	\N	f	49of7c4nysjhe4xbtbg1			f	t	2025-12-02 10:55:18.131498+00	5fi8heux3d3zyhgnxm02@example.com	Emily Garcia	8543484618	45000.00	10000.00	f	63536829	1	t	t	t	t	2025-12-02 10:55:18.131498+00	2025-12-08 15:32:54.828069+00	23	\N
19	pbkdf2_sha256$720000$epeTmA96pEu6AFBxORxXCJ$jBPG2u3O2rVth5C2zDF84H5s/jcuN70mpg0Ea4KPxyg=	\N	f	xwkd5e6r1s0ny10b7rut			f	t	2025-12-01 10:40:55.54024+00	3l4edfmvm723x10ozgzi@example.com	Michael Brown	082122425473	59400.00	0.00	f	848657	1	t	t	t	t	2025-12-01 10:40:55.54024+00	2025-12-08 15:32:55.194751+00	16	\N
18	pbkdf2_sha256$720000$u22l8y4RVQ9OSjntggvddb$DFR9HJzqZVwBE3g/o9vf1n+XrQMZwiKmWs35wLxG2tE=	\N	f	c9sepy64kyciw4osybmh			f	t	2025-12-01 10:37:08.675918+00	soplgjduljsrgp7b7l56@example.com	Sarah Brown	082122425472	54000.00	0.00	f	868355	1	t	t	t	t	2025-12-01 10:37:08.675918+00	2025-12-08 15:32:55.566355+00	16	\N
9	pbkdf2_sha256$720000$l0DwrfbkaBgqP2GZeVWmUJ$m4rx/Bz+W8Lubx+3yhGpnGNZe43TW24lws6c6aUyDWo=	\N	f	5p68sy46o78je7l3iy74			f	t	2025-11-30 15:26:47.147627+00	7ys0gub7vt3jlyu5eh5n@example.com	John Jones	081808368210	526500.00	9675000.00	f	788984	1	t	t	t	t	2025-11-30 15:26:47.147627+00	2025-12-08 15:32:57.827432+00	2	\N
11	pbkdf2_sha256$720000$L2pWyAWKT358LZTjhqAXJV$8E5T/orSusPmykHXOaWF6moPgNQ/D1y1K84V+134cjo=	\N	f	30fha44f9vhgixk9sz82			f	t	2025-11-30 15:41:09.083785+00	87zri3smztadaprvorbn@example.com	Sarah Rodriguez	85764846494	68000.00	9955000.00	f	829763	1	t	t	t	t	2025-11-30 15:41:09.083785+00	2025-12-08 15:32:58.094796+00	9	\N
10	pbkdf2_sha256$720000$J4RwIArlOPMnoLg67nGE71$C0zLcriPuWRr65zabmxLVkhbTUYDHNwFUaLuSYaNdF4=	\N	f	8y5v1igroumr48gx3qhq			f	t	2025-11-30 15:32:07.998846+00	a6ttv1124duaq5qbt41u@example.com	Sarah Davis	857649464994	63500.00	9955000.00	f	228663	1	t	t	t	t	2025-11-30 15:32:07.998846+00	2025-12-08 15:32:58.71734+00	9	\N
4	pbkdf2_sha256$600000$qLqzqU2GqGcvZDgiibvqdO$r66L8YMsfEzdiTvRMs+TMgvU637h2HaQO+RJgggrXHI=	\N	f	Yorobun			f	t	2025-11-10 02:00:48.077817+00	8scuhtkknw@example.com	Yorobunn Oneureun	0800123456789	1497991.44	412420.00	f	2agxtntp6v	3	t	t	t	t	2025-11-10 02:00:48.077913+00	2025-12-08 15:32:59.946749+00	3	\N
7	pbkdf2_sha256$600000$QSTaDSqNnhqQZrxXYNJDpI$MEu5fYH92FfpOhOGRYOq9lZMhJ+I8msJqNM8q3F558Q=	\N	f	nabgyh2hx9f66byoq6vz			f	t	2025-11-10 02:33:10.731522+00	5i15tks11b@example.com		8223456789	1095452.80	397420.00	f	7e3e5c8s4j	1	t	t	t	t	2025-11-10 02:33:10.731541+00	2025-12-08 15:33:00.268521+00	6	\N
14	pbkdf2_sha256$720000$PL61ZYEu5iyYlfk3OtG1yG$v8GCImrXm6vPTYk9Whjk7X0Vp+LgCilovTZH8foQ0dM=	\N	f	go662ae965gvjo5jxn5m			f	t	2025-12-01 07:41:09.918634+00	cuniy3c6u7g46l4wd37l@example.com	Michael Brown	081808368211	193450.00	0.00	f	267558	1	t	t	t	t	2025-12-01 07:41:09.918634+00	2025-12-08 15:32:56.956331+00	9	\N
6	pbkdf2_sha256$600000$wxQE3U81xcikiSdC1SUCL1$7UmnIRXEka+GyYrj5619xXlb/ES875wNbOe5BWo5uqU=	\N	f	utn6duydjnddxq0h5i5n			f	t	2025-11-10 02:27:10.832708+00	hc1bnzvf9q@example.com		81123456789	1831099.28	397420.00	f	ponmkburk7	1	t	t	t	t	2025-11-10 02:27:10.832741+00	2025-12-08 15:33:00.74299+00	5	\N
5	pbkdf2_sha256$600000$BfGuQp6WqhKx6zbZQcBY7F$uCbtJX79sgrAGICU+OT9jTHiPIq1hxn/blvIESTflwA=	\N	f	os8ya3e0j5nreesocwbv			f	t	2025-11-10 02:21:32.815864+00	1j4qltvtnj@example.com		80123456789	2071984.40	397420.00	f	57aocrfpub	1	t	t	t	t	2025-11-10 02:21:32.815901+00	2025-12-08 15:33:01.110755+00	4	\N
3	pbkdf2_sha256$600000$Tc1v9uEzm2UnxIuukcMumw$/PeXzdTvCdTMAnJ0TiUx9CHQjtfkYG5gCVBNzLsThe8=	\N	f	a7xvn7ldxst55hb22eaf			f	t	2025-11-09 17:41:20.772963+00	fkb8tiysht@example.com		88585858585	1186787.72	383000.00	f	rajp6y8k55	1	t	t	t	t	2025-11-09 17:41:20.773009+00	2025-12-08 15:33:01.858716+00	2	\N
26	pbkdf2_sha256$720000$kUrR0qNUrukeEnSRaso5sx$MBOc27e0HADNN5ViFAtlQzIXKX3Pss9NtxdeBHdTVlI=	\N	f	x4p0o7y2tgf8almgqsup			f	t	2025-12-02 11:00:40.376517+00	ni1izyqd8vx0fi0n65f1@example.com	Jane Davis	85731945734985	45000.00	0.00	f	85676236	1	t	t	t	t	2025-12-02 11:00:40.376517+00	2025-12-08 15:32:54.06817+00	23	\N
1	pbkdf2_sha256$720000$NnNQaokpLkzdw3Ibaz1S9O$PBCF19P0O1VIDjpT/XspA2z9C0tosnFmQqpPxlXGIzA=	2025-12-08 14:45:23.71443+00	t	admin			t	t	2025-11-09 16:04:12.870917+00	admin@example.com	Admin User	085100000000	1999016.72	0.00	f	59SFN2	\N	t	t	t	t	2025-11-09 16:04:12.870942+00	2025-12-08 11:32:00.958995+00	\N	\N
28	pbkdf2_sha256$720000$TusmX7UxZHM8GncKeRmeJ5$7gMYf2+8cHHuP/593x1WMphNmttLA1Fh02qRrbYHvEE=	\N	f	pyw5g37qcriv2o0yqkhx			f	t	2025-12-02 12:54:18.077797+00	x78v65c758usdzyedbji@example.com	Alex Garcia	8576186464843	45000.00	0.00	f	95736558	1	t	t	t	t	2025-12-02 12:54:18.078807+00	2025-12-08 15:32:53.667746+00	23	\N
25	pbkdf2_sha256$720000$vE43NfL69INBeHY41q1CK5$MgLkUwV4FYdtKEW7rivw40C/gynbhdt7c2/NIrlP7lA=	\N	f	kw320f2qxefarsupsklt			f	t	2025-12-02 10:58:48.187177+00	d01j27yis8jf9yh2p7pz@example.com	John Johnson	857468464646	45000.00	0.00	f	32944732	1	t	t	t	t	2025-12-02 10:58:48.187177+00	2025-12-08 15:32:54.461434+00	23	\N
2	pbkdf2_sha256$720000$PCaQZa4QnOLPn45WMiiVFJ$BTJISgDFE6uXU3QR9G00WzoTSCncmsvr9FJbG89sWJo=	\N	f	vhtc695s6on396g7oxdo			f	t	2025-11-09 16:59:59.616716+00	k00rkthpl8@example.com		89595959595	5817101.55	490911300.00	f	dgj9yimajp	2	t	t	t	t	2025-11-09 16:59:59.616793+00	2025-12-08 17:13:14.31806+00	1	\N
29	pbkdf2_sha256$720000$c39aMcF5fRVmmPRgjphjdT$nfcVD47SGM63oUObnQNDrkZLy1KFZGzftamc16RPHW0=	\N	f	z9mzqoz6gb0pvqpkges8			f	t	2025-12-02 12:55:42.841977+00	xzvvsimnxe6yh8f1o8n7@example.com	Emily Garcia	8755484645	45000.00	0.00	f	49872627	1	t	t	t	t	2025-12-02 12:55:42.841977+00	2025-12-08 15:32:53.29069+00	23	\N
31	pbkdf2_sha256$720000$yhYySdf71yFMjs1T2AvqOj$xtiJ2HtEv+v3jrfftngaPF4nM3T3RGRwmwehx0FRdHY=	\N	f	fum6vitm7zdlyfoof0ox			f	t	2025-12-02 14:53:20.950321+00	j8ypp0gya2s3tcekjdzp@example.com	John Williams	875131846186	0.00	10000.00	f	45238734	1	t	t	t	t	2025-12-02 14:53:20.950321+00	2025-12-02 14:53:21.498545+00	23	\N
37	pbkdf2_sha256$720000$hwqiHvmq8U47J6U93VRYSn$mMIEoCuH9uBbU7h0XsI3IwcKYRFBTB+KOtxWYnBKVTQ=	\N	f	5bnl7a0anj4aoxaeymy8			f	t	2025-12-08 11:23:03.496753+00	dszw7shijb5vphucvg98@example.com	Alex Brown	87558825888	0.00	57000.00	f	94779467	1	t	t	t	t	2025-12-08 11:23:03.496753+00	2025-12-08 11:33:17.404126+00	34	\N
36	pbkdf2_sha256$720000$h8ivKy87p8xDuuee4EbK78$eOiS2ZA+EDdCq54SYRS4HbwcX6iQle1qAN+pL/iOm/c=	\N	f	p7261g3x2mbzkj7mty3d			f	t	2025-12-08 08:26:26.62855+00	jaxg841lrmidk14xkkh1@example.com	Michael Wilson	8856585368866	0.00	7000.00	f	44555454	1	t	t	t	t	2025-12-08 08:26:26.62855+00	2025-12-08 08:26:27.208766+00	34	\N
33	pbkdf2_sha256$720000$Ll4P2Xtd8HwGkHlHseJqqQ$+/FPX/lejAUdtGxJgbRbmHhSqNRN4n9xOoKfR6j4grA=	\N	f	3ex8lcstv4rn34ni1va2			f	t	2025-12-07 10:48:23.349213+00	nkws7yg235hzyi0wce93@example.com	Michael Brown	887648454349	9000.00	65000.00	f	42428572	1	t	t	t	t	2025-12-07 10:48:23.349213+00	2025-12-08 10:54:55.330033+00	32	\N
30	pbkdf2_sha256$720000$N4KzsODSqbwEY5FwmLzAxq$Oh0paMKS1C7v/s2etKKdLntjBZ1NEcgTG54qwF0cBi0=	\N	f	ee346i9ahsql0z6vtlia			f	t	2025-12-02 12:56:57.230112+00	becsze59sxae8x9z29n5@example.com	Robert Brown	8546348181316	45000.00	0.00	f	47628253	1	t	t	t	t	2025-12-02 12:56:57.230112+00	2025-12-08 15:32:52.801808+00	23	\N
16	pbkdf2_sha256$720000$0TeKLMfvWeIbUtXIYmM3Ay$2JNP+pbSil18N94Y/fGghMulTGlA1QUPTr00bHxvx88=	\N	f	0vz7i5oeto1ly2uv67hw			f	t	2025-12-01 09:45:35.039676+00	jm0bhojymahirkm5rg0j@example.com	Michael Johnson	082122425470	61700.00	15000.00	f	842494	1	t	t	t	t	2025-12-01 09:45:35.039676+00	2025-12-08 15:32:55.952388+00	14	\N
17	pbkdf2_sha256$720000$h3goWL9aQIqDN6NLhW6oit$dE/M6kIv/Y5vH6kgFeV4anmslv9tXnwLJLiKS7AKeQE=	\N	f	gmltu2z3mlv400reyi2m			f	t	2025-12-01 10:03:56.877975+00	ri41kj6l3upo9aybxtr7@example.com	Olivia Williams	082122425471	60000.00	15000.00	f	855276	1	t	t	t	t	2025-12-01 10:03:56.877975+00	2025-12-08 15:32:56.286317+00	16	\N
35	pbkdf2_sha256$720000$6WsOS23LeKsZXGQLERchso$pDAgRPCLtpFp26AyTx1Dz47q+8WqxW20E7LV/7bfqWo=	\N	f	wjcrtg9qkewcgdcirxx7			f	t	2025-12-08 02:58:37.74026+00	gq75m9spbinhje8j08md@example.com	Michael Miller	82525252525	0.00	507000.00	f	77949428	1	t	t	t	t	2025-12-08 02:58:37.74026+00	2025-12-08 16:13:39.44852+00	2	\N
34	pbkdf2_sha256$720000$44GftIb40cGrIwigTgSJyN$L1QUi4wgEUXIvEgZSzpUoZBEJZVohuUfGo6YyCRz+1w=	\N	f	4zcynvq51l3ad0c5tlji			f	t	2025-12-08 00:11:35.66435+00	sz8s0dxkivbkoilrlu7l@example.com	Olivia Jones	87123456789	22500.00	10000.00	f	47279236	1	t	t	t	t	2025-12-08 00:11:35.66435+00	2025-12-08 22:57:49.274071+00	32	\N
32	pbkdf2_sha256$720000$ggJBXOvaQU87nRvXbQm8S0$GFBU5mYW+WNPzH5tkMIoJ+lxshVRBhPRbTkAH3vwME0=	\N	f	2trn6rzc9m93d5v0jiaj			f	t	2025-12-07 09:54:04.382867+00	42mpcwhmgkve3mu4bsei@example.com	Sarah Wilson	81808368210	211149.07	195000.00	f	52487438	1	t	t	t	t	2025-12-07 09:54:04.382867+00	2025-12-09 00:09:09.196116+00	2	\N
\.


--
-- TOC entry 3715 (class 0 OID 24588)
-- Dependencies: 218
-- Data for Name: accounts_user_groups; Type: TABLE DATA; Schema: public; Owner: -
--

COPY public.accounts_user_groups (id, user_id, group_id) FROM stdin;
\.


--
-- TOC entry 3718 (class 0 OID 24593)
-- Dependencies: 221
-- Data for Name: accounts_user_user_permissions; Type: TABLE DATA; Schema: public; Owner: -
--

COPY public.accounts_user_user_permissions (id, user_id, permission_id) FROM stdin;
\.


--
-- TOC entry 3720 (class 0 OID 24597)
-- Dependencies: 223
-- Data for Name: attendance_logs; Type: TABLE DATA; Schema: public; Owner: -
--

COPY public.attendance_logs (id, date, streak_count, amount, created_at, user_id) FROM stdin;
1	2025-11-10	1	1204.19	2025-11-09 17:00:40.839336+00	2
2	2025-11-10	1	590.68	2025-11-09 17:44:52.104069+00	3
3	2025-11-10	1	970.05	2025-11-10 02:17:18.0637+00	4
4	2025-11-10	1	868.55	2025-11-10 02:21:49.991989+00	5
5	2025-11-10	1	847.77	2025-11-10 02:27:33.13506+00	6
6	2025-11-10	1	505.48	2025-11-10 02:33:36.762776+00	7
7	2025-11-30	1	472.40	2025-11-29 20:02:02.681395+00	2
8	2025-11-30	1	500.00	2025-11-30 15:34:29.932883+00	10
9	2025-11-30	1	500.00	2025-11-30 15:35:59.317857+00	9
10	2025-12-01	1	500.00	2025-12-01 01:59:04.777646+00	13
11	2025-12-01	1	500.00	2025-12-01 07:44:07.077838+00	14
12	2025-12-01	1	500.00	2025-12-01 10:04:28.897736+00	17
13	2025-12-01	1	500.00	2025-12-01 10:26:46.262197+00	16
14	2025-12-01	1	500.00	2025-12-01 13:07:38.969758+00	21
15	2025-12-02	2	500.00	2025-12-02 05:24:08.698882+00	16
16	2025-12-02	1	500.00	2025-12-02 05:31:36.314811+00	22
17	2025-12-02	2	500.00	2025-12-02 05:34:05.835296+00	17
18	2025-12-02	1	500.00	2025-12-02 13:33:26.591293+00	23
19	2025-12-06	1	500.00	2025-12-06 15:41:57.322738+00	2
20	2025-12-07	2	500.00	2025-12-06 17:58:21.670796+00	2
21	2025-12-07	1	500.00	2025-12-07 10:39:36.827105+00	32
22	2025-12-08	2	500.00	2025-12-08 00:04:20.58862+00	32
23	2025-12-08	1	500.00	2025-12-08 00:14:11.762687+00	34
24	2025-12-08	3	1000.00	2025-12-08 02:47:51.779024+00	2
\.


--
-- TOC entry 3722 (class 0 OID 24601)
-- Dependencies: 225
-- Data for Name: attendance_settings; Type: TABLE DATA; Schema: public; Owner: -
--

COPY public.attendance_settings (id, balance_source, reward_type, fixed_amount, min_amount, max_amount, consecutive_bonus_enabled, bonus_7_days, bonus_30_days, is_active, created_at, updated_at, rank_rewards) FROM stdin;
2	balance	fixed	1000.00	0.00	0.00	f	0.00	0.00	t	2025-10-05 02:11:25.589047+00	2025-12-08 00:27:42.1881+00	{"1": 0.0, "2": 0.0, "3": 0.0, "4": 0.0, "5": 0.0, "6": 0.0}
\.


--
-- TOC entry 3724 (class 0 OID 24607)
-- Dependencies: 227
-- Data for Name: auth_group; Type: TABLE DATA; Schema: public; Owner: -
--

COPY public.auth_group (id, name) FROM stdin;
\.


--
-- TOC entry 3726 (class 0 OID 24611)
-- Dependencies: 229
-- Data for Name: auth_group_permissions; Type: TABLE DATA; Schema: public; Owner: -
--

COPY public.auth_group_permissions (id, group_id, permission_id) FROM stdin;
\.


--
-- TOC entry 3728 (class 0 OID 24615)
-- Dependencies: 231
-- Data for Name: auth_permission; Type: TABLE DATA; Schema: public; Owner: -
--

COPY public.auth_permission (id, name, content_type_id, codename) FROM stdin;
1	Can add log entry	1	add_logentry
2	Can change log entry	1	change_logentry
3	Can delete log entry	1	delete_logentry
4	Can view log entry	1	view_logentry
5	Can add permission	2	add_permission
6	Can change permission	2	change_permission
7	Can delete permission	2	delete_permission
8	Can view permission	2	view_permission
9	Can add group	3	add_group
10	Can change group	3	change_group
11	Can delete group	3	delete_group
12	Can view group	3	view_group
13	Can add content type	4	add_contenttype
14	Can change content type	4	change_contenttype
15	Can delete content type	4	delete_contenttype
16	Can view content type	4	view_contenttype
17	Can add session	5	add_session
18	Can change session	5	change_session
19	Can delete session	5	delete_session
20	Can view session	5	view_session
21	Can add Token	6	add_token
22	Can change Token	6	change_token
23	Can delete Token	6	delete_token
24	Can view Token	6	view_token
25	Can add Token	7	add_tokenproxy
26	Can change Token	7	change_tokenproxy
27	Can delete Token	7	delete_tokenproxy
28	Can view Token	7	view_tokenproxy
29	Can add User	8	add_user
30	Can change User	8	change_user
31	Can delete User	8	delete_user
32	Can view User	8	view_user
33	Can add General Setting	9	add_generalsetting
34	Can change General Setting	9	change_generalsetting
35	Can delete General Setting	9	delete_generalsetting
36	Can view General Setting	9	view_generalsetting
37	Can add Rank Level	10	add_ranklevel
38	Can change Rank Level	10	change_ranklevel
39	Can delete Rank Level	10	delete_ranklevel
40	Can view Rank Level	10	view_ranklevel
41	Can add product	11	add_product
42	Can change product	11	change_product
43	Can delete product	11	delete_product
44	Can view product	11	view_product
45	Can add transaction	12	add_transaction
46	Can change transaction	12	change_transaction
47	Can delete transaction	12	delete_transaction
48	Can view transaction	12	view_transaction
49	Can add investment	13	add_investment
50	Can change investment	13	change_investment
51	Can delete investment	13	delete_investment
52	Can view investment	13	view_investment
53	Can add claim history	14	add_claimhistory
54	Can change claim history	14	change_claimhistory
55	Can delete claim history	14	delete_claimhistory
56	Can view claim history	14	view_claimhistory
57	Can add user product purchase	15	add_userproductpurchase
58	Can change user product purchase	15	change_userproductpurchase
59	Can delete user product purchase	15	delete_userproductpurchase
60	Can view user product purchase	15	view_userproductpurchase
61	Can add attendance settings	16	add_attendancesettings
62	Can change attendance settings	16	change_attendancesettings
63	Can delete attendance settings	16	delete_attendancesettings
64	Can view attendance settings	16	view_attendancesettings
65	Can add attendance log	17	add_attendancelog
66	Can change attendance log	17	change_attendancelog
67	Can delete attendance log	17	delete_attendancelog
68	Can view attendance log	17	view_attendancelog
69	Can add voucher	18	add_voucher
70	Can change voucher	18	change_voucher
71	Can delete voucher	18	delete_voucher
72	Can view voucher	18	view_voucher
73	Can add voucher usage	19	add_voucherusage
74	Can change voucher usage	19	change_voucherusage
75	Can delete voucher usage	19	delete_voucherusage
76	Can view voucher usage	19	view_voucherusage
77	Can add mission	20	add_mission
78	Can change mission	20	change_mission
79	Can delete mission	20	delete_mission
80	Can view mission	20	view_mission
81	Can add mission user state	21	add_missionuserstate
82	Can change mission user state	21	change_missionuserstate
83	Can delete mission user state	21	delete_missionuserstate
84	Can view mission user state	21	view_missionuserstate
85	Can add bank	22	add_bank
86	Can change bank	22	change_bank
87	Can delete bank	22	delete_bank
88	Can view bank	22	view_bank
89	Can add user bank	23	add_userbank
90	Can change user bank	23	change_userbank
91	Can delete user bank	23	delete_userbank
92	Can view user bank	23	view_userbank
93	Can add Bank Settings	24	add_banksettings
94	Can change Bank Settings	24	change_banksettings
95	Can delete Bank Settings	24	delete_banksettings
96	Can view Bank Settings	24	view_banksettings
97	Can add withdrawal settings	25	add_withdrawalsettings
98	Can change withdrawal settings	25	change_withdrawalsettings
99	Can delete withdrawal settings	25	delete_withdrawalsettings
100	Can view withdrawal settings	25	view_withdrawalsettings
101	Can add withdrawal	26	add_withdrawal
102	Can change withdrawal	26	change_withdrawal
103	Can delete withdrawal	26	delete_withdrawal
104	Can view withdrawal	26	view_withdrawal
105	Can add Withdrawal Jayapay	27	add_withdrawaljayapay
106	Can change Withdrawal Jayapay	27	change_withdrawaljayapay
107	Can delete Withdrawal Jayapay	27	delete_withdrawaljayapay
108	Can view Withdrawal Jayapay	27	view_withdrawaljayapay
109	Can add Gateway Settings	28	add_gatewaysettings
110	Can change Gateway Settings	28	change_gatewaysettings
111	Can delete Gateway Settings	28	delete_gatewaysettings
112	Can view Gateway Settings	28	view_gatewaysettings
113	Can add deposit	29	add_deposit
114	Can change deposit	29	change_deposit
115	Can delete deposit	29	delete_deposit
116	Can view deposit	29	view_deposit
117	Can add support link	30	add_supportlink
118	Can change support link	30	change_supportlink
119	Can delete support link	30	delete_supportlink
120	Can view support link	30	view_supportlink
121	Can add news	31	add_news
122	Can change news	31	change_news
123	Can delete news	31	delete_news
124	Can view news	31	view_news
125	Can add jayapay withdrawal	32	add_jayapaywithdrawal
126	Can change jayapay withdrawal	32	change_jayapaywithdrawal
127	Can delete jayapay withdrawal	32	delete_jayapaywithdrawal
128	Can view jayapay withdrawal	32	view_jayapaywithdrawal
129	Can add support chat thread	33	add_supportchatthread
130	Can change support chat thread	33	change_supportchatthread
131	Can delete support chat thread	33	delete_supportchatthread
132	Can view support chat thread	33	view_supportchatthread
133	Can add support chat message	34	add_supportchatmessage
134	Can change support chat message	34	change_supportchatmessage
135	Can delete support chat message	34	delete_supportchatmessage
136	Can view support chat message	34	view_supportchatmessage
\.


--
-- TOC entry 3730 (class 0 OID 24619)
-- Dependencies: 233
-- Data for Name: authtoken_token; Type: TABLE DATA; Schema: public; Owner: -
--

COPY public.authtoken_token (key, created, user_id) FROM stdin;
b34aaf6c0a7554965ce6ac11fec7f23fbccfa8f6	2025-11-09 16:59:59.769637+00	2
3b00bddc4bcb57ed1c6898784d5899559fdc44f5	2025-11-09 17:41:20.949024+00	3
f9a73bf43c61f9d29352345c1ab71e2d09bc5c79	2025-11-10 02:00:48.357254+00	4
16cf48144a24055e82edccf8ef20e47cc85f0c98	2025-11-10 02:21:32.957125+00	5
9397456d3db7a1ae204024dcba5c397adfff180d	2025-11-10 02:27:10.976651+00	6
2da328232ac34c20011d2e1bd90fd9244b81f1a7	2025-11-10 02:33:10.862427+00	7
4d733e7c881561d7fc00e98018004e7d75da3b42	2025-11-30 15:13:34.460335+00	8
fd9b1628acc3755733494fc5ffd20c87ac0013f4	2025-11-30 15:26:47.697599+00	9
585cf6784e252ae79018bb0932fbb1c690bda49d	2025-11-30 15:32:08.554778+00	10
869e078876a26ca70c458ed818a63c7fd4a6c29a	2025-11-30 15:41:09.848323+00	11
32a52367b4a1c77d4ca58f2d92e5345cb2ed9373	2025-11-30 15:52:09.611627+00	12
aafa35038574bf32ddd3d8fd4dd89aff1ad2c71d	2025-12-01 01:56:01.607474+00	13
4ad35330fef2a9e44f63b5d8904204810f0463a0	2025-12-01 07:41:10.511069+00	14
27308b894118b074a95ccebe75a6d0d6f9202309	2025-12-01 09:44:22.988825+00	15
3ce0ef81825ede0bcb5d200404b14cf351a5ea44	2025-12-01 09:45:35.654443+00	16
c31ee699ac7e629f802c7a28b3baa372c6750293	2025-12-01 10:03:57.430763+00	17
0a4da8c11b4ef66e7ce3f756c27adc79dd1566ae	2025-12-01 10:37:09.30634+00	18
e80e659e034e2fc79667544fc02fbde30d47c5fb	2025-12-01 10:40:56.044496+00	19
da88a303a7aa3a7016f5176b113d9528a29f5ad4	2025-12-01 11:53:50.426487+00	20
310354863c2f1c4e9f7c25f9000f1086327b369b	2025-12-01 13:06:33.98505+00	21
d94ec61a75c8ac40ae51b08de01343c351b80b71	2025-12-02 05:30:44.349441+00	22
587f7602c90b30ce7560c3b47950c177a09f6793	2025-12-07 10:48:24.413748+00	33
20f92b4fd41690b9653beb99cd68c3a75c01a323	2025-12-08 00:11:36.319343+00	34
281ceb3f5913bb822531e51db65f25e1e5d96543	2025-12-08 02:58:38.286282+00	35
155b61e7747796abbcd6fcd4135aa75e3523d471	2025-12-08 08:26:27.343934+00	36
e4ac560962434c2d65611d2a823670856655b5a7	2025-12-08 11:23:04.095831+00	37
\.


--
-- TOC entry 3731 (class 0 OID 24622)
-- Dependencies: 234
-- Data for Name: bank_settings; Type: TABLE DATA; Schema: public; Owner: -
--

COPY public.bank_settings (id, max_banks_per_user, created_at, updated_at) FROM stdin;
1	1	2025-10-23 10:11:59.530568+00	2025-11-30 12:44:59.035386+00
\.


--
-- TOC entry 3733 (class 0 OID 24627)
-- Dependencies: 236
-- Data for Name: banks; Type: TABLE DATA; Schema: public; Owner: -
--

COPY public.banks (id, code, name, is_active, logo, min_withdrawal, max_withdrawal, withdrawal_fee, processing_time, created_at, updated_at) FROM stdin;
18	BCA	Bank Central Asia	t	\N	35000.00	5000000.00	10.00	1	2025-11-03 20:49:12.668321+00	2025-12-08 00:29:06.539219+00
17	BNI	Bank Negara Indonesia	t	\N	35000.00	5000000.00	10.00	1	2025-11-03 20:46:56.041303+00	2025-12-08 00:29:18.584699+00
15	BRI	Bank Rakyat Indonesia	t	\N	35000.00	5000000.00	10.00	1	2025-11-03 20:45:02.450466+00	2025-12-08 00:29:27.469601+00
13	DANA	DANA	t	\N	35000.00	5000000.00	10.00	1	2025-11-03 20:44:13.401908+00	2025-12-08 00:29:37.432588+00
14	GOPAY	GO-PAY	t	\N	35000.00	10000000.00	10.00	1	2025-11-03 20:44:32.518143+00	2025-12-08 00:29:47.064808+00
12	OVO	OVO	t	\N	35000.00	5000000.00	10.00	1	2025-11-03 20:43:49.225187+00	2025-12-08 00:29:59.591179+00
\.


--
-- TOC entry 3735 (class 0 OID 24632)
-- Dependencies: 238
-- Data for Name: claim_history; Type: TABLE DATA; Schema: public; Owner: -
--

COPY public.claim_history (id, claim_amount, claim_type, status, claim_number, remaining_days_at_claim, total_claimed_before, notes, created_at, investment_id, transaction_id, user_id) FROM stdin;
128	4680.00	auto	completed	5	60	18720.00	Automatic profit from Sistem Celenix	2025-11-30 13:55:31.848336+00	23	666	4
129	4680.00	auto	completed	5	60	18720.00	Automatic profit from Sistem Celenix	2025-11-30 14:00:33.305962+00	17	670	7
130	4680.00	auto	completed	5	60	18720.00	Automatic profit from Sistem Celenix	2025-11-30 14:00:33.985743+00	11	674	6
131	4680.00	auto	completed	5	60	18720.00	Automatic profit from Sistem Celenix	2025-11-30 14:00:34.40148+00	5	678	5
132	4680.00	auto	completed	5	59	18720.00	Automatic profit from Sistem Celenix	2025-11-30 14:00:34.747543+00	4	682	3
133	4680.00	auto	completed	5	59	18720.00	Automatic profit from Sistem Celenix	2025-11-30 14:00:34.997839+00	1	685	2
134	4680.00	auto	completed	6	59	23400.00	Automatic profit from Exx 01	2025-12-01 13:57:27.264757+00	23	774	4
142	9000.00	auto	completed	1	179	0.00	Automatic profit from Exx 01	2025-12-01 15:39:14.863558+00	34	782	10
143	9000.00	auto	completed	1	179	0.00	Automatic profit from Exx 01	2025-12-01 15:44:16.006121+00	36	783	9
144	9000.00	auto	completed	1	179	0.00	Automatic profit from Exx 01	2025-12-01 15:44:16.35744+00	35	784	11
145	36000.00	auto	completed	1	179	0.00	Automatic profit from Exx 03	2025-12-01 15:49:17.047037+00	38	785	9
146	20000.00	auto	completed	1	179	0.00	Automatic profit from Exx 02	2025-12-01 15:49:17.631424+00	37	786	9
13	4680.00	auto	completed	1	64	0.00	Automatic profit from Sistem Celenix	2025-11-26 13:46:56.854625+00	23	227	4
147	9000.00	auto	completed	1	179	0.00	Automatic profit from Exx 01	2025-12-02 07:52:36.659514+00	39	791	14
148	20000.00	auto	completed	1	179	0.00	Automatic profit from Exx 02	2025-12-02 07:57:37.563375+00	40	792	14
153	4680.00	auto	completed	7	58	28080.00	Automatic profit from Exx 01	2025-12-02 13:59:05.255952+00	23	841	4
154	4680.00	auto	completed	7	58	28080.00	Automatic profit from Exx 01	2025-12-02 14:04:06.463616+00	17	842	7
155	4680.00	auto	completed	7	58	28080.00	Automatic profit from Exx 01	2025-12-02 14:04:06.824734+00	11	843	6
156	4680.00	auto	completed	7	58	28080.00	Automatic profit from Exx 01	2025-12-02 14:04:07.122738+00	5	844	5
157	4680.00	auto	completed	7	57	28080.00	Automatic profit from Exx 01	2025-12-02 14:04:07.412082+00	4	845	3
158	4680.00	auto	completed	7	57	28080.00	Automatic profit from Exx 01	2025-12-02 14:04:07.644235+00	1	846	2
164	36000.00	auto	completed	2	178	36000.00	Automatic profit from Exx 03	2025-12-02 15:54:45.753598+00	38	853	9
165	20000.00	auto	completed	2	178	20000.00	Automatic profit from Exx 02	2025-12-02 15:54:46.019343+00	37	854	9
25	4680.00	auto	completed	1	64	0.00	Automatic profit from Sistem Celenix	2025-11-26 13:47:12.352232+00	17	279	7
31	4680.00	auto	completed	1	64	0.00	Automatic profit from Sistem Celenix	2025-11-26 13:47:14.996972+00	11	303	6
37	4680.00	auto	completed	1	64	0.00	Automatic profit from Sistem Celenix	2025-11-26 13:47:17.644598+00	5	327	5
38	4680.00	auto	completed	1	63	0.00	Automatic profit from Sistem Celenix	2025-11-26 13:47:18.074704+00	4	331	3
40	4680.00	auto	completed	1	63	0.00	Automatic profit from Sistem Celenix	2025-11-26 13:47:18.686492+00	1	336	2
48	4680.00	auto	completed	2	63	4680.00	Automatic profit from Sistem Celenix	2025-11-27 13:47:05.236557+00	23	362	4
54	4680.00	auto	completed	2	63	4680.00	Automatic profit from Sistem Celenix	2025-11-27 13:52:08.469008+00	17	386	7
135	4680.00	auto	completed	6	59	23400.00	Automatic profit from Exx 01	2025-12-01 14:02:28.795707+00	17	775	7
136	4680.00	auto	completed	6	59	23400.00	Automatic profit from Exx 01	2025-12-01 14:02:29.157331+00	11	776	6
60	4680.00	auto	completed	2	63	4680.00	Automatic profit from Sistem Celenix	2025-11-27 13:52:11.066446+00	11	410	6
137	4680.00	auto	completed	6	59	23400.00	Automatic profit from Exx 01	2025-12-01 14:02:29.498881+00	5	777	5
138	4680.00	auto	completed	6	58	23400.00	Automatic profit from Exx 01	2025-12-01 14:02:29.74208+00	4	778	3
139	4680.00	auto	completed	6	58	23400.00	Automatic profit from Exx 01	2025-12-01 14:02:29.964192+00	1	779	2
149	9000.00	auto	completed	1	179	0.00	Automatic profit from Exx 01	2025-12-02 10:27:57.082706+00	41	795	17
150	9000.00	auto	completed	1	179	0.00	Automatic profit from Exx 01	2025-12-02 10:32:58.049567+00	42	796	16
66	4680.00	auto	completed	2	63	4680.00	Automatic profit from Sistem Celenix	2025-11-27 13:52:13.503131+00	5	434	5
67	4680.00	auto	completed	2	62	4680.00	Automatic profit from Sistem Celenix	2025-11-27 13:52:13.815381+00	4	438	3
159	300000.00	auto	completed	2	178	300000.00	Automatic profit from Exx 07	2025-12-02 14:49:31.498435+00	33	847	2
69	4680.00	auto	completed	2	62	4680.00	Automatic profit from Sistem Celenix	2025-11-27 13:52:14.33404+00	1	443	2
160	520000.00	auto	completed	2	178	520000.00	Automatic profit from Exx 08	2025-12-02 14:49:31.76287+00	32	848	2
77	4680.00	auto	completed	3	62	9360.00	Automatic profit from Sistem Celenix	2025-11-28 13:51:03.265918+00	23	469	4
83	4680.00	auto	completed	3	62	9360.00	Automatic profit from Sistem Celenix	2025-11-28 13:56:10.461669+00	17	493	7
89	4680.00	auto	completed	3	62	9360.00	Automatic profit from Sistem Celenix	2025-11-28 13:56:13.036909+00	11	517	6
95	4680.00	auto	completed	3	62	9360.00	Automatic profit from Sistem Celenix	2025-11-28 13:56:15.455291+00	5	541	5
96	4680.00	auto	completed	3	61	9360.00	Automatic profit from Sistem Celenix	2025-11-28 13:56:15.802748+00	4	545	3
98	4680.00	auto	completed	3	61	9360.00	Automatic profit from Sistem Celenix	2025-11-28 13:56:16.463304+00	1	550	2
106	4680.00	auto	completed	4	61	14040.00	Automatic profit from Sistem Celenix	2025-11-29 13:52:26.79557+00	23	577	4
112	4680.00	auto	completed	4	61	14040.00	Automatic profit from Sistem Celenix	2025-11-29 13:57:30.320206+00	17	601	7
140	300000.00	auto	completed	1	179	0.00	Automatic profit from Exx 07	2025-12-01 14:48:40.956711+00	33	780	2
141	520000.00	auto	completed	1	179	0.00	Automatic profit from Exx 08	2025-12-01 14:48:41.234246+00	32	781	2
151	9000.00	auto	completed	1	179	0.00	Automatic profit from Exx 01	2025-12-02 10:42:59.801388+00	43	797	18
152	9000.00	auto	completed	1	179	0.00	Automatic profit from Exx 01	2025-12-02 10:48:00.726874+00	44	798	19
161	9000.00	auto	completed	2	178	9000.00	Automatic profit from Exx 01	2025-12-02 15:39:42.578077+00	34	850	10
118	4680.00	auto	completed	4	61	14040.00	Automatic profit from Sistem Celenix	2025-11-29 13:57:33.183447+00	11	625	6
162	9000.00	auto	completed	2	178	9000.00	Automatic profit from Exx 01	2025-12-02 15:44:43.355638+00	36	851	9
163	9000.00	auto	completed	2	178	9000.00	Automatic profit from Exx 01	2025-12-02 15:44:43.875452+00	35	852	11
124	4680.00	auto	completed	4	61	14040.00	Automatic profit from Sistem Celenix	2025-11-29 13:57:35.726406+00	5	649	5
125	4680.00	auto	completed	4	60	14040.00	Automatic profit from Sistem Celenix	2025-11-29 13:57:36.052566+00	4	653	3
127	4680.00	auto	completed	4	60	14040.00	Automatic profit from Sistem Celenix	2025-11-29 13:57:36.564451+00	1	658	2
166	9000.00	auto	completed	1	178	0.00	Automatic profit from Exx 01	2025-12-04 15:21:49.670127+00	50	855	30
167	9000.00	auto	completed	1	178	0.00	Automatic profit from Exx 01	2025-12-04 15:21:50.043979+00	49	856	29
168	9000.00	auto	completed	1	178	0.00	Automatic profit from Exx 01	2025-12-04 15:21:50.405123+00	48	857	28
169	9000.00	auto	completed	1	178	0.00	Automatic profit from Exx 01	2025-12-04 15:21:50.767296+00	47	858	26
170	9000.00	auto	completed	1	178	0.00	Automatic profit from Exx 01	2025-12-04 15:21:51.173281+00	46	859	25
171	9000.00	auto	completed	1	178	0.00	Automatic profit from Exx 01	2025-12-04 15:21:51.555282+00	45	860	24
172	9000.00	auto	completed	2	177	9000.00	Automatic profit from Exx 01	2025-12-04 15:21:51.910517+00	44	861	19
173	9000.00	auto	completed	2	177	9000.00	Automatic profit from Exx 01	2025-12-04 15:21:52.261212+00	43	862	18
174	9000.00	auto	completed	2	177	9000.00	Automatic profit from Exx 01	2025-12-04 15:21:52.566453+00	42	863	16
175	9000.00	auto	completed	2	177	9000.00	Automatic profit from Exx 01	2025-12-04 15:21:52.912396+00	41	864	17
176	20000.00	auto	completed	2	177	20000.00	Automatic profit from Exx 02	2025-12-04 15:21:53.204217+00	40	865	14
177	9000.00	auto	completed	2	177	9000.00	Automatic profit from Exx 01	2025-12-04 15:21:53.506921+00	39	866	14
178	36000.00	auto	completed	3	176	72000.00	Automatic profit from Exx 03	2025-12-04 15:21:53.760651+00	38	867	9
179	20000.00	auto	completed	3	176	40000.00	Automatic profit from Exx 02	2025-12-04 15:21:54.040731+00	37	868	9
180	9000.00	auto	completed	3	176	18000.00	Automatic profit from Exx 01	2025-12-04 15:21:54.294993+00	36	869	9
181	9000.00	auto	completed	3	176	18000.00	Automatic profit from Exx 01	2025-12-04 15:21:54.579914+00	35	870	11
182	9000.00	auto	completed	3	176	18000.00	Automatic profit from Exx 01	2025-12-04 15:22:52.186837+00	34	872	10
183	300000.00	auto	completed	3	176	600000.00	Automatic profit from Exx 07	2025-12-04 15:22:52.425459+00	33	873	2
184	520000.00	auto	completed	3	176	1040000.00	Automatic profit from Exx 08	2025-12-04 15:22:52.676751+00	32	874	2
185	4680.00	auto	completed	8	56	32760.00	Automatic profit from Exx 01	2025-12-04 15:22:52.960404+00	23	875	4
186	4680.00	auto	completed	8	56	32760.00	Automatic profit from Exx 01	2025-12-04 15:22:53.313009+00	17	876	7
187	4680.00	auto	completed	8	56	32760.00	Automatic profit from Exx 01	2025-12-04 15:22:53.644962+00	11	877	6
188	4680.00	auto	completed	8	56	32760.00	Automatic profit from Exx 01	2025-12-04 15:22:53.952917+00	5	878	5
189	4680.00	auto	completed	8	55	32760.00	Automatic profit from Exx 01	2025-12-04 15:22:54.230555+00	4	879	3
190	4680.00	auto	completed	8	55	32760.00	Automatic profit from Exx 01	2025-12-04 15:22:54.461643+00	1	880	2
191	9000.00	auto	completed	2	177	9000.00	Automatic profit from Exx 01	2025-12-05 15:25:32.66587+00	50	881	30
192	9000.00	auto	completed	2	177	9000.00	Automatic profit from Exx 01	2025-12-05 15:25:33.053055+00	49	882	29
193	9000.00	auto	completed	2	177	9000.00	Automatic profit from Exx 01	2025-12-05 15:25:33.45148+00	48	883	28
194	9000.00	auto	completed	2	177	9000.00	Automatic profit from Exx 01	2025-12-05 15:25:33.830794+00	47	884	26
195	9000.00	auto	completed	2	177	9000.00	Automatic profit from Exx 01	2025-12-05 15:25:34.263751+00	46	885	25
196	9000.00	auto	completed	2	177	9000.00	Automatic profit from Exx 01	2025-12-05 15:25:34.652487+00	45	886	24
197	9000.00	auto	completed	3	176	18000.00	Automatic profit from Exx 01	2025-12-05 15:25:35.226778+00	44	887	19
198	9000.00	auto	completed	3	176	18000.00	Automatic profit from Exx 01	2025-12-05 15:25:35.641696+00	43	888	18
199	9000.00	auto	completed	3	176	18000.00	Automatic profit from Exx 01	2025-12-05 15:25:36.080352+00	42	889	16
200	9000.00	auto	completed	3	176	18000.00	Automatic profit from Exx 01	2025-12-05 15:25:36.53132+00	41	890	17
201	20000.00	auto	completed	3	176	40000.00	Automatic profit from Exx 02	2025-12-05 15:25:36.84871+00	40	891	14
202	9000.00	auto	completed	3	176	18000.00	Automatic profit from Exx 01	2025-12-05 15:25:37.152899+00	39	892	14
203	36000.00	auto	completed	4	175	108000.00	Automatic profit from Exx 03	2025-12-05 15:25:37.446878+00	38	893	9
204	20000.00	auto	completed	4	175	60000.00	Automatic profit from Exx 02	2025-12-05 15:25:37.717002+00	37	894	9
205	9000.00	auto	completed	4	175	27000.00	Automatic profit from Exx 01	2025-12-05 15:25:37.991583+00	36	895	9
206	9000.00	auto	completed	4	175	27000.00	Automatic profit from Exx 01	2025-12-05 15:25:38.315021+00	35	896	11
207	9000.00	auto	completed	4	175	27000.00	Automatic profit from Exx 01	2025-12-05 15:25:38.610131+00	34	897	10
208	300000.00	auto	completed	4	175	900000.00	Automatic profit from Exx 07	2025-12-05 15:25:38.86511+00	33	898	2
209	520000.00	auto	completed	4	175	1560000.00	Automatic profit from Exx 08	2025-12-05 15:25:39.161064+00	32	899	2
210	4680.00	auto	completed	9	55	37440.00	Automatic profit from Exx 01	2025-12-05 15:25:39.486961+00	23	900	4
211	4680.00	auto	completed	9	55	37440.00	Automatic profit from Exx 01	2025-12-05 15:25:39.850945+00	17	901	7
212	4680.00	auto	completed	9	55	37440.00	Automatic profit from Exx 01	2025-12-05 15:25:40.230918+00	11	902	6
213	4680.00	auto	completed	9	55	37440.00	Automatic profit from Exx 01	2025-12-05 15:25:40.587279+00	5	903	5
214	4680.00	auto	completed	9	54	37440.00	Automatic profit from Exx 01	2025-12-05 15:25:40.869755+00	4	904	3
215	4680.00	auto	completed	9	54	37440.00	Automatic profit from Exx 01	2025-12-05 15:25:41.142754+00	1	905	2
216	9000.00	auto	completed	3	176	18000.00	Automatic profit from Exx 01	2025-12-06 15:27:53.335527+00	50	906	30
217	9000.00	auto	completed	3	176	18000.00	Automatic profit from Exx 01	2025-12-06 15:27:53.721454+00	49	907	29
218	9000.00	auto	completed	3	176	18000.00	Automatic profit from Exx 01	2025-12-06 15:27:54.077832+00	48	908	28
219	9000.00	auto	completed	3	176	18000.00	Automatic profit from Exx 01	2025-12-06 15:27:54.433723+00	47	909	26
220	9000.00	auto	completed	3	176	18000.00	Automatic profit from Exx 01	2025-12-06 15:27:54.775868+00	46	910	25
221	9000.00	auto	completed	3	176	18000.00	Automatic profit from Exx 01	2025-12-06 15:27:55.135667+00	45	911	24
222	9000.00	auto	completed	4	175	27000.00	Automatic profit from Exx 01	2025-12-06 15:27:55.466526+00	44	912	19
223	9000.00	auto	completed	4	175	27000.00	Automatic profit from Exx 01	2025-12-06 15:27:55.825292+00	43	913	18
224	9000.00	auto	completed	4	175	27000.00	Automatic profit from Exx 01	2025-12-06 15:27:56.163738+00	42	914	16
225	9000.00	auto	completed	4	175	27000.00	Automatic profit from Exx 01	2025-12-06 15:27:56.503604+00	41	915	17
226	20000.00	auto	completed	4	175	60000.00	Automatic profit from Exx 02	2025-12-06 15:27:56.798252+00	40	916	14
227	9000.00	auto	completed	4	175	27000.00	Automatic profit from Exx 01	2025-12-06 15:27:57.076588+00	39	917	14
228	36000.00	auto	completed	5	174	144000.00	Automatic profit from Exx 03	2025-12-06 15:27:57.330477+00	38	918	9
229	20000.00	auto	completed	5	174	80000.00	Automatic profit from Exx 02	2025-12-06 15:27:57.594781+00	37	919	9
230	9000.00	auto	completed	5	174	36000.00	Automatic profit from Exx 01	2025-12-06 15:27:57.847947+00	36	920	9
231	9000.00	auto	completed	5	174	36000.00	Automatic profit from Exx 01	2025-12-06 15:27:58.137749+00	35	921	11
232	9000.00	auto	completed	5	174	36000.00	Automatic profit from Exx 01	2025-12-06 15:27:58.423547+00	34	922	10
233	300000.00	auto	completed	5	174	1200000.00	Automatic profit from Exx 07	2025-12-06 15:27:58.65064+00	33	923	2
234	520000.00	auto	completed	5	174	2080000.00	Automatic profit from Exx 08	2025-12-06 15:27:58.877017+00	32	924	2
235	4680.00	auto	completed	10	54	42120.00	Automatic profit from Exx 01	2025-12-06 15:27:59.156266+00	23	925	4
236	4680.00	auto	completed	10	54	42120.00	Automatic profit from Exx 01	2025-12-06 15:27:59.503543+00	17	926	7
237	4680.00	auto	completed	10	54	42120.00	Automatic profit from Exx 01	2025-12-06 15:27:59.844197+00	11	927	6
238	4680.00	auto	completed	10	54	42120.00	Automatic profit from Exx 01	2025-12-06 15:28:00.146134+00	5	928	5
239	4680.00	auto	completed	10	53	42120.00	Automatic profit from Exx 01	2025-12-06 15:28:00.402382+00	4	929	3
240	4680.00	auto	completed	10	53	42120.00	Automatic profit from Exx 01	2025-12-06 15:28:00.631492+00	1	930	2
241	9000.00	auto	completed	4	175	27000.00	Automatic profit from Exx 01	2025-12-07 15:31:05.790268+00	50	961	30
242	9000.00	auto	completed	4	175	27000.00	Automatic profit from Exx 01	2025-12-07 15:31:06.206711+00	49	962	29
243	9000.00	auto	completed	4	175	27000.00	Automatic profit from Exx 01	2025-12-07 15:31:06.618738+00	48	963	28
244	9000.00	auto	completed	4	175	27000.00	Automatic profit from Exx 01	2025-12-07 15:31:07.088494+00	47	964	26
245	9000.00	auto	completed	4	175	27000.00	Automatic profit from Exx 01	2025-12-07 15:31:07.558378+00	46	965	25
246	9000.00	auto	completed	4	175	27000.00	Automatic profit from Exx 01	2025-12-07 15:31:07.933265+00	45	966	24
247	9000.00	auto	completed	5	174	36000.00	Automatic profit from Exx 01	2025-12-07 15:31:08.311355+00	44	967	19
248	9000.00	auto	completed	5	174	36000.00	Automatic profit from Exx 01	2025-12-07 15:31:08.747418+00	43	968	18
249	9000.00	auto	completed	5	174	36000.00	Automatic profit from Exx 01	2025-12-07 15:31:09.059737+00	42	969	16
250	9000.00	auto	completed	5	174	36000.00	Automatic profit from Exx 01	2025-12-07 15:31:09.430276+00	41	970	17
251	20000.00	auto	completed	5	174	80000.00	Automatic profit from Exx 02	2025-12-07 15:31:09.726863+00	40	971	14
252	9000.00	auto	completed	5	174	36000.00	Automatic profit from Exx 01	2025-12-07 15:31:10.027816+00	39	972	14
253	36000.00	auto	completed	6	173	180000.00	Automatic profit from Exx 03	2025-12-07 15:31:10.302573+00	38	973	9
254	20000.00	auto	completed	6	173	100000.00	Automatic profit from Exx 02	2025-12-07 15:31:10.600536+00	37	974	9
255	9000.00	auto	completed	6	173	45000.00	Automatic profit from Exx 01	2025-12-07 15:31:10.863188+00	36	975	9
256	9000.00	auto	completed	6	173	45000.00	Automatic profit from Exx 01	2025-12-07 15:31:11.158291+00	35	976	11
257	9000.00	auto	completed	6	173	45000.00	Automatic profit from Exx 01	2025-12-07 15:31:11.457252+00	34	977	10
258	300000.00	auto	completed	6	173	1500000.00	Automatic profit from Exx 07	2025-12-07 15:31:11.678291+00	33	978	2
259	520000.00	auto	completed	6	173	2600000.00	Automatic profit from Exx 08	2025-12-07 15:31:11.908199+00	32	979	2
260	4680.00	auto	completed	11	53	46800.00	Automatic profit from Exx 01	2025-12-07 15:31:12.478133+00	23	980	4
261	4680.00	auto	completed	11	53	46800.00	Automatic profit from Exx 01	2025-12-07 15:31:12.852149+00	17	981	7
262	4680.00	auto	completed	11	53	46800.00	Automatic profit from Exx 01	2025-12-07 15:31:13.476844+00	11	982	6
263	4680.00	auto	completed	11	53	46800.00	Automatic profit from Exx 01	2025-12-07 15:31:14.035988+00	5	983	5
264	4680.00	auto	completed	11	52	46800.00	Automatic profit from Exx 01	2025-12-07 15:31:15.901177+00	4	984	3
265	4680.00	auto	completed	11	52	46800.00	Automatic profit from Exx 01	2025-12-07 15:31:16.683565+00	1	985	2
266	140000.00	auto	completed	1	179	0.00	Automatic profit from RBB B300	2025-12-08 09:34:19.145993+00	52	1003	2
267	94000.00	auto	completed	1	179	0.00	Automatic profit from RBR A300	2025-12-08 09:34:19.510508+00	51	1004	2
268	60000.00	auto	completed	1	179	0.00	Automatic profit from RBB B200	2025-12-08 09:44:21.161732+00	53	1005	2
269	94000.00	auto	completed	1	179	0.00	Automatic profit from RBR A300	2025-12-08 10:49:54.22573+00	55	1006	32
270	60000.00	auto	completed	1	179	0.00	Automatic profit from RBB B200	2025-12-08 10:49:54.50717+00	54	1007	32
271	9000.00	auto	completed	1	179	0.00	Automatic profit from RBR A100	2025-12-08 10:54:55.509832+00	56	1008	33
272	9000.00	auto	completed	5	174	36000.00	Automatic profit from RBR A100	2025-12-08 15:32:53.15654+00	50	1025	30
273	9000.00	auto	completed	5	174	36000.00	Automatic profit from RBR A100	2025-12-08 15:32:53.568962+00	49	1026	29
274	9000.00	auto	completed	5	174	36000.00	Automatic profit from RBR A100	2025-12-08 15:32:53.956346+00	48	1027	28
275	9000.00	auto	completed	5	174	36000.00	Automatic profit from RBR A100	2025-12-08 15:32:54.344371+00	47	1028	26
276	9000.00	auto	completed	5	174	36000.00	Automatic profit from RBR A100	2025-12-08 15:32:54.732613+00	46	1029	25
277	9000.00	auto	completed	5	174	36000.00	Automatic profit from RBR A100	2025-12-08 15:32:55.097209+00	45	1030	24
278	9000.00	auto	completed	6	173	45000.00	Automatic profit from RBR A100	2025-12-08 15:32:55.46063+00	44	1031	19
279	9000.00	auto	completed	6	173	45000.00	Automatic profit from RBR A100	2025-12-08 15:32:55.850841+00	43	1032	18
280	9000.00	auto	completed	6	173	45000.00	Automatic profit from RBR A100	2025-12-08 15:32:56.187995+00	42	1033	16
281	9000.00	auto	completed	6	173	45000.00	Automatic profit from RBR A100	2025-12-08 15:32:56.541749+00	41	1034	17
282	20000.00	auto	completed	6	173	100000.00	Automatic profit from RBB B100	2025-12-08 15:32:56.828355+00	40	1035	14
283	9000.00	auto	completed	6	173	45000.00	Automatic profit from RBR A100	2025-12-08 15:32:57.160532+00	39	1036	14
284	36000.00	auto	completed	7	172	216000.00	Automatic profit from RBR A200	2025-12-08 15:32:57.440944+00	38	1037	9
285	20000.00	auto	completed	7	172	120000.00	Automatic profit from RBB B100	2025-12-08 15:32:57.728756+00	37	1038	9
286	9000.00	auto	completed	7	172	54000.00	Automatic profit from RBR A100	2025-12-08 15:32:57.998465+00	36	1039	9
287	9000.00	auto	completed	7	172	54000.00	Automatic profit from RBR A100	2025-12-08 15:32:58.521956+00	35	1040	11
288	9000.00	auto	completed	7	172	54000.00	Automatic profit from RBR A100	2025-12-08 15:32:59.136349+00	34	1041	10
289	300000.00	auto	completed	7	172	1800000.00	Automatic profit from RBR A400	2025-12-08 15:32:59.547604+00	33	1042	2
290	520000.00	auto	completed	7	172	3120000.00	Automatic profit from RBB B400	2025-12-08 15:32:59.826774+00	32	1043	2
291	4680.00	auto	completed	12	52	51480.00	Automatic profit from RBR A100	2025-12-08 15:33:00.164792+00	23	1044	4
292	4680.00	auto	completed	12	52	51480.00	Automatic profit from RBR A100	2025-12-08 15:33:00.612859+00	17	1045	7
293	4680.00	auto	completed	12	52	51480.00	Automatic profit from RBR A100	2025-12-08 15:33:01.000989+00	11	1046	6
294	4680.00	auto	completed	12	52	51480.00	Automatic profit from RBR A100	2025-12-08 15:33:01.376868+00	5	1047	5
295	4680.00	auto	completed	12	51	51480.00	Automatic profit from RBR A100	2025-12-08 15:33:02.049738+00	4	1048	3
296	4680.00	auto	completed	12	51	51480.00	Automatic profit from RBR A100	2025-12-08 15:33:02.294872+00	1	1049	2
297	20000.00	auto	completed	1	179	0.00	Automatic profit from RBB B100	2025-12-08 17:13:14.475247+00	57	1051	2
298	9000.00	auto	completed	1	179	0.00	Automatic profit from RBR A100	2025-12-09 00:09:09.381161+00	58	1052	32
\.


--
-- TOC entry 3737 (class 0 OID 24638)
-- Dependencies: 240
-- Data for Name: deposits; Type: TABLE DATA; Schema: public; Owner: -
--

COPY public.deposits (id, gateway, order_num, amount, wallet_type, status, payment_url, request_params, response_payload, callback_payload, callback_at, created_at, updated_at, transaction_id, user_id) FROM stdin;
2	JAYAPAY	DEP-20251110021409-B5067F	50000.00	BALANCE_DEPOSIT	PENDING	https://uaw28.glorioushop.com/cash/?orderNum=PT1B95BF723F40600E&MD=f0dbb89d785956ce9214e8a753330150&SG=5529a420f89c3a809e7dba957c59dee7&SX=a1d7ccf4767d95ea4d4d0428cd30e237&SV=cf4d2c2bdf1f2de5f8c8b3df29e81a21&SN=f65c6cf60c843100aa8cd6f58ac76ae8	{"name": "Yorobunn Oneureun", "sign": "ciSHH0SEENsbClwUwS3mWvq9ck5bn+lwSM2HQRJ3P7oWhvXSlyErASEUdMnuh1uIKbrbRp5bayxDmY2AjuCgBxEvlQwaU0VYAJCpazgny6ar0FSD30Zh159nJ+owMZF0pSlYMwvtmo9vwhFn3toV5mD5J0KPQbo1/ViDsig0idlWPwBFuT9Y71sDzKaihF1Dj8ujMxlLzt5bl03o+tLD7p/GIPp1cQLBXkb3izOkB5DRCZw0T/kBzIBJ4nw9Jqwyjo2bUnLZaBqjk1AvsHh+4O/BZtqQIGyqfYVfUztNkBsCqXE/cns8XiY+YDgeFyBeyFt62oyh+KN7eAy3kUDrSQ==", "email": "8scuhtkknw@example.com", "phone": "0800123456789", "method": "", "dateTime": "20251110021409", "orderNum": "DEP-20251110021409-B5067F", "payMoney": "50000", "notifyUrl": "https://api.bcbt-bt.online/api/deposits/jayapay/callback/", "orderType": "0", "expiryPeriod": "1000", "merchantCode": "S820250914134021000027", "productDetail": "Top Up Saldo"}	{"url": "https://uaw28.glorioushop.com/cash/?orderNum=PT1B95BF723F40600E&MD=f0dbb89d785956ce9214e8a753330150&SG=5529a420f89c3a809e7dba957c59dee7&SX=a1d7ccf4767d95ea4d4d0428cd30e237&SV=cf4d2c2bdf1f2de5f8c8b3df29e81a21&SN=f65c6cf60c843100aa8cd6f58ac76ae8", "name": "Yorobunn Oneureun", "email": "8scuhtkknw@example.com", "orderNum": "DEP-20251110021409-B5067F", "payMoney": "50000", "platSign": "ZQ9oI9a99TkM9t9I0UgmqdhoLO6fz9cGnMZQQIsFtPnsviT8LiY9gtIDk1Y01yB+aGm6DBYKqa04EORDxteWK62kgSrlQZlH6rKuPwoNTPiN2+WhYA1W/jlqAZoxEx+9EeNt6/+bYWDywu4jHYk8kJAmFA8D8zRG9lh/+YvYscEuuBLkR89DyO4ngAVDEcgI4wmyp46Hn2+EAoktwji+nLnvAAzBxlT68tT9NJAIA2/05QqemhzVPV7X/53YgXeLLzN7ULaPH4Nkp0PCki4xXUq9z6l/LUDrJrSaCaS5YBVR61l0kd497+96P/qQKMKUbyo2eVUIthVRZ71zvDgQXS0cf14rmSwgC6fUjy5ZxFR2Wd0NUkX8fQXi4XhOwOAv8GULpHvi8EpPUTneqaHqNImqmZIKrzmtud6qqmJSgw49Nt2N80z47hAxIekXTvozXlw08KtLlC6dgpgR1ALwquczXxnSv8OnVQ/DbkcNcT86F/doNEhzE+1FHLEmrKRXUZ0cfbHLzWZVjc6OZ4bLEeduak3u0O2juMFLnVSyQJjOk+ZZRaXCiF14jCRIDx8BkcLFjT8zoDoU8Dewf6fSgEbldhqd7W+TJlAF+iXXlZf7deAh329hvsaye8ZTTXbqH2If4POoB6VGqocX2dwS9Z7zZ/g3gwietiT4EURfMHM=", "platOrderNum": "PT1B95BF723F40600E", "platRespCode": "SUCCESS", "productDetail": "Top Up Saldo", "platRespMessage": "Request Transaction Success"}	\N	\N	2025-11-10 02:14:09.466348+00	2025-11-10 02:14:09.466361+00	21	4
1	JAYAPAY	DEP-20251109183643-9C2497	10000.00	BALANCE_DEPOSIT	COMPLETED	https://uaw28.glorioushop.com/cash/?orderNum=PT1B9556BF6800504C&MD=f0dbb89d785956ce9214e8a753330150&SG=52cbaf3c36e1f2ef0cf42faf31eeaf07&SX=0a7f0326282cf61cd149d5a5f64f3077&SV=c3bc4b3297f3fb34129b7b8020d3aea1&SN=3b6babf90a563d0dfb166886a1505af7	{"name": "vhtc695s6on396g7oxdo", "sign": "nbL2xj/fOOv0WNEpKSf6NGQp1UHDX9zYJbMBxnvVJn2A4EpcWr2fPWHmVXWl6jG6ZYdIHm0KhkFie3MIWKnIo2+BMektIpmSrpcSY/W5fOcHFaVifcuw9SLAoafim833oMMecnMS3MufxIpPnHWhcpPlM74+HVZF1cIaXE5AQfYRQW5smlUMW1nlVvdoBA8PYBFOlpKAPUHsvktpHbh8SndxUH3QLn0LIylyN2TqMQ9NDoN/69i5tulRnChIF/m8JLswPPbTHFe6S+fqPOblkY7eDlibyVdBEtJ0h6gCD07HwAte8UZgbjrwEDl8t4RuMFiQdoABPXoYV9lCdR0Ihg==", "email": "k00rkthpl8@example.com", "phone": "89595959595", "method": "", "dateTime": "20251109183643", "orderNum": "DEP-20251109183643-9C2497", "payMoney": "10000", "notifyUrl": "https://api.bcbt-bt.online/api/deposits/jayapay/callback/", "orderType": "0", "expiryPeriod": "1000", "merchantCode": "S820250914134021000027", "productDetail": "Top Up Saldo"}	{"url": "https://uaw28.glorioushop.com/cash/?orderNum=PT1B9556BF6800504C&MD=f0dbb89d785956ce9214e8a753330150&SG=52cbaf3c36e1f2ef0cf42faf31eeaf07&SX=0a7f0326282cf61cd149d5a5f64f3077&SV=c3bc4b3297f3fb34129b7b8020d3aea1&SN=3b6babf90a563d0dfb166886a1505af7", "name": "vhtc695s6on396g7oxdo", "email": "k00rkthpl8@example.com", "orderNum": "DEP-20251109183643-9C2497", "payMoney": "10000", "platSign": "CRIBsKso8/JXgfhrOCKsiq7IPjd5DJ26kh1dBVZ9ppS/nrcz09XclJ8SSmZoQ41e7Pn4qT0Pc909EI+CXpHksyJ7hQzdLYob/Qu7pnX7i4pEXu/jg13VWAyWExwYEJd1u7SYYItxZuBxZQSfRnbP2/xHOTEtQFL/+4B8yNGtJMNVVerDeZScx1HihwXA0bAk6WQcJmz/mzspgrAEDRjkoE1611Iu9VyoGAgUCVlIZFuY1LVIyKwZdD+XxTX+CRFoCg8Leyh8DOSkMOwJZ6XzIVaqWxD1grITPwCy9JE8qURGtUCunblnHwpU76odc+LCFnV96x4UjB6YWWC0rr+fbZJlZKsMcDyQPm9CIyXso4p7tAmQmOxzrrjKu3FWZCpbdlprzKTSFCaczqHCwniLFuipshmqndWIgcaEy5fAEC6nx+ZgXkOPtVnxvvceXSImEMw3IN0YtqRtRia5SVIuWVaLIqvp81z9VFDJpbNERDWL5L9gt7Rc4U1C1teQkSJeWmqGcFyaJe0njwdrVgGz+mwLvXgXpc0xmU3mCp6LZQO2Pn7pxk9z7xdjSdLgmATlFv2A7uNFIbpgvcDUt4L6Hq9rnVTa5YQ2HPegV4KIKC3qbsZaMiF2VRYCCcCVvPMJJdHiBrafBqgeds12UPHwX+To6JRPzYpe4RalGdkULVs=", "platOrderNum": "PT1B9556BF6800504C", "platRespCode": "SUCCESS", "productDetail": "Top Up Saldo", "platRespMessage": "Request Transaction Success"}	{"msg": "SUCCESS", "code": "00", "name": "vhtc695s6on396g7oxdo", "email": "k00rkthpl8@example.com", "phone": "89595959595", "method": "QRIS", "payFee": "500", "status": "SUCCESS", "orderNum": "DEP-20251109183643-9C2497", "payMoney": "10000", "platSign": "fwCmZtj5wuqTUnwirN3m1PQ2SVatxY+1TOZGQDz2qhgWHg6S8m6rCiisxMeGs8gX+ySt2ddgPqwSnqdCN7J9X+u9iExff7AQ220aV76ZG/ajuSCsi+UCkWoXWvM8qREdE1h3/gx/YTmyN1V43k8x04LPX9xTs7Zoe7mh1l+kXWRP9rjhRN4/gfi9MpIFlJfzxwplWI1rhS4R1NXgEjsjQwFk/2P+UbQq3m0D6GYvbuMYM5gY9Tp8ZhxAluG/bHIjE1Q9VPaV9AKjZd7kWHu2k0gQ3ERSS0bCJQ+D40v30MzdpxutajELgRZaqhQ1ParSdt/hZF5wu6+4eOMi+lw89Q==", "platOrderNum": "PT1B9556BF6800504C"}	2025-11-09 18:41:18.340573+00	2025-11-09 18:36:43.691119+00	2025-11-09 18:36:43.691133+00	19	2
3	JAYAPAY	DEP-20251110021415-FCB096	10000.00	BALANCE_DEPOSIT	PENDING	https://uaw28.glorioushop.com/cash/?orderNum=PT1B95BF77CD406043&MD=f0dbb89d785956ce9214e8a753330150&SG=0478cab363f5429a53ae2d351e56d6f6&SX=4ded5ccb879e96bfd0b034a6421df986&SV=95cfe67f879803856180b200356fa254&SN=cd187f5bd26669d9feed85917f2dc4d4	{"name": "Yorobunn Oneureun", "sign": "Kyy00ywmiZK+Tyzv99qGiVWticDdZo7H+F/Uq9D+JMUUElIdbHK3hCicDDw6iel6ArX1s7bKuk/y6KZ/LmpOkTMC78X34M47QjVXfXXR9wFVVcXhCaZtzWpbXsf/iWK27LW09fWCJF1i5XkprjmGKQ+eD5pzbz4S8sXmLmanUrdWLQmNaSv87zDjA+2BVapfxJF4FvPkKGTCmnVNWtlfZb8rQBjOfUtsspABGrHJhy74EA+PN5H91GDge8JQXIhTTONevwfBX7OxPVZsX2gxCSGiDy7tiMB+luCq+lzRjnjysiMy1pzA1fPpRh3PVmvntymRIyr1JsKLfHdIq0OrAg==", "email": "8scuhtkknw@example.com", "phone": "0800123456789", "method": "", "dateTime": "20251110021415", "orderNum": "DEP-20251110021415-FCB096", "payMoney": "10000", "notifyUrl": "https://api.bcbt-bt.online/api/deposits/jayapay/callback/", "orderType": "0", "expiryPeriod": "1000", "merchantCode": "S820250914134021000027", "productDetail": "Top Up Saldo"}	{"url": "https://uaw28.glorioushop.com/cash/?orderNum=PT1B95BF77CD406043&MD=f0dbb89d785956ce9214e8a753330150&SG=0478cab363f5429a53ae2d351e56d6f6&SX=4ded5ccb879e96bfd0b034a6421df986&SV=95cfe67f879803856180b200356fa254&SN=cd187f5bd26669d9feed85917f2dc4d4", "name": "Yorobunn Oneureun", "email": "8scuhtkknw@example.com", "orderNum": "DEP-20251110021415-FCB096", "payMoney": "10000", "platSign": "mB7AT/Zs6makO37kHZWWa56SQHCl6cvQv17V1jyAvWeRNwTEiLkymNAXI09RDkBLz/L8B8KDQFORnswXJ1rDc9Mcw+3PUhQtSceNbSZdInK49ZjRcvGzQQTNLbRU3DpGj3oRPKbfvmZ4/mnzLlI63gQW0M8Mxuc0I/jPdcjCreEcXzCbWtOPjt0+m6VTU2olpCOMqYyFinaXGty3BYAljiujrnRkOSMPOgqq8HqBtsG2PD79p4jc8aTiVyUqg7rljela/4pzbPqRqGK3l0s+a0zBJEpWvSIGaVN+ZjNk0EypHsqeCvSNq5IIxik9WSEKQTSbLoq4yJfOskeoS8c4AYwl+Hxjc0CnwJkuXUfVNFQTSL+mhUgH2FN2qsrnXlIpnOKtDvjpXzaJU5TkbSmD7WkPgLcWRr6oMstF9GZILb4le6JvBu0h3cuzwUXHT1L7MubA0A48mrkTbQIFhnUqu+HNlofogeBMmsZN1ukp5sEFRyEnKWcjdslIszpmwewneBzWY3rSms97i0GYvkO1Yd4KbMS5upMeV4EOKMZVLRQrNFP/DP453k6iFNSc0TEHoBw7EiWx247uY5yByfp71aMCp58DO09eGFS2owRy7r7gN3KA+8sD4DGEWb5Nb3sA4EqhEWFk1utTbRIFd2i7k1BDelINMdYBuMxhOFgsRqg=", "platOrderNum": "PT1B95BF77CD406043", "platRespCode": "SUCCESS", "productDetail": "Top Up Saldo", "platRespMessage": "Request Transaction Success"}	\N	\N	2025-11-10 02:14:15.307432+00	2025-11-10 02:14:15.307443+00	22	4
4	JAYAPAY	DEP-20251110021421-741377	10000.00	BALANCE_DEPOSIT	COMPLETED	https://uaw28.glorioushop.com/cash/?orderNum=PT1B95BF7E52C0603C&MD=f0dbb89d785956ce9214e8a753330150&SG=644a07df098d4e94934e62882f7b7409&SX=08373afc0a20f29bdbed62e0dc1f3c50&SV=9cc62e484f1c6a7b1fd4a5d3f0e465b8&SN=2d1237f5d6a89b6de4f4aee1d8c40a89	{"name": "Yorobunn Oneureun", "sign": "BeJC2xAFYuX7An0oy1U5YlUvzY8JtIEo8fhUFl64LD3CnUjQzpLClMWJcDJi02QixBkKk0wP7ruXo6k9NGRXLm5zNliySDHe2JOwjEGM+w4HIP1ss/Q1XzVLGxymp5Kc0WV+x4rxUS93P5BnXRmV3q5Lr902/ED4pLNTMHYEFd9efNweF76rprQgy3vz69UQdEOmw68Z/4gQGMoMeqG3UbI48g4bBU9EBvfk476ssvmOkQnOrjX8ahjkS2Q2LiOxnv/pdVpBs1QhJIV4rOsvuheE1yeERosXEoAXojYNvqm64E2s1dPGSzclL6Q2M1HgwPHYyiGVH3KZKNKFFnL8JA==", "email": "8scuhtkknw@example.com", "phone": "0800123456789", "method": "", "dateTime": "20251110021421", "orderNum": "DEP-20251110021421-741377", "payMoney": "10000", "notifyUrl": "https://api.bcbt-bt.online/api/deposits/jayapay/callback/", "orderType": "0", "expiryPeriod": "1000", "merchantCode": "S820250914134021000027", "productDetail": "Top Up Saldo"}	{"url": "https://uaw28.glorioushop.com/cash/?orderNum=PT1B95BF7E52C0603C&MD=f0dbb89d785956ce9214e8a753330150&SG=644a07df098d4e94934e62882f7b7409&SX=08373afc0a20f29bdbed62e0dc1f3c50&SV=9cc62e484f1c6a7b1fd4a5d3f0e465b8&SN=2d1237f5d6a89b6de4f4aee1d8c40a89", "name": "Yorobunn Oneureun", "email": "8scuhtkknw@example.com", "orderNum": "DEP-20251110021421-741377", "payMoney": "10000", "platSign": "lUN9/YdjTRUf+EqrAdzVc86W8N3l2sjmLpyMi0Awar/PI11bNGjR0xUGlJQYBX60awjbRRMSleMpX14RBLRwyfnOy3azXj6cP/2pilxXzhZnx94IhwLnpnqmktHtna+A2fWZ4q2AfTVfmQbgshe5WZA+7IJOzdpAD43PIw6ERGIhTpQ4QF687KO6ceR1k5ApyEtylkNAt3fKnxOF6zY6uQS4wx6hvuTljh/YpGRATgvZ047nFZPmgZxbPh6BejBjkZD6q/8IARup17lRlBuYeruIAvXxz3sGlMCIXaON/ELABlJMaloIOENEVtBtPJbUatZtg5fSjorNwimYr7kqk3oRagOxQZTVigjcu7pKUCNhHeRM63a4W1BxAmQxZu6l+2HbtabRhziXyaWMsWNHUBYhl6QnIb/Zqtuotfag1zY2mTj++lXfklVnkoLVMMDI79eKcDhVx7Z5/1EeY9MJlP9BzVCX573NF8Z/QMmnlXwsJG3mi5jvAAwtXtkEz8U+pELGW3W8FTZgheSDs1eBUKVMBmiZMP1N6Wa7f46a5rBc10N31Hn0/ohCzgV3ux1nKMG3O6ZggQh3NQWj5cL4zFABadCEvuGAg9FjTF26WCS5hNjJApgZASguZGRtEzuxOqzLx77jytL9ZSoROt/x6JIaUeXb8gE/b1tAtHI/9ZQ=", "platOrderNum": "PT1B95BF7E52C0603C", "platRespCode": "SUCCESS", "productDetail": "Top Up Saldo", "platRespMessage": "Request Transaction Success"}	{"msg": "SUCCESS", "code": "00", "name": "Yorobunn Oneureun", "email": "8scuhtkknw@example.com", "phone": "0800123456789", "method": "QRIS", "payFee": "500", "status": "SUCCESS", "orderNum": "DEP-20251110021421-741377", "payMoney": "10000", "platSign": "RzqK/Fwle+LHaknbjRPGRsw0MxQ5tahW2ipmVYKIkV4l6+jk0rq+QDg88VRwv+6keUk1sdrUJaHFMHf1ELY8+gJfEgnknEKNIDzK4QnO5KxsQu/Y2cQV5kF/+yzyNt1xrSw3wKsYErcMDynKkzSHGPRyATR3AtQbb0AikGWQP5mC/nxvqevrzhxgxZ+hnChqA8iTrcXCG1uxWB4EBDF900CzT1pOIIBXnDoyQJRw89DpyZuetVvtbu1dDNJcvRMOWXg0Uckv0tLGwasKRl1vfT61MxYqYqAd/plEYPP44m5pkroSHSmthohHmwCoYYwlf6QQ9Om9DeroP4qpyMTZVA==", "platOrderNum": "PT1B95BF7E52C0603C"}	2025-11-10 02:18:36.489437+00	2025-11-10 02:14:22.008809+00	2025-11-10 02:14:22.008819+00	23	4
5	JAYAPAY	DEP-20251110021559-182059	15000.00	BALANCE_DEPOSIT	PENDING	https://uaw28.glorioushop.com/cash/?orderNum=PT1B95BFDD75C0504C&MD=f0dbb89d785956ce9214e8a753330150&SG=4bbec9fea4635459b7be7e42019b87f6&SX=6e25e227d3eb8a0f371c8fe6dca8339a&SV=1dd55b2518a7f0199289d47d330229d0&SN=37ba65fa6a8ac69d7d0b5167ab1c70fd	{"name": "Yorobunn Oneureun", "sign": "ZvbKDiFy5cWAGfPUMOgmDR5vxjK7wKkdRxN29OoLJzjUzrH8fC6fljrz+c9KP6uXvQ44HYQQlfvYyqeWo9LSZRASPHpDvUfQwhoTaoDs+lhT+sAreP2K1D8+M1e5yeAqmck5W7Oufz7l6HRaN5fr+5xvoYldrVKItuSioXPrNMhHZBSF0yNTAjyjuO/yPHJy8ISmAf2+fmEtBtpJCa97viAGYbHI4YrIxWHbguoRb9sWS1tQTi/4UF4nkMM+9xuGwvCP0MEINg34ZchKriTOc3OFeh9Y3x6a5pUMOabO8zFfCM09XH3t/1mzZ6EmeSbf6Us9YW9G19E1rY1PuG/mKw==", "email": "8scuhtkknw@example.com", "phone": "0800123456789", "method": "", "dateTime": "20251110021559", "orderNum": "DEP-20251110021559-182059", "payMoney": "15000", "notifyUrl": "https://api.bcbt-bt.online/api/deposits/jayapay/callback/", "orderType": "0", "expiryPeriod": "1000", "merchantCode": "S820250914134021000027", "productDetail": "Top Up Saldo"}	{"url": "https://uaw28.glorioushop.com/cash/?orderNum=PT1B95BFDD75C0504C&MD=f0dbb89d785956ce9214e8a753330150&SG=4bbec9fea4635459b7be7e42019b87f6&SX=6e25e227d3eb8a0f371c8fe6dca8339a&SV=1dd55b2518a7f0199289d47d330229d0&SN=37ba65fa6a8ac69d7d0b5167ab1c70fd", "name": "Yorobunn Oneureun", "email": "8scuhtkknw@example.com", "orderNum": "DEP-20251110021559-182059", "payMoney": "15000", "platSign": "VTf1AR/DAzc9ieFx6SuMGqVyHuHGBtYldFLNTvG8hKWXr+ryPYPYWuK0d3AIfCXvdGZ8R8b+4q0T8b5i8d3NfK1glSLKXENHKYrxzpvFegGpVk8NKMLHazdVFHzUFd2EGbRi2fYHiVDUPQCT2DQvqRxiqf16x6j26AZ3DPwOkRVlzLMSMatvd7uQbO03nzVv1hA8b8Jmyk49K+hmFsw4RTz8FdB7UafWXF+7JH/9rg5W8mlBOFUQsCfUiiUO5ovxl/qywszsvAr4XSwNvEqt79FMbHg+RIXCoOJzTyh6B8Kc6Bi9af/ex140kbMROa+2PDYSAZgfskOCRDGSWsC6TSczZuW/vPIXodLAckfOti+ELT8SL5oo16Z4A5Szt0bPWyQ+AIas1JPaw+fP2LJf9KrMb9aavP8bcZCXXL4kPMOOCXityZp6p5gAMsAKDe6Hv6grNHxT/3+Q70HMbXjVIy0mydNkXk9aAoV7oD4ppOx7Egu8ujNiP7gBvZbcGhAqWBApcmvfa+MhZu4LZi92Db1+nHMA2T/tCEz/y0TgPg8rKZb0NMmEP7vG8ZMxnuuepkvMuC3ayWynrHuSU2WXHfnGoHQhUDFTXuazxTA/2K0hDsnAMJqQXUhL8PXj28Yb7d7QjHmUWE+z97dsDgkL2iUEoM1+RGdl8AgmadnlURo=", "platOrderNum": "PT1B95BFDD75C0504C", "platRespCode": "SUCCESS", "productDetail": "Top Up Saldo", "platRespMessage": "Request Transaction Success"}	\N	\N	2025-11-10 02:15:59.398314+00	2025-11-10 02:15:59.398327+00	24	4
7	JAYAPAY	DEP-20251110022225-240EAB	10000.00	BALANCE_DEPOSIT	COMPLETED	https://uaw28.glorioushop.com/cash/?orderNum=PT1B95C156E1006037&MD=f0dbb89d785956ce9214e8a753330150&SG=f818a324bd96621cfbb248455b077338&SX=304c530fe4b214e7e668d803ecf3ef81&SV=49b00a00f1e153a86c40f3f9ba117374&SN=2f4d4365ddd3c109db34d2674d6ae2fe	{"name": "os8ya3e0j5nreesocwbv", "sign": "BiZJxws5EiID4AXhx3VkY6060fUA0iAivCYUe6cAAAxYZ56trXag47vlxjW2kTWunQKAJfxKsHN0tiS76C/7ICZ9vVnEUa6F9YPwJ/xcuv8Q1ghWJd2IKGSSOz+XG2P3RQrdLCFSaql9+36WpLpZm30Wu7GCuDetj+EOcVgEpnuVja+FYdRDOyTk/zvpLCmHwBVjjDTOrrtSBfQJGuoshBmOWP+V9s5352oqxz4BAU+PtPiDRNRa481H2JRmKzEo9hRNi+oeGeoaYk6lCJ/jZ70/N0Pt9l6GRkzdSQO3NMpyVGmKGFQLIja9MVPZYCUAZ+G89RIBDHEp3HuZEnsuEA==", "email": "1j4qltvtnj@example.com", "phone": "80123456789", "method": "", "dateTime": "20251110022225", "orderNum": "DEP-20251110022225-240EAB", "payMoney": "10000", "notifyUrl": "https://api.bcbt-bt.online/api/deposits/jayapay/callback/", "orderType": "0", "expiryPeriod": "1000", "merchantCode": "S820250914134021000027", "productDetail": "Top Up Saldo"}	{"url": "https://uaw28.glorioushop.com/cash/?orderNum=PT1B95C156E1006037&MD=f0dbb89d785956ce9214e8a753330150&SG=f818a324bd96621cfbb248455b077338&SX=304c530fe4b214e7e668d803ecf3ef81&SV=49b00a00f1e153a86c40f3f9ba117374&SN=2f4d4365ddd3c109db34d2674d6ae2fe", "name": "os8ya3e0j5nreesocwbv", "email": "1j4qltvtnj@example.com", "orderNum": "DEP-20251110022225-240EAB", "payMoney": "10000", "platSign": "Gy+I+NjhXd+uF1qQdSyfqqt6u1+pHGkBevycSFec6HCj8jCPay6swIp2d/DRXHfMGYsySo26jAJe0JaGbbpld/Ivka8cfzxk1cHhBYOAQm6GSwVVSKT6Gn1zbwusH6IVNZ/vdb+hcK/P/EmLRoitMbXWXY5nGl5MQvCZMXuNTWJOiLjZFDLhWZ/Eg8XKJ5z+0FG+eURNZqj4+CluQJw+594m7s8Z4542qoDrO5WfcmXbkpyor6maXi1evF0VIzMZDmMS48W5oL3xz31sS15G6bMTytBmtmo1rd+IpcomXBFir4Fn6i5iQJNp6tQWjvUxPGnkdR44gbWwyB8Xpz2wREgYwXjeAAxQxlAhAhde96vEzx3SmztGsrWDIo+M7B7pCliPyjPMqnLhAG9EfcE4/ne4bba+AkbH+hoJ51bkexqMdKBJhZuEOB9cQTt5HQClqdHe05RI3VPX4mxj2KnlZhyPPxknoHPvUPCqBn9fikYnGUMmtw4ZDuFmZNuAYYZ/hvQ/fkSGE0sJavPPdPztAh3trWafqv4TARhoCH2uJsLVs40m0i2kYNGQnFzFhy1skq8ZpoD0vhQVg1cMOFhJEW6Q0vF1sA4f5ZA/hDnPbSXdjQvNclLbfz5mOZ1XNlmjkC/lX9alxHp+q2Q679Nsgkg+YLsZwATK7cZZEnICGcU=", "platOrderNum": "PT1B95C156E1006037", "platRespCode": "SUCCESS", "productDetail": "Top Up Saldo", "platRespMessage": "Request Transaction Success"}	{"msg": "SUCCESS", "code": "00", "name": "os8ya3e0j5nreesocwbv", "email": "1j4qltvtnj@example.com", "phone": "80123456789", "method": "QRIS", "payFee": "500", "status": "SUCCESS", "orderNum": "DEP-20251110022225-240EAB", "payMoney": "10000", "platSign": "md2AZcpBslZS86zafjjdTkiANxL1wphG+FZ3a9r3BUYwIZ99/ZH28cpcXwqPBn2nl0HmR5/YN/anBgy7DuxkuYXKnAlr1oMr/k5+hms0pnVKciOpHRK93spgVnTaWKFsCzLdqCfrBm8P59HAL7uJPP/AksbLNou7dpN+Gif9vzBP9rjhRN4/gfi9MpIFlJfzxwplWI1rhS4R1NXgEjsjQwFk/2P+UbQq3m0D6GYvbuMYM5gY9Tp8ZhxAluG/bHIjE1Q9VPaV9AKjZd7kWHu2k0gQ3ERSS0bCJQ+D40v30MzdpxutajELgRZaqhQ1ParSdt/hZF5wu6+4eOMi+lw89Q==", "platOrderNum": "PT1B95C156E1006037"}	2025-11-10 02:26:59.680468+00	2025-11-10 02:22:25.869497+00	2025-11-10 02:22:25.869508+00	30	5
8	JAYAPAY	DEP-20251110022833-0208BC	10000.00	BALANCE_DEPOSIT	COMPLETED	https://uaw28.glorioushop.com/cash/?orderNum=PT1B95C2BE07005031&MD=f0dbb89d785956ce9214e8a753330150&SG=4da47081271d2f0f115777c5379d2c49&SX=eb16eee273572978e9604ddd7d06eb0a&SV=1e497a56942b356f8c299c0a9b5573e3&SN=03b3b8732f320ba7d12cb2ecc38ed1ee	{"name": "utn6duydjnddxq0h5i5n", "sign": "ImZkmU6hfR1aAybV4ynNkYcMSt0GNDZMVT2aD+JjoHwudZeiGsQ0DmthilfslZGedYaaZfNEpxG8ZpRdy50vAqYmvZDzj34wntaz4COnRinSY3/8V5LWsA+tBM/vmwp13i09Z0BvWDYrNThznn3k1WpAaZA2skSvaI5xTW1qeRIaOiTftrQ/NoAYTUtDeJ+19Wta3612OgsA30xmMWdBvg7Yu9TCdq5J89l965/fp0mMaasHi+KEttenCAxHcYKiHN03Lg+RIvCTYqLpC4vi3TBZwd548lIQYgD/4xCDOywFNHnID1WCJhPdLjh/mldF31Wk2pOSayviXZ69pe2wvw==", "email": "hc1bnzvf9q@example.com", "phone": "81123456789", "method": "", "dateTime": "20251110022833", "orderNum": "DEP-20251110022833-0208BC", "payMoney": "10000", "notifyUrl": "https://api.bcbt-bt.online/api/deposits/jayapay/callback/", "orderType": "0", "expiryPeriod": "1000", "merchantCode": "S820250914134021000027", "productDetail": "Top Up Saldo"}	{"url": "https://uaw28.glorioushop.com/cash/?orderNum=PT1B95C2BE07005031&MD=f0dbb89d785956ce9214e8a753330150&SG=4da47081271d2f0f115777c5379d2c49&SX=eb16eee273572978e9604ddd7d06eb0a&SV=1e497a56942b356f8c299c0a9b5573e3&SN=03b3b8732f320ba7d12cb2ecc38ed1ee", "name": "utn6duydjnddxq0h5i5n", "email": "hc1bnzvf9q@example.com", "orderNum": "DEP-20251110022833-0208BC", "payMoney": "10000", "platSign": "k9kkSfH4xPW5ouLzNDowC/obLXVA1o94ptMNHYjkP6nmlkP9GBEOeyHQbihkQPP26B8MEY1C21s0kThtVhwVYwI/xXM8pD3Y6P7nbM0J7RC9lutE/sktBpkEn/iUtZCUujHXFSusmyFAwgTYln1Pa9wdS0RVBmlzMmDZ4oOJQMAHQLnHfC5TjnYNmnV+wDDVLUCCMigE/FyP1BieD7R9Jp8BMqujRXrB+MojAxDWq/tsoMAK3ySQhxaHAkVwPZMQScAJK6pEgMjB6z4vlpEr//m4pHIUwFfoYZUxCcI2bJADYDFplOBzxrKJdn+ydpY2TK4Ipy3st8jR4RdN6t5FgaD2Hktk8eb3DcQm660B2JnTLWpMEbSIw711wTHjmpT76sFpLEvOEWEXgG/tCVdYDMa5IEWkSCtDtz7gUFmvDwfljbWTD37Q6LURZEIjKgREbodCD9HpCBJqD+syouucoCiKG/b+ggnhXodfq+N90D/XEDTjspjvVnS9LO+k3LxuI25726eekV+Iby2rBaVKvVRNmVQro1V5XuU0GaKhCMi0CjL/F69Icnos7FuJd51F9RcIZHfL7QCRhtme/NSzzHO0twGScPbJtci9kYcKLB05GCRAEUhIB44QGMdSiqRhUOtWz3x/cAvlT+K9OmwrR56RJIrKKc3CdZaaW7BjH5M=", "platOrderNum": "PT1B95C2BE07005031", "platRespCode": "SUCCESS", "productDetail": "Top Up Saldo", "platRespMessage": "Request Transaction Success"}	{"msg": "SUCCESS", "code": "00", "name": "utn6duydjnddxq0h5i5n", "email": "hc1bnzvf9q@example.com", "phone": "81123456789", "method": "QRIS", "payFee": "500", "status": "SUCCESS", "orderNum": "DEP-20251110022833-0208BC", "payMoney": "10000", "platSign": "qW7LrqkrpvjnGuoVvBdYAqvW69hdMVWdy/schJT5R32HETFbR2YrC/HwfVdsGQvgtmXzhF2tFF/IScPB0hbyhRYu4ZxciY87BRYMEPmFihLQqQbP6+DmgFxVCXd1cJcj7oamwhLjia72EFVr8T85eiUyMdxdID19mlNvNSKwVnJP9rjhRN4/gfi9MpIFlJfzxwplWI1rhS4R1NXgEjsjQwFk/2P+UbQq3m0D6GYvbuMYM5gY9Tp8ZhxAluG/bHIjE1Q9VPaV9AKjZd7kWHu2k0gQ3ERSS0bCJQ+D40v30MzdpxutajELgRZaqhQ1ParSdt/hZF5wu6+4eOMi+lw89Q==", "platOrderNum": "PT1B95C2BE07005031"}	2025-11-10 02:33:05.602349+00	2025-11-10 02:28:33.607761+00	2025-11-10 02:28:33.607772+00	65	6
9	JAYAPAY	DEP-20251110023350-846D03	10000.00	BALANCE_DEPOSIT	COMPLETED	https://uaw28.glorioushop.com/cash/?orderNum=PT1B95C3F34E005017&MD=f0dbb89d785956ce9214e8a753330150&SG=0fa0f2e4f8742dbd8a202a0c74d5c06e&SX=a6540dc9348909bdc1f07c07ea582624&SV=a60c1ca3899cc0a005f64856b600d0c5&SN=f5dd3fa574e46eb7c1694ed17480e930	{"name": "nabgyh2hx9f66byoq6vz", "sign": "UJnDNCrBlbQI5+IBJ0JK5eDhDaQDPM6vDWo98wBy0PdJQfLF59NI7Gw5b9ZH7zx3f8rBPq8x0b5XOiZfS6PGuPC0Rg756peFQNW4BjJtSxSNj8J80etKogJ4rR/rCyeEt5R5sYFhvHo+xRJ26xvNtYZttRTWoL3zQpv/AsYpWvJvLX8sfaH+JUN/ILI+Grz3Qv1H3D59qMkn3kk9aXC3FBSLRuprr0+JkoXMqrpJWqZRdlNid5RH9spSruDQBeMuANv9sqq51QJI+ktXJy9Mi+8NO3MSnUZK+bvmRHWHuBFRLncmKPFINJ1hBHk/W5iUwJZaGlSPcRzksl9gLtV9qA==", "email": "5i15tks11b@example.com", "phone": "8223456789", "method": "", "dateTime": "20251110023350", "orderNum": "DEP-20251110023350-846D03", "payMoney": "10000", "notifyUrl": "https://api.bcbt-bt.online/api/deposits/jayapay/callback/", "orderType": "0", "expiryPeriod": "1000", "merchantCode": "S820250914134021000027", "productDetail": "Top Up Saldo"}	{"url": "https://uaw28.glorioushop.com/cash/?orderNum=PT1B95C3F34E005017&MD=f0dbb89d785956ce9214e8a753330150&SG=0fa0f2e4f8742dbd8a202a0c74d5c06e&SX=a6540dc9348909bdc1f07c07ea582624&SV=a60c1ca3899cc0a005f64856b600d0c5&SN=f5dd3fa574e46eb7c1694ed17480e930", "name": "nabgyh2hx9f66byoq6vz", "email": "5i15tks11b@example.com", "orderNum": "DEP-20251110023350-846D03", "payMoney": "10000", "platSign": "b+CawcHj9sguVJdb4/ki8xYNpXKza4+m8/s9xfeTYFt5jJnJUFd2IMwyQwShnKM1dIrm+tmMFOARkWejf/4UHVaRV1ytqi9vCsU47nWh82Gv10M7AahrauE3/s0Uq0WRPfcfhAfoh0e/MiSjgxu5+64lr3QbC30O8bPd6EJ2M/IrIzPiFVuLOR9LYEn/coYX3DpndApUBtzbBDNz1G7gAQHf/e/FPyYU2JKH/P6fKZB/wTm0uyLhVwCKAIdTOJSSz131amNlTtTZ+xIabDn+5FxUadfrveZqufF0mfYYWCK+2vuCKEHTKFX8dlXJwIUrllySOxpCCUYMbRsS9B8WN3i4OFxPKfU+54xrtGUsGT68+MXJkuArN9nvnjRpZ9o7oSSVPNkicTbJLGtP0yD2IiDDSEx8uSc8BQjYyjM9cdivA6gp7B0sxG5DVDhyGExfZrzet2JVw/YHIWKsnRq4cdjvzqRU/WKroJa6KjiQYh9zVHw6D42z4EtBXKRoAZPug3hkQXjzJXYR+Ei2coUlfqzLfJW3GuZg8f2gqkP51dB/T0vLOv1bk/pl6sLkydsHsTiKeBd44x2LMmGDDK3XpD5Elu+/hqqqRGeetGs/sgdzsp7jtb/cJWVdDzbeWXq5O2ypOJXFAHKbHIDAoYgbpHXUIFKs2pJOXFQr+uVU+Sw=", "platOrderNum": "PT1B95C3F34E005017", "platRespCode": "SUCCESS", "productDetail": "Top Up Saldo", "platRespMessage": "Request Transaction Success"}	{"msg": "SUCCESS", "code": "00", "name": "nabgyh2hx9f66byoq6vz", "email": "5i15tks11b@example.com", "phone": "8223456789", "method": "QRIS", "payFee": "500", "status": "SUCCESS", "orderNum": "DEP-20251110023350-846D03", "payMoney": "10000", "platSign": "My9drrDa2wvIFWVgR/R1/UuggjhwQZuqohJAkovRdmQ9KJNyco6oDD76p+IOQ732PVoPj50+oKhghHr31ZNZKtBLmA7zMvA8ipLZ+urIn0Ixe4C9UkPyMCD6NJC38a9J9NLDKzSFa7AUw8saJlu/r/PIXOO1ujVKXjLfCFnIiU2C/nxvqevrzhxgxZ+hnChqA8iTrcXCG1uxWB4EBDF900CzT1pOIIBXnDoyQJRw89DpyZuetVvtbu1dDNJcvRMOWXg0Uckv0tLGwasKRl1vfT61MxYqYqAd/plEYPP44m5pkroSHSmthohHmwCoYYwlf6QQ9Om9DeroP4qpyMTZVA==", "platOrderNum": "PT1B95C3F34E005017"}	2025-11-10 02:37:48.391848+00	2025-11-10 02:33:50.546437+00	2025-11-10 02:33:50.546446+00	99	7
6	KLIKPAY	DEP-20251110021602-098A78	15000.00	BALANCE_DEPOSIT	COMPLETED	https://svpw.idesuys.com/cash/html/QRIS.html?type=QRIS&orderNum=PRE71987705780777914368	{"name": "Yorobunn Oneureun", "sign": "LCHOYnyuvA2C/ViFWzLzu82L3mHM+sLUJbEBOI0FSUKSGSRBl7Q2gKgwfc+7XbOClo7el545KggrRCfoeSbkBIFJlMTjYfhDtYJymi8Oul/bL3UETAd5VUysqd1OSUIshKybeFqE098oTEGoW0x4qTpfOy51waNB00REVI6K9hCedt6cvltFN6+LUf8xXEHRod+ijX19Vn64U/tSsKneo947gAIB4tFee8CUmpYDl+RE5lyQna+VyUGP5ZPDUOfSwdrefdbxjQIYuMzx1y5xIdZ+bnXiVRhBP6jSXa2SlR4jnywzLr57M7TBpdd5mAeUPX8IBO+94lmIHuAc0ggWFw==", "email": "8scuhtkknw@example.com", "phone": "0800123456789", "dateTime": "20251110091602", "orderNum": "DEP-20251110021602-098A78", "payMoney": "15000", "notifyUrl": "https://api.bcbt-bt.online/api/deposits/klikpay/callback/", "redirectUrl": "", "expiryPeriod": "1440", "merchantCode": "S820240925150637000035", "productDetail": "Top Up Saldo"}	{"url": "https://svpw.idesuys.com/cash/html/QRIS.html?type=QRIS&orderNum=PRE71987705780777914368", "name": "Yorobunn Oneureun", "email": "8scuhtkknw@example.com", "orderNum": "DEP-20251110021602-098A78", "payMoney": "15000", "platSign": "Pyu7+RJz1FQ7SIqu3OHO2OT9QAAJ5VPuEUfu/BD7KM80WxDI7vtCrJkbt8Q7YxhRlM69kvCbFaxUeH8onmIS9+6flBCaODYwFbvctUbxpGygsiIsHnxI/nZyeWWy3R+5sV7+Z4eQVDRbhrVItgvU7kqkXP6K5GXxt8uZIdzh7PsHeSyOe1LCfxoFEga3qkKyiCUdl2jdDdjb0imwc0BRra+EDy3mSXCzhCT9A0R0vsqJlznmUNRYK8F8j8lUQ2X8Smq0rVQwBGooLlAVYfQcnymL+PyK//+OvVU/qy0QP3vLpfPprK4SumT5+BWu/4/LOoS9oVNxUBc53PW1KFIIAQ==", "platOrderNum": "PRE71987705780777914368", "platRespCode": "SUCCESS", "productDetail": "Top Up Saldo", "platRespMessage": "Request Transaction Success"}	{"msg": "SUCCESS", "code": "00", "name": "Yorobunn Oneureun", "email": "8scuhtkknw@example.com", "method": "QRIS", "payFee": "1750", "orderNum": "DEP-20251110021602-098A78", "payMoney": "15000", "platSign": "ReMQcMaERePZVW+WCOjkwlE9k23X6yjj3+xCK4YJ59sM1RmVu+1JNUDUh+BlBaLY/qH7AqeGQwUkFAsD8QKta38pzwQbSYbG/KvcADtA8nSANn6BLZ9fuD6iUB6O74YHFNuGuR/qMrVS9+PhPJha+RsmiHFsnd3HUCOfnbwP+b8LglJoJw46lxWB5iZg3e5xffBMMVbl//u+B9BhVVgFqZIr87JIWwmNstVveNfaY+tkVStZbCFa+PICokv1g8c35SgVRKgqlPz+1QeUTbS7U9uTpf8T0A2eUlR2BbWY5PkmmeFrsEsHFLT2GMsq3p24y++54qgfFRFPbkmcyQPxa32y3pQ4LreBF8uXFEWklUnK6Jy2DVGske7CIXFzy/2kETvs8UK4vWu0lwHPDcjs20dVouUpVMqPQGevJtSzpM97qLlVUJ9KrKN5ex2d+qy/UVBs97S993FuR0We07gjYQnd/RfhZ2IEfsGE4fOefo9fU6w0TNyn01rqqKAEjkG9Hu7MEWsoxYH1eakiD445pW1YjydS2yk0VASnx6WgEht+pECyeBhcw84hhB9Hc0PtanW9xwqo0+roor7QER39LNOwYiL/8HDRTWUMCiepjjtgEM9f18IfhILOqpNnulbe4GFKt3T38Q6142x/zGEh4Msf1An9gpX/TkczPrxVIEs=", "vaNumber": "00020101021226730021COM.GUDANGVOUCHER.WWW011893600916300553697902151261250925000010303UME51450015ID.OR.GPNQR.WWW0215ID20254387404120303UME5204581653033605405150005802ID5916PULSAHUB DIGITAL6013JAKARTA TIMUR61051312062600110882230524703112509250000105202511105247408979BhxQ0703A01630477AF", "platOrderNum": "PRE71987705780777914368"}	2025-11-10 03:30:00.50087+00	2025-11-10 02:16:02.318223+00	2025-11-10 02:16:02.318237+00	25	4
10	JAYAPAY	DEP-20251129093849-B1AE66	100000.00	BALANCE_DEPOSIT	PENDING	https://uaw28.glorioushop.com/cash/?orderNum=PT1BAE9B6F8580605D&MD=f0dbb89d785956ce9214e8a753330150&SG=ea8583a4e40d2f5bf5ea909e0b81fe6e&SX=be36b89cbf2455eed7677b57b40925c6&SV=d2264b71d8995fb70fe43c0bfacfca50&SN=00bf4dd53ee87337ed41e4af22fb6366	{"name": "vhtc695s6on396g7oxdo", "sign": "bdcaVxTjioY1Em8HXfNwutSMH9bzZF5iZ/yjaHmjisixmn9txxs83dS7nivT67AlfWO3CoWZXch2Wb44YpMLhP5wvOdjTah18md8vNiIxYt1QvOul18Db7BrSiXZUic/1EDAQAQjYOjO5d8o3173hOE+SvZRUR4uomUUxPpXEj81EJK6tKC0jFjEpVZWeEyQI4U2PDLhO2iwsKeWHJYB5Jxrp3MGrT9jJwX1rJ9L6ETFWqVWihSeWPV2CK4U0E1QqnDkJWC2NOWBTfM4mSuvTBSqiyhiwyuxl3TfZW8XzV9Ju99gyo2MabwTXz6Smh4tJWfICdSmhwy8s9cidpKyWg==", "email": "k00rkthpl8@example.com", "phone": "89595959595", "method": "", "dateTime": "20251129093849", "orderNum": "DEP-20251129093849-B1AE66", "payMoney": "100000", "notifyUrl": "https://api.bcbt-bt.online/api/deposits/jayapay/callback/", "orderType": "0", "expiryPeriod": "1000", "merchantCode": "S820250914134021000027", "productDetail": "Top Up Saldo"}	{"url": "https://uaw28.glorioushop.com/cash/?orderNum=PT1BAE9B6F8580605D&MD=f0dbb89d785956ce9214e8a753330150&SG=ea8583a4e40d2f5bf5ea909e0b81fe6e&SX=be36b89cbf2455eed7677b57b40925c6&SV=d2264b71d8995fb70fe43c0bfacfca50&SN=00bf4dd53ee87337ed41e4af22fb6366", "name": "vhtc695s6on396g7oxdo", "email": "k00rkthpl8@example.com", "orderNum": "DEP-20251129093849-B1AE66", "payMoney": "100000", "platSign": "H4DSQ3RSeoLen/mz7mlJsFi8ytPuZ5iu9XgwGzaUQ4NgFfDkhL3WQVv5+OIoZR1t65Km0KIfImfdXqmv2r7k0JndyFOlbF5KE9Vb5Hj9ArOrAoQOBia0lG/waOtDhvfOvS2ytWVnHDxIp/hSnfpctho1FDslHI60ELY/ELRHarcXpSZB1Qnt8WKvOJmtjkN0hXepWEd3ho+bB0avUNOcsT5NDa4kCmb5A+dJvm1RzCW8nX1rOF9TJb3jXeWmn6ovSGxKtGvhoahtaWTXWd/tqieaLzT/kNAHtIb75RcuaA5uJJX2VRAz7o8LV+RB+6gCrsvoQ1c+4tJLBwmRXnYH4g/no6vLe8ay/9/ug+8Z2i4vpTgY1Qt4TlMTf9lUxvqxaLZY+EYNs2NN5QmSLLVnuwJ/U4+9qxtsRzaJ4GMmBdbACgIZEb80xRw93Ye79N9NjRvtPzoVf3crnn6o4t5GeXpUKHNwsjZsPO2DpXxPM4AWo6KsepclEOa0Zv7zoIFZEPO7xZSpGSZxuqG6z5Jbgk5weXBY47KU+MCseSFkG/dLyhSYj+V5A+/2P+9oY0y05O2MpXiFRbKOpNWY6EOm6Yi0Uyampb6vWvlp3B1IY4irF74wyfLQae7N0uPBUVsjh6udgBFHmb48QDy7Z6fngCuQRIcGDPvrX4h+ZyK7zyg=", "platOrderNum": "PT1BAE9B6F8580605D", "platRespCode": "SUCCESS", "productDetail": "Top Up Saldo", "platRespMessage": "Request Transaction Success"}	\N	\N	2025-11-29 09:38:50.235124+00	2025-11-29 09:38:50.235124+00	552	2
11	JAYAPAY	DEP-20251130031220-E61609	30000.00	BALANCE_DEPOSIT	PENDING	https://uaw28.glorioushop.com/cash/?orderNum=PT1BAF8C935880502A&MD=f0dbb89d785956ce9214e8a753330150&SG=424305bf550d4c2fbd5d9c9689bdeb75&SX=c85b55dc06482d47262e0e4a220c1591&SV=b0c7207e89f26309cdda740b798e3128&SN=299b8335e14faaa0ecb6a338b6a85a63	{"name": "vhtc695s6on396g7oxdo", "sign": "F9YyDDdByaI17issaNd/mvwt6EEWCwujSOsNxlKSYv/lJM7Pxh8PQPnx0Xmjog39SqlFeVjdOQIg7ay3frPh9rcA0wp7k7QAd8B+RzLhF4d5/tUMdxtC1pWxMfMJMGVNiI1J9/XF4ajh4b0EMT/IlLSU+9Ge+BENHT4qxQa23pxI/Kf+jyMMxrJdyOdG1c5y7LIGnknytTrHvKsV/X4MOqlIOw2PkGIuT13jT06izx6PS0zAsowBizapOMeIDaxVlU6OKEGWp6urSy97CmXzMh69O/JomosZAI+Y13virs/+stRwTyAqIqQQRceI/dupixmW6pHv25RwmC0nqdRaVQ==", "email": "k00rkthpl8@example.com", "phone": "89595959595", "method": "", "dateTime": "20251130031220", "orderNum": "DEP-20251130031220-E61609", "payMoney": "30000", "notifyUrl": "https://api.bcbt-bt.online/api/deposits/jayapay/callback/", "orderType": "0", "expiryPeriod": "1000", "merchantCode": "S820250914134021000027", "productDetail": "Top Up Saldo"}	{"url": "https://uaw28.glorioushop.com/cash/?orderNum=PT1BAF8C935880502A&MD=f0dbb89d785956ce9214e8a753330150&SG=424305bf550d4c2fbd5d9c9689bdeb75&SX=c85b55dc06482d47262e0e4a220c1591&SV=b0c7207e89f26309cdda740b798e3128&SN=299b8335e14faaa0ecb6a338b6a85a63", "name": "vhtc695s6on396g7oxdo", "email": "k00rkthpl8@example.com", "orderNum": "DEP-20251130031220-E61609", "payMoney": "30000", "platSign": "E6sCja6QsicxilIXK4jMApcSoyuVHhEwSJFnMaxnO33LBrWbLcrEEEqp5VyoCA4iq41qEucgMD6kLzeg5iR6dbidDf7NTCOkBVuUxmXljb/dyrDtFRL7JrqpKceB/pWDnPm685J6vcHrgij+xWs/Qbba6JjNyRVaaGvoe6kZ92ycg0smEEn7G/RniYCkgYkXrip3IK5C1tPmk9y1AXgRHKP/GDIZfuGgjY5YuPkRb3Bo6YcRuWj5J1cOp1ExsKjkzv7vZPyWV1wVmMn7M4VA/jkWSJ0mfilXzxHPtDOldK45R6asUtRyapX0H575+tBplbkN7yK60O3DlCTERJTmEDfS1Lr1takC7UwphPgT3fUKB2fPXDZN+AAkGqUEEoJEdYfgj0Qx1VNFQZrmesKLAjJFysTZxKfs9k3of1gAwCSzNiQehvpqOBYlNfSHfA1ZnN//AvGMZbSx5NLzlKGMpvSiIxUSg908jvqteWOkWGvUIP3RkePgkRkrTIMFAQ3OKEFpUSFX2aA2C9HFTNxSHLrR/GlghuBSgphmnLFHHVQkj2OWrbD3p0omegygXLr03M4V3B4uAngR1FaaVMIVnXn4iPQGnAEy11PjsXELStlnOOug3q7wPb4fxClRCYhSzzkRh/miqskonyQ0Mu93R9E6JiU7kJvMxnC+sfMGThU=", "platOrderNum": "PT1BAF8C935880502A", "platRespCode": "SUCCESS", "productDetail": "Top Up Saldo", "platRespMessage": "Request Transaction Success"}	\N	\N	2025-11-30 03:12:20.93985+00	2025-11-30 03:12:20.93985+00	661	2
12	JAYAPAY	DEP-20251130153910-A318CE	100000.00	BALANCE_DEPOSIT	PENDING	https://uaw28.glorioushop.com/cash/?orderNum=PT1BB03786A7405011&MD=f0dbb89d785956ce9214e8a753330150&SG=e70e34049343df1f16cf561224d2fe65&SX=111433fc27e0403e4065f0fd1e46c034&SV=ab380408580331bf88d6f6afa9264743&SN=77d38a496f2d17bc2adc76d10e498d1b	{"name": "John Jones", "sign": "BeCzUJokEH4lJ6EjTnU58nk+0AGffGh8uHBzPISulEiMGckF6BDv4ynt0liaSGoJoUNQa8n2O9ARKX3WRSVnaj8z1DfViJXgsVYtjqCD6aJUA6RTZYi4OitjQg4G5UFobuHmuJhKjyYC/uswWIDQHTxU5acHT2apa8Qi+h4RdDRjfKU+e/ihN+5eL3dBMOmKpZz64VLZDzvjJn/iVBnTbX97EEp0rAxFYgzacKr2N/9L46ZiO1AQpzWoRFIA6fPHwoL+7Zezg2wiLm8DJuGAzsgtmlGKwpXsvn7bLtOtEdZXZSFsiPyRUaRQ6HRLRfNAljdnoz9sCxyE8d9bHQbZMA==", "email": "7ys0gub7vt3jlyu5eh5n@example.com", "phone": "081808368210", "method": "", "dateTime": "20251130153911", "orderNum": "DEP-20251130153910-A318CE", "payMoney": "100000", "notifyUrl": "https://api.bcbt-bt.online/api/deposits/jayapay/callback/", "orderType": "0", "expiryPeriod": "1000", "merchantCode": "S820250914134021000027", "productDetail": "Top Up Saldo"}	{"url": "https://uaw28.glorioushop.com/cash/?orderNum=PT1BB03786A7405011&MD=f0dbb89d785956ce9214e8a753330150&SG=e70e34049343df1f16cf561224d2fe65&SX=111433fc27e0403e4065f0fd1e46c034&SV=ab380408580331bf88d6f6afa9264743&SN=77d38a496f2d17bc2adc76d10e498d1b", "name": "John Jones", "email": "7ys0gub7vt3jlyu5eh5n@example.com", "orderNum": "DEP-20251130153910-A318CE", "payMoney": "100000", "platSign": "BDCoC+VX59EZF4m4I1qRdnzU92fpN37ZNznEizoSzSgcbmsSiDzcMlVRx5+p64QE+PQUGouiWLl6qYe4+ZwhsaL0GWQPwSi3mbLKe9Uf/fPooChnJG83FrAgQVLhUsPU8dKMjcb/jn4apyUZgidzz+/zZyeCBZdPApGgqpAFyigmRafpV92olxaPg7HupqYgSJxWb6G0ssM131TbCW2Zo0jCPAwHWEDRAdVGWeIWyEm/hhXuf3l5ETmVGfgXyQ56iYyUHPsxB8GCTPEQsk7Dcopsw9ruZcZxI8UAiSCNEfPpUbA+ppOQSLKBNIZokgYsZWWNnjNsh15ovMNtCPuyZVN1MuygnId8YpW12NuHGDuaOm+barTf0brGVkhaL0QhXoROB/zIL8LgjCVJseyjOP50whMRARTfIfY2LTOjQLuLgv6vLWjyabI3IuJuauh9RuggJgTyXgLNbO+nckG2Ccyfd3Yzqw/zDZkSFB27k3O8w7qvpIi90gJqYUy5MDezCCUO8eh7maB1/a5rPFX5qOebR2iZS+rNK/QzjkYRmlvRsPg8LmEv1dDKcXQP+28M/KAz0mNF76dtvUaOGaXBN6Bl55rl0jxTHU8SofGzJbKEDybH0VDY3Ev0PcSFrzPsimTUm8JT/vMUJ6zP2sQeL6yq0q+bP+0WwiI16KSBIb0=", "platOrderNum": "PT1BB03786A7405011", "platRespCode": "SUCCESS", "productDetail": "Top Up Saldo", "platRespMessage": "Request Transaction Success"}	\N	\N	2025-11-30 15:39:11.67774+00	2025-11-30 15:39:11.67774+00	702	9
13	JAYAPAY	DEP-20251201081901-481B79	100000.00	BALANCE_DEPOSIT	PENDING	https://uaw28.glorioushop.com/cash/?orderNum=PT1BB11C580680600A&MD=f0dbb89d785956ce9214e8a753330150&SG=8eff74b42ed6d5aacfef7a070b550209&SX=4e50cc8258a3243f615a605ebf3f6a53&SV=fe686b4ce2bca769345bc93a4d845eae&SN=bd43aff22d6c2b4014257f18458ed8fc	{"name": "Michael Brown", "sign": "I78yMSNJEzLsv7/I6oVdj36jGi5gp14KUfHAU975hpOM7k7J1OJMxLpxMvmAFJsXGF5Gq5cVYZUJr0E6dvpaaYks8hhSHYWguiYiTzQA9ikFgSdlk1APMMh1K94oaxkcM80zQFv4Qdppzx2bxIE7pHbNE6xIxX0KCuQmqTBQlyMFhf+sA6tRjyB8t+5WKnMDkmusHa+O0WDNWrfoMDUeIjIY/i2UQWUgWQngFOLOERc3y1oJp1W73lDCTyZuRxZM/JlTyueCfb2WT3x5LNi5fm125H8s/w67CZnn2Pf2r/rjKv9QxDFaUonxXx0LinW1ukyWPkhw/iyNUCPPgckSNA==", "email": "cuniy3c6u7g46l4wd37l@example.com", "phone": "081808368211", "method": "", "dateTime": "20251201081901", "orderNum": "DEP-20251201081901-481B79", "payMoney": "100000", "notifyUrl": "https://api.bcbt-bt.online/api/deposits/jayapay/callback/", "orderType": "0", "expiryPeriod": "1000", "merchantCode": "S820250914134021000027", "productDetail": "Top Up Saldo"}	{"url": "https://uaw28.glorioushop.com/cash/?orderNum=PT1BB11C580680600A&MD=f0dbb89d785956ce9214e8a753330150&SG=8eff74b42ed6d5aacfef7a070b550209&SX=4e50cc8258a3243f615a605ebf3f6a53&SV=fe686b4ce2bca769345bc93a4d845eae&SN=bd43aff22d6c2b4014257f18458ed8fc", "name": "Michael Brown", "email": "cuniy3c6u7g46l4wd37l@example.com", "orderNum": "DEP-20251201081901-481B79", "payMoney": "100000", "platSign": "Po87L1Ht6bwopCiVuIZZQQw47iFx2uXZUOtmeFtlnavUPIQky2GRqclP+2YWXNOrL2BAVOWMCugnfSUr1WaDuL2y1CndxFFOzQtA9UgFXEMwGm42GMY2n+8b1vWA+b8pnV1O1EuyY9qf4sV4goHfwxdFe2oVizYlvPrxlwQb7YYM4QZnBk4ObmQ+owqiK0fYjZsHPjX46XLV0BsE9yUZUAgi8OCgbQgf3TJWaT0mdmpP7/gamtd6Uf1IQeJXpsEZrP9BIXDnzfV+9CVIGeX2tuCPjZPVpS/3hMkXYL35EqWMhd7H76ICVuFoFqifnUbuH+kYNiwcKbuWjzAn4y0g8wgszBqu3MlE8e1xizhbcb7PHVVPmW1qjuHGNq1K3F5ZerwFKktERpTFZHPnf+qmPidmSACD0JOG0xz70EeRXkWN+a7dcXCYijnt3yr3WN0kbGsGWK5Kjy9RbDej2HqOaD4o589vRqTgEkKzYf4RLIo93LAR6BceAL6S7qgVfmcHoleLLASNTH9ATLyFR1Xw2no6SE213sq4BIvSpbU3MK5/+UbCA6+pD/n+nSj8M75jhZbO1dQA3v7R5PiVEePk3ZHkKe0+WnWghYgywFRVbAAYl6CSne+yCZaYRdd0+n7M8HR2M0BM6mYOCptPuX+ueIkERRLErZHTnio94SfMgtA=", "platOrderNum": "PT1BB11C580680600A", "platRespCode": "SUCCESS", "productDetail": "Top Up Saldo", "platRespMessage": "Request Transaction Success"}	\N	\N	2025-12-01 08:19:01.958281+00	2025-12-01 08:19:01.958281+00	736	14
14	JAYAPAY	DEP-20251206165728-6F37A8	2000000.00	BALANCE_DEPOSIT	FAILED		{"name": "vhtc695s6on396g7oxdo", "sign": "jP6IpkQXg9bjX0Fz2k1PbJjfo8MiJP3S0uHDXzJ0uOBJiogwg5EolmRCo1NBo4/HeBZLnERX5kqPhDZXov1ls9pRve72rBEUxXUJjkKgAzOMA0YZy3upVWPii5n74D5+WTdNNzswaCwqwLFI/ZayCU0FTWDyJ0ZU9Houu5zx91hHq3fkz7o0Zd1xxMZ+Frn4bHZdXcUolsbt8oKy9XV7HhGv8eLoN5UEkNWY0Dh1sBYBQowbLHXibncX+hh00RSvCgLn3ncttDb6Lr7ckSlkCCNDoU53dpL3YPupRhwP1YrRhteBLQwPv8B3Jwx8tHcAaX5XbV2YWnB7Za0vdtI7jQ==", "email": "k00rkthpl8@example.com", "phone": "89595959595", "method": "", "dateTime": "20251206165728", "orderNum": "DEP-20251206165728-6F37A8", "payMoney": "2000000", "notifyUrl": "https://api.bcbt-bt.online/api/deposits/jayapay/callback/", "orderType": "0", "expiryPeriod": "1000", "merchantCode": "S820250914134021000027", "productDetail": "Top Up Saldo"}	{"platSign": "CBucsbEjXo1Jjak0jY77O0USm3IweQHqp/ShHl/z/mqq7RACGMf3j1WkWcU/HRnHZCjnKgf67kwqbi7SSGMTW/kMMMFVLMWO3WrwNLKLhya8zTwBl97KuOiEzoQlqVxqevLKD7VVztIYA0x/ZN5TRGmNwHfFC+Nnk1RA/m2/NEk=", "platRespCode": "FAIL", "platRespMessage": "JayaPay-params : verify signature failed"}	\N	\N	2025-12-06 16:57:29.300973+00	2025-12-06 16:57:29.300973+00	932	2
15	JAYAPAY	DEP-20251207162945-437066	500000.00	BALANCE_DEPOSIT	FAILED		{"name": "vhtc695s6on396g7oxdo", "sign": "GrnEuQaiUoT+3JJNHyGRsTnkp2gNofTZaLSfWjvg6zBxmwLGXHvUim9eOYg2VPSwdzINTAWYKbwROObZBkB8lv9nUTY4mS6dC7CywdjTD3QwpFziH1Se5jrW4ywd7iN0aQ5P/x82Xl0uDcqnfGW19wPj1AMntJPgFOhGU9BKOcNTxpf+7pTF3xgYqOc69CqUxs5gg42HUJ2Me9p34TeJVvte9eQ6HO1Q7r4kfriUwRTIBsctj+cfO0DbGOFcfc1jMwzTIBUw1k5QAxg2epuqAgj/waKDAXtVeB7V4+OVx3Ix+ibE5HcWHYDwwiWYTw9yacBc9ihNsHMEo7a3NvMVWw==", "email": "k00rkthpl8@example.com", "phone": "89595959595", "method": "", "dateTime": "20251207162945", "orderNum": "DEP-20251207162945-437066", "payMoney": "500000", "notifyUrl": "https://api.bcbt-bt.online/api/deposits/jayapay/callback/", "orderType": "0", "expiryPeriod": "1000", "merchantCode": "S820250914134021000027", "productDetail": "Top Up Saldo"}	{"platSign": "CBucsbEjXo1Jjak0jY77O0USm3IweQHqp/ShHl/z/mqq7RACGMf3j1WkWcU/HRnHZCjnKgf67kwqbi7SSGMTW/kMMMFVLMWO3WrwNLKLhya8zTwBl97KuOiEzoQlqVxqevLKD7VVztIYA0x/ZN5TRGmNwHfFC+Nnk1RA/m2/NEk=", "platRespCode": "FAIL", "platRespMessage": "JayaPay-params : verify signature failed"}	\N	\N	2025-12-07 09:29:45.639968+00	2025-12-07 09:29:45.639968+00	936	2
16	JAYAPAY	DEP-20251208003517-964A55	50000.00	BALANCE_DEPOSIT	FAILED		{"name": "vhtc695s6on396g7oxdo", "sign": "hrt3MlJkaeSuj/OesZNjn9M4+z7NC3zGcngFpiGowEmRKhLHxFCd9YRhMeUzvjjIgqOZV/JDE8D73TF4CGfuBPVIH5pSAFfJQYyfeLkMx69o3qZkc0aW0n4MCDw890GcBbVsa1IWHT4kJEKIhDVnRPcC54jhD25kij3lEyR5Lfyo7NCa81hPkyTJMhZTXZcJ2CESO9gGVQtahGLIOXDy/QXRAmEoFBCQ8uo+opRAbIwdnE3XKqswffa1ZwllU891oram+Q9eFx6aYusxZ2ym3Sm0r0qtiRxngkqgUshUvExl/LPJpccVbBYcfhWbfT8HfS74UfMYVKM9Z/BHrrhdhg==", "email": "k00rkthpl8@example.com", "phone": "89595959595", "method": "", "dateTime": "20251208003517", "orderNum": "DEP-20251208003517-964A55", "payMoney": "50000", "notifyUrl": "https://api.bcbt-bt.online/api/deposits/jayapay/callback/", "orderType": "0", "expiryPeriod": "1000", "merchantCode": "S820250914134021000027", "productDetail": "Top Up Saldo"}	{"platSign": "CBucsbEjXo1Jjak0jY77O0USm3IweQHqp/ShHl/z/mqq7RACGMf3j1WkWcU/HRnHZCjnKgf67kwqbi7SSGMTW/kMMMFVLMWO3WrwNLKLhya8zTwBl97KuOiEzoQlqVxqevLKD7VVztIYA0x/ZN5TRGmNwHfFC+Nnk1RA/m2/NEk=", "platRespCode": "FAIL", "platRespMessage": "JayaPay-params : verify signature failed"}	\N	\N	2025-12-07 17:35:18.112429+00	2025-12-07 17:35:18.112429+00	988	2
17	JAYAPAY	DEP-20251208003538-754F05	50000.00	BALANCE_DEPOSIT	FAILED		{"name": "vhtc695s6on396g7oxdo", "sign": "ImuYSFXzytulRKPWNCKOKsayNRXnbbFoUobnwC4RRSCZ2a0G9LxJ3IYZeQsgEAVZZktquqjMdzUx/r6jCaC205casHsTasUcDODv+Ttizx5+ZHz1fSF4da9abf0RlzV9HDATMN8c1nqd0uBLdg/CfQNuUEuFWz9U6pRKVOj/PjOvq8pEX/gxgq/Sr1NuSLv7sBFqfrxwlbkprOC9LreNpnkrr8f74T1vmNrFR0tsyfEmAKGF5fMeOcRgP8yb0E2Hwzi+QD+IFY7Yd+rLdvuFYHe2dVytW/1EjpXstBEO3GcdE7iFckJpRZn/9v0TWmUY1YLAe+pAqGC/h0ySnHEHLQ==", "email": "k00rkthpl8@example.com", "phone": "89595959595", "method": "", "dateTime": "20251208003538", "orderNum": "DEP-20251208003538-754F05", "payMoney": "50000", "notifyUrl": "https://api.bcbt-bt.online/api/deposits/jayapay/callback/", "orderType": "0", "expiryPeriod": "1000", "merchantCode": "S820250914134021000027", "productDetail": "Top Up Saldo"}	{"platSign": "CBucsbEjXo1Jjak0jY77O0USm3IweQHqp/ShHl/z/mqq7RACGMf3j1WkWcU/HRnHZCjnKgf67kwqbi7SSGMTW/kMMMFVLMWO3WrwNLKLhya8zTwBl97KuOiEzoQlqVxqevLKD7VVztIYA0x/ZN5TRGmNwHfFC+Nnk1RA/m2/NEk=", "platRespCode": "FAIL", "platRespMessage": "JayaPay-params : verify signature failed"}	\N	\N	2025-12-07 17:35:38.904694+00	2025-12-07 17:35:38.904694+00	989	2
18	JAYAPAY	DEP-20251208070440-29C1C7	50000.00	BALANCE_DEPOSIT	FAILED		{"name": "Sarah Wilson", "sign": "QfJjcmIQVzs25ad1T5tDT1bECNJTQjef/f0GdHHKX8DidFwe/YIBxyrr0kb7uW31IRngTeNcPe0WfoKle7JBXnvsrzckCMX4NShVqR8/iiLeG7IqMJLYjST32HgU/Ds3tpClR/dTl2l/NoqH4syH/9py5r9+L1YqskxiPs1vDYZ7c9kMMzgQ8kY6P1KQhuAj2XwT9AiYngw6ANIthEKuMsaMU9dJdX1vUkKTO1qGK+/Scqyi2iHS/FHfRkXm4jwmia6FdVGgRJgpFvzfoCQn9z29fUuuK4rQ3Bu4ypHWvKEiJ6Azdor5yMdk1P2c20DRK++hjlG81kRZDGJbqBv4UA==", "email": "42mpcwhmgkve3mu4bsei@example.com", "phone": "81808368210", "method": "", "dateTime": "20251208070440", "orderNum": "DEP-20251208070440-29C1C7", "payMoney": "50000", "notifyUrl": "https://api.bcbt-bt.online/api/deposits/jayapay/callback/", "orderType": "0", "expiryPeriod": "1000", "merchantCode": "S820250914134021000027", "productDetail": "Top Up Saldo"}	{"platSign": "CBucsbEjXo1Jjak0jY77O0USm3IweQHqp/ShHl/z/mqq7RACGMf3j1WkWcU/HRnHZCjnKgf67kwqbi7SSGMTW/kMMMFVLMWO3WrwNLKLhya8zTwBl97KuOiEzoQlqVxqevLKD7VVztIYA0x/ZN5TRGmNwHfFC+Nnk1RA/m2/NEk=", "platRespCode": "FAIL", "platRespMessage": "JayaPay-params : verify signature failed"}	\N	\N	2025-12-08 00:04:40.61711+00	2025-12-08 00:04:40.61711+00	993	32
\.


--
-- TOC entry 3738 (class 0 OID 24643)
-- Dependencies: 241
-- Data for Name: deposits_gatewaysettings; Type: TABLE DATA; Schema: public; Owner: -
--

COPY public.deposits_gatewaysettings (id, default_wallet_type, app_domain, jayapay_enabled, klikpay_enabled, jayapay_merchant_code, jayapay_private_key, jayapay_public_key, klikpay_api_url, klikpay_merchant_code, klikpay_secret_key, klikpay_public_key, updated_at, jayapay_api_url, jayapay_callback_path, jayapay_redirect_url, klikpay_private_key, klikpay_callback_path, klikpay_redirect_url) FROM stdin;
1	BALANCE_DEPOSIT	api.bcbt-bt.online	t	t	S820250914134021000027	MIICdgIBADANBgkqhkiG9w0BAQEFAASCAmAwggJcAgEAAoGBALNhEgUzeH14CGXz6VuQOXkRJN9JIuZoXZWuXADe80cU7rBi46PyJlih+BifLKw+TbDoHeHUid+mEPL1TkfJJDfO1WapIT43gCU5Wtjs5td+8J8MJqBG2gSewPCnYcRWEbPxoA0nqvY6zpXWxdyn6xtrr6Ffj7lbD+WpnMUAWizRAgMBAAECgYAAx3OBPGDYWKperDFi1KyvOvtIRGRndrB7XmaNzJ1NY688UTDW02eS7uDDO9COAfcRhUlfii48H35HQKubOINhmc2uVrQRZlCJkO1/KMYbquIF6VIdZn4saNKey6b+HPJ01VLV4D9Wr65T56JCrolKm+wXmz8PDrtMq9nvlk0BXQJBAOpOKaZbZV/hnN8LQgjtJtrn92TmfYYTFgnbcUeSk2N7oUE+kZjyRPQGKb0ia58dzDzA5rvdmOucndC0UwKeXbUCQQDD/Phnif4XTg7hyVQBXlXFAOFxLQzv1iyBWpOW3DfKuj6YZXCw1rNTz5W6ycjnXsiJz4px0ClY9dGVACdP5WQtAkBSWpTDFx7Dm64iq3dTYd+lU6EeAvGdvXmij1H6oSdS8TJVl2Nfic/4oW3sP3vqWnPd6sNuxs2oCs1hfPAsXHN9AkAsnwbLQ/6mva3juBu5KAotDTNGujQM0t1VIhMiMMc/D8I6njXW/Trc5RE48sIb81eDEM57dSJEz8rEusE4joiNAkEAwDWRAlEcfgOWBKrqsdzYQMEaU+AdcdNpkoOuBoFT4QZVlVMVNcOQhqAUEm+06ztI6N0Mer4N6TROBQxj/xvGyQ==	MIGfMA0GCSqGSIb3DQEBAQUAA4GNADCBiQKBgQCqgzIEwglWoOALQp3QtA/nBLG0JCZV3YOgzBLa4GQV8RCU1NSGugdM2uqyr3AayCUhUVML4PpYsLRlCvkztEAMKaPS1zOCvbnqtx4Sx/KmDyKZIaqY/I0AAt3SHrY3YLhg1GbWONaxlT/urSRIcnprRdNyIfzAS+NUifWJqi9CQQIDAQAB	https://idvs.klysnv.com/gateway/prepaidOrder	S820240925150637000035		MIGfMA0GCSqGSIb3DQEBAQUAA4GNADCBiQKBgQClCcqIoPbJutG+d/JYQ6se5BnaO8Tapm7ssZDCYZgkEWhsaydRmRivC1okBOFOlASN6W20ESkt7X5Z8aWyrkLpKqrJ6ixCef0f/O4z7/PaKGeCh7egNpMSNL9XApIf+HU+co+hJc59TN424KRKY2HfnQh8qpOd/BqXYcd/JoiUHwIDAQAB	2025-11-08 10:04:48.162909+00	https://openapi.jayapayment.com/gateway/prepaidOrder	api/deposits/jayapay/callback/		MIICdgIBADANBgkqhkiG9w0BAQEFAASCAmAwggJcAgEAAoGBALI1GyfyI6AVyokJq04SLdoK3MxuaGwtzfm5cSXVUP+cM2K0/RbyflWx0r+G9ScCPYyqQuOEYdQvs1SH402JtYDuXjbNCczUsURao0rKx1mF0OyT8XpWXIlajI11Q7uJue1auY2iG6BaAD7mUXIOT5/nQu+XXelWRUAFdfER8m0NAgMBAAECgYBIWidcYIL2S+KfIL3cRKU5EY/zsB/VTAOEkDXQFnt8S/7Q5Iqc9nc0c64M9M4zuEUlBzuBBA50B6nXeBRhNrfporrKphiUkyhukeBrFLiCLhVJq/C7biOdR4bPhheTT3G0vduGYo5aF/ZLhdxDBDVkKL40LQ6BzBbYg2d23Lp8AQJBAOmib/vpXS54gapq4kKRF6EEHZSg+gXR8b5GAenmtdcXwZnBKMAYSYNkeF4z/Q37DTKLMWHHEemGMHQlDtOYAHECQQDDRFhvMM4OAVNyCfK4NM447sEhiu1QZYl+rhP2vodmih2/4+EhPHuRo+aWgqnMN9wnEknglto/Z7u59LrLgIRdAkEAqM5tCx657PG0/mTrxhz/bZ+Dn/gPrlTazhfXGiFQEXFguK8PunvR4dWeArKdjJRwHKzlqTgkgQ4rxD9iTw/sgQJAWpamgE8gCRdMYyeCVzsIQRlit/D/z8CLdR3dXSdfIY8J5jAODaFFondrToAnzfpMREQTygGyFqBFUyvaTPa+cQJAQWFEM6IMAjgtaiMsQT77TSkrpZUqnbw5eFX2B31L98jfz+h9CbuLxbukTWe4N3OYMK6/OOadJj7ihfYMxCgeRg==	api/deposits/klikpay/callback/	
\.


--
-- TOC entry 3741 (class 0 OID 24650)
-- Dependencies: 244
-- Data for Name: django_admin_log; Type: TABLE DATA; Schema: public; Owner: -
--

COPY public.django_admin_log (id, action_time, object_id, object_repr, action_flag, change_message, content_type_id, user_id) FROM stdin;
1	2025-11-09 16:54:59.918825+00	37	Null 01	2	[]	11	1
2	2025-11-09 17:02:50.162676+00	7	123456 (random)	2	[{"changed": {"fields": ["Is active"]}}]	18	1
3	2025-11-09 17:02:58.765807+00	6	01020304 (random)	2	[{"changed": {"fields": ["Is active"]}}]	18	1
4	2025-11-09 17:04:12.61692+00	8	bebekdungu (fixed)	2	[{"changed": {"fields": ["Expires at", "Usage limit"]}}]	18	1
5	2025-11-09 17:33:10.251614+00	38	Null 00	2	[{"changed": {"fields": ["Purchase rebate level 1", "Purchase rebate level 2", "Purchase rebate level 3", "Profit rebate level 1", "Profit rebate level 2", "Profit rebate level 3"]}}]	11	1
6	2025-11-09 17:35:04.823458+00	36	Sistem Celenix	2	[{"changed": {"fields": ["Purchase rebate level 1", "Purchase rebate level 2", "Purchase rebate level 3", "Profit rebate level 1", "Profit rebate level 2", "Profit rebate level 3"]}}]	11	1
7	2025-11-09 17:37:16.569888+00	34	Sistem Omnisurg	2	[{"changed": {"fields": ["Purchase rebate level 1", "Purchase rebate level 2", "Purchase rebate level 3", "Profit rebate level 1", "Profit rebate level 2", "Profit rebate level 3"]}}]	11	1
8	2025-11-09 18:15:34.578967+00	3	fkb8tiysht@example.com	2	[{"changed": {"fields": ["Referral by"]}}]	8	1
9	2025-11-09 18:15:46.29105+00	3	fkb8tiysht@example.com	2	[{"changed": {"fields": ["Referral by"]}}]	8	1
10	2025-11-10 02:02:23.28748+00	1	Yorobun (random)	1	[{"added": {}}]	18	1
11	2025-11-10 02:04:09.872936+00	36	Sistem Celenix	2	[{"changed": {"fields": ["Purchase rebate level 1", "Purchase rebate level 3", "Profit rebate level 2", "Profit rebate level 3"]}}]	11	1
12	2025-11-10 02:04:28.391094+00	34	Sistem Omnisurg	2	[{"changed": {"fields": ["Purchase rebate level 1", "Purchase rebate level 3", "Profit rebate level 2", "Profit rebate level 3"]}}]	11	1
13	2025-11-10 02:05:03.717393+00	40	Sistem Lyvion	2	[{"changed": {"fields": ["Purchase rebate level 1", "Purchase rebate level 2", "Purchase rebate level 3", "Profit rebate level 1", "Profit rebate level 2", "Profit rebate level 3"]}}]	11	1
14	2025-11-10 02:05:26.944081+00	41	Sistem Hermis	2	[{"changed": {"fields": ["Purchase rebate level 1", "Purchase rebate level 2", "Purchase rebate level 3", "Profit rebate level 1", "Profit rebate level 2", "Profit rebate level 3"]}}]	11	1
15	2025-11-10 02:05:49.521676+00	42	Sistem Vitaris	2	[{"changed": {"fields": ["Purchase rebate level 1", "Purchase rebate level 2", "Purchase rebate level 3", "Profit rebate level 1", "Profit rebate level 2", "Profit rebate level 3"]}}]	11	1
16	2025-11-10 02:06:13.506099+00	43	Sistem Surgena	2	[{"changed": {"fields": ["Purchase rebate level 1", "Purchase rebate level 2", "Purchase rebate level 3", "Profit rebate level 1", "Profit rebate level 2", "Profit rebate level 3"]}}]	11	1
17	2025-11-10 02:19:22.232367+00	1	Saluran Telegram (telegram)	1	[{"added": {}}]	30	1
18	2025-11-10 02:19:58.766975+00	2	Saluran WhatsApp (whatsapp)	1	[{"added": {}}]	30	1
19	2025-11-10 02:26:02.296533+00	2	80123456789 - 271245.64 (COMPLETED)	2	[{"changed": {"fields": ["Status"]}}]	26	1
20	2025-11-10 02:31:42.638219+00	3	81123456789 - 269949.79 (COMPLETED)	2	[{"changed": {"fields": ["Status"]}}]	26	1
21	2025-11-10 02:37:20.352286+00	4	8223456789 - 266274.73 (COMPLETED)	2	[{"changed": {"fields": ["Status"]}}]	26	1
22	2025-11-10 02:45:13.649458+00	5	0800123456789 - 1022640.58 (PROCESSING)	2	[{"changed": {"fields": ["Status"]}}]	26	1
23	2025-11-10 02:45:38.412992+00	5	0800123456789 - 1022640.58 (REJECTED)	2	[{"changed": {"fields": ["Status"]}}]	26	1
24	2025-11-10 02:46:27.581433+00	6	0800123456789 - 1022640.58 (COMPLETED)	2	[{"changed": {"fields": ["Status"]}}]	26	1
25	2025-11-10 02:59:25.209649+00	7	0800123456789 - 50000.00 (REJECTED)	2	[{"changed": {"fields": ["Status"]}}]	26	1
26	2025-11-10 05:52:29.25181+00	1	89595959595 - 50000.00 (REJECTED)	2	[{"changed": {"fields": ["Status"]}}]	26	1
27	2025-11-10 05:53:55.647169+00	8	89595959595 - 50000.00 (REJECTED)	2	[{"changed": {"fields": ["Status"]}}]	26	1
28	2025-11-10 05:57:25.42956+00	2	k00rkthpl8@example.com	2	[{"changed": {"fields": ["Balance deposit"]}}]	8	1
29	2025-11-10 06:20:29.540946+00	8	89595959595 - 50000.00 (PENDING)	2	[{"changed": {"fields": ["Status"]}}]	26	1
30	2025-11-30 12:40:00.389388+00	1	Referral Code: numbers_only/6	2	[{"changed": {"fields": ["Referral code case", "Referral code length", "Referral code pattern", "Rank basis"]}}]	9	1
31	2025-11-30 12:41:13.253879+00	2	Rank 1 - Lv 0 (requires 0)	2	[{"changed": {"fields": ["Title"]}}]	10	1
32	2025-11-30 12:41:13.291496+00	1	Rank 2 - Lv 1 (requires 3)	2	[{"changed": {"fields": ["Title", "Missions required total"]}}]	10	1
33	2025-11-30 12:41:13.329644+00	3	Rank 3 - Lv 2 (requires 6)	2	[{"changed": {"fields": ["Title", "Missions required total"]}}]	10	1
34	2025-11-30 12:41:13.367906+00	4	Rank 4 - Lv 3 (requires 10)	2	[{"changed": {"fields": ["Title", "Missions required total"]}}]	10	1
35	2025-11-30 12:41:13.40649+00	5	Rank 5 - Lv 4 (requires 25)	2	[{"changed": {"fields": ["Title", "Missions required total"]}}]	10	1
36	2025-11-30 12:41:13.447016+00	6	Rank 6 - Lv 5 (requires 50)	2	[{"changed": {"fields": ["Title", "Missions required total"]}}]	10	1
37	2025-11-30 12:44:09.436275+00	2	AttendanceSettings(id=2, active=True)	2	[{"changed": {"fields": ["Reward type", "Fixed amount", "Min amount", "Max amount"]}}]	16	1
38	2025-11-30 12:44:59.056396+00	1	Max Banks Per User: 1	2	[{"changed": {"fields": ["Max banks per user"]}}]	24	1
39	2025-11-30 12:49:07.37905+00	7	0800123456789 - DANA 083198292203	3		23	1
40	2025-11-30 12:49:07.407931+00	6	8223456789 - DANA 123456789	3		23	1
41	2025-11-30 12:49:07.43772+00	5	81123456789 - Bank DKI 12345688588	3		23	1
42	2025-11-30 12:49:07.468733+00	4	80123456789 - Bank Mizuho Indonesia 123456789	3		23	1
43	2025-11-30 12:49:07.517967+00	3	0800123456789 - OVO 1234567890	3		23	1
44	2025-11-30 12:49:07.532907+00	2	0800123456789 - Royal Bank of Scotland 123456789	3		23	1
45	2025-11-30 12:49:07.570044+00	1	89595959595 - Bank Negara Indonesia 12165456454	3		23	1
46	2025-11-30 12:49:52.921285+00	2	Bank DKI (DKI)	3		22	1
47	2025-11-30 12:49:52.960237+00	7	Bank ICBC Indonesia (ICBC)	3		22	1
48	2025-11-30 12:49:52.991562+00	3	Bank Jateng (BJA)	3		22	1
49	2025-11-30 12:49:53.022607+00	4	Bank Jatim (BJT)	3		22	1
50	2025-11-30 12:49:53.05939+00	1	Bank Jawa Barat (BJB)	3		22	1
51	2025-11-30 12:49:53.083543+00	19	Bank Mizuho Indonesia (MZH)	3		22	1
52	2025-11-30 12:49:53.109975+00	6	Bank Shinhan Indonesia (SHINHAN)	3		22	1
53	2025-11-30 12:49:53.143557+00	8	Bank Victoria Syariah (VCT)	3		22	1
54	2025-11-30 12:49:53.165735+00	5	Bank of India Indonesia (INDIA)	3		22	1
55	2025-11-30 12:49:53.200321+00	11	CTBC Indonesia (CTBC)	3		22	1
56	2025-11-30 12:49:53.231289+00	9	KEB Hana (LINE)	3		22	1
57	2025-11-30 12:49:53.26534+00	10	Royal Bank of Scotland (ROS)	3		22	1
58	2025-11-30 12:50:46.064475+00	7	Mission 7 - purchase: Saatnya memiliki kontribusi mengajak teman memiliki proyek medis sebanyak 1 anggota dan dapatkan kemenangan Rp5.000.	3		20	1
59	2025-11-30 12:50:46.103028+00	4	Mission 4 - purchase: Saatnya memiliki kontribusi mengajak teman memiliki proyek medis sebanyak 2 anggota dan dapatkan kemenangan Rp15.000	3		20	1
60	2025-11-30 12:50:46.13158+00	3	Mission 3 - purchase: Saatnya memiliki kontribusi mengajak teman memiliki proyek medis sebanyak 3 anggota dan dapatkan kemenangan Rp25.000	3		20	1
61	2025-11-30 12:50:46.163368+00	2	Mission 2 - purchase: Saatnya memiliki kontribusi mengajak teman memiliki proyek medis sebanyak 4 anggota dan dapatkan kemenangan Rp35.000	3		20	1
62	2025-11-30 12:58:46.785327+00	1	Mission 1 - purchase: 150 orang tersisa untuk meningkatkan ke level berikutnya	2	[{"changed": {"fields": ["Judul Misi", "Deskripsi", "Level (opsional)", "Ambang Progres", "Nominal Hadiah", "Level downline yang dihitung"]}}]	20	1
63	2025-11-30 13:03:12.036345+00	8	Mission 8 - purchase: 80 orang tersisa untuk meningkatkan ke level berikutnya	1	[{"added": {}}]	20	1
64	2025-11-30 13:03:19.188635+00	8	Mission 8 - purchase: 80 orang tersisa untuk meningkatkan ke level berikutnya	2	[{"changed": {"fields": ["Level downline yang dihitung"]}}]	20	1
65	2025-11-30 13:04:14.823818+00	9	Mission 9 - purchase: 50 orang tersisa untuk meningkatkan ke level berikutnya	1	[{"added": {}}]	20	1
66	2025-11-30 13:05:09.114576+00	10	Mission 10 - purchase: 25 orang tersisa untuk meningkatkan ke level berikutnya	1	[{"added": {}}]	20	1
67	2025-11-30 13:06:26.882446+00	11	Mission 11 - purchase: 10 orang tersisa untuk meningkatkan ke level berikutnya	1	[{"added": {}}]	20	1
68	2025-11-30 13:07:25.08415+00	12	Mission 12 - purchase: 6 orang tersisa untuk meningkatkan ke level berikutnya	1	[{"added": {}}]	20	1
69	2025-11-30 13:08:49.072919+00	13	Mission 13 - purchase: 3 orang tersisa untuk meningkatkan ke level berikutnya	1	[{"added": {}}]	20	1
70	2025-11-30 13:12:00.547169+00	3	💰 Sistem Komisi & Rabat	3		31	1
71	2025-11-30 13:12:00.571257+00	2	⚙️ Panduan Terbaru	3		31	1
72	2025-11-30 13:12:00.614151+00	1	🏢 Sejarah dan Perjalanan Inovasi	3		31	1
73	2025-11-30 13:48:50.479642+00	5	Selamat datang	2	[{"changed": {"fields": ["Title", "Slug", "Body"]}}]	31	1
74	2025-11-30 13:49:24.22189+00	4	Kami adalah..	2	[{"changed": {"fields": ["Title", "Slug", "Body"]}}]	31	1
75	2025-11-30 13:50:17.215264+00	43	Sistem Surgena	3		11	1
76	2025-11-30 13:50:17.234846+00	42	Sistem Vitaris	3		11	1
77	2025-11-30 13:50:17.256873+00	41	Sistem Hermis	3		11	1
78	2025-11-30 13:50:17.2805+00	40	Sistem Lyvion	3		11	1
79	2025-11-30 13:50:17.302924+00	39	Null 003	3		11	1
80	2025-11-30 13:50:17.326554+00	38	Null 00	3		11	1
81	2025-11-30 13:50:17.34677+00	37	Null 01	3		11	1
82	2025-11-30 13:50:17.371648+00	34	Sistem Omnisurg	3		11	1
83	2025-11-30 14:10:14.65483+00	36	Exx 01	2	[{"changed": {"fields": ["Name", "Description", "Price", "Image", "Specifications", "Profit type", "Profit rate", "Profit random min", "Profit random max", "Duration (days)", "Purchase rebate level 1", "Purchase rebate level 2", "Purchase rebate level 3", "Profit rebate level 1", "Profit rebate level 2", "Profit rebate level 3", "Cashback enabled"]}}]	11	1
84	2025-11-30 14:14:35.4685+00	36	Exx 01	2	[{"changed": {"fields": ["Price", "Profit rate"]}}]	11	1
85	2025-11-30 14:15:41.797081+00	1	Exx 02	1	[{"added": {}}]	11	1
86	2025-11-30 14:16:48.889257+00	2	Exx 03	1	[{"added": {}}]	11	1
87	2025-11-30 14:19:15.558796+00	3	Exx 04	1	[{"added": {}}]	11	1
88	2025-11-30 14:20:16.040517+00	4	Exx 05	1	[{"added": {}}]	11	1
89	2025-11-30 14:22:40.402742+00	5	Exx 06	1	[{"added": {}}]	11	1
90	2025-11-30 14:24:36.433707+00	6	Exx 07	1	[{"added": {}}]	11	1
91	2025-11-30 14:25:32.990556+00	7	Exx 08	1	[{"added": {}}]	11	1
92	2025-11-30 14:26:53.926993+00	7	123456 (random)	3		18	1
93	2025-11-30 14:26:53.949932+00	6	01020304 (random)	3		18	1
94	2025-11-30 14:27:21.377457+00	2	000000 (fixed)	1	[{"added": {}}]	18	1
95	2025-11-30 15:44:29.506546+00	3	999999 (fixed)	1	[{"added": {}}]	18	1
96	2025-12-01 00:40:49.287893+00	9	7ys0gub7vt3jlyu5eh5n@example.com	2	[{"changed": {"fields": ["password"]}}]	8	1
97	2025-12-01 07:05:16.762984+00	1	Referral Code: numbers_only/6	2	[{"changed": {"fields": ["Registration bonus enabled", "Registration bonus amount", "Registration bonus wallet"]}}]	9	1
98	2025-12-01 07:08:59.955426+00	18	Bank BCA (BCA)	2	[{"changed": {"fields": ["Name"]}}]	22	1
99	2025-12-01 07:09:08.246412+00	16	Mandiri (MANDIRI)	2	[{"changed": {"fields": ["Name"]}}]	22	1
100	2025-12-01 07:09:16.802014+00	17	Bank BNI (BNI)	2	[{"changed": {"fields": ["Name"]}}]	22	1
101	2025-12-01 07:09:24.359567+00	15	Bank BRI (BRI)	2	[{"changed": {"fields": ["Name"]}}]	22	1
102	2025-12-01 07:09:32.577738+00	13	DANA Wallet (DANA)	2	[{"changed": {"fields": ["Name"]}}]	22	1
103	2025-12-01 07:09:39.25388+00	14	GOPAY Wallet (GOPAY)	2	[{"changed": {"fields": ["Name"]}}]	22	1
104	2025-12-01 07:09:48.568175+00	12	OVO Wallet (OVO)	2	[{"changed": {"fields": ["Name"]}}]	22	1
105	2025-12-01 07:13:27.454365+00	2	Grup diskusi (telegram)	2	[{"changed": {"fields": ["Title", "Url", "Platform", "Description"]}}]	30	1
106	2025-12-01 07:14:03.302977+00	1	Layanan Pelanggan (telegram)	2	[{"changed": {"fields": ["Title", "Url", "Description"]}}]	30	1
107	2025-12-01 07:34:40.625455+00	9	7ys0gub7vt3jlyu5eh5n@example.com	2	[{"changed": {"fields": ["password"]}}]	8	1
108	2025-12-01 07:56:13.423365+00	14	cuniy3c6u7g46l4wd37l@example.com	2	[{"changed": {"fields": ["Balance deposit"]}}]	8	1
109	2025-12-01 10:30:05.900564+00	16	082122425470 - 66750.00 (REJECTED)	2	[{"changed": {"fields": ["Status"]}}]	26	1
110	2025-12-01 10:30:32.619851+00	12	OVO Wallet (OVO)	2	[{"changed": {"fields": ["Withdrawal fee"]}}]	22	1
111	2025-12-01 10:30:43.006375+00	16	Mandiri (MANDIRI)	2	[{"changed": {"fields": ["Withdrawal fee"]}}]	22	1
112	2025-12-01 10:30:53.827509+00	14	GOPAY Wallet (GOPAY)	2	[{"changed": {"fields": ["Withdrawal fee"]}}]	22	1
113	2025-12-01 10:31:05.749316+00	13	DANA Wallet (DANA)	2	[{"changed": {"fields": ["Withdrawal fee"]}}]	22	1
114	2025-12-01 10:31:15.714497+00	15	Bank BRI (BRI)	2	[{"changed": {"fields": ["Withdrawal fee"]}}]	22	1
115	2025-12-01 10:31:25.427208+00	17	Bank BNI (BNI)	2	[{"changed": {"fields": ["Withdrawal fee"]}}]	22	1
116	2025-12-01 10:31:35.297604+00	18	Bank BCA (BCA)	2	[{"changed": {"fields": ["Withdrawal fee"]}}]	22	1
117	2025-12-01 10:33:53.479256+00	17	082122425470 - 66750.00 (COMPLETED)	2	[{"changed": {"fields": ["Status"]}}]	26	1
118	2025-12-02 09:00:45.093149+00	1	Referral Code: numbers_only/8	2	[{"changed": {"fields": ["Referral code length", "Referral code pattern", "Auto login on register", "Rank use missions", "Rank use downlines active"]}}]	9	1
119	2025-12-02 09:03:12.160976+00	18	Bank BCA (BCA)	2	[{"changed": {"fields": ["Min withdrawal"]}}]	22	1
120	2025-12-02 09:03:28.129814+00	17	Bank BNI (BNI)	2	[{"changed": {"fields": ["Min withdrawal"]}}]	22	1
121	2025-12-02 09:03:46.996974+00	15	Bank BRI (BRI)	2	[{"changed": {"fields": ["Min withdrawal"]}}]	22	1
122	2025-12-02 09:04:02.413211+00	13	DANA Wallet (DANA)	2	[{"changed": {"fields": ["Min withdrawal"]}}]	22	1
123	2025-12-02 09:07:01.601053+00	14	GOPAY Wallet (GOPAY)	2	[{"changed": {"fields": ["Min withdrawal", "Max withdrawal"]}}]	22	1
124	2025-12-02 09:07:21.840544+00	16	Mandiri (MANDIRI)	2	[{"changed": {"fields": ["Min withdrawal"]}}]	22	1
125	2025-12-02 09:07:39.417403+00	12	OVO Wallet (OVO)	2	[{"changed": {"fields": ["Min withdrawal"]}}]	22	1
126	2025-12-02 12:55:01.286084+00	19	083812591985 - 58750.00 (COMPLETED)	2	[{"changed": {"fields": ["Status"]}}]	26	1
127	2025-12-07 10:48:13.612472+00	1	Referral Code: numbers_only/8	2	[{"changed": {"fields": ["Auto login on register"]}}]	9	1
128	2025-12-08 00:24:22.645736+00	1	Referral Code: numbers_only/8	2	[{"changed": {"fields": ["Registration bonus amount", "Rank use downlines active"]}}]	9	1
129	2025-12-08 00:27:29.7443+00	1	Referral Code: numbers_only/8	2	[{"changed": {"fields": ["Registration bonus amount"]}}]	9	1
130	2025-12-08 00:27:42.223962+00	2	AttendanceSettings(id=2, active=True)	2	[{"changed": {"fields": ["Fixed amount"]}}]	16	1
131	2025-12-08 00:28:47.755358+00	16	Mandiri (MANDIRI)	3		22	1
132	2025-12-08 00:29:06.56787+00	18	Bank Central Asia (BCA)	2	[{"changed": {"fields": ["Name"]}}]	22	1
133	2025-12-08 00:29:18.606053+00	17	Bank Negara Indonesia (BNI)	2	[{"changed": {"fields": ["Name"]}}]	22	1
134	2025-12-08 00:29:27.518688+00	15	Bank Rakyat Indonesia (BRI)	2	[{"changed": {"fields": ["Name"]}}]	22	1
135	2025-12-08 00:29:37.458544+00	13	DANA (DANA)	2	[{"changed": {"fields": ["Name"]}}]	22	1
136	2025-12-08 00:29:47.087885+00	14	GO-PAY (GOPAY)	2	[{"changed": {"fields": ["Name"]}}]	22	1
137	2025-12-08 00:29:59.615936+00	12	OVO (OVO)	2	[{"changed": {"fields": ["Name"]}}]	22	1
138	2025-12-08 00:35:00.614599+00	1	Mission 1 - purchase: Anggota saya mengisi ulang 15.000.000 ; klaim 1.500.000	2	[{"changed": {"fields": ["Judul Misi", "Deskripsi", "Level (opsional)", "Ambang Progres", "Nominal Hadiah"]}}]	20	1
139	2025-12-08 00:36:01.808288+00	8	Mission 8 - purchase: Anggota saya mengisi ulang 10.000.000 ; klaim 1.000.000	2	[{"changed": {"fields": ["Judul Misi", "Deskripsi", "Level (opsional)", "Ambang Progres", "Nominal Hadiah"]}}]	20	1
140	2025-12-08 00:36:57.475466+00	9	Mission 9 - purchase: Anggota saya mengisi ulang 8.800.000 ; klaim 880.000	2	[{"changed": {"fields": ["Judul Misi", "Deskripsi", "Level (opsional)", "Ambang Progres", "Nominal Hadiah"]}}]	20	1
141	2025-12-08 00:37:59.419208+00	10	Mission 10 - purchase: Anggota saya mengisi ulang 6.700.000 ; klaim 670.000	2	[{"changed": {"fields": ["Judul Misi", "Deskripsi", "Level (opsional)", "Ambang Progres", "Nominal Hadiah"]}}]	20	1
142	2025-12-08 00:38:19.844694+00	9	Mission 9 - purchase: Anggota saya mengisi ulang 8.800.000 ; klaim 880.000	2	[{"changed": {"fields": ["Judul Misi"]}}]	20	1
143	2025-12-08 00:38:29.20915+00	10	Mission 10 - purchase: Anggota saya mengisi ulang 6.700.000 ; klaim 670.000	2	[{"changed": {"fields": ["Judul Misi"]}}]	20	1
144	2025-12-08 00:39:14.320789+00	11	Mission 11 - purchase: Anggota saya mengisi ulang 4.500.000 ; klaim 450.000	2	[{"changed": {"fields": ["Judul Misi", "Deskripsi", "Level (opsional)", "Ambang Progres", "Nominal Hadiah"]}}]	20	1
145	2025-12-08 00:41:19.472521+00	12	Mission 12 - purchase: Anggota saya mengisi ulang 2.000.000 ; klaim 200.000	2	[{"changed": {"fields": ["Judul Misi", "Deskripsi", "Level (opsional)", "Ambang Progres", "Nominal Hadiah"]}}]	20	1
146	2025-12-08 00:42:11.12413+00	13	Mission 13 - purchase: Anggota saya mengisi ulang 1.250.000 ; klaim 125.000	2	[{"changed": {"fields": ["Judul Misi", "Deskripsi", "Level (opsional)", "Ambang Progres", "Nominal Hadiah"]}}]	20	1
147	2025-12-08 00:42:51.180674+00	13	Mission 13 - purchase: Anggota saya mengisi ulang 1.250.000 ; klaim 125.000	2	[{"changed": {"fields": ["Judul Misi"]}}]	20	1
148	2025-12-08 00:44:54.225544+00	14	Mission 14 - purchase: Anggota saya mengisi ulang 500.000 ; klaim 50.000	1	[{"added": {}}]	20	1
149	2025-12-08 00:45:45.994331+00	15	Mission 15 - purchase: Anggota saya mengisi ulang 250.000 ; klaim 25.000	1	[{"added": {}}]	20	1
150	2025-12-08 00:46:41.20741+00	16	Mission 16 - purchase: Anggota saya mengisi ulang 100.000 ; klaim 10.000	1	[{"added": {}}]	20	1
151	2025-12-08 01:47:12.263136+00	36	RBR A100	2	[{"changed": {"fields": ["Name", "Description", "Price", "Image", "Specifications", "Purchase limit", "Max purchase count", "Profit rate", "Duration (days)", "Claim reset hours", "Purchase rebate level 1", "Purchase rebate level 2"]}}]	11	1
152	2025-12-08 01:50:56.702258+00	1	RBB B100	2	[{"changed": {"fields": ["Name", "Description", "Price", "Image", "Specifications", "Purchase limit", "Max purchase count", "Stock", "Profit rate", "Duration (days)", "Claim reset hours", "Purchase rebate level 1", "Purchase rebate level 2"]}}]	11	1
153	2025-12-08 01:51:23.353987+00	1	RBB B100	2	[]	11	1
154	2025-12-08 01:51:30.974822+00	36	RBR A100	2	[]	11	1
155	2025-12-08 01:52:55.874085+00	2	RBB A200	2	[{"changed": {"fields": ["Name", "Description", "Price", "Image", "Specifications", "Purchase limit", "Max purchase count", "Profit rate", "Duration (days)", "Claim reset hours", "Purchase rebate level 1", "Purchase rebate level 2"]}}]	11	1
156	2025-12-08 01:53:11.664198+00	2	RBR A200	2	[{"changed": {"fields": ["Name"]}}]	11	1
157	2025-12-08 01:54:33.285077+00	3	RBB B200	2	[{"changed": {"fields": ["Name", "Description", "Price", "Image", "Specifications", "Purchase limit", "Max purchase count", "Profit rate", "Duration (days)", "Purchase rebate level 1", "Purchase rebate level 2"]}}]	11	1
158	2025-12-08 01:55:50.701272+00	4	RBR A300	2	[{"changed": {"fields": ["Name", "Price", "Image", "Purchase limit", "Max purchase count", "Profit rate", "Duration (days)", "Claim reset hours", "Purchase rebate level 1", "Purchase rebate level 2"]}}]	11	1
159	2025-12-08 01:57:11.784075+00	5	RBB B300	2	[{"changed": {"fields": ["Name", "Price", "Image", "Purchase limit", "Max purchase count", "Profit rate", "Duration (days)", "Purchase rebate level 1", "Purchase rebate level 2"]}}]	11	1
160	2025-12-08 01:58:17.056393+00	6	RBR A400	2	[{"changed": {"fields": ["Name", "Price", "Image", "Purchase limit", "Max purchase count", "Duration (days)", "Purchase rebate level 1", "Purchase rebate level 2"]}}]	11	1
161	2025-12-08 01:59:20.305701+00	7	RBB B400	2	[{"changed": {"fields": ["Name", "Price", "Image", "Purchase limit", "Max purchase count", "Profit rate", "Duration (days)", "Purchase rebate level 1", "Purchase rebate level 2"]}}]	11	1
162	2025-12-08 02:00:45.277504+00	8	RBR A500	1	[{"added": {}}]	11	1
163	2025-12-08 02:23:02.242935+00	9	RBB B500	1	[{"added": {}}]	11	1
164	2025-12-08 08:27:25.368516+00	9	RBB B500	2	[{"changed": {"fields": ["Profit rate"]}}]	11	1
165	2025-12-08 14:46:23.706563+00	9	RBB B500	2	[{"changed": {"fields": ["Image"]}}]	11	1
166	2025-12-08 22:55:40.434423+00	9	RBB B500	2	[{"changed": {"fields": ["Image"]}}]	11	1
167	2025-12-08 22:57:49.297504+00	34	sz8s0dxkivbkoilrlu7l@example.com	2	[{"changed": {"fields": ["password"]}}]	8	1
\.


--
-- TOC entry 3743 (class 0 OID 24657)
-- Dependencies: 246
-- Data for Name: django_content_type; Type: TABLE DATA; Schema: public; Owner: -
--

COPY public.django_content_type (id, app_label, model) FROM stdin;
1	admin	logentry
2	auth	permission
3	auth	group
4	contenttypes	contenttype
5	sessions	session
6	authtoken	token
7	authtoken	tokenproxy
8	accounts	user
9	accounts	generalsetting
10	accounts	ranklevel
11	products	product
12	products	transaction
13	products	investment
14	products	claimhistory
15	products	userproductpurchase
16	attendance	attendancesettings
17	attendance	attendancelog
18	vouchers	voucher
19	vouchers	voucherusage
20	missions	mission
21	missions	missionuserstate
22	banks	bank
23	banks	userbank
24	banks	banksettings
25	withdrawal	withdrawalsettings
26	withdrawal	withdrawal
27	withdrawal	withdrawaljayapay
28	deposits	gatewaysettings
29	deposits	deposit
30	support	supportlink
31	news	news
32	withdrawal	jayapaywithdrawal
33	support	supportchatthread
34	support	supportchatmessage
\.


--
-- TOC entry 3745 (class 0 OID 24661)
-- Dependencies: 248
-- Data for Name: django_migrations; Type: TABLE DATA; Schema: public; Owner: -
--

COPY public.django_migrations (id, app, name, applied) FROM stdin;
1	contenttypes	0001_initial	2025-11-09 15:40:00.921016+00
2	contenttypes	0002_remove_content_type_name	2025-11-09 15:40:00.926634+00
3	auth	0001_initial	2025-11-09 15:40:00.961557+00
4	auth	0002_alter_permission_name_max_length	2025-11-09 15:40:00.96615+00
5	auth	0003_alter_user_email_max_length	2025-11-09 15:40:00.970816+00
6	auth	0004_alter_user_username_opts	2025-11-09 15:40:00.976004+00
7	auth	0005_alter_user_last_login_null	2025-11-09 15:40:00.981478+00
8	auth	0006_require_contenttypes_0002	2025-11-09 15:40:00.983696+00
9	auth	0007_alter_validators_add_error_messages	2025-11-09 15:40:00.988256+00
10	auth	0008_alter_user_username_max_length	2025-11-09 15:40:00.993113+00
11	auth	0009_alter_user_last_name_max_length	2025-11-09 15:40:00.997935+00
12	auth	0010_alter_group_name_max_length	2025-11-09 15:40:01.003784+00
13	auth	0011_update_proxy_permissions	2025-11-09 15:40:01.010734+00
14	auth	0012_alter_user_first_name_max_length	2025-11-09 15:40:01.016136+00
15	accounts	0001_initial	2025-11-09 15:40:01.068423+00
16	accounts	0002_alter_user_rank	2025-11-09 15:40:01.098872+00
17	accounts	0003_generalsetting	2025-11-09 15:40:01.10812+00
18	accounts	0004_generalsetting_referral_code_pattern	2025-11-09 15:40:01.112465+00
19	accounts	0005_ranklevel	2025-11-09 15:40:01.121559+00
20	admin	0001_initial	2025-11-09 15:40:01.14111+00
21	admin	0002_logentry_remove_auto_add	2025-11-09 15:40:01.147723+00
22	admin	0003_logentry_add_action_flag_choices	2025-11-09 15:40:01.155352+00
23	attendance	0001_initial	2025-11-09 15:40:01.164201+00
24	attendance	0002_attendancelog_and_more	2025-11-09 15:40:01.187498+00
25	attendance	0003_attendancesettings_rank_rewards_and_more	2025-11-09 15:40:01.198398+00
26	authtoken	0001_initial	2025-11-09 15:40:01.214907+00
27	authtoken	0002_auto_20160226_1747	2025-11-09 15:40:01.235777+00
28	authtoken	0003_tokenproxy	2025-11-09 15:40:01.239694+00
29	authtoken	0004_alter_tokenproxy_options	2025-11-09 15:40:01.246228+00
30	banks	0001_initial	2025-11-09 15:40:01.284033+00
31	banks	0002_alter_userbank_unique_together_and_more	2025-11-09 15:40:01.30631+00
32	banks	0003_banksettings_remove_userbank_unique_user_bank_and_more	2025-11-09 15:40:01.391395+00
33	products	0001_initial	2025-11-09 15:40:01.45463+00
34	products	0002_investment	2025-11-09 15:40:01.483187+00
35	deposits	0001_initial	2025-11-09 15:40:01.592607+00
36	deposits	0002_gateway_extra_fields	2025-11-09 15:40:01.615379+00
37	missions	0001_initial	2025-11-09 15:40:01.684381+00
38	missions	0002_mission_title	2025-11-09 15:40:01.695329+00
39	news	0001_initial	2025-11-09 15:40:01.719823+00
40	news	0002_news_image	2025-11-09 15:40:01.728004+00
41	products	0003_remove_product_max_investment_and_more	2025-11-09 15:40:01.745533+00
42	products	0004_add_purchase_commission_type	2025-11-09 15:40:01.767686+00
43	products	0005_alter_transaction_type	2025-11-09 15:40:01.787178+00
44	products	0006_alter_transaction_status	2025-11-09 15:40:01.802476+00
45	products	0007_add_earned_transaction_type	2025-11-09 15:40:01.820975+00
46	products	0008_remove_earned_transaction_type	2025-11-09 15:40:01.861708+00
47	products	0009_investment_claims_count_investment_claims_remaining_and_more	2025-11-09 15:40:02.006374+00
48	products	0010_product_cashback_enabled_product_cashback_percentage	2025-11-09 15:40:02.027012+00
49	products	0011_alter_transaction_type	2025-11-09 15:40:02.050567+00
50	products	0012_product_custom_field_10_content_and_more	2025-11-09 15:40:02.160539+00
51	products	0013_change_image_field_to_imagefield	2025-11-09 15:40:02.165451+00
52	products	0014_product_max_purchase_count_userproductpurchase	2025-11-09 15:40:02.216473+00
53	products	0015_remove_product_custom_fields_and_more	2025-11-09 15:40:02.226186+00
54	sessions	0001_initial	2025-11-09 15:40:02.246605+00
55	support	0001_initial	2025-11-09 15:40:02.260534+00
56	vouchers	0001_initial	2025-11-09 15:40:02.31953+00
57	vouchers	0002_voucher_min_amount_voucher_rank_rewards_and_more	2025-11-09 15:40:02.344225+00
58	withdrawal	0001_initial	2025-11-09 15:40:02.403217+00
59	withdrawal	0002_withdrawalsettings_balance_source	2025-11-09 15:40:02.41567+00
60	withdrawal	0003_withdrawal_transaction	2025-11-09 15:40:02.438281+00
61	withdrawal	0004_withdrawaljayapay	2025-11-09 15:40:02.444165+00
62	products	0016_remove_product_custom_fields_and_more	2025-11-09 17:29:12.063448+00
63	withdrawal	0005_jayapaywithdrawal	2025-11-10 06:43:56.710776+00
64	accounts	0006_user_withdraw_pin	2025-11-26 13:46:09.817625+00
65	accounts	0007_generalsetting_auto_login_on_register	2025-11-26 13:46:09.974738+00
66	accounts	0008_generalsetting_rank_policy	2025-11-26 13:46:10.184847+00
67	accounts	0009_generalsetting_rank_basis_flags	2025-11-26 13:46:10.461921+00
68	news	0003_fix_sequence_news_id	2025-11-26 13:46:10.585988+00
69	products	0017_product_require_upline_ownership_for_commissions	2025-11-26 13:46:10.967674+00
70	products	0018_investment_profit_random_max_and_more	2025-11-26 13:46:11.214645+00
71	support	0002_supportchatthread_supportchatmessage	2025-11-26 13:46:11.605109+00
72	support	0003_supportlink_icon	2025-11-26 13:46:11.693711+00
73	withdrawal	0006_withdrawalsettings_require_pin	2025-11-26 13:46:11.843505+00
74	accounts	0010_generalsetting_registration_bonus_amount_and_more	2025-12-01 06:49:43.658689+00
75	products	0019_add_transaction_indexes	2025-12-07 18:08:27.124044+00
76	products	0020_alter_product_price_alter_product_profit_random_max_and_more	2025-12-08 03:40:21.214402+00
77	products	0021_alter_investment_profit_random_max_and_more	2025-12-08 03:42:55.646964+00
\.


--
-- TOC entry 3747 (class 0 OID 24667)
-- Dependencies: 250
-- Data for Name: django_session; Type: TABLE DATA; Schema: public; Owner: -
--

COPY public.django_session (session_key, session_data, expire_date) FROM stdin;
49afzixx4klt7p5a3lt9n716r8imhilr	.eJxVizEOAiEQRe9CbTYOMKxr6QXWxpoMzBCMkU2WpTLeXTax0OYX_733Up7aln2rsvo7q7MCdfj9AsWHlB1QjEsrWx12OFzzUmReb90p9JTLV_trM9XcQ2QexZ6YSJPVk8W-gDIKMkZntUuQ2ImAEUgxJA6IkzkaYEoAJqr3B9-oNvI:1vI7uZ:DfQmWpqrX_5eHgDK2QJT7D2UFsuNiSZiH1Hvw1m1Uxo	2025-11-23 16:05:03.515206+00
ewbg9lavn6gxal7f8xkgfdo3ovru0ahv	.eJxVjMEOwiAQRP-FsyEusNR69N5vIAu7SNXQpLQn47_bJj3oZQ7z3sxbBVqXEtYmcxhZXRWo028XKT2l7oAfVO-TTlNd5jHqXdEHbXqYWF63w_07KNTKtkbmTtyFiQw50zvcElA6QcbknfEZMnsRsAI5xcwRsbdnC0wZwCb1-QL32TiD:1vI7uy:EAIRsMHyLhizmV7I94XboAktqL9xgFh5ouyewDqeEOA	2025-11-23 16:05:28.331352+00
rze0v4m3frodykkhi4bvqdo0ea4q9kfj	.eJxVjMEOwiAQRP-FsyEusNR69N5vIAu7SNXQpLQn47_bJj3oZQ7z3sxbBVqXEtYmcxhZXRWo028XKT2l7oAfVO-TTlNd5jHqXdEHbXqYWF63w_07KNTKtkbmTtyFiQw50zvcElA6QcbknfEZMnsRsAI5xcwRsbdnC0wZwCb1-QL32TiD:1vI9UD:Mq0HBCogY5BGpKuRdOor64S5HvCG1_zguXeDjt0ih_4	2025-11-23 17:45:57.831374+00
0ak1nkxqh4m5j2u976hfmvwsifdkue4m	.eJxVjMEOwiAQRP-FsyEusNR69N5vIAu7SNXQpLQn47_bJj3oZQ7z3sxbBVqXEtYmcxhZXRWo028XKT2l7oAfVO-TTlNd5jHqXdEHbXqYWF63w_07KNTKtkbmTtyFiQw50zvcElA6QcbknfEZMnsRsAI5xcwRsbdnC0wZwCb1-QL32TiD:1vIACN:M9BhAglAvxxILC97EZJe4WfZ0qojj38ze0LmB54cW7Q	2025-11-23 18:31:35.497349+00
q4uzctj6w4wxdwhsxhl4l75agb4tptw4	.eJxVjMEOwiAQRP-FsyEusNR69N5vIAu7SNXQpLQn47_bJj3oZQ7z3sxbBVqXEtYmcxhZXRWo028XKT2l7oAfVO-TTlNd5jHqXdEHbXqYWF63w_07KNTKtkbmTtyFiQw50zvcElA6QcbknfEZMnsRsAI5xcwRsbdnC0wZwCb1-QL32TiD:1vIHBb:QQFM7wzam6PFb6YCqH-lbX5RozkUTla4LMdJ2aq31vA	2025-11-24 01:59:15.386009+00
4utrfznzxt1zvhrezqg0omipgah18d2h	.eJxVi70OwiAQgN-F2TRQhANHX0AXZ3K9O4Ix0qSUyfjutomDrt_PSyXsa0m9yZLurE7KqMMvm5AeUneBRHOvaxt2OVzLXOWy3Lam4lPO3-zvLdjKNoYRNUU0DrQDCgFCnsDb6MFkIdES2ZDXbEdE5_hos8sWOEQjLOhFvT-9JzaI:1vPggw:TfTy30by4XpXESzLLGK_mDTU9LJw9niiLf2wGpdx_1Y	2025-12-14 12:38:14.99951+00
zfspztpm6etih8jgc8459q56w8msc4o2	.eJxVi70OwiAQgN-F2TRQhANHX0AXZ3K9O4Ix0qSUyfjutomDrt_PSyXsa0m9yZLurE7KqMMvm5AeUneBRHOvaxt2OVzLXOWy3Lam4lPO3-zvLdjKNoYRNUU0DrQDCgFCnsDb6MFkIdES2ZDXbEdE5_hos8sWOEQjLOhFvT-9JzaI:1vPyQi:AGfFE4tVG3pGJ-q3Ymulqv11AlXBsu7H19XFFkJlepk	2025-12-15 07:34:40.781498+00
zs8m4fkx5g6x4wrz0kn2y2qkapgciyjb	.eJxVi70OwiAQgN-F2TRQhANHX0AXZ3K9O4Ix0qSUyfjutomDrt_PSyXsa0m9yZLurE7KqMMvm5AeUneBRHOvaxt2OVzLXOWy3Lam4lPO3-zvLdjKNoYRNUU0DrQDCgFCnsDb6MFkIdES2ZDXbEdE5_hos8sWOEQjLOhFvT-9JzaI:1vQLLS:uxzEciTC6_FoMVr4SwbfKVzV7r3JQUF4ZVHFcjkO1PQ	2025-12-16 08:02:46.85899+00
nipea7ftx677ruszwwcwzwncys4reeer	.eJxVi70OwiAQgN-F2TRQhANHX0AXZ3K9O4Ix0qSUyfjutomDrt_PSyXsa0m9yZLurE7KqMMvm5AeUneBRHOvaxt2OVzLXOWy3Lam4lPO3-zvLdjKNoYRNUU0DrQDCgFCnsDb6MFkIdES2ZDXbEdE5_hos8sWOEQjLOhFvT-9JzaI:1vQMCF:SigYF01gwX4rxiBSEjTEpjIwEx68Ykg4gJNJGQBBebg	2025-12-16 08:57:19.693622+00
hc8hsbuq7wifam6e65ev8i43baxcnby1	.eJxVi70OwiAQgN-F2TRQhANHX0AXZ3K9O4Ix0qSUyfjutomDrt_PSyXsa0m9yZLurE7KqMMvm5AeUneBRHOvaxt2OVzLXOWy3Lam4lPO3-zvLdjKNoYRNUU0DrQDCgFCnsDb6MFkIdES2ZDXbEdE5_hos8sWOEQjLOhFvT-9JzaI:1vRUzK:1-36sCqr654PM64V0GupXOIQ8h5joIzyoZIF0ZPEkYw	2025-12-19 12:32:42.676001+00
j2orwau0ydzm7covwodv2l08v3ptppue	.eJxVi70OwiAQgN-F2TRQhANHX0AXZ3K9O4Ix0qSUyfjutomDrt_PSyXsa0m9yZLurE7KqMMvm5AeUneBRHOvaxt2OVzLXOWy3Lam4lPO3-zvLdjKNoYRNUU0DrQDCgFCnsDb6MFkIdES2ZDXbEdE5_hos8sWOEQjLOhFvT-9JzaI:1vScUN:QBNqbRhtnuoUXzFnsodyFnC-xJ_FVlpSvuTXRUh77FA	2025-12-22 14:45:23.743382+00
gidok7fp4r0f3fetirk0x8lpjo7mdh8v	.eJxVi70OwiAQgN-F2TRQhANHX0AXZ3K9O4Ix0qSUyfjutomDrt_PSyXsa0m9yZLurE7KqMMvm5AeUneBRHOvaxt2OVzLXOWy3Lam4lPO3-zvLdjKNoYRNUU0DrQDCgFCnsDb6MFkIdES2ZDXbEdE5_hos8sWOEQjLOhFvT-9JzaI:1vSkAv:UXrSlLrw0qW7gYx3U5flfMPLrXmEr3U7NNNWk6RJu1k	2025-12-22 22:57:49.461453+00
\.


--
-- TOC entry 3748 (class 0 OID 24672)
-- Dependencies: 251
-- Data for Name: investments; Type: TABLE DATA; Schema: public; Owner: -
--

COPY public.investments (id, quantity, total_amount, profit_type, profit_rate, profit_method, claim_reset_mode, duration_days, remaining_days, expires_at, last_claim_time, next_claim_time, total_claimed_profit, status, created_at, updated_at, product_id, transaction_id, user_id, claims_count, claims_remaining, first_claim_time, last_claim_amount, total_claimed_amount, profit_random_max, profit_random_min) FROM stdin;
51	1	470000.00	fixed	94000.00	auto	after_purchase	180	179	2026-06-05 09:31:38.966393+00	2025-12-08 09:34:19.446249+00	2025-12-09 09:34:19.446249+00	94000.00	ACTIVE	2025-12-07 09:31:38.971197+00	2025-12-08 09:34:19.480646+00	4	938	2	1	179	2025-12-08 09:34:19.446249+00	94000.00	94000.00	0.00	0.00
52	1	700000.00	fixed	140000.00	auto	after_purchase	180	179	2026-06-05 09:31:45.009164+00	2025-12-08 09:34:19.096277+00	2025-12-09 09:34:19.096277+00	140000.00	ACTIVE	2025-12-07 09:31:45.010285+00	2025-12-08 09:34:19.120901+00	5	940	2	1	179	2025-12-08 09:34:19.096277+00	140000.00	140000.00	0.00	0.00
53	1	300000.00	fixed	60000.00	auto	after_purchase	180	179	2026-06-05 09:40:42.000052+00	2025-12-08 09:44:21.11658+00	2025-12-09 09:44:21.11658+00	60000.00	ACTIVE	2025-12-07 09:40:42.001258+00	2025-12-08 09:44:21.138113+00	3	942	2	1	179	2025-12-08 09:44:21.11658+00	60000.00	60000.00	0.00	0.00
55	1	470000.00	fixed	94000.00	auto	after_purchase	180	179	2026-06-05 10:45:57.203815+00	2025-12-08 10:49:54.177293+00	2025-12-09 10:49:54.177293+00	94000.00	ACTIVE	2025-12-07 10:45:57.206474+00	2025-12-08 10:49:54.203146+00	4	952	32	1	179	2025-12-08 10:49:54.177293+00	94000.00	94000.00	0.00	0.00
54	1	300000.00	fixed	60000.00	auto	after_purchase	180	179	2026-06-05 10:45:11.75208+00	2025-12-08 10:49:54.462098+00	2025-12-09 10:49:54.462098+00	60000.00	ACTIVE	2025-12-07 10:45:11.753093+00	2025-12-08 10:49:54.48479+00	3	949	32	1	179	2025-12-08 10:49:54.462098+00	60000.00	60000.00	0.00	0.00
56	1	45000.00	fixed	9000.00	auto	after_purchase	180	179	2026-06-05 10:53:44.327683+00	2025-12-08 10:54:55.470219+00	2025-12-09 10:54:55.470219+00	9000.00	ACTIVE	2025-12-07 10:53:44.329733+00	2025-12-08 10:54:55.491108+00	36	957	33	1	179	2025-12-08 10:54:55.470219+00	9000.00	9000.00	0.00	0.00
59	1	50000.00	fixed	7500.00	auto	after_purchase	100	100	2026-03-18 11:31:52.786061+00	\N	2025-12-09 11:31:52.787061+00	0.00	ACTIVE	2025-12-08 11:31:52.787061+00	2025-12-08 11:31:52.813606+00	36	1012	34	0	100	\N	0.00	0.00	0.00	0.00
60	1	50000.00	fixed	7500.00	auto	after_purchase	100	100	2026-03-18 11:32:00.74493+00	\N	2025-12-09 11:32:00.74493+00	0.00	ACTIVE	2025-12-08 11:32:00.74493+00	2025-12-08 11:32:00.768583+00	36	1016	34	0	100	\N	0.00	0.00	0.00	0.00
61	1	50000.00	fixed	7500.00	auto	after_purchase	100	100	2026-03-18 11:33:17.482076+00	\N	2025-12-09 11:33:17.482076+00	0.00	ACTIVE	2025-12-08 11:33:17.482076+00	2025-12-08 11:33:17.506943+00	36	1021	37	0	0	\N	0.00	0.00	0.00	0.00
50	1	45000.00	fixed	9000.00	auto	after_purchase	180	174	2026-05-31 12:57:47.572606+00	2025-12-08 15:32:53.106651+00	2025-12-09 15:32:53.106651+00	45000.00	ACTIVE	2025-12-02 12:57:47.572606+00	2025-12-08 15:32:53.130672+00	36	835	30	5	175	2025-12-04 15:21:49.619908+00	9000.00	45000.00	0.00	0.00
49	1	45000.00	fixed	9000.00	auto	after_purchase	180	174	2026-05-31 12:56:21.112604+00	2025-12-08 15:32:53.520552+00	2025-12-09 15:32:53.520552+00	45000.00	ACTIVE	2025-12-02 12:56:21.112604+00	2025-12-08 15:32:53.545156+00	36	829	29	5	175	2025-12-04 15:21:49.999672+00	9000.00	45000.00	0.00	0.00
48	1	45000.00	fixed	9000.00	auto	after_purchase	180	174	2026-05-31 12:54:49.44368+00	2025-12-08 15:32:53.907944+00	2025-12-09 15:32:53.907944+00	45000.00	ACTIVE	2025-12-02 12:54:49.444186+00	2025-12-08 15:32:53.926638+00	36	823	28	5	175	2025-12-04 15:21:50.354195+00	9000.00	45000.00	0.00	0.00
47	1	45000.00	fixed	9000.00	auto	after_purchase	180	174	2026-05-31 11:01:11.477697+00	2025-12-08 15:32:54.288452+00	2025-12-09 15:32:54.288452+00	45000.00	ACTIVE	2025-12-02 11:01:11.478703+00	2025-12-08 15:32:54.312654+00	36	814	26	5	175	2025-12-04 15:21:50.721291+00	9000.00	45000.00	0.00	0.00
46	1	45000.00	fixed	9000.00	auto	after_purchase	180	174	2026-05-31 10:59:30.115601+00	2025-12-08 15:32:54.684624+00	2025-12-09 15:32:54.684624+00	45000.00	ACTIVE	2025-12-02 10:59:30.11611+00	2025-12-08 15:32:54.707567+00	36	808	25	5	175	2025-12-04 15:21:51.126935+00	9000.00	45000.00	0.00	0.00
45	1	45000.00	fixed	9000.00	auto	after_purchase	180	174	2026-05-31 10:56:01.818001+00	2025-12-08 15:32:55.049447+00	2025-12-09 15:32:55.049447+00	45000.00	ACTIVE	2025-12-02 10:56:01.819506+00	2025-12-08 15:32:55.072599+00	36	802	24	5	175	2025-12-04 15:21:51.508669+00	9000.00	45000.00	0.00	0.00
44	1	45000.00	fixed	9000.00	auto	after_purchase	180	173	2026-05-30 10:43:36.642666+00	2025-12-08 15:32:55.393024+00	2025-12-09 15:32:55.393024+00	54000.00	ACTIVE	2025-12-01 10:43:36.642666+00	2025-12-08 15:32:55.437142+00	36	766	19	6	174	2025-12-02 10:48:00.680723+00	9000.00	54000.00	0.00	0.00
43	1	45000.00	fixed	9000.00	auto	after_purchase	180	173	2026-05-30 10:39:39.847464+00	2025-12-08 15:32:55.779075+00	2025-12-09 15:32:55.779075+00	54000.00	ACTIVE	2025-12-01 10:39:39.848465+00	2025-12-08 15:32:55.828095+00	36	760	18	6	174	2025-12-02 10:42:59.759784+00	9000.00	54000.00	0.00	0.00
42	1	45000.00	fixed	9000.00	auto	after_purchase	180	173	2026-05-30 10:28:30.530531+00	2025-12-08 15:32:56.138183+00	2025-12-09 15:32:56.138183+00	54000.00	ACTIVE	2025-12-01 10:28:30.530531+00	2025-12-08 15:32:56.159777+00	36	751	16	6	174	2025-12-02 10:32:57.942023+00	9000.00	54000.00	0.00	0.00
41	1	45000.00	fixed	9000.00	auto	after_purchase	180	173	2026-05-30 10:24:23.322815+00	2025-12-08 15:32:56.488968+00	2025-12-09 15:32:56.488968+00	54000.00	ACTIVE	2025-12-01 10:24:23.323815+00	2025-12-08 15:32:56.510485+00	36	743	17	6	174	2025-12-02 10:27:56.981944+00	9000.00	54000.00	0.00	0.00
40	1	100000.00	fixed	20000.00	auto	after_purchase	180	173	2026-05-30 07:56:27.24933+00	2025-12-08 15:32:56.780727+00	2025-12-09 15:32:56.780727+00	120000.00	ACTIVE	2025-12-01 07:56:27.250473+00	2025-12-08 15:32:56.806477+00	1	732	14	6	174	2025-12-02 07:57:37.510134+00	20000.00	120000.00	0.00	0.00
39	1	45000.00	fixed	9000.00	auto	after_purchase	180	173	2026-05-30 07:52:28.096844+00	2025-12-08 15:32:57.106575+00	2025-12-09 15:32:57.106575+00	54000.00	ACTIVE	2025-12-01 07:52:28.097857+00	2025-12-08 15:32:57.133342+00	36	728	14	6	174	2025-12-02 07:52:36.618083+00	9000.00	54000.00	0.00	0.00
38	1	180000.00	fixed	36000.00	auto	after_purchase	180	172	2026-05-29 15:47:06.560175+00	2025-12-08 15:32:57.390711+00	2025-12-09 15:32:57.390711+00	252000.00	ACTIVE	2025-11-30 15:47:06.561178+00	2025-12-08 15:32:57.412918+00	2	716	9	7	173	2025-12-01 15:49:17.004707+00	36000.00	252000.00	0.00	0.00
37	1	100000.00	fixed	20000.00	auto	after_purchase	180	172	2026-05-29 15:46:49.293531+00	2025-12-08 15:32:57.676297+00	2025-12-09 15:32:57.676297+00	140000.00	ACTIVE	2025-11-30 15:46:49.294674+00	2025-12-08 15:32:57.704794+00	1	713	9	7	173	2025-12-01 15:49:17.59095+00	20000.00	140000.00	0.00	0.00
36	1	45000.00	fixed	9000.00	auto	after_purchase	180	172	2026-05-29 15:43:58.402384+00	2025-12-08 15:32:57.950424+00	2025-12-09 15:32:57.950424+00	63000.00	ACTIVE	2025-11-30 15:43:58.402384+00	2025-12-08 15:32:57.969746+00	36	709	9	7	173	2025-12-01 15:44:15.951086+00	9000.00	63000.00	0.00	0.00
35	1	45000.00	fixed	9000.00	auto	after_purchase	180	172	2026-05-29 15:42:37.30742+00	2025-12-08 15:32:58.380684+00	2025-12-09 15:32:58.380684+00	63000.00	ACTIVE	2025-11-30 15:42:37.30742+00	2025-12-08 15:32:58.406958+00	36	705	11	7	173	2025-12-01 15:44:16.290847+00	9000.00	63000.00	0.00	0.00
34	1	45000.00	fixed	9000.00	auto	after_purchase	180	172	2026-05-29 15:37:42.39523+00	2025-12-08 15:32:58.980741+00	2025-12-09 15:32:58.980741+00	63000.00	ACTIVE	2025-11-30 15:37:42.397583+00	2025-12-08 15:32:59.096049+00	36	698	10	7	173	2025-12-01 15:39:14.816056+00	9000.00	63000.00	0.00	0.00
33	1	1500000.00	fixed	300000.00	auto	after_purchase	180	172	2026-05-29 14:47:41.192483+00	2025-12-08 15:32:59.453374+00	2025-12-09 15:32:59.453374+00	2100000.00	ACTIVE	2025-11-30 14:47:41.192483+00	2025-12-08 15:32:59.516998+00	6	690	2	7	173	2025-12-01 14:48:40.912559+00	300000.00	2100000.00	0.00	0.00
32	1	2600000.00	fixed	520000.00	auto	after_purchase	180	172	2026-05-29 14:47:16.260925+00	2025-12-08 15:32:59.777965+00	2025-12-09 15:32:59.777965+00	3640000.00	ACTIVE	2025-11-30 14:47:16.261927+00	2025-12-08 15:32:59.80656+00	7	688	2	7	173	2025-12-01 14:48:41.186117+00	520000.00	3640000.00	0.00	0.00
23	1	117000.00	percentage	4.00	auto	after_purchase	80	52	2026-01-29 02:47:50.993668+00	2025-12-08 15:33:00.10638+00	2025-12-09 15:33:00.10638+00	56160.00	ACTIVE	2025-11-10 02:47:50.993866+00	2025-12-08 15:33:00.137264+00	36	138	4	12	68	2025-11-26 13:46:56.815646+00	4680.00	56160.00	\N	\N
17	1	117000.00	percentage	4.00	auto	after_purchase	80	52	2026-01-29 02:34:51.52925+00	2025-12-08 15:33:00.563199+00	2025-12-09 15:33:00.563199+00	56160.00	ACTIVE	2025-11-10 02:34:51.529398+00	2025-12-08 15:33:00.586863+00	36	101	7	12	68	2025-11-26 13:47:12.241886+00	4680.00	56160.00	\N	\N
11	1	117000.00	percentage	4.00	auto	after_purchase	80	52	2026-01-29 02:29:56.891172+00	2025-12-08 15:33:00.956392+00	2025-12-09 15:33:00.956392+00	56160.00	ACTIVE	2025-11-10 02:29:56.891381+00	2025-12-08 15:33:00.979035+00	36	66	6	12	68	2025-11-26 13:47:14.954596+00	4680.00	56160.00	\N	\N
5	1	117000.00	percentage	4.00	auto	after_purchase	80	52	2026-01-29 02:23:38.114815+00	2025-12-08 15:33:01.289211+00	2025-12-09 15:33:01.289211+00	56160.00	ACTIVE	2025-11-10 02:23:38.115086+00	2025-12-08 15:33:01.319084+00	36	31	5	12	68	2025-11-26 13:47:17.560118+00	4680.00	56160.00	\N	\N
4	1	117000.00	percentage	4.00	auto	after_purchase	80	51	2026-01-28 17:42:59.206296+00	2025-12-08 15:33:02.000871+00	2025-12-09 15:33:02.000871+00	56160.00	ACTIVE	2025-11-09 17:42:59.206626+00	2025-12-08 15:33:02.024856+00	36	13	3	12	68	2025-11-26 13:47:18.021252+00	4680.00	56160.00	\N	\N
1	1	117000.00	percentage	4.00	auto	after_purchase	80	51	2026-01-28 17:05:32.134681+00	2025-12-08 15:33:02.247596+00	2025-12-09 15:33:02.247596+00	56160.00	ACTIVE	2025-11-09 17:05:32.134947+00	2025-12-08 15:33:02.270598+00	36	4	2	12	68	2025-11-26 13:47:18.641285+00	4680.00	56160.00	\N	\N
57	1	100000.00	fixed	20000.00	auto	after_purchase	180	179	2026-06-05 17:11:38.112247+00	2025-12-08 17:13:14.424151+00	2025-12-09 17:13:14.424151+00	20000.00	ACTIVE	2025-12-07 17:11:38.114284+00	2025-12-08 17:13:14.447105+00	1	986	2	1	179	2025-12-08 17:13:14.424151+00	20000.00	20000.00	0.00	0.00
58	1	45000.00	fixed	9000.00	auto	after_purchase	180	179	2026-06-06 00:06:55.393467+00	2025-12-09 00:09:09.32514+00	2025-12-10 00:09:09.32514+00	9000.00	ACTIVE	2025-12-08 00:06:55.394476+00	2025-12-09 00:09:09.354107+00	36	994	32	1	179	2025-12-09 00:09:09.326138+00	9000.00	9000.00	0.00	0.00
\.


--
-- TOC entry 3750 (class 0 OID 24676)
-- Dependencies: 253
-- Data for Name: mission_user_states; Type: TABLE DATA; Schema: public; Owner: -
--

COPY public.mission_user_states (id, claimed_count, last_claimed_at, created_at, updated_at, mission_id, user_id) FROM stdin;
4	1	2025-12-01 10:44:09.774675+00	2025-12-01 10:44:09.605201+00	2025-12-01 10:44:09.774675+00	13	16
5	0	\N	2025-12-01 14:16:29.858859+00	2025-12-01 14:16:29.858859+00	13	14
6	0	\N	2025-12-01 14:16:39.253635+00	2025-12-01 14:16:39.254636+00	12	14
7	0	\N	2025-12-01 14:16:43.09855+00	2025-12-01 14:16:43.09855+00	9	14
8	0	\N	2025-12-01 14:16:45.058975+00	2025-12-01 14:16:45.058975+00	8	14
9	0	\N	2025-12-01 14:16:47.100235+00	2025-12-01 14:16:47.116151+00	10	14
10	0	\N	2025-12-01 14:20:15.126972+00	2025-12-01 14:20:15.126972+00	12	16
11	1	2025-12-02 11:04:08.556685+00	2025-12-02 11:04:08.401955+00	2025-12-02 11:04:08.556685+00	13	23
12	1	2025-12-02 12:58:27.468537+00	2025-12-02 12:58:27.355338+00	2025-12-02 12:58:27.469548+00	12	23
\.


--
-- TOC entry 3752 (class 0 OID 24681)
-- Dependencies: 255
-- Data for Name: missions; Type: TABLE DATA; Schema: public; Owner: -
--

COPY public.missions (id, description, is_active, is_repeatable, level, type, requirement, reward, reward_balance_type, referral_levels, created_at, updated_at, title) FROM stdin;
1	Anggota saya mengisi ulang 15.000.000 ; klaim 1.500.000	t	f	10	purchase	15000000	1500000.00	balance	[1]	2025-10-05 07:32:30.687851+00	2025-12-08 00:35:00.585569+00	Task 10
8	Anggota saya mengisi ulang 10.000.000 ; klaim 1.000.000	t	f	9	purchase	10000000	1000000.00	balance	[1]	2025-11-30 13:03:11.915515+00	2025-12-08 00:36:01.785347+00	Task 9
9	Anggota saya mengisi ulang 8.800.000 ; klaim 880.000	t	f	8	purchase	8800000	880000.00	balance	[1]	2025-11-30 13:04:14.76126+00	2025-12-08 00:38:19.818537+00	Task 8
10	Anggota saya mengisi ulang 6.700.000 ; klaim 670.000	t	f	7	purchase	6700000	670000.00	balance	[1]	2025-11-30 13:05:09.072787+00	2025-12-08 00:38:29.187246+00	Task 7
11	Anggota saya mengisi ulang 4.500.000 ; klaim 450.000	t	f	6	purchase	4500000	450000.00	balance	[1]	2025-11-30 13:06:26.833176+00	2025-12-08 00:39:14.289004+00	Task 6
12	Anggota saya mengisi ulang 2.000.000 ; klaim 200.000	t	f	5	purchase	2000000	200000.00	balance	[1]	2025-11-30 13:07:25.013626+00	2025-12-08 00:41:19.453006+00	Task 5
13	Anggota saya mengisi ulang 1.250.000 ; klaim 125.000	t	f	4	purchase	1250000	125000.00	balance	[1]	2025-11-30 13:08:48.965986+00	2025-12-08 00:42:51.156808+00	Task 4
14	Anggota saya mengisi ulang 500.000 ; klaim 50.000	t	f	3	purchase	500000	50000.00	balance	[1]	2025-12-08 00:44:54.069357+00	2025-12-08 00:44:54.070661+00	Task 3
15	Anggota saya mengisi ulang 250.000 ; klaim 25.000	t	f	2	purchase	250000	25000.00	balance	[1]	2025-12-08 00:45:45.947898+00	2025-12-08 00:45:45.94941+00	Task 2
16	Anggota saya mengisi ulang 100.000 ; klaim 10.000	t	f	1	purchase	100000	10000.00	balance	[1]	2025-12-08 00:46:41.15157+00	2025-12-08 00:46:41.153587+00	Task 1
\.


--
-- TOC entry 3754 (class 0 OID 24689)
-- Dependencies: 257
-- Data for Name: news_news; Type: TABLE DATA; Schema: public; Owner: -
--

COPY public.news_news (id, title, slug, body, is_published, published_at, updated_at, image) FROM stdin;
5	Selamat datang	selamat-datang	Selamat datang di investasi ExxonMobil! Kami senang Anda menjadi bagian dari komunitas yang berkomitmen pada pertumbuhan finansial yang cerdas dan berkelanjutan. Semoga setiap langkah investasi yang Anda jalankan dapat membawa peluang dan hasil positif sesuai strategi serta keputusan yang Anda ambil.	t	2025-11-06 06:39:48.975433+00	2025-11-30 13:48:50.452226+00	news/8D12GDG.png
4	Kami adalah..	kami-adalah	ExxonMobil merupakan pilihan investasi jangka panjang yang dapat Anda pertimbangkan untuk mendukung strategi keuangan yang lebih stabil. Perusahaan ini memiliki rekam jejak panjang dalam industri energi global, sehingga banyak investor melihatnya sebagai peluang untuk membangun portofolio yang lebih kuat dari waktu ke waktu.\r\n\r\nDengan memanfaatkan waktu serta peluang yang muncul di pasar, Anda dapat menyesuaikan langkah investasi sesuai tujuan dan toleransi risiko Anda. Pendekatan yang terencana dan disiplin dapat membantu Anda memaksimalkan potensi pertumbuhan sambil tetap menjaga kehati-hatian dalam mengambil keputusan finansial.	t	2025-11-06 06:24:54.720483+00	2025-11-30 13:49:24.210433+00	news/8PSKDJ3235.png
\.


--
-- TOC entry 3756 (class 0 OID 24695)
-- Dependencies: 259
-- Data for Name: products; Type: TABLE DATA; Schema: public; Owner: -
--

COPY public.products (id, name, description, price, status, purchase_limit, stock, stock_enabled, profit_type, profit_rate, profit_method, duration, balance_source, claim_reset_mode, claim_reset_hours, image, specifications, created_at, updated_at, cashback_enabled, cashback_percentage, custom_field_10_content, custom_field_10_title, custom_field_1_content, custom_field_1_title, custom_field_2_content, custom_field_2_title, custom_field_3_content, custom_field_3_title, custom_field_4_content, custom_field_4_title, custom_field_5_content, custom_field_5_title, custom_field_6_content, custom_field_6_title, custom_field_7_content, custom_field_7_title, custom_field_8_content, custom_field_8_title, custom_field_9_content, custom_field_9_title, max_purchase_count, profit_rebate_level_1, profit_rebate_level_2, profit_rebate_level_3, profit_rebate_level_4, profit_rebate_level_5, purchase_rebate_level_1, purchase_rebate_level_2, purchase_rebate_level_3, purchase_rebate_level_4, purchase_rebate_level_5, require_upline_ownership_for_commissions, profit_random_max, profit_random_min) FROM stdin;
8	RBR A500	A5	4800000.00	1	5	100	t	fixed	720000.00	auto	100	balance_deposit	after_purchase	0	products/000002.png	A5	2025-12-08 02:00:44.89575+00	2025-12-08 02:00:44.89575+00	f	0.00	\N	\N	\N	\N	\N	\N	\N	\N	\N	\N	\N	\N	\N	\N	\N	\N	\N	\N	\N	\N	5	0.00	0.00	0.00	0.00	0.00	24.00	1.00	1.00	0.00	0.00	f	0.00	0.00
1	RBB B100	B100	97000.00	1	5	970	t	fixed	14550.00	auto	100	balance_deposit	after_purchase	0	products/000001_YWonUxV.png	B100	2025-11-30 14:15:41.709158+00	2025-12-08 01:51:23.328891+00	f	0.00	\N	\N	\N	\N	\N	\N	\N	\N	\N	\N	\N	\N	\N	\N	\N	\N	\N	\N	\N	\N	5	0.00	0.00	0.00	0.00	0.00	24.00	1.00	1.00	0.00	0.00	f	0.00	0.00
2	RBR A200	A200	225000.00	1	5	99	t	fixed	33750.00	auto	100	balance_deposit	after_purchase	0	products/000005.png	A200	2025-11-30 14:16:48.832509+00	2025-12-08 01:53:11.636362+00	f	0.00	\N	\N	\N	\N	\N	\N	\N	\N	\N	\N	\N	\N	\N	\N	\N	\N	\N	\N	\N	\N	5	0.00	0.00	0.00	0.00	0.00	24.00	1.00	1.00	0.00	0.00	f	0.00	0.00
3	RBB B200	B200	510000.00	1	5	98	t	fixed	76500.00	auto	100	balance_deposit	after_purchase	0	products/000005_NzAQRmK.png	B200	2025-11-30 14:19:15.503605+00	2025-12-08 01:54:33.214194+00	f	0.00	\N	\N	\N	\N	\N	\N	\N	\N	\N	\N	\N	\N	\N	\N	\N	\N	\N	\N	\N	\N	5	0.00	0.00	0.00	0.00	0.00	24.00	1.00	1.00	0.00	0.00	f	0.00	0.00
4	RBR A300	P5	980000.00	1	5	98	t	fixed	147000.00	auto	100	balance_deposit	after_purchase	0	products/000004.png	P5	2025-11-30 14:20:15.974734+00	2025-12-08 01:55:50.612924+00	f	0.00	\N	\N	\N	\N	\N	\N	\N	\N	\N	\N	\N	\N	\N	\N	\N	\N	\N	\N	\N	\N	5	0.00	0.00	0.00	0.00	0.00	24.00	1.00	1.00	0.00	0.00	f	0.00	0.00
5	RBB B300	P6	1360000.00	1	5	99	t	fixed	204000.00	auto	100	balance_deposit	after_purchase	\N	products/000004_ynsSXrS.png	P6	2025-11-30 14:22:40.337629+00	2025-12-08 01:57:11.756154+00	f	0.00	\N	\N	\N	\N	\N	\N	\N	\N	\N	\N	\N	\N	\N	\N	\N	\N	\N	\N	\N	\N	5	0.00	0.00	0.00	0.00	0.00	24.00	1.00	1.00	0.00	0.00	f	0.00	0.00
6	RBR A400	P7	2000000.00	1	5	99	t	fixed	300000.00	auto	100	balance_deposit	after_purchase	\N	products/000003.png	P7	2025-11-30 14:24:36.361718+00	2025-12-08 01:58:17.026267+00	f	0.00	\N	\N	\N	\N	\N	\N	\N	\N	\N	\N	\N	\N	\N	\N	\N	\N	\N	\N	\N	\N	5	0.00	0.00	0.00	0.00	0.00	24.00	1.00	1.00	0.00	0.00	f	0.00	0.00
7	RBB B400	P8	2990000.00	1	5	99	t	fixed	448500.00	auto	100	balance_deposit	after_purchase	\N	products/000003_nNTC9cg.png	P8	2025-11-30 14:25:32.94716+00	2025-12-08 01:59:20.276882+00	f	0.00	\N	\N	\N	\N	\N	\N	\N	\N	\N	\N	\N	\N	\N	\N	\N	\N	\N	\N	\N	\N	5	0.00	0.00	0.00	0.00	0.00	24.00	1.00	1.00	0.00	0.00	f	0.00	0.00
36	RBR A100	A100	50000.00	1	5	954	t	fixed	7500.00	auto	100	balance_deposit	after_purchase	0	products/000001.png	A100	2025-10-31 01:21:13.933779+00	2025-12-08 11:33:17.463619+00	f	2.00		\N	ISO 13485 & ISO 10993	Estimasi conceptual	Urogyn-bedah, kardiovaskular, saraf, ortopedi ringan	Keunggulan	Sistem HVAC	Persyaratan lingkungan	2%	Pengembalian modal awal	4%	Estimasi harian	1	Maksimal kepemilikan	80 siklus	Siklus aktif		\N		\N	5	0.00	0.00	0.00	0.00	0.00	24.00	1.00	1.00	0.00	0.00	f	0.00	0.00
9	RBB B500	B5	7500000.00	1	5	100	t	fixed	1125000.00	auto	100	balance_deposit	after_purchase	0	products/000002_B83OcJj.png	B5	2025-12-08 02:23:02.193644+00	2025-12-08 22:55:40.408406+00	f	0.00	\N	\N	\N	\N	\N	\N	\N	\N	\N	\N	\N	\N	\N	\N	\N	\N	\N	\N	\N	\N	5	0.00	0.00	0.00	0.00	0.00	24.00	1.00	1.00	0.00	0.00	f	0.00	0.00
\.


--
-- TOC entry 3758 (class 0 OID 24701)
-- Dependencies: 261
-- Data for Name: rank_levels; Type: TABLE DATA; Schema: public; Owner: -
--

COPY public.rank_levels (id, rank, title, missions_required_total, created_at, updated_at) FROM stdin;
2	1	Lv 0	0	2025-11-04 06:46:30+00	2025-11-30 12:41:13.189702+00
1	2	Lv 1	3	2025-11-04 06:45:57+00	2025-11-30 12:41:13.269712+00
3	3	Lv 2	6	2025-11-04 08:16:14+00	2025-11-30 12:41:13.311596+00
4	4	Lv 3	10	2025-11-04 08:19:29+00	2025-11-30 12:41:13.34983+00
5	5	Lv 4	25	2025-11-04 08:20:01+00	2025-11-30 12:41:13.387689+00
6	6	Lv 5	50	2025-11-05 01:04:25+00	2025-11-30 12:41:13.427443+00
\.


--
-- TOC entry 3760 (class 0 OID 24707)
-- Dependencies: 263
-- Data for Name: support_supportchatmessage; Type: TABLE DATA; Schema: public; Owner: -
--

COPY public.support_supportchatmessage (id, sender_type, message, created_at, sender_user_id, thread_id) FROM stdin;
\.


--
-- TOC entry 3762 (class 0 OID 24713)
-- Dependencies: 265
-- Data for Name: support_supportchatthread; Type: TABLE DATA; Schema: public; Owner: -
--

COPY public.support_supportchatthread (id, is_closed, created_at, updated_at, user_id) FROM stdin;
\.


--
-- TOC entry 3764 (class 0 OID 24717)
-- Dependencies: 267
-- Data for Name: support_supportlink; Type: TABLE DATA; Schema: public; Owner: -
--

COPY public.support_supportlink (id, title, url, platform, description, is_active, created_at, updated_at, icon) FROM stdin;
2	Grup diskusi	https://t.me/diskusiexxnmobile	telegram	Bergabung dengan grup diskusi disini	t	2025-11-10 02:19:58.765436+00	2025-12-01 07:13:27.433434+00	
1	Layanan Pelanggan	https://t.me/LayananExxnMobile	telegram	Hubungi layanan pelanggan	t	2025-11-10 02:19:22.230154+00	2025-12-01 07:14:03.280474+00	
\.


--
-- TOC entry 3766 (class 0 OID 24723)
-- Dependencies: 269
-- Data for Name: transactions; Type: TABLE DATA; Schema: public; Owner: -
--

COPY public.transactions (id, trx_id, type, amount, description, status, wallet_type, investment_quantity, commission_level, voucher_id, voucher_code, created_at, product_id, related_transaction_id, upline_user_id, user_id) FROM stdin;
1	ATT-20251109170040-C7BCB0	ATTENDANCE	1204.19	Daily attendance claim	COMPLETED	BALANCE	\N	\N	\N	\N	2025-11-09 17:00:40.840372+00	\N	\N	\N	2
2	VCH-20251109170418-420A2D	VOUCHER	5000.00	Voucher claim bebekdungu	COMPLETED	BALANCE	\N	\N	8	bebekdungu	2025-11-09 17:04:18.80315+00	\N	\N	\N	2
3	ADM-BALANCE_DEPOSIT-2-1762707923	CREDIT	500000.00	Admin increased balance_deposit by 500000	COMPLETED	BALANCE_DEPOSIT	\N	\N	\N	\N	2025-11-09 17:05:23.11076+00	\N	\N	\N	2
4	PUR-20251109170532-173620	INVESTMENTS	117000.00	Purchase Sistem Celenix (x1)	COMPLETED	BALANCE_DEPOSIT	1	\N	\N	\N	2025-11-09 17:05:32.133433+00	36	\N	\N	2
5	REB-20251109170532-5839C2	PURCHASE_COMMISSION	11700.00	Purchase rebate L1 from 89595959595 - Sistem Celenix	COMPLETED	BALANCE	\N	1	\N	\N	2025-11-09 17:05:32.137672+00	36	4	2	1
6	CBK-20251109170539-857541	CASHBACK	2340.00	Manual cashback claim 2.00% from Sistem Celenix purchase	COMPLETED	BALANCE	\N	\N	\N	\N	2025-11-09 17:05:39.815023+00	36	4	\N	2
7	ADM-BALANCE-2-1762708045	CREDIT	50000.00	Admin increased balance by 50000	COMPLETED	BALANCE	\N	\N	\N	\N	2025-11-09 17:07:25.146731+00	\N	\N	\N	2
666	AUTO-20251130135531-D86725	INTEREST	4680.00	Automatic profit from Sistem Celenix investment	COMPLETED	BALANCE	\N	\N	\N	\N	2025-11-30 13:55:31.566469+00	36	\N	\N	4
667	PRB-20251130135531-E842D5	PROFIT_COMMISSION	327.60	Profit rebate L1 from 0800123456789 - Sistem Celenix	COMPLETED	BALANCE	\N	1	\N	\N	2025-11-30 13:55:31.635602+00	36	666	4	3
12	ADM-BALANCE_DEPOSIT-3-1762710145	CREDIT	500000.00	Admin increased balance_deposit by 500000	COMPLETED	BALANCE_DEPOSIT	\N	\N	\N	\N	2025-11-09 17:42:25.655255+00	\N	\N	\N	3
13	PUR-20251109174259-160136	INVESTMENTS	117000.00	Purchase Sistem Celenix (x1)	COMPLETED	BALANCE_DEPOSIT	1	\N	\N	\N	2025-11-09 17:42:59.204693+00	36	\N	\N	3
14	REB-20251109174259-5146A6	PURCHASE_COMMISSION	8190.00	Purchase rebate L1 from 88585858585 - Sistem Celenix	COMPLETED	BALANCE	\N	1	\N	\N	2025-11-09 17:42:59.20934+00	36	13	3	2
15	REB-20251109174259-A454F0	PURCHASE_COMMISSION	3510.00	Purchase rebate L2 from 88585858585 - Sistem Celenix	COMPLETED	BALANCE	\N	2	\N	\N	2025-11-09 17:42:59.210999+00	36	13	3	1
16	ATT-20251109174452-A25E8A	ATTENDANCE	590.68	Daily attendance claim	COMPLETED	BALANCE	\N	\N	\N	\N	2025-11-09 17:44:52.104764+00	\N	\N	\N	3
668	PRB-20251130135531-EF9BFF	PROFIT_COMMISSION	187.20	Profit rebate L2 from 0800123456789 - Sistem Celenix	COMPLETED	BALANCE	\N	2	\N	\N	2025-11-30 13:55:31.707472+00	36	666	4	2
18	MSN-20251109175930-2-7	MISSIONS	5000.00	Mission reward: Saatnya memiliki kontribusi mengajak teman memiliki proyek medis sebanyak 1 anggota dan dapatkan kemenangan Rp5.000. (x1)	COMPLETED	BALANCE	\N	\N	\N	\N	2025-11-09 17:59:30.865209+00	\N	\N	\N	2
19	DEP-20251109183643-9C2497	DEPOSIT	10000.00	Deposit via Jayapay (BALANCE_DEPOSIT)	COMPLETED	BALANCE_DEPOSIT	\N	\N	\N	\N	2025-11-09 18:36:43.663643+00	\N	\N	\N	2
20	VCH-20251110020710-DC24B8	VOUCHER	9783.53	Voucher claim Yorobun	COMPLETED	BALANCE	\N	\N	1	Yorobun	2025-11-10 02:07:10.349579+00	\N	\N	\N	4
21	DEP-20251110021409-B5067F	DEPOSIT	50000.00	Deposit via Jayapay (BALANCE_DEPOSIT)	PENDING	BALANCE_DEPOSIT	\N	\N	\N	\N	2025-11-10 02:14:09.445+00	\N	\N	\N	4
22	DEP-20251110021415-FCB096	DEPOSIT	10000.00	Deposit via Jayapay (BALANCE_DEPOSIT)	PENDING	BALANCE_DEPOSIT	\N	\N	\N	\N	2025-11-10 02:14:15.283976+00	\N	\N	\N	4
23	DEP-20251110021421-741377	DEPOSIT	10000.00	Deposit via Jayapay (BALANCE_DEPOSIT)	COMPLETED	BALANCE_DEPOSIT	\N	\N	\N	\N	2025-11-10 02:14:21.991003+00	\N	\N	\N	4
24	DEP-20251110021559-182059	DEPOSIT	15000.00	Deposit via Jayapay (BALANCE_DEPOSIT)	PENDING	BALANCE_DEPOSIT	\N	\N	\N	\N	2025-11-10 02:15:59.366063+00	\N	\N	\N	4
25	DEP-20251110021602-098A78	DEPOSIT	15000.00	Deposit via Klikpay (BALANCE_DEPOSIT)	COMPLETED	BALANCE_DEPOSIT	\N	\N	\N	\N	2025-11-10 02:16:02.298717+00	\N	\N	\N	4
26	ATT-20251110021718-B3C31E	ATTENDANCE	970.05	Daily attendance claim	COMPLETED	BALANCE	\N	\N	\N	\N	2025-11-10 02:17:18.0644+00	\N	\N	\N	4
27	ATT-20251110022149-33ED92	ATTENDANCE	868.55	Daily attendance claim	COMPLETED	BALANCE	\N	\N	\N	\N	2025-11-10 02:21:49.99252+00	\N	\N	\N	5
28	VCH-20251110022155-0ED268	VOUCHER	5988.49	Voucher claim Yorobun	COMPLETED	BALANCE	\N	\N	1	Yorobun	2025-11-10 02:21:55.937309+00	\N	\N	\N	5
29	ADM-BALANCE_DEPOSIT-5-1762741337	CREDIT	7000000.00	Admin increased balance_deposit by 7000000	COMPLETED	BALANCE_DEPOSIT	\N	\N	\N	\N	2025-11-10 02:22:17.764885+00	\N	\N	\N	5
30	DEP-20251110022225-240EAB	DEPOSIT	10000.00	Deposit via Jayapay (BALANCE_DEPOSIT)	COMPLETED	BALANCE_DEPOSIT	\N	\N	\N	\N	2025-11-10 02:22:25.85175+00	\N	\N	\N	5
31	PUR-20251110022338-44DB28	INVESTMENTS	117000.00	Purchase Sistem Celenix (x1)	COMPLETED	BALANCE_DEPOSIT	1	\N	\N	\N	2025-11-10 02:23:38.11294+00	36	\N	\N	5
32	REB-20251110022338-8B7FB4	PURCHASE_COMMISSION	11700.00	Purchase rebate L1 from 80123456789 - Sistem Celenix	COMPLETED	BALANCE	\N	1	\N	\N	2025-11-10 02:23:38.117391+00	36	31	5	4
33	REB-20251110022338-EB46B9	PURCHASE_COMMISSION	3510.00	Purchase rebate L2 from 80123456789 - Sistem Celenix	COMPLETED	BALANCE	\N	2	\N	\N	2025-11-10 02:23:38.118663+00	36	31	5	3
34	REB-20251110022338-CFDC58	PURCHASE_COMMISSION	2340.00	Purchase rebate L3 from 80123456789 - Sistem Celenix	COMPLETED	BALANCE	\N	3	\N	\N	2025-11-10 02:23:38.120118+00	36	31	5	2
669	PRB-20251130135531-7E95AE	PROFIT_COMMISSION	93.60	Profit rebate L3 from 0800123456789 - Sistem Celenix	COMPLETED	BALANCE	\N	3	\N	\N	2025-11-30 13:55:31.780897+00	36	666	4	1
670	AUTO-20251130140032-7AEFA0	INTEREST	4680.00	Automatic profit from Sistem Celenix investment	COMPLETED	BALANCE	\N	\N	\N	\N	2025-11-30 14:00:32.949923+00	36	\N	\N	7
671	PRB-20251130140033-B1012E	PROFIT_COMMISSION	327.60	Profit rebate L1 from 8223456789 - Sistem Celenix	COMPLETED	BALANCE	\N	1	\N	\N	2025-11-30 14:00:33.004995+00	36	670	7	6
672	PRB-20251130140033-B80F96	PROFIT_COMMISSION	187.20	Profit rebate L2 from 8223456789 - Sistem Celenix	COMPLETED	BALANCE	\N	2	\N	\N	2025-11-30 14:00:33.085016+00	36	670	7	5
673	PRB-20251130140033-79E3E5	PROFIT_COMMISSION	93.60	Profit rebate L3 from 8223456789 - Sistem Celenix	COMPLETED	BALANCE	\N	3	\N	\N	2025-11-30 14:00:33.160563+00	36	670	7	4
674	AUTO-20251130140033-F67D57	INTEREST	4680.00	Automatic profit from Sistem Celenix investment	COMPLETED	BALANCE	\N	\N	\N	\N	2025-11-30 14:00:33.448243+00	36	\N	\N	6
675	PRB-20251130140033-2437C1	PROFIT_COMMISSION	327.60	Profit rebate L1 from 81123456789 - Sistem Celenix	COMPLETED	BALANCE	\N	1	\N	\N	2025-11-30 14:00:33.523588+00	36	674	6	5
676	PRB-20251130140033-52490C	PROFIT_COMMISSION	187.20	Profit rebate L2 from 81123456789 - Sistem Celenix	COMPLETED	BALANCE	\N	2	\N	\N	2025-11-30 14:00:33.590758+00	36	674	6	4
677	PRB-20251130140033-AAFBFD	PROFIT_COMMISSION	93.60	Profit rebate L3 from 81123456789 - Sistem Celenix	COMPLETED	BALANCE	\N	3	\N	\N	2025-11-30 14:00:33.842818+00	36	674	6	3
678	AUTO-20251130140034-B5EE19	INTEREST	4680.00	Automatic profit from Sistem Celenix investment	COMPLETED	BALANCE	\N	\N	\N	\N	2025-11-30 14:00:34.116048+00	36	\N	\N	5
10	PUR-20251109173951-3B2B88	INVESTMENTS	299880.00	Purchase Sistem Omnisurg (x1)	COMPLETED	BALANCE_DEPOSIT	1	\N	\N	\N	2025-11-09 17:39:51.476979+00	\N	\N	\N	2
679	PRB-20251130140034-94DFD6	PROFIT_COMMISSION	327.60	Profit rebate L1 from 80123456789 - Sistem Celenix	COMPLETED	BALANCE	\N	1	\N	\N	2025-11-30 14:00:34.173601+00	36	678	5	4
680	PRB-20251130140034-CD525C	PROFIT_COMMISSION	187.20	Profit rebate L2 from 80123456789 - Sistem Celenix	COMPLETED	BALANCE	\N	2	\N	\N	2025-11-30 14:00:34.244995+00	36	678	5	3
681	PRB-20251130140034-B8DAC9	PROFIT_COMMISSION	93.60	Profit rebate L3 from 80123456789 - Sistem Celenix	COMPLETED	BALANCE	\N	3	\N	\N	2025-11-30 14:00:34.299492+00	36	678	5	2
682	AUTO-20251130140034-35C957	INTEREST	4680.00	Automatic profit from Sistem Celenix investment	COMPLETED	BALANCE	\N	\N	\N	\N	2025-11-30 14:00:34.539305+00	36	\N	\N	3
683	PRB-20251130140034-ABFF91	PROFIT_COMMISSION	327.60	Profit rebate L1 from 88585858585 - Sistem Celenix	COMPLETED	BALANCE	\N	1	\N	\N	2025-11-30 14:00:34.615368+00	36	682	3	2
684	PRB-20251130140034-6A8572	PROFIT_COMMISSION	187.20	Profit rebate L2 from 88585858585 - Sistem Celenix	COMPLETED	BALANCE	\N	2	\N	\N	2025-11-30 14:00:34.673774+00	36	682	3	1
685	AUTO-20251130140034-3DF916	INTEREST	4680.00	Automatic profit from Sistem Celenix investment	COMPLETED	BALANCE	\N	\N	\N	\N	2025-11-30 14:00:34.873127+00	36	\N	\N	2
686	PRB-20251130140034-DE8694	PROFIT_COMMISSION	327.60	Profit rebate L1 from 89595959595 - Sistem Celenix	COMPLETED	BALANCE	\N	1	\N	\N	2025-11-30 14:00:34.940178+00	36	685	2	1
692	VCH-20251130144846-15F4A0	VOUCHER	5000.00	Voucher claim 000000	COMPLETED	BALANCE	\N	\N	2	000000	2025-11-30 14:48:46.199704+00	\N	\N	\N	2
55	CBK-20251110022407-57FAF0	CASHBACK	2340.00	Manual cashback claim 2.00% from Sistem Celenix purchase	COMPLETED	BALANCE	\N	\N	\N	\N	2025-11-10 02:24:07.437456+00	36	31	\N	5
61	WD-EFD3336A0F	WITHDRAW	271245.64	Withdrawal request	COMPLETED	BALANCE	\N	\N	\N	\N	2025-11-10 02:25:35.184754+00	\N	\N	\N	5
62	ATT-20251110022733-B15ACF	ATTENDANCE	847.77	Daily attendance claim	COMPLETED	BALANCE	\N	\N	\N	\N	2025-11-10 02:27:33.135722+00	\N	\N	\N	6
63	VCH-20251110022750-2CECB1	VOUCHER	4713.42	Voucher claim Yorobun	COMPLETED	BALANCE	\N	\N	1	Yorobun	2025-11-10 02:27:50.135575+00	\N	\N	\N	6
64	ADM-BALANCE_DEPOSIT-6-1762741694	CREDIT	7000000.00	Admin increased balance_deposit by 7000000	COMPLETED	BALANCE_DEPOSIT	\N	\N	\N	\N	2025-11-10 02:28:14.71163+00	\N	\N	\N	6
65	DEP-20251110022833-0208BC	DEPOSIT	10000.00	Deposit via Jayapay (BALANCE_DEPOSIT)	COMPLETED	BALANCE_DEPOSIT	\N	\N	\N	\N	2025-11-10 02:28:33.58632+00	\N	\N	\N	6
66	PUR-20251110022956-DE4C69	INVESTMENTS	117000.00	Purchase Sistem Celenix (x1)	COMPLETED	BALANCE_DEPOSIT	1	\N	\N	\N	2025-11-10 02:29:56.889868+00	36	\N	\N	6
67	REB-20251110022956-57CBA3	PURCHASE_COMMISSION	11700.00	Purchase rebate L1 from 81123456789 - Sistem Celenix	COMPLETED	BALANCE	\N	1	\N	\N	2025-11-10 02:29:56.894746+00	36	66	6	5
68	REB-20251110022956-7425E2	PURCHASE_COMMISSION	3510.00	Purchase rebate L2 from 81123456789 - Sistem Celenix	COMPLETED	BALANCE	\N	2	\N	\N	2025-11-10 02:29:56.896165+00	36	66	6	4
69	REB-20251110022956-45D9C7	PURCHASE_COMMISSION	2340.00	Purchase rebate L3 from 81123456789 - Sistem Celenix	COMPLETED	BALANCE	\N	3	\N	\N	2025-11-10 02:29:56.897448+00	36	66	6	3
687	WD-68662892D6	WITHDRAW	100000.00	Withdrawal request	PENDING	BALANCE	\N	\N	\N	\N	2025-11-30 14:45:34.822054+00	\N	\N	\N	2
688	PUR-20251130144716-0116F0	INVESTMENTS	2600000.00	Purchase Exx 08 (x1)	COMPLETED	BALANCE_DEPOSIT	1	\N	\N	\N	2025-11-30 14:47:16.211329+00	7	\N	\N	2
689	REB-20251130144716-31227B	PURCHASE_COMMISSION	650000.00	Purchase rebate L1 from 89595959595 - Exx 08	COMPLETED	BALANCE	\N	1	\N	\N	2025-11-30 14:47:16.372426+00	7	688	2	1
690	PUR-20251130144741-292F0C	INVESTMENTS	1500000.00	Purchase Exx 07 (x1)	COMPLETED	BALANCE_DEPOSIT	1	\N	\N	\N	2025-11-30 14:47:41.14354+00	6	\N	\N	2
91	CBK-20251110023020-D2C995	CASHBACK	2340.00	Manual cashback claim 2.00% from Sistem Celenix purchase	COMPLETED	BALANCE	\N	\N	\N	\N	2025-11-10 02:30:20.216339+00	36	66	\N	6
691	REB-20251130144741-A18A39	PURCHASE_COMMISSION	375000.00	Purchase rebate L1 from 89595959595 - Exx 07	COMPLETED	BALANCE	\N	1	\N	\N	2025-11-30 14:47:41.283549+00	6	690	2	1
693	ATT-20251130153430-277B40	ATTENDANCE	500.00	Daily attendance claim	COMPLETED	BALANCE	\N	\N	\N	\N	2025-11-30 15:34:30.326811+00	\N	\N	\N	10
719	ATT-20251201015904-386B51	ATTENDANCE	500.00	Daily attendance claim	COMPLETED	BALANCE	\N	\N	\N	\N	2025-12-01 01:59:04.809127+00	\N	\N	\N	13
771	REG-20-1764590030	CREDIT	10000.00	Registration bonus	COMPLETED	BALANCE_DEPOSIT	\N	\N	\N	\N	2025-12-01 11:53:50.353245+00	\N	\N	\N	20
96	WD-B1CCB5E627	WITHDRAW	269949.79	Withdrawal request	COMPLETED	BALANCE	\N	\N	\N	\N	2025-11-10 02:31:17.183872+00	\N	\N	\N	6
97	ATT-20251110023336-577BAC	ATTENDANCE	505.48	Daily attendance claim	COMPLETED	BALANCE	\N	\N	\N	\N	2025-11-10 02:33:36.763207+00	\N	\N	\N	7
98	VCH-20251110023342-D9BD25	VOUCHER	1380.65	Voucher claim Yorobun	COMPLETED	BALANCE	\N	\N	1	Yorobun	2025-11-10 02:33:42.897371+00	\N	\N	\N	7
99	DEP-20251110023350-846D03	DEPOSIT	10000.00	Deposit via Jayapay (BALANCE_DEPOSIT)	COMPLETED	BALANCE_DEPOSIT	\N	\N	\N	\N	2025-11-10 02:33:50.529319+00	\N	\N	\N	7
100	ADM-BALANCE_DEPOSIT-7-1762742081	CREDIT	7000000.00	Admin increased balance_deposit by 7000000	COMPLETED	BALANCE_DEPOSIT	\N	\N	\N	\N	2025-11-10 02:34:41.740323+00	\N	\N	\N	7
101	PUR-20251110023451-169758	INVESTMENTS	117000.00	Purchase Sistem Celenix (x1)	COMPLETED	BALANCE_DEPOSIT	1	\N	\N	\N	2025-11-10 02:34:51.527809+00	36	\N	\N	7
102	REB-20251110023451-8DD92C	PURCHASE_COMMISSION	11700.00	Purchase rebate L1 from 8223456789 - Sistem Celenix	COMPLETED	BALANCE	\N	1	\N	\N	2025-11-10 02:34:51.531709+00	36	101	7	6
103	REB-20251110023451-4F3797	PURCHASE_COMMISSION	3510.00	Purchase rebate L2 from 8223456789 - Sistem Celenix	COMPLETED	BALANCE	\N	2	\N	\N	2025-11-10 02:34:51.533437+00	36	101	7	5
104	REB-20251110023451-89776D	PURCHASE_COMMISSION	2340.00	Purchase rebate L3 from 8223456789 - Sistem Celenix	COMPLETED	BALANCE	\N	3	\N	\N	2025-11-10 02:34:51.535134+00	36	101	7	4
772	REG-21-1764594393	CREDIT	10000.00	Registration bonus	COMPLETED	BALANCE_DEPOSIT	\N	\N	\N	\N	2025-12-01 13:06:33.247082+00	\N	\N	\N	21
773	ATT-20251201130738-B1CE11	ATTENDANCE	500.00	Daily attendance claim	COMPLETED	BALANCE	\N	\N	\N	\N	2025-12-01 13:07:38.998399+00	\N	\N	\N	21
774	AUTO-20251201135726-E1D82C	INTEREST	4680.00	Automatic profit from Exx 01 investment	COMPLETED	BALANCE	\N	\N	\N	\N	2025-12-01 13:57:26.998237+00	36	\N	\N	4
787	ATT-20251202052408-0D5EF7	ATTENDANCE	500.00	Daily attendance claim	COMPLETED	BALANCE	\N	\N	\N	\N	2025-12-02 05:24:08.734934+00	\N	\N	\N	16
853	AUTO-20251202155445-E698E7	INTEREST	36000.00	Automatic profit from Exx 03 investment	COMPLETED	BALANCE	\N	\N	\N	\N	2025-12-02 15:54:45.616316+00	2	\N	\N	9
854	AUTO-20251202155445-426222	INTEREST	20000.00	Automatic profit from Exx 02 investment	COMPLETED	BALANCE	\N	\N	\N	\N	2025-12-02 15:54:45.902927+00	1	\N	\N	9
694	ATT-20251130153559-6BFCFA	ATTENDANCE	500.00	Daily attendance claim	COMPLETED	BALANCE	\N	\N	\N	\N	2025-11-30 15:35:59.333852+00	\N	\N	\N	9
695	VCH-20251130153611-DAAF34	VOUCHER	5000.00	Voucher claim 000000	COMPLETED	BALANCE	\N	\N	2	000000	2025-11-30 15:36:11.295659+00	\N	\N	\N	9
130	CBK-20251110023523-3302BD	CASHBACK	2340.00	Manual cashback claim 2.00% from Sistem Celenix purchase	COMPLETED	BALANCE	\N	\N	\N	\N	2025-11-10 02:35:23.854401+00	36	101	\N	7
131	WD-68E6B5BDA6	WITHDRAW	266274.73	Withdrawal request	COMPLETED	BALANCE	\N	\N	\N	\N	2025-11-10 02:37:06.462682+00	\N	\N	\N	7
132	MSN-20251110024306-4-7	MISSIONS	5000.00	Mission reward: Saatnya memiliki kontribusi mengajak teman memiliki proyek medis sebanyak 1 anggota dan dapatkan kemenangan Rp5.000. (x1)	COMPLETED	BALANCE	\N	\N	\N	\N	2025-11-10 02:43:06.440179+00	\N	\N	\N	4
133	MSN-20251110024309-4-4	MISSIONS	15000.00	Mission reward: Saatnya memiliki kontribusi mengajak teman memiliki proyek medis sebanyak 2 anggota dan dapatkan kemenangan Rp15.000 (x1)	COMPLETED	BALANCE	\N	\N	\N	\N	2025-11-10 02:43:09.908911+00	\N	\N	\N	4
702	DEP-20251130153910-A318CE	DEPOSIT	100000.00	Deposit via Jayapay (BALANCE_DEPOSIT)	PENDING	BALANCE_DEPOSIT	\N	\N	\N	\N	2025-11-30 15:39:10.476933+00	\N	\N	\N	9
134	WD-37F13B66CF	WITHDRAW	1022640.58	Withdrawal request	REJECTED	BALANCE	\N	\N	\N	\N	2025-11-10 02:44:32.075835+00	\N	\N	\N	4
135	WDREF-05ECAA1C54	REJECT	1022640.58	Withdrawal rejected - refund	COMPLETED	BALANCE	\N	\N	\N	\N	2025-11-10 02:45:38.412122+00	\N	134	\N	4
136	WD-BCC41BF88A	WITHDRAW	1022640.58	Withdrawal request	COMPLETED	BALANCE	\N	\N	\N	\N	2025-11-10 02:46:18.382868+00	\N	\N	\N	4
137	ADM-BALANCE_DEPOSIT-4-1762742857	CREDIT	7000000.00	Admin increased balance_deposit by 7000000	COMPLETED	BALANCE_DEPOSIT	\N	\N	\N	\N	2025-11-10 02:47:37.319565+00	\N	\N	\N	4
138	PUR-20251110024750-A58DED	INVESTMENTS	117000.00	Purchase Sistem Celenix (x1)	COMPLETED	BALANCE_DEPOSIT	1	\N	\N	\N	2025-11-10 02:47:50.992146+00	36	\N	\N	4
139	REB-20251110024750-AC4888	PURCHASE_COMMISSION	11700.00	Purchase rebate L1 from 0800123456789 - Sistem Celenix	COMPLETED	BALANCE	\N	1	\N	\N	2025-11-10 02:47:50.996026+00	36	138	4	3
140	REB-20251110024750-9851DA	PURCHASE_COMMISSION	3510.00	Purchase rebate L2 from 0800123456789 - Sistem Celenix	COMPLETED	BALANCE	\N	2	\N	\N	2025-11-10 02:47:50.997416+00	36	138	4	2
141	REB-20251110024750-0FC251	PURCHASE_COMMISSION	2340.00	Purchase rebate L3 from 0800123456789 - Sistem Celenix	COMPLETED	BALANCE	\N	3	\N	\N	2025-11-10 02:47:50.998722+00	36	138	4	1
703	VCH-20251130154209-2893E8	VOUCHER	5000.00	Voucher claim 000000	COMPLETED	BALANCE	\N	\N	2	000000	2025-11-30 15:42:09.317772+00	\N	\N	\N	11
704	ADM-BALANCE_DEPOSIT-11-1764517332	CREDIT	10000000.00	Admin increased balance_deposit by 10000000	COMPLETED	BALANCE_DEPOSIT	\N	\N	\N	\N	2025-11-30 15:42:12.513392+00	\N	\N	\N	11
720	REG-14-1764574870	CREDIT	10000.00	Registration bonus	COMPLETED	BALANCE_DEPOSIT	\N	\N	\N	\N	2025-12-01 07:41:10.415557+00	\N	\N	\N	14
721	ATT-20251201074407-74F129	ATTENDANCE	500.00	Daily attendance claim	COMPLETED	BALANCE	\N	\N	\N	\N	2025-12-01 07:44:07.100827+00	\N	\N	\N	14
723	ADM-BALANCE-14-1764575203	CREDIT	100000.00	Admin increased balance by 100000	COMPLETED	BALANCE	\N	\N	\N	\N	2025-12-01 07:46:43.154574+00	\N	\N	\N	14
724	WD-8224A59E86	WITHDRAW	100000.00	Withdrawal request	PENDING	BALANCE	\N	\N	\N	\N	2025-12-01 07:48:22.787044+00	\N	\N	\N	14
725	ADM-BALANCE-14-1764575317	CREDIT	100000.00	Admin increased balance by 100000	COMPLETED	BALANCE	\N	\N	\N	\N	2025-12-01 07:48:37.770298+00	\N	\N	\N	14
726	WD-5DD3AED7CC	WITHDRAW	100000.00	Withdrawal request	PENDING	BALANCE	\N	\N	\N	\N	2025-12-01 07:48:52.107399+00	\N	\N	\N	14
775	AUTO-20251201140228-F4341B	INTEREST	4680.00	Automatic profit from Exx 01 investment	COMPLETED	BALANCE	\N	\N	\N	\N	2025-12-01 14:02:28.561608+00	36	\N	\N	7
776	AUTO-20251201140228-72642B	INTEREST	4680.00	Automatic profit from Exx 01 investment	COMPLETED	BALANCE	\N	\N	\N	\N	2025-12-01 14:02:28.97835+00	36	\N	\N	6
777	AUTO-20251201140229-3B27CF	INTEREST	4680.00	Automatic profit from Exx 01 investment	COMPLETED	BALANCE	\N	\N	\N	\N	2025-12-01 14:02:29.311304+00	36	\N	\N	5
778	AUTO-20251201140229-11979E	INTEREST	4680.00	Automatic profit from Exx 01 investment	COMPLETED	BALANCE	\N	\N	\N	\N	2025-12-01 14:02:29.636722+00	36	\N	\N	3
779	AUTO-20251201140229-0610AC	INTEREST	4680.00	Automatic profit from Exx 01 investment	COMPLETED	BALANCE	\N	\N	\N	\N	2025-12-01 14:02:29.877338+00	36	\N	\N	2
788	REG-22-1764653444	CREDIT	10000.00	Registration bonus	COMPLETED	BALANCE_DEPOSIT	\N	\N	\N	\N	2025-12-02 05:30:44.285525+00	\N	\N	\N	22
789	ATT-20251202053136-8EF67D	ATTENDANCE	500.00	Daily attendance claim	COMPLETED	BALANCE	\N	\N	\N	\N	2025-12-02 05:31:36.34039+00	\N	\N	\N	22
167	CBK-20251110024839-A101A7	CASHBACK	2340.00	Manual cashback claim 2.00% from Sistem Celenix purchase	COMPLETED	BALANCE	\N	\N	\N	\N	2025-11-10 02:48:39.141075+00	36	138	\N	4
168	WD-E00143D4B3	WITHDRAW	50000.00	Withdrawal request	REJECTED	BALANCE	\N	\N	\N	\N	2025-11-10 02:51:42.584199+00	\N	\N	\N	4
169	WDREF-DCCC536541	REJECT	50000.00	Withdrawal rejected - refund	COMPLETED	BALANCE	\N	\N	\N	\N	2025-11-10 02:59:25.208503+00	\N	168	\N	4
8	WD-1A948089C1	WITHDRAW	50000.00	Withdrawal request	REJECTED	BALANCE	\N	\N	\N	\N	2025-11-09 17:09:21.327296+00	\N	\N	\N	2
170	WDREF-DF0B901828	REJECT	50000.00	Withdrawal rejected - refund	COMPLETED	BALANCE	\N	\N	\N	\N	2025-11-10 05:52:29.250887+00	\N	8	\N	2
172	WDREF-F2DC9A57F7	REJECT	50000.00	Withdrawal rejected - refund	COMPLETED	BALANCE	\N	\N	\N	\N	2025-11-10 05:53:55.646198+00	\N	171	\N	2
173	ADM-BALANCE_DEPOSIT-2-1762754218	CREDIT	150000.00	Admin increased balance_deposit by 150000	COMPLETED	BALANCE_DEPOSIT	\N	\N	\N	\N	2025-11-10 05:56:58.210895+00	\N	\N	\N	2
696	ADM-BALANCE_DEPOSIT-9-1764517014	CREDIT	10000000.00	Admin increased balance_deposit by 10000000	COMPLETED	BALANCE_DEPOSIT	\N	\N	\N	\N	2025-11-30 15:36:54.855681+00	\N	\N	\N	9
697	ADM-BALANCE_DEPOSIT-10-1764517027	CREDIT	10000000.00	Admin increased balance_deposit by 10000000	COMPLETED	BALANCE_DEPOSIT	\N	\N	\N	\N	2025-11-30 15:37:07.515279+00	\N	\N	\N	10
698	PUR-20251130153742-E7382A	INVESTMENTS	45000.00	Purchase Exx 01 (x1)	COMPLETED	BALANCE_DEPOSIT	1	\N	\N	\N	2025-11-30 15:37:42.352776+00	36	\N	\N	10
699	REB-20251130153742-49DB2D	PURCHASE_COMMISSION	11250.00	Purchase rebate L1 from 857649464994 - Exx 01	COMPLETED	BALANCE	\N	1	\N	\N	2025-11-30 15:37:42.487371+00	36	698	10	9
700	REB-20251130153742-FD7780	PURCHASE_COMMISSION	900.00	Purchase rebate L2 from 857649464994 - Exx 01	COMPLETED	BALANCE	\N	2	\N	\N	2025-11-30 15:37:42.558151+00	36	698	10	2
701	REB-20251130153742-F8F8AB	PURCHASE_COMMISSION	450.00	Purchase rebate L3 from 857649464994 - Exx 01	COMPLETED	BALANCE	\N	3	\N	\N	2025-11-30 15:37:42.631807+00	36	698	10	1
171	WD-33625F0256	WITHDRAW	50000.00	Withdrawal request	COMPLETED	BALANCE	\N	\N	\N	\N	2025-11-10 05:53:36.008394+00	\N	\N	\N	2
180	WD-F0F7B1B55A	WITHDRAW	50000.00	Withdrawal request	COMPLETED	BALANCE	\N	\N	\N	\N	2025-11-10 08:28:00.500638+00	\N	\N	\N	2
181	WD-DFCA4909BF	WITHDRAW	50000.00	Withdrawal request	REJECTED	BALANCE	\N	\N	\N	\N	2025-11-10 09:12:00.666151+00	\N	\N	\N	2
182	WDREF-8C62A618C7	REJECT	50000.00	Withdrawal rejected - refund	COMPLETED	BALANCE	\N	\N	\N	\N	2025-11-10 09:55:00.243299+00	\N	181	\N	2
705	PUR-20251130154237-A1EB7C	INVESTMENTS	45000.00	Purchase Exx 01 (x1)	COMPLETED	BALANCE_DEPOSIT	1	\N	\N	\N	2025-11-30 15:42:37.234478+00	36	\N	\N	11
706	REB-20251130154237-4C60DB	PURCHASE_COMMISSION	11250.00	Purchase rebate L1 from 85764846494 - Exx 01	COMPLETED	BALANCE	\N	1	\N	\N	2025-11-30 15:42:37.409611+00	36	705	11	9
707	REB-20251130154237-79C781	PURCHASE_COMMISSION	900.00	Purchase rebate L2 from 85764846494 - Exx 01	COMPLETED	BALANCE	\N	2	\N	\N	2025-11-30 15:42:37.492073+00	36	705	11	2
708	REB-20251130154237-3131A3	PURCHASE_COMMISSION	450.00	Purchase rebate L3 from 85764846494 - Exx 01	COMPLETED	BALANCE	\N	3	\N	\N	2025-11-30 15:42:37.558732+00	36	705	11	1
709	PUR-20251130154358-81F6F4	INVESTMENTS	45000.00	Purchase Exx 01 (x1)	COMPLETED	BALANCE_DEPOSIT	1	\N	\N	\N	2025-11-30 15:43:58.35531+00	36	\N	\N	9
710	REB-20251130154358-5C24B6	PURCHASE_COMMISSION	11250.00	Purchase rebate L1 from 081808368210 - Exx 01	COMPLETED	BALANCE	\N	1	\N	\N	2025-11-30 15:43:58.494693+00	36	709	9	2
711	REB-20251130154358-08F9C3	PURCHASE_COMMISSION	900.00	Purchase rebate L2 from 081808368210 - Exx 01	COMPLETED	BALANCE	\N	2	\N	\N	2025-11-30 15:43:58.557271+00	36	709	9	1
712	VCH-20251130154441-BBE943	VOUCHER	5000.00	Voucher claim 999999	COMPLETED	BALANCE	\N	\N	3	999999	2025-11-30 15:44:41.881531+00	\N	\N	\N	9
713	PUR-20251130154649-20EF44	INVESTMENTS	100000.00	Purchase Exx 02 (x1)	COMPLETED	BALANCE_DEPOSIT	1	\N	\N	\N	2025-11-30 15:46:49.223474+00	1	\N	\N	9
714	REB-20251130154649-C1B029	PURCHASE_COMMISSION	25000.00	Purchase rebate L1 from 081808368210 - Exx 02	COMPLETED	BALANCE	\N	1	\N	\N	2025-11-30 15:46:49.412632+00	1	713	9	2
715	REB-20251130154649-05BBEC	PURCHASE_COMMISSION	2000.00	Purchase rebate L2 from 081808368210 - Exx 02	COMPLETED	BALANCE	\N	2	\N	\N	2025-11-30 15:46:49.483567+00	1	713	9	1
716	PUR-20251130154706-5AC199	INVESTMENTS	180000.00	Purchase Exx 03 (x1)	COMPLETED	BALANCE_DEPOSIT	1	\N	\N	\N	2025-11-30 15:47:06.507567+00	2	\N	\N	9
717	REB-20251130154706-EBABB6	PURCHASE_COMMISSION	45000.00	Purchase rebate L1 from 081808368210 - Exx 03	COMPLETED	BALANCE	\N	1	\N	\N	2025-11-30 15:47:06.656336+00	2	716	9	2
718	REB-20251130154706-AD4DFA	PURCHASE_COMMISSION	3600.00	Purchase rebate L2 from 081808368210 - Exx 03	COMPLETED	BALANCE	\N	2	\N	\N	2025-11-30 15:47:06.724312+00	2	716	9	1
722	VCH-20251201074527-9D1CD2	VOUCHER	5000.00	Voucher claim 000000	COMPLETED	BALANCE	\N	\N	2	000000	2025-12-01 07:45:27.942501+00	\N	\N	\N	14
727	ADM-BALANCE_DEPOSIT-14-1764575542	CREDIT	100000.00	Admin increased balance_deposit by 100000	COMPLETED	BALANCE_DEPOSIT	\N	\N	\N	\N	2025-12-01 07:52:22.438472+00	\N	\N	\N	14
728	PUR-20251201075228-6EE1C0	INVESTMENTS	45000.00	Purchase Exx 01 (x1)	COMPLETED	BALANCE_DEPOSIT	1	\N	\N	\N	2025-12-01 07:52:28.049703+00	36	\N	\N	14
729	REB-20251201075228-0FDC8A	PURCHASE_COMMISSION	11250.00	Purchase rebate L1 from 081808368211 - Exx 01	COMPLETED	BALANCE	\N	1	\N	\N	2025-12-01 07:52:28.250069+00	36	728	14	9
730	REB-20251201075228-361943	PURCHASE_COMMISSION	900.00	Purchase rebate L2 from 081808368211 - Exx 01	COMPLETED	BALANCE	\N	2	\N	\N	2025-12-01 07:52:28.396541+00	36	728	14	2
731	REB-20251201075228-E26E7B	PURCHASE_COMMISSION	450.00	Purchase rebate L3 from 081808368211 - Exx 01	COMPLETED	BALANCE	\N	3	\N	\N	2025-12-01 07:52:28.488046+00	36	728	14	1
732	PUR-20251201075627-2D208A	INVESTMENTS	100000.00	Purchase Exx 02 (x1)	COMPLETED	BALANCE_DEPOSIT	1	\N	\N	\N	2025-12-01 07:56:27.092747+00	1	\N	\N	14
733	REB-20251201075627-5B9574	PURCHASE_COMMISSION	25000.00	Purchase rebate L1 from 081808368211 - Exx 02	COMPLETED	BALANCE	\N	1	\N	\N	2025-12-01 07:56:27.453894+00	1	732	14	9
734	REB-20251201075627-24134F	PURCHASE_COMMISSION	2000.00	Purchase rebate L2 from 081808368211 - Exx 02	COMPLETED	BALANCE	\N	2	\N	\N	2025-12-01 07:56:27.536795+00	1	732	14	2
735	REB-20251201075627-14FA49	PURCHASE_COMMISSION	1000.00	Purchase rebate L3 from 081808368211 - Exx 02	COMPLETED	BALANCE	\N	3	\N	\N	2025-12-01 07:56:27.689352+00	1	732	14	1
780	AUTO-20251201144840-3188E8	INTEREST	300000.00	Automatic profit from Exx 07 investment	COMPLETED	BALANCE	\N	\N	\N	\N	2025-12-01 14:48:40.867263+00	6	\N	\N	2
781	AUTO-20251201144841-E5744B	INTEREST	520000.00	Automatic profit from Exx 08 investment	COMPLETED	BALANCE	\N	\N	\N	\N	2025-12-01 14:48:41.13906+00	7	\N	\N	2
790	ATT-20251202053405-47BC28	ATTENDANCE	500.00	Daily attendance claim	COMPLETED	BALANCE	\N	\N	\N	\N	2025-12-02 05:34:05.85971+00	\N	\N	\N	17
736	DEP-20251201081901-481B79	DEPOSIT	100000.00	Deposit via Jayapay (BALANCE_DEPOSIT)	PENDING	BALANCE_DEPOSIT	\N	\N	\N	\N	2025-12-01 08:19:01.611431+00	\N	\N	\N	14
782	AUTO-20251201153914-8A289F	INTEREST	9000.00	Automatic profit from Exx 01 investment	COMPLETED	BALANCE	\N	\N	\N	\N	2025-12-01 15:39:14.691272+00	36	\N	\N	10
783	AUTO-20251201154415-9E8B5D	INTEREST	9000.00	Automatic profit from Exx 01 investment	COMPLETED	BALANCE	\N	\N	\N	\N	2025-12-01 15:44:15.865161+00	36	\N	\N	9
784	AUTO-20251201154416-BDAED2	INTEREST	9000.00	Automatic profit from Exx 01 investment	COMPLETED	BALANCE	\N	\N	\N	\N	2025-12-01 15:44:16.179085+00	36	\N	\N	11
785	AUTO-20251201154916-A99E2D	INTEREST	36000.00	Automatic profit from Exx 03 investment	COMPLETED	BALANCE	\N	\N	\N	\N	2025-12-01 15:49:16.94278+00	2	\N	\N	9
786	AUTO-20251201154917-F51A68	INTEREST	20000.00	Automatic profit from Exx 02 investment	COMPLETED	BALANCE	\N	\N	\N	\N	2025-12-01 15:49:17.533108+00	1	\N	\N	9
791	AUTO-20251202075236-4E8B17	INTEREST	9000.00	Automatic profit from Exx 01 investment	COMPLETED	BALANCE	\N	\N	\N	\N	2025-12-02 07:52:36.488136+00	36	\N	\N	14
792	AUTO-20251202075737-BBB8EB	INTEREST	20000.00	Automatic profit from Exx 02 investment	COMPLETED	BALANCE	\N	\N	\N	\N	2025-12-02 07:57:37.399674+00	1	\N	\N	14
227	AUTO-20251126134656-40E0D9	INTEREST	4680.00	Automatic profit from Sistem Celenix investment	COMPLETED	BALANCE	\N	\N	\N	\N	2025-11-26 13:46:56.570941+00	36	\N	\N	4
228	PRB-20251126134656-33A9A2	PROFIT_COMMISSION	327.60	Profit rebate L1 from 0800123456789 - Sistem Celenix	COMPLETED	BALANCE	\N	1	\N	\N	2025-11-26 13:46:56.633001+00	36	227	4	3
229	PRB-20251126134656-A928E4	PROFIT_COMMISSION	187.20	Profit rebate L2 from 0800123456789 - Sistem Celenix	COMPLETED	BALANCE	\N	2	\N	\N	2025-11-26 13:46:56.713136+00	36	227	4	2
230	PRB-20251126134656-203096	PROFIT_COMMISSION	93.60	Profit rebate L3 from 0800123456789 - Sistem Celenix	COMPLETED	BALANCE	\N	3	\N	\N	2025-11-26 13:46:56.793896+00	36	227	4	1
211	AUTO-20251126134655-6A7B36	INTEREST	22648.00	Automatic profit from Sistem Lyvion investment	COMPLETED	BALANCE	\N	\N	\N	\N	2025-11-26 13:46:55.178321+00	\N	\N	\N	4
212	PRB-20251126134655-81238B	PROFIT_COMMISSION	1585.36	Profit rebate L1 from 0800123456789 - Sistem Lyvion	COMPLETED	BALANCE	\N	1	\N	\N	2025-11-26 13:46:55.250534+00	\N	211	4	3
213	PRB-20251126134655-A1E6A6	PROFIT_COMMISSION	905.92	Profit rebate L2 from 0800123456789 - Sistem Lyvion	COMPLETED	BALANCE	\N	2	\N	\N	2025-11-26 13:46:55.322237+00	\N	211	4	2
214	PRB-20251126134655-0861D9	PROFIT_COMMISSION	452.96	Profit rebate L3 from 0800123456789 - Sistem Lyvion	COMPLETED	BALANCE	\N	3	\N	\N	2025-11-26 13:46:55.393825+00	\N	211	4	1
737	REG-15-1764582262	CREDIT	10000.00	Registration bonus	COMPLETED	BALANCE_DEPOSIT	\N	\N	\N	\N	2025-12-01 09:44:22.034177+00	\N	\N	\N	15
793	WD-AC1269F829	WITHDRAW	48000.00	Withdrawal request	PENDING	BALANCE	\N	\N	\N	\N	2025-12-02 09:34:59.071588+00	\N	\N	\N	16
794	VCH-20251202093608-9EDC98	VOUCHER	5000.00	Voucher claim 999999	COMPLETED	BALANCE	\N	\N	3	999999	2025-12-02 09:36:08.95775+00	\N	\N	\N	16
279	AUTO-20251126134711-CF3A7A	INTEREST	4680.00	Automatic profit from Sistem Celenix investment	COMPLETED	BALANCE	\N	\N	\N	\N	2025-11-26 13:47:11.817036+00	36	\N	\N	7
280	PRB-20251126134711-A0D8A0	PROFIT_COMMISSION	327.60	Profit rebate L1 from 8223456789 - Sistem Celenix	COMPLETED	BALANCE	\N	1	\N	\N	2025-11-26 13:47:11.898815+00	36	279	7	6
281	PRB-20251126134711-52C1A5	PROFIT_COMMISSION	187.20	Profit rebate L2 from 8223456789 - Sistem Celenix	COMPLETED	BALANCE	\N	2	\N	\N	2025-11-26 13:47:11.998546+00	36	279	7	5
282	PRB-20251126134712-B89874	PROFIT_COMMISSION	93.60	Profit rebate L3 from 8223456789 - Sistem Celenix	COMPLETED	BALANCE	\N	3	\N	\N	2025-11-26 13:47:12.090588+00	36	279	7	4
738	REG-16-1764582335	CREDIT	10000.00	Registration bonus	COMPLETED	BALANCE_DEPOSIT	\N	\N	\N	\N	2025-12-01 09:45:35.553888+00	\N	\N	\N	16
795	AUTO-20251202102756-816DFD	INTEREST	9000.00	Automatic profit from Exx 01 investment	COMPLETED	BALANCE	\N	\N	\N	\N	2025-12-02 10:27:56.84736+00	36	\N	\N	17
796	AUTO-20251202103257-1D8FEE	INTEREST	9000.00	Automatic profit from Exx 01 investment	COMPLETED	BALANCE	\N	\N	\N	\N	2025-12-02 10:32:57.823906+00	36	\N	\N	16
303	AUTO-20251126134714-FF2A7A	INTEREST	4680.00	Automatic profit from Sistem Celenix investment	COMPLETED	BALANCE	\N	\N	\N	\N	2025-11-26 13:47:14.699716+00	36	\N	\N	6
304	PRB-20251126134714-4E609F	PROFIT_COMMISSION	327.60	Profit rebate L1 from 81123456789 - Sistem Celenix	COMPLETED	BALANCE	\N	1	\N	\N	2025-11-26 13:47:14.765129+00	36	303	6	5
305	PRB-20251126134714-54773F	PROFIT_COMMISSION	187.20	Profit rebate L2 from 81123456789 - Sistem Celenix	COMPLETED	BALANCE	\N	2	\N	\N	2025-11-26 13:47:14.828619+00	36	303	6	4
306	PRB-20251126134714-6792FE	PROFIT_COMMISSION	93.60	Profit rebate L3 from 81123456789 - Sistem Celenix	COMPLETED	BALANCE	\N	3	\N	\N	2025-11-26 13:47:14.891824+00	36	303	6	3
327	AUTO-20251126134717-CBBA52	INTEREST	4680.00	Automatic profit from Sistem Celenix investment	COMPLETED	BALANCE	\N	\N	\N	\N	2025-11-26 13:47:17.168605+00	36	\N	\N	5
328	PRB-20251126134717-674D59	PROFIT_COMMISSION	327.60	Profit rebate L1 from 80123456789 - Sistem Celenix	COMPLETED	BALANCE	\N	1	\N	\N	2025-11-26 13:47:17.247606+00	36	327	5	4
329	PRB-20251126134717-5F8ED3	PROFIT_COMMISSION	187.20	Profit rebate L2 from 80123456789 - Sistem Celenix	COMPLETED	BALANCE	\N	2	\N	\N	2025-11-26 13:47:17.372426+00	36	327	5	3
330	PRB-20251126134717-5AB205	PROFIT_COMMISSION	93.60	Profit rebate L3 from 80123456789 - Sistem Celenix	COMPLETED	BALANCE	\N	3	\N	\N	2025-11-26 13:47:17.479331+00	36	327	5	2
331	AUTO-20251126134717-72DB56	INTEREST	4680.00	Automatic profit from Sistem Celenix investment	COMPLETED	BALANCE	\N	\N	\N	\N	2025-11-26 13:47:17.845682+00	36	\N	\N	3
332	PRB-20251126134717-91EECE	PROFIT_COMMISSION	327.60	Profit rebate L1 from 88585858585 - Sistem Celenix	COMPLETED	BALANCE	\N	1	\N	\N	2025-11-26 13:47:17.92509+00	36	331	3	2
333	PRB-20251126134717-ED1F2C	PROFIT_COMMISSION	187.20	Profit rebate L2 from 88585858585 - Sistem Celenix	COMPLETED	BALANCE	\N	2	\N	\N	2025-11-26 13:47:17.995788+00	36	331	3	1
739	REG-17-1764583437	CREDIT	10000.00	Registration bonus	COMPLETED	BALANCE_DEPOSIT	\N	\N	\N	\N	2025-12-01 10:03:57.385527+00	\N	\N	\N	17
797	AUTO-20251202104259-17CAED	INTEREST	9000.00	Automatic profit from Exx 01 investment	COMPLETED	BALANCE	\N	\N	\N	\N	2025-12-02 10:42:59.629168+00	36	\N	\N	18
336	AUTO-20251126134718-2D6839	INTEREST	4680.00	Automatic profit from Sistem Celenix investment	COMPLETED	BALANCE	\N	\N	\N	\N	2025-11-26 13:47:18.556357+00	36	\N	\N	2
337	PRB-20251126134718-C98DE9	PROFIT_COMMISSION	327.60	Profit rebate L1 from 89595959595 - Sistem Celenix	COMPLETED	BALANCE	\N	1	\N	\N	2025-11-26 13:47:18.62068+00	36	336	2	1
798	AUTO-20251202104800-30DB0E	INTEREST	9000.00	Automatic profit from Exx 01 investment	COMPLETED	BALANCE	\N	\N	\N	\N	2025-12-02 10:48:00.550154+00	36	\N	\N	19
806	REG-25-1764673128	CREDIT	10000.00	Registration bonus	COMPLETED	BALANCE_DEPOSIT	\N	\N	\N	\N	2025-12-02 10:58:48.680271+00	\N	\N	\N	25
808	PUR-20251202105930-7E1912	INVESTMENTS	45000.00	Purchase Exx 01 (x1)	COMPLETED	BALANCE_DEPOSIT	1	\N	\N	\N	2025-12-02 10:59:30.065181+00	36	\N	\N	25
809	REB-20251202105930-04F6ED	PURCHASE_COMMISSION	11250.00	Purchase rebate L1 from 857468464646 - Exx 01	COMPLETED	BALANCE	\N	1	\N	\N	2025-12-02 10:59:30.203248+00	36	808	25	23
810	REB-20251202105930-837AD0	PURCHASE_COMMISSION	900.00	Purchase rebate L2 from 857468464646 - Exx 01	COMPLETED	BALANCE	\N	2	\N	\N	2025-12-02 10:59:30.269139+00	36	808	25	19
811	REB-20251202105930-A20064	PURCHASE_COMMISSION	450.00	Purchase rebate L3 from 857468464646 - Exx 01	COMPLETED	BALANCE	\N	3	\N	\N	2025-12-02 10:59:30.335446+00	36	808	25	16
818	REG-27-1764673362	CREDIT	10000.00	Registration bonus	COMPLETED	BALANCE_DEPOSIT	\N	\N	\N	\N	2025-12-02 11:02:42.864286+00	\N	\N	\N	27
819	MSN-20251202110408-23-13	MISSIONS	25000.00	Mission reward: 3 orang tersisa untuk meningkatkan ke level berikutnya (x1)	COMPLETED	BALANCE	\N	\N	\N	\N	2025-12-02 11:04:08.531625+00	\N	\N	\N	23
362	AUTO-20251127134704-FF9AB4	INTEREST	4680.00	Automatic profit from Sistem Celenix investment	COMPLETED	BALANCE	\N	\N	\N	\N	2025-11-27 13:47:04.987005+00	36	\N	\N	4
363	PRB-20251127134705-1F9CF6	PROFIT_COMMISSION	327.60	Profit rebate L1 from 0800123456789 - Sistem Celenix	COMPLETED	BALANCE	\N	1	\N	\N	2025-11-27 13:47:05.036487+00	36	362	4	3
364	PRB-20251127134705-BCC92C	PROFIT_COMMISSION	187.20	Profit rebate L2 from 0800123456789 - Sistem Celenix	COMPLETED	BALANCE	\N	2	\N	\N	2025-11-27 13:47:05.11113+00	36	362	4	2
365	PRB-20251127134705-0CC021	PROFIT_COMMISSION	93.60	Profit rebate L3 from 0800123456789 - Sistem Celenix	COMPLETED	BALANCE	\N	3	\N	\N	2025-11-27 13:47:05.175652+00	36	362	4	1
740	VCH-20251201100422-7464ED	VOUCHER	5000.00	Voucher claim 000000	COMPLETED	BALANCE	\N	\N	2	000000	2025-12-01 10:04:22.523165+00	\N	\N	\N	17
741	ATT-20251201100428-F8EC35	ATTENDANCE	500.00	Daily attendance claim	COMPLETED	BALANCE	\N	\N	\N	\N	2025-12-01 10:04:28.98118+00	\N	\N	\N	17
742	ADM-BALANCE_DEPOSIT-17-1764584226	CREDIT	50000.00	Admin increased balance_deposit by 50000	COMPLETED	BALANCE_DEPOSIT	\N	\N	\N	\N	2025-12-01 10:17:06.373506+00	\N	\N	\N	17
749	ADM-BALANCE-16-1764584878	CREDIT	50000.00	Admin increased balance by 50000	COMPLETED	BALANCE	\N	\N	\N	\N	2025-12-01 10:27:58.688987+00	\N	\N	\N	16
750	ADM-BALANCE_DEPOSIT-16-1764584893	CREDIT	50000.00	Admin increased balance_deposit by 50000	COMPLETED	BALANCE_DEPOSIT	\N	\N	\N	\N	2025-12-01 10:28:13.045625+00	\N	\N	\N	16
751	PUR-20251201102830-DAD871	INVESTMENTS	45000.00	Purchase Exx 01 (x1)	COMPLETED	BALANCE_DEPOSIT	1	\N	\N	\N	2025-12-01 10:28:30.473429+00	36	\N	\N	16
752	REB-20251201102830-B72188	PURCHASE_COMMISSION	11250.00	Purchase rebate L1 from 082122425470 - Exx 01	COMPLETED	BALANCE	\N	1	\N	\N	2025-12-01 10:28:30.645699+00	36	751	16	14
753	REB-20251201102830-064785	PURCHASE_COMMISSION	900.00	Purchase rebate L2 from 082122425470 - Exx 01	COMPLETED	BALANCE	\N	2	\N	\N	2025-12-01 10:28:30.710191+00	36	751	16	9
754	REB-20251201102830-74D1AF	PURCHASE_COMMISSION	450.00	Purchase rebate L3 from 082122425470 - Exx 01	COMPLETED	BALANCE	\N	3	\N	\N	2025-12-01 10:28:30.795939+00	36	751	16	2
757	WD-43448CA808	WITHDRAW	66750.00	Withdrawal request	COMPLETED	BALANCE	\N	\N	\N	\N	2025-12-01 10:32:20.024867+00	\N	\N	\N	16
759	ADM-BALANCE_DEPOSIT-18-1764585485	CREDIT	35000.00	Admin increased balance_deposit by 35000	COMPLETED	BALANCE_DEPOSIT	\N	\N	\N	\N	2025-12-01 10:38:05.287707+00	\N	\N	\N	18
765	ADM-BALANCE_DEPOSIT-19-1764585788	CREDIT	35000.00	Admin increased balance_deposit by 35000	COMPLETED	BALANCE_DEPOSIT	\N	\N	\N	\N	2025-12-01 10:43:08.795198+00	\N	\N	\N	19
770	MSN-20251201104409-16-13	MISSIONS	25000.00	Mission reward: 3 orang tersisa untuk meningkatkan ke level berikutnya (x1)	COMPLETED	BALANCE	\N	\N	\N	\N	2025-12-01 10:44:09.749775+00	\N	\N	\N	16
799	REG-23-1764672814	CREDIT	10000.00	Registration bonus	COMPLETED	BALANCE_DEPOSIT	\N	\N	\N	\N	2025-12-02 10:53:34.839061+00	\N	\N	\N	23
800	REG-24-1764672918	CREDIT	10000.00	Registration bonus	COMPLETED	BALANCE_DEPOSIT	\N	\N	\N	\N	2025-12-02 10:55:18.936662+00	\N	\N	\N	24
801	ADM-BALANCE_DEPOSIT-24-1764672947	CREDIT	45000.00	Admin increased balance_deposit by 45000	COMPLETED	BALANCE_DEPOSIT	\N	\N	\N	\N	2025-12-02 10:55:47.251418+00	\N	\N	\N	24
802	PUR-20251202105601-FC7C09	INVESTMENTS	45000.00	Purchase Exx 01 (x1)	COMPLETED	BALANCE_DEPOSIT	1	\N	\N	\N	2025-12-02 10:56:01.768823+00	36	\N	\N	24
803	REB-20251202105601-A0A9CA	PURCHASE_COMMISSION	11250.00	Purchase rebate L1 from 8543484618 - Exx 01	COMPLETED	BALANCE	\N	1	\N	\N	2025-12-02 10:56:01.91584+00	36	802	24	23
386	AUTO-20251127135208-8CAD10	INTEREST	4680.00	Automatic profit from Sistem Celenix investment	COMPLETED	BALANCE	\N	\N	\N	\N	2025-11-27 13:52:08.154189+00	36	\N	\N	7
387	PRB-20251127135208-D18E6C	PROFIT_COMMISSION	327.60	Profit rebate L1 from 8223456789 - Sistem Celenix	COMPLETED	BALANCE	\N	1	\N	\N	2025-11-27 13:52:08.217881+00	36	386	7	6
388	PRB-20251127135208-D8F4AC	PROFIT_COMMISSION	187.20	Profit rebate L2 from 8223456789 - Sistem Celenix	COMPLETED	BALANCE	\N	2	\N	\N	2025-11-27 13:52:08.279776+00	36	386	7	5
389	PRB-20251127135208-889A73	PROFIT_COMMISSION	93.60	Profit rebate L3 from 8223456789 - Sistem Celenix	COMPLETED	BALANCE	\N	3	\N	\N	2025-11-27 13:52:08.341344+00	36	386	7	4
804	REB-20251202105601-546144	PURCHASE_COMMISSION	900.00	Purchase rebate L2 from 8543484618 - Exx 01	COMPLETED	BALANCE	\N	2	\N	\N	2025-12-02 10:56:01.988478+00	36	802	24	19
805	REB-20251202105602-B0FFB3	PURCHASE_COMMISSION	450.00	Purchase rebate L3 from 8543484618 - Exx 01	COMPLETED	BALANCE	\N	3	\N	\N	2025-12-02 10:56:02.079536+00	36	802	24	16
807	ADM-BALANCE_DEPOSIT-25-1764673162	CREDIT	35000.00	Admin increased balance_deposit by 35000	COMPLETED	BALANCE_DEPOSIT	\N	\N	\N	\N	2025-12-02 10:59:22.865983+00	\N	\N	\N	25
812	REG-26-1764673240	CREDIT	10000.00	Registration bonus	COMPLETED	BALANCE_DEPOSIT	\N	\N	\N	\N	2025-12-02 11:00:40.846316+00	\N	\N	\N	26
813	ADM-BALANCE_DEPOSIT-26-1764673262	CREDIT	35000.00	Admin increased balance_deposit by 35000	COMPLETED	BALANCE_DEPOSIT	\N	\N	\N	\N	2025-12-02 11:01:02.419993+00	\N	\N	\N	26
814	PUR-20251202110111-687668	INVESTMENTS	45000.00	Purchase Exx 01 (x1)	COMPLETED	BALANCE_DEPOSIT	1	\N	\N	\N	2025-12-02 11:01:11.434924+00	36	\N	\N	26
815	REB-20251202110111-A2F16C	PURCHASE_COMMISSION	11250.00	Purchase rebate L1 from 85731945734985 - Exx 01	COMPLETED	BALANCE	\N	1	\N	\N	2025-12-02 11:01:11.652187+00	36	814	26	23
816	REB-20251202110111-C8DC21	PURCHASE_COMMISSION	900.00	Purchase rebate L2 from 85731945734985 - Exx 01	COMPLETED	BALANCE	\N	2	\N	\N	2025-12-02 11:01:11.741449+00	36	814	26	19
817	REB-20251202110111-FB6128	PURCHASE_COMMISSION	450.00	Purchase rebate L3 from 85731945734985 - Exx 01	COMPLETED	BALANCE	\N	3	\N	\N	2025-12-02 11:01:11.80884+00	36	814	26	16
743	PUR-20251201102423-D06D99	INVESTMENTS	45000.00	Purchase Exx 01 (x1)	COMPLETED	BALANCE_DEPOSIT	1	\N	\N	\N	2025-12-01 10:24:23.281375+00	36	\N	\N	17
744	REB-20251201102423-2C1CDC	PURCHASE_COMMISSION	11250.00	Purchase rebate L1 from 082122425471 - Exx 01	COMPLETED	BALANCE	\N	1	\N	\N	2025-12-01 10:24:23.41559+00	36	743	17	16
745	REB-20251201102423-3FC2D2	PURCHASE_COMMISSION	900.00	Purchase rebate L2 from 082122425471 - Exx 01	COMPLETED	BALANCE	\N	2	\N	\N	2025-12-01 10:24:23.476032+00	36	743	17	14
410	AUTO-20251127135210-D2A3C7	INTEREST	4680.00	Automatic profit from Sistem Celenix investment	COMPLETED	BALANCE	\N	\N	\N	\N	2025-11-27 13:52:10.772279+00	36	\N	\N	6
411	PRB-20251127135210-BBD838	PROFIT_COMMISSION	327.60	Profit rebate L1 from 81123456789 - Sistem Celenix	COMPLETED	BALANCE	\N	1	\N	\N	2025-11-27 13:52:10.836362+00	36	410	6	5
412	PRB-20251127135210-E04A8A	PROFIT_COMMISSION	187.20	Profit rebate L2 from 81123456789 - Sistem Celenix	COMPLETED	BALANCE	\N	2	\N	\N	2025-11-27 13:52:10.898451+00	36	410	6	4
413	PRB-20251127135210-FDDEC3	PROFIT_COMMISSION	93.60	Profit rebate L3 from 81123456789 - Sistem Celenix	COMPLETED	BALANCE	\N	3	\N	\N	2025-11-27 13:52:10.96027+00	36	410	6	3
746	REB-20251201102423-038049	PURCHASE_COMMISSION	450.00	Purchase rebate L3 from 082122425471 - Exx 01	COMPLETED	BALANCE	\N	3	\N	\N	2025-12-01 10:24:23.550985+00	36	743	17	9
747	ATT-20251201102646-74CD56	ATTENDANCE	500.00	Daily attendance claim	COMPLETED	BALANCE	\N	\N	\N	\N	2025-12-01 10:26:46.288765+00	\N	\N	\N	16
748	VCH-20251201102715-CC3E78	VOUCHER	5000.00	Voucher claim 000000	COMPLETED	BALANCE	\N	\N	2	000000	2025-12-01 10:27:15.082136+00	\N	\N	\N	16
755	WD-647B14DE27	WITHDRAW	66750.00	Withdrawal request	REJECTED	BALANCE	\N	\N	\N	\N	2025-12-01 10:29:46.813381+00	\N	\N	\N	16
756	WDREF-123F299890	REJECT	66750.00	Withdrawal rejected - refund	COMPLETED	BALANCE	\N	\N	\N	\N	2025-12-01 10:30:05.83642+00	\N	755	\N	16
758	REG-18-1764585429	CREDIT	10000.00	Registration bonus	COMPLETED	BALANCE_DEPOSIT	\N	\N	\N	\N	2025-12-01 10:37:09.198162+00	\N	\N	\N	18
821	REG-28-1764680058	CREDIT	10000.00	Registration bonus	COMPLETED	BALANCE_DEPOSIT	\N	\N	\N	\N	2025-12-02 12:54:18.9542+00	\N	\N	\N	28
822	ADM-BALANCE_DEPOSIT-28-1764680080	CREDIT	35000.00	Admin increased balance_deposit by 35000	COMPLETED	BALANCE_DEPOSIT	\N	\N	\N	\N	2025-12-02 12:54:40.630176+00	\N	\N	\N	28
823	PUR-20251202125449-55EFAF	INVESTMENTS	45000.00	Purchase Exx 01 (x1)	COMPLETED	BALANCE_DEPOSIT	1	\N	\N	\N	2025-12-02 12:54:49.376502+00	36	\N	\N	28
824	REB-20251202125449-054486	PURCHASE_COMMISSION	11250.00	Purchase rebate L1 from 8576186464843 - Exx 01	COMPLETED	BALANCE	\N	1	\N	\N	2025-12-02 12:54:49.529601+00	36	823	28	23
825	REB-20251202125449-4F35B8	PURCHASE_COMMISSION	900.00	Purchase rebate L2 from 8576186464843 - Exx 01	COMPLETED	BALANCE	\N	2	\N	\N	2025-12-02 12:54:49.601143+00	36	823	28	19
826	REB-20251202125449-4BA796	PURCHASE_COMMISSION	450.00	Purchase rebate L3 from 8576186464843 - Exx 01	COMPLETED	BALANCE	\N	3	\N	\N	2025-12-02 12:54:49.667617+00	36	823	28	16
820	WD-34C76E09A3	WITHDRAW	58750.00	Withdrawal request	COMPLETED	BALANCE	\N	\N	\N	\N	2025-12-02 12:51:37.056129+00	\N	\N	\N	23
827	REG-29-1764680143	CREDIT	10000.00	Registration bonus	COMPLETED	BALANCE_DEPOSIT	\N	\N	\N	\N	2025-12-02 12:55:43.414458+00	\N	\N	\N	29
828	ADM-BALANCE_DEPOSIT-29-1764680171	CREDIT	35000.00	Admin increased balance_deposit by 35000	COMPLETED	BALANCE_DEPOSIT	\N	\N	\N	\N	2025-12-02 12:56:11.562008+00	\N	\N	\N	29
829	PUR-20251202125621-8E3F2F	INVESTMENTS	45000.00	Purchase Exx 01 (x1)	COMPLETED	BALANCE_DEPOSIT	1	\N	\N	\N	2025-12-02 12:56:21.061881+00	36	\N	\N	29
830	REB-20251202125621-CEE0B1	PURCHASE_COMMISSION	11250.00	Purchase rebate L1 from 8755484645 - Exx 01	COMPLETED	BALANCE	\N	1	\N	\N	2025-12-02 12:56:21.214931+00	36	829	29	23
831	REB-20251202125621-6178DD	PURCHASE_COMMISSION	900.00	Purchase rebate L2 from 8755484645 - Exx 01	COMPLETED	BALANCE	\N	2	\N	\N	2025-12-02 12:56:21.296234+00	36	829	29	19
434	AUTO-20251127135213-E5EF0C	INTEREST	4680.00	Automatic profit from Sistem Celenix investment	COMPLETED	BALANCE	\N	\N	\N	\N	2025-11-27 13:52:13.222328+00	36	\N	\N	5
435	PRB-20251127135213-EF502B	PROFIT_COMMISSION	327.60	Profit rebate L1 from 80123456789 - Sistem Celenix	COMPLETED	BALANCE	\N	1	\N	\N	2025-11-27 13:52:13.285371+00	36	434	5	4
436	PRB-20251127135213-687DC4	PROFIT_COMMISSION	187.20	Profit rebate L2 from 80123456789 - Sistem Celenix	COMPLETED	BALANCE	\N	2	\N	\N	2025-11-27 13:52:13.354153+00	36	434	5	3
437	PRB-20251127135213-1530BA	PROFIT_COMMISSION	93.60	Profit rebate L3 from 80123456789 - Sistem Celenix	COMPLETED	BALANCE	\N	3	\N	\N	2025-11-27 13:52:13.419555+00	36	434	5	2
438	AUTO-20251127135213-8FE954	INTEREST	4680.00	Automatic profit from Sistem Celenix investment	COMPLETED	BALANCE	\N	\N	\N	\N	2025-11-27 13:52:13.633213+00	36	\N	\N	3
439	PRB-20251127135213-EC05F1	PROFIT_COMMISSION	327.60	Profit rebate L1 from 88585858585 - Sistem Celenix	COMPLETED	BALANCE	\N	1	\N	\N	2025-11-27 13:52:13.689078+00	36	438	3	2
440	PRB-20251127135213-EA92A4	PROFIT_COMMISSION	187.20	Profit rebate L2 from 88585858585 - Sistem Celenix	COMPLETED	BALANCE	\N	2	\N	\N	2025-11-27 13:52:13.753219+00	36	438	3	1
832	REB-20251202125621-B59C59	PURCHASE_COMMISSION	450.00	Purchase rebate L3 from 8755484645 - Exx 01	COMPLETED	BALANCE	\N	3	\N	\N	2025-12-02 12:56:21.42262+00	36	829	29	16
835	PUR-20251202125747-D4137E	INVESTMENTS	45000.00	Purchase Exx 01 (x1)	COMPLETED	BALANCE_DEPOSIT	1	\N	\N	\N	2025-12-02 12:57:47.253668+00	36	\N	\N	30
443	AUTO-20251127135214-1DAD5A	INTEREST	4680.00	Automatic profit from Sistem Celenix investment	COMPLETED	BALANCE	\N	\N	\N	\N	2025-11-27 13:52:14.200775+00	36	\N	\N	2
444	PRB-20251127135214-ACE409	PROFIT_COMMISSION	327.60	Profit rebate L1 from 89595959595 - Sistem Celenix	COMPLETED	BALANCE	\N	1	\N	\N	2025-11-27 13:52:14.269338+00	36	443	2	1
836	REB-20251202125747-8D2E90	PURCHASE_COMMISSION	11250.00	Purchase rebate L1 from 8546348181316 - Exx 01	COMPLETED	BALANCE	\N	1	\N	\N	2025-12-02 12:57:47.713839+00	36	835	30	23
837	REB-20251202125747-5ABCAF	PURCHASE_COMMISSION	900.00	Purchase rebate L2 from 8546348181316 - Exx 01	COMPLETED	BALANCE	\N	2	\N	\N	2025-12-02 12:57:47.857344+00	36	835	30	19
838	REB-20251202125748-542C3E	PURCHASE_COMMISSION	450.00	Purchase rebate L3 from 8546348181316 - Exx 01	COMPLETED	BALANCE	\N	3	\N	\N	2025-12-02 12:57:48.043576+00	36	835	30	16
760	PUR-20251201103939-402A1C	INVESTMENTS	45000.00	Purchase Exx 01 (x1)	COMPLETED	BALANCE_DEPOSIT	1	\N	\N	\N	2025-12-01 10:39:39.781435+00	36	\N	\N	18
761	REB-20251201103939-75CCDD	PURCHASE_COMMISSION	11250.00	Purchase rebate L1 from 082122425472 - Exx 01	COMPLETED	BALANCE	\N	1	\N	\N	2025-12-01 10:39:39.943534+00	36	760	18	16
762	REB-20251201103940-9FD07B	PURCHASE_COMMISSION	900.00	Purchase rebate L2 from 082122425472 - Exx 01	COMPLETED	BALANCE	\N	2	\N	\N	2025-12-01 10:39:40.019845+00	36	760	18	14
763	REB-20251201103940-94FF64	PURCHASE_COMMISSION	450.00	Purchase rebate L3 from 082122425472 - Exx 01	COMPLETED	BALANCE	\N	3	\N	\N	2025-12-01 10:39:40.084259+00	36	760	18	9
764	REG-19-1764585655	CREDIT	10000.00	Registration bonus	COMPLETED	BALANCE_DEPOSIT	\N	\N	\N	\N	2025-12-01 10:40:55.979997+00	\N	\N	\N	19
766	PUR-20251201104336-0349B7	INVESTMENTS	45000.00	Purchase Exx 01 (x1)	COMPLETED	BALANCE_DEPOSIT	1	\N	\N	\N	2025-12-01 10:43:36.45025+00	36	\N	\N	19
767	REB-20251201104337-A924D6	PURCHASE_COMMISSION	11250.00	Purchase rebate L1 from 082122425473 - Exx 01	COMPLETED	BALANCE	\N	1	\N	\N	2025-12-01 10:43:37.193183+00	36	766	19	16
768	REB-20251201104337-264757	PURCHASE_COMMISSION	900.00	Purchase rebate L2 from 082122425473 - Exx 01	COMPLETED	BALANCE	\N	2	\N	\N	2025-12-01 10:43:37.328651+00	36	766	19	14
769	REB-20251201104337-2AE8B7	PURCHASE_COMMISSION	450.00	Purchase rebate L3 from 082122425473 - Exx 01	COMPLETED	BALANCE	\N	3	\N	\N	2025-12-01 10:43:37.489399+00	36	766	19	9
833	REG-30-1764680217	CREDIT	10000.00	Registration bonus	COMPLETED	BALANCE_DEPOSIT	\N	\N	\N	\N	2025-12-02 12:56:57.90263+00	\N	\N	\N	30
834	ADM-BALANCE_DEPOSIT-30-1764680256	CREDIT	35000.00	Admin increased balance_deposit by 35000	COMPLETED	BALANCE_DEPOSIT	\N	\N	\N	\N	2025-12-02 12:57:36.627951+00	\N	\N	\N	30
839	MSN-20251202125827-23-12	MISSIONS	50000.00	Mission reward: 6 orang tersisa untuk meningkatkan ke level berikutnya (x1)	COMPLETED	BALANCE	\N	\N	\N	\N	2025-12-02 12:58:27.447224+00	\N	\N	\N	23
469	AUTO-20251128135102-4578D0	INTEREST	4680.00	Automatic profit from Sistem Celenix investment	COMPLETED	BALANCE	\N	\N	\N	\N	2025-11-28 13:51:02.410838+00	36	\N	\N	4
470	PRB-20251128135102-DF7074	PROFIT_COMMISSION	327.60	Profit rebate L1 from 0800123456789 - Sistem Celenix	COMPLETED	BALANCE	\N	1	\N	\N	2025-11-28 13:51:02.967961+00	36	469	4	3
471	PRB-20251128135103-D43B61	PROFIT_COMMISSION	187.20	Profit rebate L2 from 0800123456789 - Sistem Celenix	COMPLETED	BALANCE	\N	2	\N	\N	2025-11-28 13:51:03.057841+00	36	469	4	2
472	PRB-20251128135103-0BCE39	PROFIT_COMMISSION	93.60	Profit rebate L3 from 0800123456789 - Sistem Celenix	COMPLETED	BALANCE	\N	3	\N	\N	2025-11-28 13:51:03.176811+00	36	469	4	1
840	ATT-20251202133326-C1F66F	ATTENDANCE	500.00	Daily attendance claim	COMPLETED	BALANCE	\N	\N	\N	\N	2025-12-02 13:33:26.614297+00	\N	\N	\N	23
493	AUTO-20251128135610-7136C2	INTEREST	4680.00	Automatic profit from Sistem Celenix investment	COMPLETED	BALANCE	\N	\N	\N	\N	2025-11-28 13:56:10.160352+00	36	\N	\N	7
494	PRB-20251128135610-87D68A	PROFIT_COMMISSION	327.60	Profit rebate L1 from 8223456789 - Sistem Celenix	COMPLETED	BALANCE	\N	1	\N	\N	2025-11-28 13:56:10.220415+00	36	493	7	6
495	PRB-20251128135610-4C7612	PROFIT_COMMISSION	187.20	Profit rebate L2 from 8223456789 - Sistem Celenix	COMPLETED	BALANCE	\N	2	\N	\N	2025-11-28 13:56:10.280479+00	36	493	7	5
496	PRB-20251128135610-9AC161	PROFIT_COMMISSION	93.60	Profit rebate L3 from 8223456789 - Sistem Celenix	COMPLETED	BALANCE	\N	3	\N	\N	2025-11-28 13:56:10.339792+00	36	493	7	4
517	AUTO-20251128135612-72ABC5	INTEREST	4680.00	Automatic profit from Sistem Celenix investment	COMPLETED	BALANCE	\N	\N	\N	\N	2025-11-28 13:56:12.758316+00	36	\N	\N	6
518	PRB-20251128135612-1BC1A1	PROFIT_COMMISSION	327.60	Profit rebate L1 from 81123456789 - Sistem Celenix	COMPLETED	BALANCE	\N	1	\N	\N	2025-11-28 13:56:12.817069+00	36	517	6	5
519	PRB-20251128135612-2D0E33	PROFIT_COMMISSION	187.20	Profit rebate L2 from 81123456789 - Sistem Celenix	COMPLETED	BALANCE	\N	2	\N	\N	2025-11-28 13:56:12.877737+00	36	517	6	4
520	PRB-20251128135612-BA5465	PROFIT_COMMISSION	93.60	Profit rebate L3 from 81123456789 - Sistem Celenix	COMPLETED	BALANCE	\N	3	\N	\N	2025-11-28 13:56:12.936491+00	36	517	6	3
841	AUTO-20251202135905-941A7F	INTEREST	4680.00	Automatic profit from Exx 01 investment	COMPLETED	BALANCE	\N	\N	\N	\N	2025-12-02 13:59:05.129895+00	36	\N	\N	4
842	AUTO-20251202140406-61BCFC	INTEREST	4680.00	Automatic profit from Exx 01 investment	COMPLETED	BALANCE	\N	\N	\N	\N	2025-12-02 14:04:06.238752+00	36	\N	\N	7
843	AUTO-20251202140406-DAC0F2	INTEREST	4680.00	Automatic profit from Exx 01 investment	COMPLETED	BALANCE	\N	\N	\N	\N	2025-12-02 14:04:06.597213+00	36	\N	\N	6
844	AUTO-20251202140406-F8087B	INTEREST	4680.00	Automatic profit from Exx 01 investment	COMPLETED	BALANCE	\N	\N	\N	\N	2025-12-02 14:04:06.961375+00	36	\N	\N	5
845	AUTO-20251202140407-1C3649	INTEREST	4680.00	Automatic profit from Exx 01 investment	COMPLETED	BALANCE	\N	\N	\N	\N	2025-12-02 14:04:07.265076+00	36	\N	\N	3
846	AUTO-20251202140407-887C77	INTEREST	4680.00	Automatic profit from Exx 01 investment	COMPLETED	BALANCE	\N	\N	\N	\N	2025-12-02 14:04:07.547886+00	36	\N	\N	2
541	AUTO-20251128135615-3F94BD	INTEREST	4680.00	Automatic profit from Sistem Celenix investment	COMPLETED	BALANCE	\N	\N	\N	\N	2025-11-28 13:56:15.190202+00	36	\N	\N	5
542	PRB-20251128135615-479129	PROFIT_COMMISSION	327.60	Profit rebate L1 from 80123456789 - Sistem Celenix	COMPLETED	BALANCE	\N	1	\N	\N	2025-11-28 13:56:15.249083+00	36	541	5	4
543	PRB-20251128135615-CAB100	PROFIT_COMMISSION	187.20	Profit rebate L2 from 80123456789 - Sistem Celenix	COMPLETED	BALANCE	\N	2	\N	\N	2025-11-28 13:56:15.309889+00	36	541	5	3
544	PRB-20251128135615-71308D	PROFIT_COMMISSION	93.60	Profit rebate L3 from 80123456789 - Sistem Celenix	COMPLETED	BALANCE	\N	3	\N	\N	2025-11-28 13:56:15.373876+00	36	541	5	2
545	AUTO-20251128135615-3BA152	INTEREST	4680.00	Automatic profit from Sistem Celenix investment	COMPLETED	BALANCE	\N	\N	\N	\N	2025-11-28 13:56:15.578345+00	36	\N	\N	3
546	PRB-20251128135615-EB4828	PROFIT_COMMISSION	327.60	Profit rebate L1 from 88585858585 - Sistem Celenix	COMPLETED	BALANCE	\N	1	\N	\N	2025-11-28 13:56:15.63729+00	36	545	3	2
547	PRB-20251128135615-CD0A46	PROFIT_COMMISSION	187.20	Profit rebate L2 from 88585858585 - Sistem Celenix	COMPLETED	BALANCE	\N	2	\N	\N	2025-11-28 13:56:15.741672+00	36	545	3	1
550	AUTO-20251128135616-7BCBC2	INTEREST	4680.00	Automatic profit from Sistem Celenix investment	COMPLETED	BALANCE	\N	\N	\N	\N	2025-11-28 13:56:16.321945+00	36	\N	\N	2
551	PRB-20251128135616-1CF0ED	PROFIT_COMMISSION	327.60	Profit rebate L1 from 89595959595 - Sistem Celenix	COMPLETED	BALANCE	\N	1	\N	\N	2025-11-28 13:56:16.404148+00	36	550	2	1
552	DEP-20251129093849-B1AE66	DEPOSIT	100000.00	Deposit via Jayapay (BALANCE_DEPOSIT)	PENDING	BALANCE_DEPOSIT	\N	\N	\N	\N	2025-11-29 09:38:49.678749+00	\N	\N	\N	2
847	AUTO-20251202144931-536C9D	INTEREST	300000.00	Automatic profit from Exx 07 investment	COMPLETED	BALANCE	\N	\N	\N	\N	2025-12-02 14:49:31.365936+00	6	\N	\N	2
848	AUTO-20251202144931-ED7EAB	INTEREST	520000.00	Automatic profit from Exx 08 investment	COMPLETED	BALANCE	\N	\N	\N	\N	2025-12-02 14:49:31.655447+00	7	\N	\N	2
849	REG-31-1764687201	CREDIT	10000.00	Registration bonus	COMPLETED	BALANCE_DEPOSIT	\N	\N	\N	\N	2025-12-02 14:53:21.93442+00	\N	\N	\N	31
577	AUTO-20251129135226-3176D8	INTEREST	4680.00	Automatic profit from Sistem Celenix investment	COMPLETED	BALANCE	\N	\N	\N	\N	2025-11-29 13:52:26.477277+00	36	\N	\N	4
578	PRB-20251129135226-08E009	PROFIT_COMMISSION	327.60	Profit rebate L1 from 0800123456789 - Sistem Celenix	COMPLETED	BALANCE	\N	1	\N	\N	2025-11-29 13:52:26.559596+00	36	577	4	3
579	PRB-20251129135226-CD2875	PROFIT_COMMISSION	187.20	Profit rebate L2 from 0800123456789 - Sistem Celenix	COMPLETED	BALANCE	\N	2	\N	\N	2025-11-29 13:52:26.629281+00	36	577	4	2
580	PRB-20251129135226-9302EC	PROFIT_COMMISSION	93.60	Profit rebate L3 from 0800123456789 - Sistem Celenix	COMPLETED	BALANCE	\N	3	\N	\N	2025-11-29 13:52:26.726393+00	36	577	4	1
601	AUTO-20251129135729-B6241D	INTEREST	4680.00	Automatic profit from Sistem Celenix investment	COMPLETED	BALANCE	\N	\N	\N	\N	2025-11-29 13:57:29.994219+00	36	\N	\N	7
602	PRB-20251129135730-391EC1	PROFIT_COMMISSION	327.60	Profit rebate L1 from 8223456789 - Sistem Celenix	COMPLETED	BALANCE	\N	1	\N	\N	2025-11-29 13:57:30.062335+00	36	601	7	6
603	PRB-20251129135730-907AB9	PROFIT_COMMISSION	187.20	Profit rebate L2 from 8223456789 - Sistem Celenix	COMPLETED	BALANCE	\N	2	\N	\N	2025-11-29 13:57:30.12781+00	36	601	7	5
604	PRB-20251129135730-A6A7D6	PROFIT_COMMISSION	93.60	Profit rebate L3 from 8223456789 - Sistem Celenix	COMPLETED	BALANCE	\N	3	\N	\N	2025-11-29 13:57:30.194034+00	36	601	7	4
850	AUTO-20251202153942-1DB958	INTEREST	9000.00	Automatic profit from Exx 01 investment	COMPLETED	BALANCE	\N	\N	\N	\N	2025-12-02 15:39:42.253886+00	36	\N	\N	10
851	AUTO-20251202154443-ACA571	INTEREST	9000.00	Automatic profit from Exx 01 investment	COMPLETED	BALANCE	\N	\N	\N	\N	2025-12-02 15:44:43.239037+00	36	\N	\N	9
852	AUTO-20251202154443-7D1F37	INTEREST	9000.00	Automatic profit from Exx 01 investment	COMPLETED	BALANCE	\N	\N	\N	\N	2025-12-02 15:44:43.735817+00	36	\N	\N	11
625	AUTO-20251129135732-1BFA90	INTEREST	4680.00	Automatic profit from Sistem Celenix investment	COMPLETED	BALANCE	\N	\N	\N	\N	2025-11-29 13:57:32.89144+00	36	\N	\N	6
626	PRB-20251129135732-1D8C53	PROFIT_COMMISSION	327.60	Profit rebate L1 from 81123456789 - Sistem Celenix	COMPLETED	BALANCE	\N	1	\N	\N	2025-11-29 13:57:32.954511+00	36	625	6	5
627	PRB-20251129135733-93E31B	PROFIT_COMMISSION	187.20	Profit rebate L2 from 81123456789 - Sistem Celenix	COMPLETED	BALANCE	\N	2	\N	\N	2025-11-29 13:57:33.01685+00	36	625	6	4
628	PRB-20251129135733-B695B9	PROFIT_COMMISSION	93.60	Profit rebate L3 from 81123456789 - Sistem Celenix	COMPLETED	BALANCE	\N	3	\N	\N	2025-11-29 13:57:33.079796+00	36	625	6	3
649	AUTO-20251129135735-0B844D	INTEREST	4680.00	Automatic profit from Sistem Celenix investment	COMPLETED	BALANCE	\N	\N	\N	\N	2025-11-29 13:57:35.435947+00	36	\N	\N	5
650	PRB-20251129135735-2E6FD5	PROFIT_COMMISSION	327.60	Profit rebate L1 from 80123456789 - Sistem Celenix	COMPLETED	BALANCE	\N	1	\N	\N	2025-11-29 13:57:35.507685+00	36	649	5	4
651	PRB-20251129135735-F8A3EB	PROFIT_COMMISSION	187.20	Profit rebate L2 from 80123456789 - Sistem Celenix	COMPLETED	BALANCE	\N	2	\N	\N	2025-11-29 13:57:35.575462+00	36	649	5	3
652	PRB-20251129135735-985DAD	PROFIT_COMMISSION	93.60	Profit rebate L3 from 80123456789 - Sistem Celenix	COMPLETED	BALANCE	\N	3	\N	\N	2025-11-29 13:57:35.640752+00	36	649	5	2
653	AUTO-20251129135735-B37831	INTEREST	4680.00	Automatic profit from Sistem Celenix investment	COMPLETED	BALANCE	\N	\N	\N	\N	2025-11-29 13:57:35.855425+00	36	\N	\N	3
654	PRB-20251129135735-201C48	PROFIT_COMMISSION	327.60	Profit rebate L1 from 88585858585 - Sistem Celenix	COMPLETED	BALANCE	\N	1	\N	\N	2025-11-29 13:57:35.921034+00	36	653	3	2
655	PRB-20251129135735-1DDFBA	PROFIT_COMMISSION	187.20	Profit rebate L2 from 88585858585 - Sistem Celenix	COMPLETED	BALANCE	\N	2	\N	\N	2025-11-29 13:57:35.986757+00	36	653	3	1
658	AUTO-20251129135736-66A6A9	INTEREST	4680.00	Automatic profit from Sistem Celenix investment	COMPLETED	BALANCE	\N	\N	\N	\N	2025-11-29 13:57:36.434613+00	36	\N	\N	2
659	PRB-20251129135736-04E7FC	PROFIT_COMMISSION	327.60	Profit rebate L1 from 89595959595 - Sistem Celenix	COMPLETED	BALANCE	\N	1	\N	\N	2025-11-29 13:57:36.498116+00	36	658	2	1
660	ATT-20251129200202-6E2664	ATTENDANCE	472.40	Daily attendance claim	COMPLETED	BALANCE	\N	\N	\N	\N	2025-11-29 20:02:02.717392+00	\N	\N	\N	2
661	DEP-20251130031220-E61609	DEPOSIT	30000.00	Deposit via Jayapay (BALANCE_DEPOSIT)	PENDING	BALANCE_DEPOSIT	\N	\N	\N	\N	2025-11-30 03:12:20.822687+00	\N	\N	\N	2
664	WD-861A13481A	WITHDRAW	100000.00	Withdrawal request	PENDING	BALANCE	\N	\N	\N	\N	2025-11-30 10:32:42.986899+00	\N	\N	\N	2
665	WD-484EB56D88	WITHDRAW	100000.00	Withdrawal request	PENDING	BALANCE	\N	\N	\N	\N	2025-11-30 10:39:21.800122+00	\N	\N	\N	2
11	REB-20251109173951-99333E	PURCHASE_COMMISSION	20991.60	Purchase rebate L1 from 89595959595 - Sistem Omnisurg	COMPLETED	BALANCE	\N	1	\N	\N	2025-11-09 17:39:51.482608+00	\N	10	2	1
17	CBK-20251109175906-B8E27A	CASHBACK	5997.60	Manual cashback claim 2.00% from Sistem Omnisurg purchase	COMPLETED	BALANCE	\N	\N	\N	\N	2025-11-09 17:59:06.477258+00	\N	10	\N	2
35	PUR-20251110022347-1F0F6D	INVESTMENTS	299880.00	Purchase Sistem Omnisurg (x1)	COMPLETED	BALANCE_DEPOSIT	1	\N	\N	\N	2025-11-10 02:23:47.253755+00	\N	\N	\N	5
36	REB-20251110022347-181F56	PURCHASE_COMMISSION	29988.00	Purchase rebate L1 from 80123456789 - Sistem Omnisurg	COMPLETED	BALANCE	\N	1	\N	\N	2025-11-10 02:23:47.257561+00	\N	35	5	4
37	REB-20251110022347-DBABA1	PURCHASE_COMMISSION	8996.40	Purchase rebate L2 from 80123456789 - Sistem Omnisurg	COMPLETED	BALANCE	\N	2	\N	\N	2025-11-10 02:23:47.258968+00	\N	35	5	3
38	REB-20251110022347-0C240D	PURCHASE_COMMISSION	5997.60	Purchase rebate L3 from 80123456789 - Sistem Omnisurg	COMPLETED	BALANCE	\N	3	\N	\N	2025-11-10 02:23:47.260175+00	\N	35	5	2
39	PUR-20251110022349-8F0F00	INVESTMENTS	566200.00	Purchase Sistem Lyvion (x1)	COMPLETED	BALANCE_DEPOSIT	1	\N	\N	\N	2025-11-10 02:23:49.916988+00	\N	\N	\N	5
40	REB-20251110022349-F061BA	PURCHASE_COMMISSION	56620.00	Purchase rebate L1 from 80123456789 - Sistem Lyvion	COMPLETED	BALANCE	\N	1	\N	\N	2025-11-10 02:23:49.921066+00	\N	39	5	4
41	REB-20251110022349-DC5275	PURCHASE_COMMISSION	16986.00	Purchase rebate L2 from 80123456789 - Sistem Lyvion	COMPLETED	BALANCE	\N	2	\N	\N	2025-11-10 02:23:49.922749+00	\N	39	5	3
42	REB-20251110022349-45D7ED	PURCHASE_COMMISSION	11324.00	Purchase rebate L3 from 80123456789 - Sistem Lyvion	COMPLETED	BALANCE	\N	3	\N	\N	2025-11-10 02:23:49.924255+00	\N	39	5	2
43	PUR-20251110022354-392F7E	INVESTMENTS	988000.00	Purchase Sistem Hermis (x1)	COMPLETED	BALANCE_DEPOSIT	1	\N	\N	\N	2025-11-10 02:23:54.761549+00	\N	\N	\N	5
44	REB-20251110022354-4956DB	PURCHASE_COMMISSION	98800.00	Purchase rebate L1 from 80123456789 - Sistem Hermis	COMPLETED	BALANCE	\N	1	\N	\N	2025-11-10 02:23:54.764928+00	\N	43	5	4
45	REB-20251110022354-421481	PURCHASE_COMMISSION	29640.00	Purchase rebate L2 from 80123456789 - Sistem Hermis	COMPLETED	BALANCE	\N	2	\N	\N	2025-11-10 02:23:54.766363+00	\N	43	5	3
46	REB-20251110022354-AAAF7A	PURCHASE_COMMISSION	19760.00	Purchase rebate L3 from 80123456789 - Sistem Hermis	COMPLETED	BALANCE	\N	3	\N	\N	2025-11-10 02:23:54.767883+00	\N	43	5	2
47	PUR-20251110022357-AB09D6	INVESTMENTS	1864500.00	Purchase Sistem Vitaris (x1)	COMPLETED	BALANCE_DEPOSIT	1	\N	\N	\N	2025-11-10 02:23:57.684557+00	\N	\N	\N	5
48	REB-20251110022357-C61A12	PURCHASE_COMMISSION	186450.00	Purchase rebate L1 from 80123456789 - Sistem Vitaris	COMPLETED	BALANCE	\N	1	\N	\N	2025-11-10 02:23:57.689084+00	\N	47	5	4
49	REB-20251110022357-A32626	PURCHASE_COMMISSION	55935.00	Purchase rebate L2 from 80123456789 - Sistem Vitaris	COMPLETED	BALANCE	\N	2	\N	\N	2025-11-10 02:23:57.690625+00	\N	47	5	3
50	REB-20251110022357-B5F6F5	PURCHASE_COMMISSION	37290.00	Purchase rebate L3 from 80123456789 - Sistem Vitaris	COMPLETED	BALANCE	\N	3	\N	\N	2025-11-10 02:23:57.692006+00	\N	47	5	2
51	PUR-20251110022400-81E433	INVESTMENTS	2777000.00	Purchase Sistem Surgena (x1)	COMPLETED	BALANCE_DEPOSIT	1	\N	\N	\N	2025-11-10 02:24:00.282084+00	\N	\N	\N	5
52	REB-20251110022400-BD5847	PURCHASE_COMMISSION	277700.00	Purchase rebate L1 from 80123456789 - Sistem Surgena	COMPLETED	BALANCE	\N	1	\N	\N	2025-11-10 02:24:00.286486+00	\N	51	5	4
53	REB-20251110022400-A7CC0C	PURCHASE_COMMISSION	83310.00	Purchase rebate L2 from 80123456789 - Sistem Surgena	COMPLETED	BALANCE	\N	2	\N	\N	2025-11-10 02:24:00.288027+00	\N	51	5	3
54	REB-20251110022400-B93E56	PURCHASE_COMMISSION	55540.00	Purchase rebate L3 from 80123456789 - Sistem Surgena	COMPLETED	BALANCE	\N	3	\N	\N	2025-11-10 02:24:00.289547+00	\N	51	5	2
56	CBK-20251110022411-95673D	CASHBACK	16986.00	Manual cashback claim 3.00% from Sistem Lyvion purchase	COMPLETED	BALANCE	\N	\N	\N	\N	2025-11-10 02:24:11.308009+00	\N	39	\N	5
58	CBK-20251110022414-5C4E69	CASHBACK	39520.00	Manual cashback claim 4.00% from Sistem Hermis purchase	COMPLETED	BALANCE	\N	\N	\N	\N	2025-11-10 02:24:14.093969+00	\N	43	\N	5
59	CBK-20251110022415-D8B071	CASHBACK	74580.00	Manual cashback claim 4.00% from Sistem Vitaris purchase	COMPLETED	BALANCE	\N	\N	\N	\N	2025-11-10 02:24:15.426973+00	\N	47	\N	5
60	CBK-20251110022416-3A75A4	CASHBACK	124965.00	Manual cashback claim 4.50% from Sistem Surgena purchase	COMPLETED	BALANCE	\N	\N	\N	\N	2025-11-10 02:24:16.501516+00	\N	51	\N	5
57	CBK-20251110022412-48CA52	CASHBACK	5997.60	Manual cashback claim 2.00% from Sistem Omnisurg purchase	COMPLETED	BALANCE	\N	\N	\N	\N	2025-11-10 02:24:12.652223+00	\N	35	\N	5
70	PUR-20251110022959-EBCE7E	INVESTMENTS	299880.00	Purchase Sistem Omnisurg (x1)	COMPLETED	BALANCE_DEPOSIT	1	\N	\N	\N	2025-11-10 02:29:59.397044+00	\N	\N	\N	6
71	REB-20251110022959-35E57A	PURCHASE_COMMISSION	29988.00	Purchase rebate L1 from 81123456789 - Sistem Omnisurg	COMPLETED	BALANCE	\N	1	\N	\N	2025-11-10 02:29:59.400789+00	\N	70	6	5
72	REB-20251110022959-FD06FB	PURCHASE_COMMISSION	8996.40	Purchase rebate L2 from 81123456789 - Sistem Omnisurg	COMPLETED	BALANCE	\N	2	\N	\N	2025-11-10 02:29:59.402252+00	\N	70	6	4
73	REB-20251110022959-AD2F41	PURCHASE_COMMISSION	5997.60	Purchase rebate L3 from 81123456789 - Sistem Omnisurg	COMPLETED	BALANCE	\N	3	\N	\N	2025-11-10 02:29:59.403571+00	\N	70	6	3
74	PUR-20251110023001-908129	INVESTMENTS	566200.00	Purchase Sistem Lyvion (x1)	COMPLETED	BALANCE_DEPOSIT	1	\N	\N	\N	2025-11-10 02:30:01.473991+00	\N	\N	\N	6
75	REB-20251110023001-BBA9F3	PURCHASE_COMMISSION	56620.00	Purchase rebate L1 from 81123456789 - Sistem Lyvion	COMPLETED	BALANCE	\N	1	\N	\N	2025-11-10 02:30:01.481146+00	\N	74	6	5
76	REB-20251110023001-F08C88	PURCHASE_COMMISSION	16986.00	Purchase rebate L2 from 81123456789 - Sistem Lyvion	COMPLETED	BALANCE	\N	2	\N	\N	2025-11-10 02:30:01.48435+00	\N	74	6	4
77	REB-20251110023001-85B6B4	PURCHASE_COMMISSION	11324.00	Purchase rebate L3 from 81123456789 - Sistem Lyvion	COMPLETED	BALANCE	\N	3	\N	\N	2025-11-10 02:30:01.48829+00	\N	74	6	3
78	PUR-20251110023005-0E6DAC	INVESTMENTS	988000.00	Purchase Sistem Hermis (x1)	COMPLETED	BALANCE_DEPOSIT	1	\N	\N	\N	2025-11-10 02:30:05.587902+00	\N	\N	\N	6
79	REB-20251110023005-402A31	PURCHASE_COMMISSION	98800.00	Purchase rebate L1 from 81123456789 - Sistem Hermis	COMPLETED	BALANCE	\N	1	\N	\N	2025-11-10 02:30:05.591485+00	\N	78	6	5
80	REB-20251110023005-5C9403	PURCHASE_COMMISSION	29640.00	Purchase rebate L2 from 81123456789 - Sistem Hermis	COMPLETED	BALANCE	\N	2	\N	\N	2025-11-10 02:30:05.592811+00	\N	78	6	4
81	REB-20251110023005-E7CF38	PURCHASE_COMMISSION	19760.00	Purchase rebate L3 from 81123456789 - Sistem Hermis	COMPLETED	BALANCE	\N	3	\N	\N	2025-11-10 02:30:05.594139+00	\N	78	6	3
82	PUR-20251110023008-C05212	INVESTMENTS	1864500.00	Purchase Sistem Vitaris (x1)	COMPLETED	BALANCE_DEPOSIT	1	\N	\N	\N	2025-11-10 02:30:08.351606+00	\N	\N	\N	6
83	REB-20251110023008-CFD789	PURCHASE_COMMISSION	186450.00	Purchase rebate L1 from 81123456789 - Sistem Vitaris	COMPLETED	BALANCE	\N	1	\N	\N	2025-11-10 02:30:08.354997+00	\N	82	6	5
84	REB-20251110023008-7AF99E	PURCHASE_COMMISSION	55935.00	Purchase rebate L2 from 81123456789 - Sistem Vitaris	COMPLETED	BALANCE	\N	2	\N	\N	2025-11-10 02:30:08.356529+00	\N	82	6	4
85	REB-20251110023008-48F7BD	PURCHASE_COMMISSION	37290.00	Purchase rebate L3 from 81123456789 - Sistem Vitaris	COMPLETED	BALANCE	\N	3	\N	\N	2025-11-10 02:30:08.359248+00	\N	82	6	3
86	PUR-20251110023010-8503A4	INVESTMENTS	2777000.00	Purchase Sistem Surgena (x1)	COMPLETED	BALANCE_DEPOSIT	1	\N	\N	\N	2025-11-10 02:30:10.783862+00	\N	\N	\N	6
87	REB-20251110023010-54FCAC	PURCHASE_COMMISSION	277700.00	Purchase rebate L1 from 81123456789 - Sistem Surgena	COMPLETED	BALANCE	\N	1	\N	\N	2025-11-10 02:30:10.787372+00	\N	86	6	5
88	REB-20251110023010-FA38B6	PURCHASE_COMMISSION	83310.00	Purchase rebate L2 from 81123456789 - Sistem Surgena	COMPLETED	BALANCE	\N	2	\N	\N	2025-11-10 02:30:10.788889+00	\N	86	6	4
89	REB-20251110023010-7FE5F2	PURCHASE_COMMISSION	55540.00	Purchase rebate L3 from 81123456789 - Sistem Surgena	COMPLETED	BALANCE	\N	3	\N	\N	2025-11-10 02:30:10.790392+00	\N	86	6	3
90	CBK-20251110023016-BBFFF2	CASHBACK	5997.60	Manual cashback claim 2.00% from Sistem Omnisurg purchase	COMPLETED	BALANCE	\N	\N	\N	\N	2025-11-10 02:30:16.67825+00	\N	70	\N	6
92	CBK-20251110023022-200A5C	CASHBACK	39520.00	Manual cashback claim 4.00% from Sistem Hermis purchase	COMPLETED	BALANCE	\N	\N	\N	\N	2025-11-10 02:30:22.830114+00	\N	78	\N	6
93	CBK-20251110023028-2D5263	CASHBACK	16986.00	Manual cashback claim 3.00% from Sistem Lyvion purchase	COMPLETED	BALANCE	\N	\N	\N	\N	2025-11-10 02:30:28.516886+00	\N	74	\N	6
94	CBK-20251110023031-70A205	CASHBACK	74580.00	Manual cashback claim 4.00% from Sistem Vitaris purchase	COMPLETED	BALANCE	\N	\N	\N	\N	2025-11-10 02:30:31.744526+00	\N	82	\N	6
95	CBK-20251110023033-28F0AB	CASHBACK	124965.00	Manual cashback claim 4.50% from Sistem Surgena purchase	COMPLETED	BALANCE	\N	\N	\N	\N	2025-11-10 02:30:33.034808+00	\N	86	\N	6
105	PUR-20251110023453-A0E768	INVESTMENTS	299880.00	Purchase Sistem Omnisurg (x1)	COMPLETED	BALANCE_DEPOSIT	1	\N	\N	\N	2025-11-10 02:34:53.869538+00	\N	\N	\N	7
106	REB-20251110023453-C8ED47	PURCHASE_COMMISSION	29988.00	Purchase rebate L1 from 8223456789 - Sistem Omnisurg	COMPLETED	BALANCE	\N	1	\N	\N	2025-11-10 02:34:53.872811+00	\N	105	7	6
107	REB-20251110023453-5C6D50	PURCHASE_COMMISSION	8996.40	Purchase rebate L2 from 8223456789 - Sistem Omnisurg	COMPLETED	BALANCE	\N	2	\N	\N	2025-11-10 02:34:53.874079+00	\N	105	7	5
108	REB-20251110023453-7F1A7A	PURCHASE_COMMISSION	5997.60	Purchase rebate L3 from 8223456789 - Sistem Omnisurg	COMPLETED	BALANCE	\N	3	\N	\N	2025-11-10 02:34:53.875211+00	\N	105	7	4
109	PUR-20251110023456-44972F	INVESTMENTS	566200.00	Purchase Sistem Lyvion (x1)	COMPLETED	BALANCE_DEPOSIT	1	\N	\N	\N	2025-11-10 02:34:56.252145+00	\N	\N	\N	7
110	REB-20251110023456-7E3BB4	PURCHASE_COMMISSION	56620.00	Purchase rebate L1 from 8223456789 - Sistem Lyvion	COMPLETED	BALANCE	\N	1	\N	\N	2025-11-10 02:34:56.256004+00	\N	109	7	6
111	REB-20251110023456-B92C8D	PURCHASE_COMMISSION	16986.00	Purchase rebate L2 from 8223456789 - Sistem Lyvion	COMPLETED	BALANCE	\N	2	\N	\N	2025-11-10 02:34:56.257431+00	\N	109	7	5
112	REB-20251110023456-BC20CC	PURCHASE_COMMISSION	11324.00	Purchase rebate L3 from 8223456789 - Sistem Lyvion	COMPLETED	BALANCE	\N	3	\N	\N	2025-11-10 02:34:56.258962+00	\N	109	7	4
113	PUR-20251110023458-193954	INVESTMENTS	988000.00	Purchase Sistem Hermis (x1)	COMPLETED	BALANCE_DEPOSIT	1	\N	\N	\N	2025-11-10 02:34:58.671722+00	\N	\N	\N	7
114	REB-20251110023458-A52089	PURCHASE_COMMISSION	98800.00	Purchase rebate L1 from 8223456789 - Sistem Hermis	COMPLETED	BALANCE	\N	1	\N	\N	2025-11-10 02:34:58.675318+00	\N	113	7	6
115	REB-20251110023458-273AE0	PURCHASE_COMMISSION	29640.00	Purchase rebate L2 from 8223456789 - Sistem Hermis	COMPLETED	BALANCE	\N	2	\N	\N	2025-11-10 02:34:58.67675+00	\N	113	7	5
116	REB-20251110023458-F659E3	PURCHASE_COMMISSION	19760.00	Purchase rebate L3 from 8223456789 - Sistem Hermis	COMPLETED	BALANCE	\N	3	\N	\N	2025-11-10 02:34:58.678173+00	\N	113	7	4
117	PUR-20251110023500-BF5298	INVESTMENTS	1864500.00	Purchase Sistem Vitaris (x1)	COMPLETED	BALANCE_DEPOSIT	1	\N	\N	\N	2025-11-10 02:35:00.966496+00	\N	\N	\N	7
118	REB-20251110023500-138224	PURCHASE_COMMISSION	186450.00	Purchase rebate L1 from 8223456789 - Sistem Vitaris	COMPLETED	BALANCE	\N	1	\N	\N	2025-11-10 02:35:00.971452+00	\N	117	7	6
119	REB-20251110023500-1CAE07	PURCHASE_COMMISSION	55935.00	Purchase rebate L2 from 8223456789 - Sistem Vitaris	COMPLETED	BALANCE	\N	2	\N	\N	2025-11-10 02:35:00.972783+00	\N	117	7	5
120	REB-20251110023500-F0462D	PURCHASE_COMMISSION	37290.00	Purchase rebate L3 from 8223456789 - Sistem Vitaris	COMPLETED	BALANCE	\N	3	\N	\N	2025-11-10 02:35:00.974442+00	\N	117	7	4
121	PUR-20251110023503-04627E	INVESTMENTS	2777000.00	Purchase Sistem Surgena (x1)	COMPLETED	BALANCE_DEPOSIT	1	\N	\N	\N	2025-11-10 02:35:03.089176+00	\N	\N	\N	7
122	REB-20251110023503-F30511	PURCHASE_COMMISSION	277700.00	Purchase rebate L1 from 8223456789 - Sistem Surgena	COMPLETED	BALANCE	\N	1	\N	\N	2025-11-10 02:35:03.093223+00	\N	121	7	6
123	REB-20251110023503-DC8C0B	PURCHASE_COMMISSION	83310.00	Purchase rebate L2 from 8223456789 - Sistem Surgena	COMPLETED	BALANCE	\N	2	\N	\N	2025-11-10 02:35:03.094691+00	\N	121	7	5
124	REB-20251110023503-A81F9C	PURCHASE_COMMISSION	55540.00	Purchase rebate L3 from 8223456789 - Sistem Surgena	COMPLETED	BALANCE	\N	3	\N	\N	2025-11-10 02:35:03.096186+00	\N	121	7	4
125	CBK-20251110023511-2268CA	CASHBACK	124965.00	Manual cashback claim 4.50% from Sistem Surgena purchase	COMPLETED	BALANCE	\N	\N	\N	\N	2025-11-10 02:35:11.575177+00	\N	121	\N	7
126	CBK-20251110023512-DB41F1	CASHBACK	74580.00	Manual cashback claim 4.00% from Sistem Vitaris purchase	COMPLETED	BALANCE	\N	\N	\N	\N	2025-11-10 02:35:12.857748+00	\N	117	\N	7
128	CBK-20251110023515-5E15F7	CASHBACK	16986.00	Manual cashback claim 3.00% from Sistem Lyvion purchase	COMPLETED	BALANCE	\N	\N	\N	\N	2025-11-10 02:35:15.704918+00	\N	109	\N	7
127	CBK-20251110023513-1D5705	CASHBACK	39520.00	Manual cashback claim 4.00% from Sistem Hermis purchase	COMPLETED	BALANCE	\N	\N	\N	\N	2025-11-10 02:35:13.976707+00	\N	113	\N	7
129	CBK-20251110023518-60D473	CASHBACK	5997.60	Manual cashback claim 2.00% from Sistem Omnisurg purchase	COMPLETED	BALANCE	\N	\N	\N	\N	2025-11-10 02:35:18.827082+00	\N	105	\N	7
163	CBK-20251110024827-5B5386	CASHBACK	74580.00	Manual cashback claim 4.00% from Sistem Vitaris purchase	COMPLETED	BALANCE	\N	\N	\N	\N	2025-11-10 02:48:27.054236+00	\N	154	\N	4
142	PUR-20251110024753-2336C9	INVESTMENTS	299880.00	Purchase Sistem Omnisurg (x1)	COMPLETED	BALANCE_DEPOSIT	1	\N	\N	\N	2025-11-10 02:47:53.242489+00	\N	\N	\N	4
143	REB-20251110024753-5D1607	PURCHASE_COMMISSION	29988.00	Purchase rebate L1 from 0800123456789 - Sistem Omnisurg	COMPLETED	BALANCE	\N	1	\N	\N	2025-11-10 02:47:53.246216+00	\N	142	4	3
144	REB-20251110024753-35FE15	PURCHASE_COMMISSION	8996.40	Purchase rebate L2 from 0800123456789 - Sistem Omnisurg	COMPLETED	BALANCE	\N	2	\N	\N	2025-11-10 02:47:53.247684+00	\N	142	4	2
145	REB-20251110024753-F94C59	PURCHASE_COMMISSION	5997.60	Purchase rebate L3 from 0800123456789 - Sistem Omnisurg	COMPLETED	BALANCE	\N	3	\N	\N	2025-11-10 02:47:53.249119+00	\N	142	4	1
146	PUR-20251110024755-68E8E7	INVESTMENTS	566200.00	Purchase Sistem Lyvion (x1)	COMPLETED	BALANCE_DEPOSIT	1	\N	\N	\N	2025-11-10 02:47:55.837092+00	\N	\N	\N	4
147	REB-20251110024755-A5D0F0	PURCHASE_COMMISSION	56620.00	Purchase rebate L1 from 0800123456789 - Sistem Lyvion	COMPLETED	BALANCE	\N	1	\N	\N	2025-11-10 02:47:55.843369+00	\N	146	4	3
148	REB-20251110024755-43CE16	PURCHASE_COMMISSION	16986.00	Purchase rebate L2 from 0800123456789 - Sistem Lyvion	COMPLETED	BALANCE	\N	2	\N	\N	2025-11-10 02:47:55.845199+00	\N	146	4	2
149	REB-20251110024755-A5940B	PURCHASE_COMMISSION	11324.00	Purchase rebate L3 from 0800123456789 - Sistem Lyvion	COMPLETED	BALANCE	\N	3	\N	\N	2025-11-10 02:47:55.846899+00	\N	146	4	1
150	PUR-20251110024758-7EC1D9	INVESTMENTS	988000.00	Purchase Sistem Hermis (x1)	COMPLETED	BALANCE_DEPOSIT	1	\N	\N	\N	2025-11-10 02:47:58.118409+00	\N	\N	\N	4
151	REB-20251110024758-A834E3	PURCHASE_COMMISSION	98800.00	Purchase rebate L1 from 0800123456789 - Sistem Hermis	COMPLETED	BALANCE	\N	1	\N	\N	2025-11-10 02:47:58.123428+00	\N	150	4	3
152	REB-20251110024758-AC12F1	PURCHASE_COMMISSION	29640.00	Purchase rebate L2 from 0800123456789 - Sistem Hermis	COMPLETED	BALANCE	\N	2	\N	\N	2025-11-10 02:47:58.124932+00	\N	150	4	2
153	REB-20251110024758-55B85B	PURCHASE_COMMISSION	19760.00	Purchase rebate L3 from 0800123456789 - Sistem Hermis	COMPLETED	BALANCE	\N	3	\N	\N	2025-11-10 02:47:58.126532+00	\N	150	4	1
154	PUR-20251110024800-9226A4	INVESTMENTS	1864500.00	Purchase Sistem Vitaris (x1)	COMPLETED	BALANCE_DEPOSIT	1	\N	\N	\N	2025-11-10 02:48:00.493726+00	\N	\N	\N	4
155	REB-20251110024800-0F913B	PURCHASE_COMMISSION	186450.00	Purchase rebate L1 from 0800123456789 - Sistem Vitaris	COMPLETED	BALANCE	\N	1	\N	\N	2025-11-10 02:48:00.498101+00	\N	154	4	3
156	REB-20251110024800-0BB790	PURCHASE_COMMISSION	55935.00	Purchase rebate L2 from 0800123456789 - Sistem Vitaris	COMPLETED	BALANCE	\N	2	\N	\N	2025-11-10 02:48:00.499549+00	\N	154	4	2
157	REB-20251110024800-2FBC11	PURCHASE_COMMISSION	37290.00	Purchase rebate L3 from 0800123456789 - Sistem Vitaris	COMPLETED	BALANCE	\N	3	\N	\N	2025-11-10 02:48:00.500925+00	\N	154	4	1
158	PUR-20251110024802-F0ED80	INVESTMENTS	2777000.00	Purchase Sistem Surgena (x1)	COMPLETED	BALANCE_DEPOSIT	1	\N	\N	\N	2025-11-10 02:48:02.760864+00	\N	\N	\N	4
159	REB-20251110024802-2AC235	PURCHASE_COMMISSION	277700.00	Purchase rebate L1 from 0800123456789 - Sistem Surgena	COMPLETED	BALANCE	\N	1	\N	\N	2025-11-10 02:48:02.76433+00	\N	158	4	3
160	REB-20251110024802-27773A	PURCHASE_COMMISSION	83310.00	Purchase rebate L2 from 0800123456789 - Sistem Surgena	COMPLETED	BALANCE	\N	2	\N	\N	2025-11-10 02:48:02.76614+00	\N	158	4	2
161	REB-20251110024802-A8CFDD	PURCHASE_COMMISSION	55540.00	Purchase rebate L3 from 0800123456789 - Sistem Surgena	COMPLETED	BALANCE	\N	3	\N	\N	2025-11-10 02:48:02.767907+00	\N	158	4	1
162	CBK-20251110024825-24BCC0	CASHBACK	124965.00	Manual cashback claim 4.50% from Sistem Surgena purchase	COMPLETED	BALANCE	\N	\N	\N	\N	2025-11-10 02:48:25.881638+00	\N	158	\N	4
164	CBK-20251110024828-C76ABC	CASHBACK	39520.00	Manual cashback claim 4.00% from Sistem Hermis purchase	COMPLETED	BALANCE	\N	\N	\N	\N	2025-11-10 02:48:28.083036+00	\N	150	\N	4
165	CBK-20251110024831-920F9A	CASHBACK	16986.00	Manual cashback claim 3.00% from Sistem Lyvion purchase	COMPLETED	BALANCE	\N	\N	\N	\N	2025-11-10 02:48:31.085992+00	\N	146	\N	4
166	CBK-20251110024834-E068B7	CASHBACK	5997.60	Manual cashback claim 2.00% from Sistem Omnisurg purchase	COMPLETED	BALANCE	\N	\N	\N	\N	2025-11-10 02:48:34.417059+00	\N	142	\N	4
174	PUR-20251110055739-B9F7EF	INVESTMENTS	566200.00	Purchase Sistem Lyvion (x1)	COMPLETED	BALANCE_DEPOSIT	1	\N	\N	\N	2025-11-10 05:57:39.116594+00	\N	\N	\N	2
175	REB-20251110055739-A08808	PURCHASE_COMMISSION	56620.00	Purchase rebate L1 from 89595959595 - Sistem Lyvion	COMPLETED	BALANCE	\N	1	\N	\N	2025-11-10 05:57:39.120044+00	\N	174	2	1
176	CBK-20251110055747-20CE33	CASHBACK	16986.00	Manual cashback claim 3.00% from Sistem Lyvion purchase	COMPLETED	BALANCE	\N	\N	\N	\N	2025-11-10 05:57:47.07323+00	\N	174	\N	2
177	PUR-20251110055834-478B45	INVESTMENTS	988000.00	Purchase Sistem Hermis (x1)	COMPLETED	BALANCE_DEPOSIT	1	\N	\N	\N	2025-11-10 05:58:34.574433+00	\N	\N	\N	2
178	REB-20251110055834-D25AA4	PURCHASE_COMMISSION	98800.00	Purchase rebate L1 from 89595959595 - Sistem Hermis	COMPLETED	BALANCE	\N	1	\N	\N	2025-11-10 05:58:34.577576+00	\N	177	2	1
179	CBK-20251110055845-09F735	CASHBACK	39520.00	Manual cashback claim 4.00% from Sistem Hermis purchase	COMPLETED	BALANCE	\N	\N	\N	\N	2025-11-10 05:58:45.713608+00	\N	177	\N	2
183	AUTO-20251126134651-16C28D	INTEREST	39520.00	Automatic profit from Sistem Hermis investment	COMPLETED	BALANCE	\N	\N	\N	\N	2025-11-26 13:46:51.101377+00	\N	\N	\N	2
184	PRB-20251126134651-1A4B36	PROFIT_COMMISSION	2766.40	Profit rebate L1 from 89595959595 - Sistem Hermis	COMPLETED	BALANCE	\N	1	\N	\N	2025-11-26 13:46:51.205841+00	\N	183	2	1
185	AUTO-20251126134651-AF6A00	INTEREST	22648.00	Automatic profit from Sistem Lyvion investment	COMPLETED	BALANCE	\N	\N	\N	\N	2025-11-26 13:46:51.397513+00	\N	\N	\N	2
186	PRB-20251126134651-F7E454	PROFIT_COMMISSION	1585.36	Profit rebate L1 from 89595959595 - Sistem Lyvion	COMPLETED	BALANCE	\N	1	\N	\N	2025-11-26 13:46:51.458526+00	\N	185	2	1
187	AUTO-20251126134651-3BA3E0	INTEREST	111080.00	Automatic profit from Sistem Surgena investment	COMPLETED	BALANCE	\N	\N	\N	\N	2025-11-26 13:46:51.638524+00	\N	\N	\N	4
188	PRB-20251126134651-0BE58E	PROFIT_COMMISSION	7775.60	Profit rebate L1 from 0800123456789 - Sistem Surgena	COMPLETED	BALANCE	\N	1	\N	\N	2025-11-26 13:46:51.73624+00	\N	187	4	3
189	PRB-20251126134651-DBDDE8	PROFIT_COMMISSION	4443.20	Profit rebate L2 from 0800123456789 - Sistem Surgena	COMPLETED	BALANCE	\N	2	\N	\N	2025-11-26 13:46:51.832941+00	\N	187	4	2
190	PRB-20251126134651-FB2511	PROFIT_COMMISSION	2221.60	Profit rebate L3 from 0800123456789 - Sistem Surgena	COMPLETED	BALANCE	\N	3	\N	\N	2025-11-26 13:46:51.892645+00	\N	187	4	1
195	AUTO-20251126134652-9358D5	INTEREST	74580.00	Automatic profit from Sistem Vitaris investment	COMPLETED	BALANCE	\N	\N	\N	\N	2025-11-26 13:46:52.83444+00	\N	\N	\N	4
196	PRB-20251126134652-7A69F3	PROFIT_COMMISSION	5220.60	Profit rebate L1 from 0800123456789 - Sistem Vitaris	COMPLETED	BALANCE	\N	1	\N	\N	2025-11-26 13:46:52.897488+00	\N	195	4	3
197	PRB-20251126134653-6D62A2	PROFIT_COMMISSION	2983.20	Profit rebate L2 from 0800123456789 - Sistem Vitaris	COMPLETED	BALANCE	\N	2	\N	\N	2025-11-26 13:46:53.219768+00	\N	195	4	2
198	PRB-20251126134653-B08666	PROFIT_COMMISSION	1491.60	Profit rebate L3 from 0800123456789 - Sistem Vitaris	COMPLETED	BALANCE	\N	3	\N	\N	2025-11-26 13:46:53.316446+00	\N	195	4	1
203	AUTO-20251126134654-0AB72A	INTEREST	39520.00	Automatic profit from Sistem Hermis investment	COMPLETED	BALANCE	\N	\N	\N	\N	2025-11-26 13:46:54.144652+00	\N	\N	\N	4
204	PRB-20251126134654-D323D8	PROFIT_COMMISSION	2766.40	Profit rebate L1 from 0800123456789 - Sistem Hermis	COMPLETED	BALANCE	\N	1	\N	\N	2025-11-26 13:46:54.232701+00	\N	203	4	3
205	PRB-20251126134654-944834	PROFIT_COMMISSION	1580.80	Profit rebate L2 from 0800123456789 - Sistem Hermis	COMPLETED	BALANCE	\N	2	\N	\N	2025-11-26 13:46:54.299176+00	\N	203	4	2
206	PRB-20251126134654-952880	PROFIT_COMMISSION	790.40	Profit rebate L3 from 0800123456789 - Sistem Hermis	COMPLETED	BALANCE	\N	3	\N	\N	2025-11-26 13:46:54.392545+00	\N	203	4	1
219	AUTO-20251126134655-C0A709	INTEREST	11995.20	Automatic profit from Sistem Omnisurg investment	COMPLETED	BALANCE	\N	\N	\N	\N	2025-11-26 13:46:55.954479+00	\N	\N	\N	4
220	PRB-20251126134656-066A6C	PROFIT_COMMISSION	839.66	Profit rebate L1 from 0800123456789 - Sistem Omnisurg	COMPLETED	BALANCE	\N	1	\N	\N	2025-11-26 13:46:56.019146+00	\N	219	4	3
221	PRB-20251126134656-273625	PROFIT_COMMISSION	479.81	Profit rebate L2 from 0800123456789 - Sistem Omnisurg	COMPLETED	BALANCE	\N	2	\N	\N	2025-11-26 13:46:56.081586+00	\N	219	4	2
222	PRB-20251126134656-229B41	PROFIT_COMMISSION	239.90	Profit rebate L3 from 0800123456789 - Sistem Omnisurg	COMPLETED	BALANCE	\N	3	\N	\N	2025-11-26 13:46:56.142526+00	\N	219	4	1
232	AUTO-20251126134656-8AE524	INTEREST	111080.00	Automatic profit from Sistem Surgena investment	COMPLETED	BALANCE	\N	\N	\N	\N	2025-11-26 13:46:56.980736+00	\N	\N	\N	7
234	PRB-20251126134657-61147C	PROFIT_COMMISSION	7775.60	Profit rebate L1 from 8223456789 - Sistem Surgena	COMPLETED	BALANCE	\N	1	\N	\N	2025-11-26 13:46:57.042871+00	\N	232	7	6
236	PRB-20251126134657-C64986	PROFIT_COMMISSION	4443.20	Profit rebate L2 from 8223456789 - Sistem Surgena	COMPLETED	BALANCE	\N	2	\N	\N	2025-11-26 13:46:57.115661+00	\N	232	7	5
238	PRB-20251126134658-219783	PROFIT_COMMISSION	2221.60	Profit rebate L3 from 8223456789 - Sistem Surgena	COMPLETED	BALANCE	\N	3	\N	\N	2025-11-26 13:46:58.690776+00	\N	232	7	4
243	AUTO-20251126134659-E7CF74	INTEREST	74580.00	Automatic profit from Sistem Vitaris investment	COMPLETED	BALANCE	\N	\N	\N	\N	2025-11-26 13:46:59.444368+00	\N	\N	\N	7
244	PRB-20251126134659-245BA2	PROFIT_COMMISSION	5220.60	Profit rebate L1 from 8223456789 - Sistem Vitaris	COMPLETED	BALANCE	\N	1	\N	\N	2025-11-26 13:46:59.520699+00	\N	243	7	6
245	PRB-20251126134659-DF2CA1	PROFIT_COMMISSION	2983.20	Profit rebate L2 from 8223456789 - Sistem Vitaris	COMPLETED	BALANCE	\N	2	\N	\N	2025-11-26 13:46:59.603344+00	\N	243	7	5
246	PRB-20251126134700-66DEA7	PROFIT_COMMISSION	1491.60	Profit rebate L3 from 8223456789 - Sistem Vitaris	COMPLETED	BALANCE	\N	3	\N	\N	2025-11-26 13:47:00.168122+00	\N	243	7	4
251	AUTO-20251126134700-D37C29	INTEREST	39520.00	Automatic profit from Sistem Hermis investment	COMPLETED	BALANCE	\N	\N	\N	\N	2025-11-26 13:47:00.752363+00	\N	\N	\N	7
252	PRB-20251126134700-0C1C0B	PROFIT_COMMISSION	2766.40	Profit rebate L1 from 8223456789 - Sistem Hermis	COMPLETED	BALANCE	\N	1	\N	\N	2025-11-26 13:47:00.814561+00	\N	251	7	6
253	PRB-20251126134700-AA48F5	PROFIT_COMMISSION	1580.80	Profit rebate L2 from 8223456789 - Sistem Hermis	COMPLETED	BALANCE	\N	2	\N	\N	2025-11-26 13:47:00.873612+00	\N	251	7	5
254	PRB-20251126134700-39181C	PROFIT_COMMISSION	790.40	Profit rebate L3 from 8223456789 - Sistem Hermis	COMPLETED	BALANCE	\N	3	\N	\N	2025-11-26 13:47:00.934094+00	\N	251	7	4
259	AUTO-20251126134701-4FDDF8	INTEREST	22648.00	Automatic profit from Sistem Lyvion investment	COMPLETED	BALANCE	\N	\N	\N	\N	2025-11-26 13:47:01.754865+00	\N	\N	\N	7
260	PRB-20251126134701-5D1D27	PROFIT_COMMISSION	1585.36	Profit rebate L1 from 8223456789 - Sistem Lyvion	COMPLETED	BALANCE	\N	1	\N	\N	2025-11-26 13:47:01.808776+00	\N	259	7	6
261	PRB-20251126134701-5A5B6C	PROFIT_COMMISSION	905.92	Profit rebate L2 from 8223456789 - Sistem Lyvion	COMPLETED	BALANCE	\N	2	\N	\N	2025-11-26 13:47:01.882903+00	\N	259	7	5
262	PRB-20251126134701-57B111	PROFIT_COMMISSION	452.96	Profit rebate L3 from 8223456789 - Sistem Lyvion	COMPLETED	BALANCE	\N	3	\N	\N	2025-11-26 13:47:01.945614+00	\N	259	7	4
267	AUTO-20251126134702-5FD2C0	INTEREST	11995.20	Automatic profit from Sistem Omnisurg investment	COMPLETED	BALANCE	\N	\N	\N	\N	2025-11-26 13:47:02.517061+00	\N	\N	\N	7
268	PRB-20251126134702-9B115E	PROFIT_COMMISSION	839.66	Profit rebate L1 from 8223456789 - Sistem Omnisurg	COMPLETED	BALANCE	\N	1	\N	\N	2025-11-26 13:47:02.56792+00	\N	267	7	6
269	PRB-20251126134702-090922	PROFIT_COMMISSION	479.81	Profit rebate L2 from 8223456789 - Sistem Omnisurg	COMPLETED	BALANCE	\N	2	\N	\N	2025-11-26 13:47:02.6404+00	\N	267	7	5
270	PRB-20251126134702-BF7DB2	PROFIT_COMMISSION	239.90	Profit rebate L3 from 8223456789 - Sistem Omnisurg	COMPLETED	BALANCE	\N	3	\N	\N	2025-11-26 13:47:02.69803+00	\N	267	7	4
283	AUTO-20251126134712-10C0FB	INTEREST	111080.00	Automatic profit from Sistem Surgena investment	COMPLETED	BALANCE	\N	\N	\N	\N	2025-11-26 13:47:12.521742+00	\N	\N	\N	6
284	PRB-20251126134712-E4BC9D	PROFIT_COMMISSION	7775.60	Profit rebate L1 from 81123456789 - Sistem Surgena	COMPLETED	BALANCE	\N	1	\N	\N	2025-11-26 13:47:12.584912+00	\N	283	6	5
285	PRB-20251126134712-458048	PROFIT_COMMISSION	4443.20	Profit rebate L2 from 81123456789 - Sistem Surgena	COMPLETED	BALANCE	\N	2	\N	\N	2025-11-26 13:47:12.654575+00	\N	283	6	4
286	PRB-20251126134712-87AF26	PROFIT_COMMISSION	2221.60	Profit rebate L3 from 81123456789 - Sistem Surgena	COMPLETED	BALANCE	\N	3	\N	\N	2025-11-26 13:47:12.718121+00	\N	283	6	3
287	AUTO-20251126134712-8C0615	INTEREST	74580.00	Automatic profit from Sistem Vitaris investment	COMPLETED	BALANCE	\N	\N	\N	\N	2025-11-26 13:47:12.955016+00	\N	\N	\N	6
288	PRB-20251126134713-5F8085	PROFIT_COMMISSION	5220.60	Profit rebate L1 from 81123456789 - Sistem Vitaris	COMPLETED	BALANCE	\N	1	\N	\N	2025-11-26 13:47:13.018612+00	\N	287	6	5
289	PRB-20251126134713-EFEC24	PROFIT_COMMISSION	2983.20	Profit rebate L2 from 81123456789 - Sistem Vitaris	COMPLETED	BALANCE	\N	2	\N	\N	2025-11-26 13:47:13.083569+00	\N	287	6	4
290	PRB-20251126134713-EEFA47	PROFIT_COMMISSION	1491.60	Profit rebate L3 from 81123456789 - Sistem Vitaris	COMPLETED	BALANCE	\N	3	\N	\N	2025-11-26 13:47:13.150053+00	\N	287	6	3
291	AUTO-20251126134713-9D9B68	INTEREST	39520.00	Automatic profit from Sistem Hermis investment	COMPLETED	BALANCE	\N	\N	\N	\N	2025-11-26 13:47:13.388059+00	\N	\N	\N	6
292	PRB-20251126134713-5C428A	PROFIT_COMMISSION	2766.40	Profit rebate L1 from 81123456789 - Sistem Hermis	COMPLETED	BALANCE	\N	1	\N	\N	2025-11-26 13:47:13.452652+00	\N	291	6	5
293	PRB-20251126134713-D74B05	PROFIT_COMMISSION	1580.80	Profit rebate L2 from 81123456789 - Sistem Hermis	COMPLETED	BALANCE	\N	2	\N	\N	2025-11-26 13:47:13.517178+00	\N	291	6	4
294	PRB-20251126134713-22CCED	PROFIT_COMMISSION	790.40	Profit rebate L3 from 81123456789 - Sistem Hermis	COMPLETED	BALANCE	\N	3	\N	\N	2025-11-26 13:47:13.583852+00	\N	291	6	3
295	AUTO-20251126134713-ABBABD	INTEREST	22648.00	Automatic profit from Sistem Lyvion investment	COMPLETED	BALANCE	\N	\N	\N	\N	2025-11-26 13:47:13.847374+00	\N	\N	\N	6
296	PRB-20251126134713-DA396B	PROFIT_COMMISSION	1585.36	Profit rebate L1 from 81123456789 - Sistem Lyvion	COMPLETED	BALANCE	\N	1	\N	\N	2025-11-26 13:47:13.911533+00	\N	295	6	5
297	PRB-20251126134713-662CEB	PROFIT_COMMISSION	905.92	Profit rebate L2 from 81123456789 - Sistem Lyvion	COMPLETED	BALANCE	\N	2	\N	\N	2025-11-26 13:47:13.975262+00	\N	295	6	4
298	PRB-20251126134714-34337D	PROFIT_COMMISSION	452.96	Profit rebate L3 from 81123456789 - Sistem Lyvion	COMPLETED	BALANCE	\N	3	\N	\N	2025-11-26 13:47:14.040444+00	\N	295	6	3
299	AUTO-20251126134714-24E9EC	INTEREST	11995.20	Automatic profit from Sistem Omnisurg investment	COMPLETED	BALANCE	\N	\N	\N	\N	2025-11-26 13:47:14.276167+00	\N	\N	\N	6
300	PRB-20251126134714-12E2F2	PROFIT_COMMISSION	839.66	Profit rebate L1 from 81123456789 - Sistem Omnisurg	COMPLETED	BALANCE	\N	1	\N	\N	2025-11-26 13:47:14.338581+00	\N	299	6	5
301	PRB-20251126134714-756555	PROFIT_COMMISSION	479.81	Profit rebate L2 from 81123456789 - Sistem Omnisurg	COMPLETED	BALANCE	\N	2	\N	\N	2025-11-26 13:47:14.401918+00	\N	299	6	4
302	PRB-20251126134714-0E5876	PROFIT_COMMISSION	239.90	Profit rebate L3 from 81123456789 - Sistem Omnisurg	COMPLETED	BALANCE	\N	3	\N	\N	2025-11-26 13:47:14.465115+00	\N	299	6	3
307	AUTO-20251126134715-B1977A	INTEREST	111080.00	Automatic profit from Sistem Surgena investment	COMPLETED	BALANCE	\N	\N	\N	\N	2025-11-26 13:47:15.12342+00	\N	\N	\N	5
308	PRB-20251126134715-AD3840	PROFIT_COMMISSION	7775.60	Profit rebate L1 from 80123456789 - Sistem Surgena	COMPLETED	BALANCE	\N	1	\N	\N	2025-11-26 13:47:15.186892+00	\N	307	5	4
309	PRB-20251126134715-F6EC05	PROFIT_COMMISSION	4443.20	Profit rebate L2 from 80123456789 - Sistem Surgena	COMPLETED	BALANCE	\N	2	\N	\N	2025-11-26 13:47:15.248652+00	\N	307	5	3
310	PRB-20251126134715-64FF68	PROFIT_COMMISSION	2221.60	Profit rebate L3 from 80123456789 - Sistem Surgena	COMPLETED	BALANCE	\N	3	\N	\N	2025-11-26 13:47:15.312616+00	\N	307	5	2
311	AUTO-20251126134715-277B66	INTEREST	74580.00	Automatic profit from Sistem Vitaris investment	COMPLETED	BALANCE	\N	\N	\N	\N	2025-11-26 13:47:15.528614+00	\N	\N	\N	5
312	PRB-20251126134715-615BE0	PROFIT_COMMISSION	5220.60	Profit rebate L1 from 80123456789 - Sistem Vitaris	COMPLETED	BALANCE	\N	1	\N	\N	2025-11-26 13:47:15.590971+00	\N	311	5	4
313	PRB-20251126134715-6A1270	PROFIT_COMMISSION	2983.20	Profit rebate L2 from 80123456789 - Sistem Vitaris	COMPLETED	BALANCE	\N	2	\N	\N	2025-11-26 13:47:15.656103+00	\N	311	5	3
314	PRB-20251126134715-25082B	PROFIT_COMMISSION	1491.60	Profit rebate L3 from 80123456789 - Sistem Vitaris	COMPLETED	BALANCE	\N	3	\N	\N	2025-11-26 13:47:15.721434+00	\N	311	5	2
315	AUTO-20251126134715-DA5498	INTEREST	39520.00	Automatic profit from Sistem Hermis investment	COMPLETED	BALANCE	\N	\N	\N	\N	2025-11-26 13:47:15.949692+00	\N	\N	\N	5
316	PRB-20251126134716-51CDAA	PROFIT_COMMISSION	2766.40	Profit rebate L1 from 80123456789 - Sistem Hermis	COMPLETED	BALANCE	\N	1	\N	\N	2025-11-26 13:47:16.014301+00	\N	315	5	4
317	PRB-20251126134716-5CBEB4	PROFIT_COMMISSION	1580.80	Profit rebate L2 from 80123456789 - Sistem Hermis	COMPLETED	BALANCE	\N	2	\N	\N	2025-11-26 13:47:16.079974+00	\N	315	5	3
318	PRB-20251126134716-402A8C	PROFIT_COMMISSION	790.40	Profit rebate L3 from 80123456789 - Sistem Hermis	COMPLETED	BALANCE	\N	3	\N	\N	2025-11-26 13:47:16.146717+00	\N	315	5	2
319	AUTO-20251126134716-662970	INTEREST	22648.00	Automatic profit from Sistem Lyvion investment	COMPLETED	BALANCE	\N	\N	\N	\N	2025-11-26 13:47:16.361544+00	\N	\N	\N	5
320	PRB-20251126134716-F34230	PROFIT_COMMISSION	1585.36	Profit rebate L1 from 80123456789 - Sistem Lyvion	COMPLETED	BALANCE	\N	1	\N	\N	2025-11-26 13:47:16.425302+00	\N	319	5	4
321	PRB-20251126134716-5867FC	PROFIT_COMMISSION	905.92	Profit rebate L2 from 80123456789 - Sistem Lyvion	COMPLETED	BALANCE	\N	2	\N	\N	2025-11-26 13:47:16.490562+00	\N	319	5	3
322	PRB-20251126134716-E34BDE	PROFIT_COMMISSION	452.96	Profit rebate L3 from 80123456789 - Sistem Lyvion	COMPLETED	BALANCE	\N	3	\N	\N	2025-11-26 13:47:16.552075+00	\N	319	5	2
323	AUTO-20251126134716-4F327E	INTEREST	11995.20	Automatic profit from Sistem Omnisurg investment	COMPLETED	BALANCE	\N	\N	\N	\N	2025-11-26 13:47:16.761943+00	\N	\N	\N	5
324	PRB-20251126134716-1A26D8	PROFIT_COMMISSION	839.66	Profit rebate L1 from 80123456789 - Sistem Omnisurg	COMPLETED	BALANCE	\N	1	\N	\N	2025-11-26 13:47:16.825246+00	\N	323	5	4
325	PRB-20251126134716-B6BEC3	PROFIT_COMMISSION	479.81	Profit rebate L2 from 80123456789 - Sistem Omnisurg	COMPLETED	BALANCE	\N	2	\N	\N	2025-11-26 13:47:16.887742+00	\N	323	5	3
326	PRB-20251126134716-3778A0	PROFIT_COMMISSION	239.90	Profit rebate L3 from 80123456789 - Sistem Omnisurg	COMPLETED	BALANCE	\N	3	\N	\N	2025-11-26 13:47:16.949386+00	\N	323	5	2
334	AUTO-20251126134718-EBD169	INTEREST	11995.20	Automatic profit from Sistem Omnisurg investment	COMPLETED	BALANCE	\N	\N	\N	\N	2025-11-26 13:47:18.277914+00	\N	\N	\N	2
335	PRB-20251126134718-95F072	PROFIT_COMMISSION	839.66	Profit rebate L1 from 89595959595 - Sistem Omnisurg	COMPLETED	BALANCE	\N	1	\N	\N	2025-11-26 13:47:18.364546+00	\N	334	2	1
338	AUTO-20251127134701-A95E31	INTEREST	39520.00	Automatic profit from Sistem Hermis investment	COMPLETED	BALANCE	\N	\N	\N	\N	2025-11-27 13:47:01.039837+00	\N	\N	\N	2
339	PRB-20251127134701-351027	PROFIT_COMMISSION	2766.40	Profit rebate L1 from 89595959595 - Sistem Hermis	COMPLETED	BALANCE	\N	1	\N	\N	2025-11-27 13:47:01.123165+00	\N	338	2	1
340	AUTO-20251127134701-7883C9	INTEREST	22648.00	Automatic profit from Sistem Lyvion investment	COMPLETED	BALANCE	\N	\N	\N	\N	2025-11-27 13:47:01.318989+00	\N	\N	\N	2
341	PRB-20251127134701-F22731	PROFIT_COMMISSION	1585.36	Profit rebate L1 from 89595959595 - Sistem Lyvion	COMPLETED	BALANCE	\N	1	\N	\N	2025-11-27 13:47:01.372157+00	\N	340	2	1
342	AUTO-20251127134701-DF0405	INTEREST	111080.00	Automatic profit from Sistem Surgena investment	COMPLETED	BALANCE	\N	\N	\N	\N	2025-11-27 13:47:01.569118+00	\N	\N	\N	4
343	PRB-20251127134701-E4EAD5	PROFIT_COMMISSION	7775.60	Profit rebate L1 from 0800123456789 - Sistem Surgena	COMPLETED	BALANCE	\N	1	\N	\N	2025-11-27 13:47:01.630992+00	\N	342	4	3
344	PRB-20251127134701-F6DCD2	PROFIT_COMMISSION	4443.20	Profit rebate L2 from 0800123456789 - Sistem Surgena	COMPLETED	BALANCE	\N	2	\N	\N	2025-11-27 13:47:01.695139+00	\N	342	4	2
345	PRB-20251127134701-968675	PROFIT_COMMISSION	2221.60	Profit rebate L3 from 0800123456789 - Sistem Surgena	COMPLETED	BALANCE	\N	3	\N	\N	2025-11-27 13:47:01.758053+00	\N	342	4	1
346	AUTO-20251127134701-9B6936	INTEREST	74580.00	Automatic profit from Sistem Vitaris investment	COMPLETED	BALANCE	\N	\N	\N	\N	2025-11-27 13:47:01.952926+00	\N	\N	\N	4
347	PRB-20251127134702-6EA447	PROFIT_COMMISSION	5220.60	Profit rebate L1 from 0800123456789 - Sistem Vitaris	COMPLETED	BALANCE	\N	1	\N	\N	2025-11-27 13:47:02.004859+00	\N	346	4	3
348	PRB-20251127134702-6917F1	PROFIT_COMMISSION	2983.20	Profit rebate L2 from 0800123456789 - Sistem Vitaris	COMPLETED	BALANCE	\N	2	\N	\N	2025-11-27 13:47:02.078254+00	\N	346	4	2
349	PRB-20251127134702-EDACC1	PROFIT_COMMISSION	1491.60	Profit rebate L3 from 0800123456789 - Sistem Vitaris	COMPLETED	BALANCE	\N	3	\N	\N	2025-11-27 13:47:02.12993+00	\N	346	4	1
350	AUTO-20251127134702-CA2011	INTEREST	39520.00	Automatic profit from Sistem Hermis investment	COMPLETED	BALANCE	\N	\N	\N	\N	2025-11-27 13:47:02.330476+00	\N	\N	\N	4
351	PRB-20251127134702-8E2E08	PROFIT_COMMISSION	2766.40	Profit rebate L1 from 0800123456789 - Sistem Hermis	COMPLETED	BALANCE	\N	1	\N	\N	2025-11-27 13:47:02.39363+00	\N	350	4	3
352	PRB-20251127134702-5E7A54	PROFIT_COMMISSION	1580.80	Profit rebate L2 from 0800123456789 - Sistem Hermis	COMPLETED	BALANCE	\N	2	\N	\N	2025-11-27 13:47:02.454489+00	\N	350	4	2
353	PRB-20251127134702-0A25A1	PROFIT_COMMISSION	790.40	Profit rebate L3 from 0800123456789 - Sistem Hermis	COMPLETED	BALANCE	\N	3	\N	\N	2025-11-27 13:47:02.519227+00	\N	350	4	1
354	AUTO-20251127134702-506216	INTEREST	22648.00	Automatic profit from Sistem Lyvion investment	COMPLETED	BALANCE	\N	\N	\N	\N	2025-11-27 13:47:02.704332+00	\N	\N	\N	4
355	PRB-20251127134704-AAD75A	PROFIT_COMMISSION	1585.36	Profit rebate L1 from 0800123456789 - Sistem Lyvion	COMPLETED	BALANCE	\N	1	\N	\N	2025-11-27 13:47:04.292023+00	\N	354	4	3
356	PRB-20251127134704-B5275B	PROFIT_COMMISSION	905.92	Profit rebate L2 from 0800123456789 - Sistem Lyvion	COMPLETED	BALANCE	\N	2	\N	\N	2025-11-27 13:47:04.3576+00	\N	354	4	2
357	PRB-20251127134704-AB5B9B	PROFIT_COMMISSION	452.96	Profit rebate L3 from 0800123456789 - Sistem Lyvion	COMPLETED	BALANCE	\N	3	\N	\N	2025-11-27 13:47:04.422993+00	\N	354	4	1
358	AUTO-20251127134704-006013	INTEREST	11995.20	Automatic profit from Sistem Omnisurg investment	COMPLETED	BALANCE	\N	\N	\N	\N	2025-11-27 13:47:04.610126+00	\N	\N	\N	4
359	PRB-20251127134704-1B4031	PROFIT_COMMISSION	839.66	Profit rebate L1 from 0800123456789 - Sistem Omnisurg	COMPLETED	BALANCE	\N	1	\N	\N	2025-11-27 13:47:04.67436+00	\N	358	4	3
360	PRB-20251127134704-88366C	PROFIT_COMMISSION	479.81	Profit rebate L2 from 0800123456789 - Sistem Omnisurg	COMPLETED	BALANCE	\N	2	\N	\N	2025-11-27 13:47:04.738953+00	\N	358	4	2
361	PRB-20251127134704-215148	PROFIT_COMMISSION	239.90	Profit rebate L3 from 0800123456789 - Sistem Omnisurg	COMPLETED	BALANCE	\N	3	\N	\N	2025-11-27 13:47:04.80176+00	\N	358	4	1
366	AUTO-20251127134705-14B960	INTEREST	111080.00	Automatic profit from Sistem Surgena investment	COMPLETED	BALANCE	\N	\N	\N	\N	2025-11-27 13:47:05.361776+00	\N	\N	\N	7
367	PRB-20251127134705-6B0981	PROFIT_COMMISSION	7775.60	Profit rebate L1 from 8223456789 - Sistem Surgena	COMPLETED	BALANCE	\N	1	\N	\N	2025-11-27 13:47:05.420545+00	\N	366	7	6
368	PRB-20251127134705-E77FD0	PROFIT_COMMISSION	4443.20	Profit rebate L2 from 8223456789 - Sistem Surgena	COMPLETED	BALANCE	\N	2	\N	\N	2025-11-27 13:47:05.485137+00	\N	366	7	5
369	PRB-20251127134705-95C4DE	PROFIT_COMMISSION	2221.60	Profit rebate L3 from 8223456789 - Sistem Surgena	COMPLETED	BALANCE	\N	3	\N	\N	2025-11-27 13:47:05.555688+00	\N	366	7	4
370	AUTO-20251127134705-11BDF5	INTEREST	74580.00	Automatic profit from Sistem Vitaris investment	COMPLETED	BALANCE	\N	\N	\N	\N	2025-11-27 13:47:05.809409+00	\N	\N	\N	7
371	PRB-20251127134705-44394A	PROFIT_COMMISSION	5220.60	Profit rebate L1 from 8223456789 - Sistem Vitaris	COMPLETED	BALANCE	\N	1	\N	\N	2025-11-27 13:47:05.862036+00	\N	370	7	6
372	PRB-20251127134705-B4C8F9	PROFIT_COMMISSION	2983.20	Profit rebate L2 from 8223456789 - Sistem Vitaris	COMPLETED	BALANCE	\N	2	\N	\N	2025-11-27 13:47:05.941678+00	\N	370	7	5
373	PRB-20251127134706-BC5FE4	PROFIT_COMMISSION	1491.60	Profit rebate L3 from 8223456789 - Sistem Vitaris	COMPLETED	BALANCE	\N	3	\N	\N	2025-11-27 13:47:06.0039+00	\N	370	7	4
374	AUTO-20251127134706-88AC16	INTEREST	39520.00	Automatic profit from Sistem Hermis investment	COMPLETED	BALANCE	\N	\N	\N	\N	2025-11-27 13:47:06.250572+00	\N	\N	\N	7
375	PRB-20251127134706-C83700	PROFIT_COMMISSION	2766.40	Profit rebate L1 from 8223456789 - Sistem Hermis	COMPLETED	BALANCE	\N	1	\N	\N	2025-11-27 13:47:06.315865+00	\N	374	7	6
376	PRB-20251127134706-8D5321	PROFIT_COMMISSION	1580.80	Profit rebate L2 from 8223456789 - Sistem Hermis	COMPLETED	BALANCE	\N	2	\N	\N	2025-11-27 13:47:06.376084+00	\N	374	7	5
377	PRB-20251127134706-83D52D	PROFIT_COMMISSION	790.40	Profit rebate L3 from 8223456789 - Sistem Hermis	COMPLETED	BALANCE	\N	3	\N	\N	2025-11-27 13:47:06.436161+00	\N	374	7	4
378	AUTO-20251127134706-D5140C	INTEREST	22648.00	Automatic profit from Sistem Lyvion investment	COMPLETED	BALANCE	\N	\N	\N	\N	2025-11-27 13:47:06.696912+00	\N	\N	\N	7
379	PRB-20251127134706-9B07AF	PROFIT_COMMISSION	1585.36	Profit rebate L1 from 8223456789 - Sistem Lyvion	COMPLETED	BALANCE	\N	1	\N	\N	2025-11-27 13:47:06.754978+00	\N	378	7	6
380	PRB-20251127134706-1B68C2	PROFIT_COMMISSION	905.92	Profit rebate L2 from 8223456789 - Sistem Lyvion	COMPLETED	BALANCE	\N	2	\N	\N	2025-11-27 13:47:06.819841+00	\N	378	7	5
381	PRB-20251127134706-3CAE25	PROFIT_COMMISSION	452.96	Profit rebate L3 from 8223456789 - Sistem Lyvion	COMPLETED	BALANCE	\N	3	\N	\N	2025-11-27 13:47:06.878261+00	\N	378	7	4
382	AUTO-20251127134707-BF016A	INTEREST	11995.20	Automatic profit from Sistem Omnisurg investment	COMPLETED	BALANCE	\N	\N	\N	\N	2025-11-27 13:47:07.122213+00	\N	\N	\N	7
383	PRB-20251127134707-84FAFD	PROFIT_COMMISSION	839.66	Profit rebate L1 from 8223456789 - Sistem Omnisurg	COMPLETED	BALANCE	\N	1	\N	\N	2025-11-27 13:47:07.191259+00	\N	382	7	6
384	PRB-20251127134707-4CF7B8	PROFIT_COMMISSION	479.81	Profit rebate L2 from 8223456789 - Sistem Omnisurg	COMPLETED	BALANCE	\N	2	\N	\N	2025-11-27 13:47:07.253255+00	\N	382	7	5
385	PRB-20251127134707-4E36F8	PROFIT_COMMISSION	239.90	Profit rebate L3 from 8223456789 - Sistem Omnisurg	COMPLETED	BALANCE	\N	3	\N	\N	2025-11-27 13:47:07.315907+00	\N	382	7	4
390	AUTO-20251127135208-FE7785	INTEREST	111080.00	Automatic profit from Sistem Surgena investment	COMPLETED	BALANCE	\N	\N	\N	\N	2025-11-27 13:52:08.600443+00	\N	\N	\N	6
391	PRB-20251127135208-24348A	PROFIT_COMMISSION	7775.60	Profit rebate L1 from 81123456789 - Sistem Surgena	COMPLETED	BALANCE	\N	1	\N	\N	2025-11-27 13:52:08.663466+00	\N	390	6	5
392	PRB-20251127135208-F74E5F	PROFIT_COMMISSION	4443.20	Profit rebate L2 from 81123456789 - Sistem Surgena	COMPLETED	BALANCE	\N	2	\N	\N	2025-11-27 13:52:08.721148+00	\N	390	6	4
393	PRB-20251127135208-B3FC20	PROFIT_COMMISSION	2221.60	Profit rebate L3 from 81123456789 - Sistem Surgena	COMPLETED	BALANCE	\N	3	\N	\N	2025-11-27 13:52:08.785074+00	\N	390	6	3
394	AUTO-20251127135209-412A9C	INTEREST	74580.00	Automatic profit from Sistem Vitaris investment	COMPLETED	BALANCE	\N	\N	\N	\N	2025-11-27 13:52:09.023867+00	\N	\N	\N	6
395	PRB-20251127135209-59C0A4	PROFIT_COMMISSION	5220.60	Profit rebate L1 from 81123456789 - Sistem Vitaris	COMPLETED	BALANCE	\N	1	\N	\N	2025-11-27 13:52:09.090729+00	\N	394	6	5
396	PRB-20251127135209-50593A	PROFIT_COMMISSION	2983.20	Profit rebate L2 from 81123456789 - Sistem Vitaris	COMPLETED	BALANCE	\N	2	\N	\N	2025-11-27 13:52:09.175196+00	\N	394	6	4
397	PRB-20251127135209-9E1ED4	PROFIT_COMMISSION	1491.60	Profit rebate L3 from 81123456789 - Sistem Vitaris	COMPLETED	BALANCE	\N	3	\N	\N	2025-11-27 13:52:09.237781+00	\N	394	6	3
398	AUTO-20251127135209-5106CA	INTEREST	39520.00	Automatic profit from Sistem Hermis investment	COMPLETED	BALANCE	\N	\N	\N	\N	2025-11-27 13:52:09.471361+00	\N	\N	\N	6
399	PRB-20251127135209-D511D9	PROFIT_COMMISSION	2766.40	Profit rebate L1 from 81123456789 - Sistem Hermis	COMPLETED	BALANCE	\N	1	\N	\N	2025-11-27 13:52:09.545356+00	\N	398	6	5
400	PRB-20251127135209-57CF4A	PROFIT_COMMISSION	1580.80	Profit rebate L2 from 81123456789 - Sistem Hermis	COMPLETED	BALANCE	\N	2	\N	\N	2025-11-27 13:52:09.602099+00	\N	398	6	4
401	PRB-20251127135209-31E497	PROFIT_COMMISSION	790.40	Profit rebate L3 from 81123456789 - Sistem Hermis	COMPLETED	BALANCE	\N	3	\N	\N	2025-11-27 13:52:09.677125+00	\N	398	6	3
402	AUTO-20251127135209-39386C	INTEREST	22648.00	Automatic profit from Sistem Lyvion investment	COMPLETED	BALANCE	\N	\N	\N	\N	2025-11-27 13:52:09.917506+00	\N	\N	\N	6
403	PRB-20251127135209-2035D8	PROFIT_COMMISSION	1585.36	Profit rebate L1 from 81123456789 - Sistem Lyvion	COMPLETED	BALANCE	\N	1	\N	\N	2025-11-27 13:52:09.980503+00	\N	402	6	5
404	PRB-20251127135210-9529DB	PROFIT_COMMISSION	905.92	Profit rebate L2 from 81123456789 - Sistem Lyvion	COMPLETED	BALANCE	\N	2	\N	\N	2025-11-27 13:52:10.033943+00	\N	402	6	4
405	PRB-20251127135210-C9425E	PROFIT_COMMISSION	452.96	Profit rebate L3 from 81123456789 - Sistem Lyvion	COMPLETED	BALANCE	\N	3	\N	\N	2025-11-27 13:52:10.096302+00	\N	402	6	3
406	AUTO-20251127135210-190186	INTEREST	11995.20	Automatic profit from Sistem Omnisurg investment	COMPLETED	BALANCE	\N	\N	\N	\N	2025-11-27 13:52:10.346464+00	\N	\N	\N	6
407	PRB-20251127135210-471092	PROFIT_COMMISSION	839.66	Profit rebate L1 from 81123456789 - Sistem Omnisurg	COMPLETED	BALANCE	\N	1	\N	\N	2025-11-27 13:52:10.408679+00	\N	406	6	5
408	PRB-20251127135210-DF1071	PROFIT_COMMISSION	479.81	Profit rebate L2 from 81123456789 - Sistem Omnisurg	COMPLETED	BALANCE	\N	2	\N	\N	2025-11-27 13:52:10.471381+00	\N	406	6	4
409	PRB-20251127135210-FD6A1D	PROFIT_COMMISSION	239.90	Profit rebate L3 from 81123456789 - Sistem Omnisurg	COMPLETED	BALANCE	\N	3	\N	\N	2025-11-27 13:52:10.534266+00	\N	406	6	3
414	AUTO-20251127135211-67134F	INTEREST	111080.00	Automatic profit from Sistem Surgena investment	COMPLETED	BALANCE	\N	\N	\N	\N	2025-11-27 13:52:11.195735+00	\N	\N	\N	5
415	PRB-20251127135211-07A634	PROFIT_COMMISSION	7775.60	Profit rebate L1 from 80123456789 - Sistem Surgena	COMPLETED	BALANCE	\N	1	\N	\N	2025-11-27 13:52:11.258441+00	\N	414	5	4
416	PRB-20251127135211-F88328	PROFIT_COMMISSION	4443.20	Profit rebate L2 from 80123456789 - Sistem Surgena	COMPLETED	BALANCE	\N	2	\N	\N	2025-11-27 13:52:11.321724+00	\N	414	5	3
417	PRB-20251127135211-43A553	PROFIT_COMMISSION	2221.60	Profit rebate L3 from 80123456789 - Sistem Surgena	COMPLETED	BALANCE	\N	3	\N	\N	2025-11-27 13:52:11.385106+00	\N	414	5	2
418	AUTO-20251127135211-91DAB7	INTEREST	74580.00	Automatic profit from Sistem Vitaris investment	COMPLETED	BALANCE	\N	\N	\N	\N	2025-11-27 13:52:11.593262+00	\N	\N	\N	5
419	PRB-20251127135211-A4485A	PROFIT_COMMISSION	5220.60	Profit rebate L1 from 80123456789 - Sistem Vitaris	COMPLETED	BALANCE	\N	1	\N	\N	2025-11-27 13:52:11.656426+00	\N	418	5	4
420	PRB-20251127135211-FFC03A	PROFIT_COMMISSION	2983.20	Profit rebate L2 from 80123456789 - Sistem Vitaris	COMPLETED	BALANCE	\N	2	\N	\N	2025-11-27 13:52:11.71774+00	\N	418	5	3
421	PRB-20251127135211-6629C2	PROFIT_COMMISSION	1491.60	Profit rebate L3 from 80123456789 - Sistem Vitaris	COMPLETED	BALANCE	\N	3	\N	\N	2025-11-27 13:52:11.822046+00	\N	418	5	2
422	AUTO-20251127135212-5CB617	INTEREST	39520.00	Automatic profit from Sistem Hermis investment	COMPLETED	BALANCE	\N	\N	\N	\N	2025-11-27 13:52:12.029777+00	\N	\N	\N	5
423	PRB-20251127135212-78C60E	PROFIT_COMMISSION	2766.40	Profit rebate L1 from 80123456789 - Sistem Hermis	COMPLETED	BALANCE	\N	1	\N	\N	2025-11-27 13:52:12.091457+00	\N	422	5	4
424	PRB-20251127135212-494FE8	PROFIT_COMMISSION	1580.80	Profit rebate L2 from 80123456789 - Sistem Hermis	COMPLETED	BALANCE	\N	2	\N	\N	2025-11-27 13:52:12.155023+00	\N	422	5	3
425	PRB-20251127135212-71FF5F	PROFIT_COMMISSION	790.40	Profit rebate L3 from 80123456789 - Sistem Hermis	COMPLETED	BALANCE	\N	3	\N	\N	2025-11-27 13:52:12.217155+00	\N	422	5	2
426	AUTO-20251127135212-945140	INTEREST	22648.00	Automatic profit from Sistem Lyvion investment	COMPLETED	BALANCE	\N	\N	\N	\N	2025-11-27 13:52:12.428453+00	\N	\N	\N	5
427	PRB-20251127135212-428D2D	PROFIT_COMMISSION	1585.36	Profit rebate L1 from 80123456789 - Sistem Lyvion	COMPLETED	BALANCE	\N	1	\N	\N	2025-11-27 13:52:12.489386+00	\N	426	5	4
428	PRB-20251127135212-4C4BAF	PROFIT_COMMISSION	905.92	Profit rebate L2 from 80123456789 - Sistem Lyvion	COMPLETED	BALANCE	\N	2	\N	\N	2025-11-27 13:52:12.555511+00	\N	426	5	3
429	PRB-20251127135212-E93EAA	PROFIT_COMMISSION	452.96	Profit rebate L3 from 80123456789 - Sistem Lyvion	COMPLETED	BALANCE	\N	3	\N	\N	2025-11-27 13:52:12.617056+00	\N	426	5	2
430	AUTO-20251127135212-68584D	INTEREST	11995.20	Automatic profit from Sistem Omnisurg investment	COMPLETED	BALANCE	\N	\N	\N	\N	2025-11-27 13:52:12.829291+00	\N	\N	\N	5
431	PRB-20251127135212-F3F13C	PROFIT_COMMISSION	839.66	Profit rebate L1 from 80123456789 - Sistem Omnisurg	COMPLETED	BALANCE	\N	1	\N	\N	2025-11-27 13:52:12.8859+00	\N	430	5	4
432	PRB-20251127135212-5D9B66	PROFIT_COMMISSION	479.81	Profit rebate L2 from 80123456789 - Sistem Omnisurg	COMPLETED	BALANCE	\N	2	\N	\N	2025-11-27 13:52:12.954769+00	\N	430	5	3
433	PRB-20251127135213-83152E	PROFIT_COMMISSION	239.90	Profit rebate L3 from 80123456789 - Sistem Omnisurg	COMPLETED	BALANCE	\N	3	\N	\N	2025-11-27 13:52:13.002589+00	\N	430	5	2
441	AUTO-20251127135213-77B17A	INTEREST	11995.20	Automatic profit from Sistem Omnisurg investment	COMPLETED	BALANCE	\N	\N	\N	\N	2025-11-27 13:52:13.952275+00	\N	\N	\N	2
442	PRB-20251127135214-3D41B7	PROFIT_COMMISSION	839.66	Profit rebate L1 from 89595959595 - Sistem Omnisurg	COMPLETED	BALANCE	\N	1	\N	\N	2025-11-27 13:52:14.017837+00	\N	441	2	1
445	AUTO-20251128135054-B2B915	INTEREST	39520.00	Automatic profit from Sistem Hermis investment	COMPLETED	BALANCE	\N	\N	\N	\N	2025-11-28 13:50:54.833349+00	\N	\N	\N	2
446	PRB-20251128135055-012D0C	PROFIT_COMMISSION	2766.40	Profit rebate L1 from 89595959595 - Sistem Hermis	COMPLETED	BALANCE	\N	1	\N	\N	2025-11-28 13:50:55.055041+00	\N	445	2	1
447	AUTO-20251128135055-7347BA	INTEREST	22648.00	Automatic profit from Sistem Lyvion investment	COMPLETED	BALANCE	\N	\N	\N	\N	2025-11-28 13:50:55.341337+00	\N	\N	\N	2
448	PRB-20251128135055-E54614	PROFIT_COMMISSION	1585.36	Profit rebate L1 from 89595959595 - Sistem Lyvion	COMPLETED	BALANCE	\N	1	\N	\N	2025-11-28 13:50:55.429543+00	\N	447	2	1
449	AUTO-20251128135056-47C3A0	INTEREST	111080.00	Automatic profit from Sistem Surgena investment	COMPLETED	BALANCE	\N	\N	\N	\N	2025-11-28 13:50:56.041958+00	\N	\N	\N	4
450	PRB-20251128135056-B89CF8	PROFIT_COMMISSION	7775.60	Profit rebate L1 from 0800123456789 - Sistem Surgena	COMPLETED	BALANCE	\N	1	\N	\N	2025-11-28 13:50:56.134171+00	\N	449	4	3
451	PRB-20251128135057-770D23	PROFIT_COMMISSION	4443.20	Profit rebate L2 from 0800123456789 - Sistem Surgena	COMPLETED	BALANCE	\N	2	\N	\N	2025-11-28 13:50:57.416949+00	\N	449	4	2
452	PRB-20251128135058-273F36	PROFIT_COMMISSION	2221.60	Profit rebate L3 from 0800123456789 - Sistem Surgena	COMPLETED	BALANCE	\N	3	\N	\N	2025-11-28 13:50:58.106967+00	\N	449	4	1
453	AUTO-20251128135059-090923	INTEREST	74580.00	Automatic profit from Sistem Vitaris investment	COMPLETED	BALANCE	\N	\N	\N	\N	2025-11-28 13:50:59.366455+00	\N	\N	\N	4
454	PRB-20251128135059-58A948	PROFIT_COMMISSION	5220.60	Profit rebate L1 from 0800123456789 - Sistem Vitaris	COMPLETED	BALANCE	\N	1	\N	\N	2025-11-28 13:50:59.453606+00	\N	453	4	3
455	PRB-20251128135059-D15984	PROFIT_COMMISSION	2983.20	Profit rebate L2 from 0800123456789 - Sistem Vitaris	COMPLETED	BALANCE	\N	2	\N	\N	2025-11-28 13:50:59.545485+00	\N	453	4	2
456	PRB-20251128135059-96241F	PROFIT_COMMISSION	1491.60	Profit rebate L3 from 0800123456789 - Sistem Vitaris	COMPLETED	BALANCE	\N	3	\N	\N	2025-11-28 13:50:59.660202+00	\N	453	4	1
457	AUTO-20251128135100-100389	INTEREST	39520.00	Automatic profit from Sistem Hermis investment	COMPLETED	BALANCE	\N	\N	\N	\N	2025-11-28 13:51:00.196767+00	\N	\N	\N	4
458	PRB-20251128135100-D3DB67	PROFIT_COMMISSION	2766.40	Profit rebate L1 from 0800123456789 - Sistem Hermis	COMPLETED	BALANCE	\N	1	\N	\N	2025-11-28 13:51:00.284758+00	\N	457	4	3
459	PRB-20251128135100-83252F	PROFIT_COMMISSION	1580.80	Profit rebate L2 from 0800123456789 - Sistem Hermis	COMPLETED	BALANCE	\N	2	\N	\N	2025-11-28 13:51:00.369326+00	\N	457	4	2
460	PRB-20251128135100-2CAFD3	PROFIT_COMMISSION	790.40	Profit rebate L3 from 0800123456789 - Sistem Hermis	COMPLETED	BALANCE	\N	3	\N	\N	2025-11-28 13:51:00.483261+00	\N	457	4	1
461	AUTO-20251128135100-0EA5B4	INTEREST	22648.00	Automatic profit from Sistem Lyvion investment	COMPLETED	BALANCE	\N	\N	\N	\N	2025-11-28 13:51:00.781359+00	\N	\N	\N	4
462	PRB-20251128135101-34DF77	PROFIT_COMMISSION	1585.36	Profit rebate L1 from 0800123456789 - Sistem Lyvion	COMPLETED	BALANCE	\N	1	\N	\N	2025-11-28 13:51:01.111416+00	\N	461	4	3
463	PRB-20251128135101-9318AE	PROFIT_COMMISSION	905.92	Profit rebate L2 from 0800123456789 - Sistem Lyvion	COMPLETED	BALANCE	\N	2	\N	\N	2025-11-28 13:51:01.477003+00	\N	461	4	2
464	PRB-20251128135101-AFE2E8	PROFIT_COMMISSION	452.96	Profit rebate L3 from 0800123456789 - Sistem Lyvion	COMPLETED	BALANCE	\N	3	\N	\N	2025-11-28 13:51:01.595223+00	\N	461	4	1
465	AUTO-20251128135101-610AE2	INTEREST	11995.20	Automatic profit from Sistem Omnisurg investment	COMPLETED	BALANCE	\N	\N	\N	\N	2025-11-28 13:51:01.890402+00	\N	\N	\N	4
466	PRB-20251128135101-45C50D	PROFIT_COMMISSION	839.66	Profit rebate L1 from 0800123456789 - Sistem Omnisurg	COMPLETED	BALANCE	\N	1	\N	\N	2025-11-28 13:51:01.979429+00	\N	465	4	3
467	PRB-20251128135102-4CFE40	PROFIT_COMMISSION	479.81	Profit rebate L2 from 0800123456789 - Sistem Omnisurg	COMPLETED	BALANCE	\N	2	\N	\N	2025-11-28 13:51:02.064964+00	\N	465	4	2
468	PRB-20251128135102-AEBD48	PROFIT_COMMISSION	239.90	Profit rebate L3 from 0800123456789 - Sistem Omnisurg	COMPLETED	BALANCE	\N	3	\N	\N	2025-11-28 13:51:02.150041+00	\N	465	4	1
473	AUTO-20251128135103-18AB60	INTEREST	111080.00	Automatic profit from Sistem Surgena investment	COMPLETED	BALANCE	\N	\N	\N	\N	2025-11-28 13:51:03.468597+00	\N	\N	\N	7
474	PRB-20251128135103-58B051	PROFIT_COMMISSION	7775.60	Profit rebate L1 from 8223456789 - Sistem Surgena	COMPLETED	BALANCE	\N	1	\N	\N	2025-11-28 13:51:03.557021+00	\N	473	7	6
475	PRB-20251128135103-3A129A	PROFIT_COMMISSION	4443.20	Profit rebate L2 from 8223456789 - Sistem Surgena	COMPLETED	BALANCE	\N	2	\N	\N	2025-11-28 13:51:03.878146+00	\N	473	7	5
476	PRB-20251128135104-4EF486	PROFIT_COMMISSION	2221.60	Profit rebate L3 from 8223456789 - Sistem Surgena	COMPLETED	BALANCE	\N	3	\N	\N	2025-11-28 13:51:04.217198+00	\N	473	7	4
477	AUTO-20251128135104-39624D	INTEREST	74580.00	Automatic profit from Sistem Vitaris investment	COMPLETED	BALANCE	\N	\N	\N	\N	2025-11-28 13:51:04.964414+00	\N	\N	\N	7
478	PRB-20251128135105-D2FC11	PROFIT_COMMISSION	5220.60	Profit rebate L1 from 8223456789 - Sistem Vitaris	COMPLETED	BALANCE	\N	1	\N	\N	2025-11-28 13:51:05.054616+00	\N	477	7	6
479	PRB-20251128135105-A56B4C	PROFIT_COMMISSION	2983.20	Profit rebate L2 from 8223456789 - Sistem Vitaris	COMPLETED	BALANCE	\N	2	\N	\N	2025-11-28 13:51:05.144932+00	\N	477	7	5
480	PRB-20251128135105-DAD6B8	PROFIT_COMMISSION	1491.60	Profit rebate L3 from 8223456789 - Sistem Vitaris	COMPLETED	BALANCE	\N	3	\N	\N	2025-11-28 13:51:05.233335+00	\N	477	7	4
481	AUTO-20251128135105-09D2B6	INTEREST	39520.00	Automatic profit from Sistem Hermis investment	COMPLETED	BALANCE	\N	\N	\N	\N	2025-11-28 13:51:05.585802+00	\N	\N	\N	7
482	PRB-20251128135106-7FA1E8	PROFIT_COMMISSION	2766.40	Profit rebate L1 from 8223456789 - Sistem Hermis	COMPLETED	BALANCE	\N	1	\N	\N	2025-11-28 13:51:06.176955+00	\N	481	7	6
483	PRB-20251128135106-A68EC0	PROFIT_COMMISSION	1580.80	Profit rebate L2 from 8223456789 - Sistem Hermis	COMPLETED	BALANCE	\N	2	\N	\N	2025-11-28 13:51:06.267188+00	\N	481	7	5
484	PRB-20251128135106-870014	PROFIT_COMMISSION	790.40	Profit rebate L3 from 8223456789 - Sistem Hermis	COMPLETED	BALANCE	\N	3	\N	\N	2025-11-28 13:51:06.355473+00	\N	481	7	4
485	AUTO-20251128135107-0CF7EA	INTEREST	22648.00	Automatic profit from Sistem Lyvion investment	COMPLETED	BALANCE	\N	\N	\N	\N	2025-11-28 13:51:07.28774+00	\N	\N	\N	7
486	PRB-20251128135107-954A23	PROFIT_COMMISSION	1585.36	Profit rebate L1 from 8223456789 - Sistem Lyvion	COMPLETED	BALANCE	\N	1	\N	\N	2025-11-28 13:51:07.375024+00	\N	485	7	6
487	PRB-20251128135107-1C8FD2	PROFIT_COMMISSION	905.92	Profit rebate L2 from 8223456789 - Sistem Lyvion	COMPLETED	BALANCE	\N	2	\N	\N	2025-11-28 13:51:07.463957+00	\N	485	7	5
488	PRB-20251128135107-C97D5A	PROFIT_COMMISSION	452.96	Profit rebate L3 from 8223456789 - Sistem Lyvion	COMPLETED	BALANCE	\N	3	\N	\N	2025-11-28 13:51:07.796922+00	\N	485	7	4
489	AUTO-20251128135108-247D5F	INTEREST	11995.20	Automatic profit from Sistem Omnisurg investment	COMPLETED	BALANCE	\N	\N	\N	\N	2025-11-28 13:51:08.480745+00	\N	\N	\N	7
490	PRB-20251128135108-080834	PROFIT_COMMISSION	839.66	Profit rebate L1 from 8223456789 - Sistem Omnisurg	COMPLETED	BALANCE	\N	1	\N	\N	2025-11-28 13:51:08.567177+00	\N	489	7	6
491	PRB-20251128135108-1011F2	PROFIT_COMMISSION	479.81	Profit rebate L2 from 8223456789 - Sistem Omnisurg	COMPLETED	BALANCE	\N	2	\N	\N	2025-11-28 13:51:08.915324+00	\N	489	7	5
492	PRB-20251128135109-03E2A0	PROFIT_COMMISSION	239.90	Profit rebate L3 from 8223456789 - Sistem Omnisurg	COMPLETED	BALANCE	\N	3	\N	\N	2025-11-28 13:51:09.005533+00	\N	489	7	4
497	AUTO-20251128135610-574F55	INTEREST	111080.00	Automatic profit from Sistem Surgena investment	COMPLETED	BALANCE	\N	\N	\N	\N	2025-11-28 13:56:10.583552+00	\N	\N	\N	6
498	PRB-20251128135610-7C3D59	PROFIT_COMMISSION	7775.60	Profit rebate L1 from 81123456789 - Sistem Surgena	COMPLETED	BALANCE	\N	1	\N	\N	2025-11-28 13:56:10.645198+00	\N	497	6	5
499	PRB-20251128135610-E5B9CF	PROFIT_COMMISSION	4443.20	Profit rebate L2 from 81123456789 - Sistem Surgena	COMPLETED	BALANCE	\N	2	\N	\N	2025-11-28 13:56:10.709946+00	\N	497	6	4
500	PRB-20251128135610-42DB32	PROFIT_COMMISSION	2221.60	Profit rebate L3 from 81123456789 - Sistem Surgena	COMPLETED	BALANCE	\N	3	\N	\N	2025-11-28 13:56:10.770126+00	\N	497	6	3
501	AUTO-20251128135610-BE001A	INTEREST	74580.00	Automatic profit from Sistem Vitaris investment	COMPLETED	BALANCE	\N	\N	\N	\N	2025-11-28 13:56:10.990237+00	\N	\N	\N	6
502	PRB-20251128135611-E198C7	PROFIT_COMMISSION	5220.60	Profit rebate L1 from 81123456789 - Sistem Vitaris	COMPLETED	BALANCE	\N	1	\N	\N	2025-11-28 13:56:11.079655+00	\N	501	6	5
503	PRB-20251128135611-057DFB	PROFIT_COMMISSION	2983.20	Profit rebate L2 from 81123456789 - Sistem Vitaris	COMPLETED	BALANCE	\N	2	\N	\N	2025-11-28 13:56:11.139459+00	\N	501	6	4
504	PRB-20251128135611-E9F1AD	PROFIT_COMMISSION	1491.60	Profit rebate L3 from 81123456789 - Sistem Vitaris	COMPLETED	BALANCE	\N	3	\N	\N	2025-11-28 13:56:11.200516+00	\N	501	6	3
505	AUTO-20251128135611-F282C6	INTEREST	39520.00	Automatic profit from Sistem Hermis investment	COMPLETED	BALANCE	\N	\N	\N	\N	2025-11-28 13:56:11.425087+00	\N	\N	\N	6
506	PRB-20251128135611-69EEB0	PROFIT_COMMISSION	2766.40	Profit rebate L1 from 81123456789 - Sistem Hermis	COMPLETED	BALANCE	\N	1	\N	\N	2025-11-28 13:56:11.489892+00	\N	505	6	5
507	PRB-20251128135611-484078	PROFIT_COMMISSION	1580.80	Profit rebate L2 from 81123456789 - Sistem Hermis	COMPLETED	BALANCE	\N	2	\N	\N	2025-11-28 13:56:11.548742+00	\N	505	6	4
508	PRB-20251128135611-689E37	PROFIT_COMMISSION	790.40	Profit rebate L3 from 81123456789 - Sistem Hermis	COMPLETED	BALANCE	\N	3	\N	\N	2025-11-28 13:56:11.673418+00	\N	505	6	3
509	AUTO-20251128135611-14DEA2	INTEREST	22648.00	Automatic profit from Sistem Lyvion investment	COMPLETED	BALANCE	\N	\N	\N	\N	2025-11-28 13:56:11.893311+00	\N	\N	\N	6
510	PRB-20251128135611-7C3882	PROFIT_COMMISSION	1585.36	Profit rebate L1 from 81123456789 - Sistem Lyvion	COMPLETED	BALANCE	\N	1	\N	\N	2025-11-28 13:56:11.954144+00	\N	509	6	5
511	PRB-20251128135612-24AC04	PROFIT_COMMISSION	905.92	Profit rebate L2 from 81123456789 - Sistem Lyvion	COMPLETED	BALANCE	\N	2	\N	\N	2025-11-28 13:56:12.014163+00	\N	509	6	4
512	PRB-20251128135612-CB2831	PROFIT_COMMISSION	452.96	Profit rebate L3 from 81123456789 - Sistem Lyvion	COMPLETED	BALANCE	\N	3	\N	\N	2025-11-28 13:56:12.075315+00	\N	509	6	3
513	AUTO-20251128135612-79DC19	INTEREST	11995.20	Automatic profit from Sistem Omnisurg investment	COMPLETED	BALANCE	\N	\N	\N	\N	2025-11-28 13:56:12.302233+00	\N	\N	\N	6
514	PRB-20251128135612-164D70	PROFIT_COMMISSION	839.66	Profit rebate L1 from 81123456789 - Sistem Omnisurg	COMPLETED	BALANCE	\N	1	\N	\N	2025-11-28 13:56:12.375993+00	\N	513	6	5
515	PRB-20251128135612-9A9263	PROFIT_COMMISSION	479.81	Profit rebate L2 from 81123456789 - Sistem Omnisurg	COMPLETED	BALANCE	\N	2	\N	\N	2025-11-28 13:56:12.450995+00	\N	513	6	4
516	PRB-20251128135612-F4A92F	PROFIT_COMMISSION	239.90	Profit rebate L3 from 81123456789 - Sistem Omnisurg	COMPLETED	BALANCE	\N	3	\N	\N	2025-11-28 13:56:12.520293+00	\N	513	6	3
521	AUTO-20251128135613-951B62	INTEREST	111080.00	Automatic profit from Sistem Surgena investment	COMPLETED	BALANCE	\N	\N	\N	\N	2025-11-28 13:56:13.187286+00	\N	\N	\N	5
522	PRB-20251128135613-A73D0F	PROFIT_COMMISSION	7775.60	Profit rebate L1 from 80123456789 - Sistem Surgena	COMPLETED	BALANCE	\N	1	\N	\N	2025-11-28 13:56:13.247158+00	\N	521	5	4
523	PRB-20251128135613-C98859	PROFIT_COMMISSION	4443.20	Profit rebate L2 from 80123456789 - Sistem Surgena	COMPLETED	BALANCE	\N	2	\N	\N	2025-11-28 13:56:13.306837+00	\N	521	5	3
524	PRB-20251128135613-56E9FA	PROFIT_COMMISSION	2221.60	Profit rebate L3 from 80123456789 - Sistem Surgena	COMPLETED	BALANCE	\N	3	\N	\N	2025-11-28 13:56:13.366453+00	\N	521	5	2
525	AUTO-20251128135613-C62C09	INTEREST	74580.00	Automatic profit from Sistem Vitaris investment	COMPLETED	BALANCE	\N	\N	\N	\N	2025-11-28 13:56:13.569614+00	\N	\N	\N	5
526	PRB-20251128135613-6CD37B	PROFIT_COMMISSION	5220.60	Profit rebate L1 from 80123456789 - Sistem Vitaris	COMPLETED	BALANCE	\N	1	\N	\N	2025-11-28 13:56:13.633288+00	\N	525	5	4
527	PRB-20251128135613-803185	PROFIT_COMMISSION	2983.20	Profit rebate L2 from 80123456789 - Sistem Vitaris	COMPLETED	BALANCE	\N	2	\N	\N	2025-11-28 13:56:13.695345+00	\N	525	5	3
528	PRB-20251128135613-A82FFB	PROFIT_COMMISSION	1491.60	Profit rebate L3 from 80123456789 - Sistem Vitaris	COMPLETED	BALANCE	\N	3	\N	\N	2025-11-28 13:56:13.756316+00	\N	525	5	2
529	AUTO-20251128135613-349614	INTEREST	39520.00	Automatic profit from Sistem Hermis investment	COMPLETED	BALANCE	\N	\N	\N	\N	2025-11-28 13:56:13.959786+00	\N	\N	\N	5
530	PRB-20251128135614-5EC6F9	PROFIT_COMMISSION	2766.40	Profit rebate L1 from 80123456789 - Sistem Hermis	COMPLETED	BALANCE	\N	1	\N	\N	2025-11-28 13:56:14.018141+00	\N	529	5	4
531	PRB-20251128135614-DE75FA	PROFIT_COMMISSION	1580.80	Profit rebate L2 from 80123456789 - Sistem Hermis	COMPLETED	BALANCE	\N	2	\N	\N	2025-11-28 13:56:14.083885+00	\N	529	5	3
532	PRB-20251128135614-F7512B	PROFIT_COMMISSION	790.40	Profit rebate L3 from 80123456789 - Sistem Hermis	COMPLETED	BALANCE	\N	3	\N	\N	2025-11-28 13:56:14.144019+00	\N	529	5	2
533	AUTO-20251128135614-F7DB56	INTEREST	22648.00	Automatic profit from Sistem Lyvion investment	COMPLETED	BALANCE	\N	\N	\N	\N	2025-11-28 13:56:14.348227+00	\N	\N	\N	5
534	PRB-20251128135614-BEC12B	PROFIT_COMMISSION	1585.36	Profit rebate L1 from 80123456789 - Sistem Lyvion	COMPLETED	BALANCE	\N	1	\N	\N	2025-11-28 13:56:14.408052+00	\N	533	5	4
535	PRB-20251128135614-97FD7E	PROFIT_COMMISSION	905.92	Profit rebate L2 from 80123456789 - Sistem Lyvion	COMPLETED	BALANCE	\N	2	\N	\N	2025-11-28 13:56:14.476486+00	\N	533	5	3
536	PRB-20251128135614-E045E0	PROFIT_COMMISSION	452.96	Profit rebate L3 from 80123456789 - Sistem Lyvion	COMPLETED	BALANCE	\N	3	\N	\N	2025-11-28 13:56:14.538965+00	\N	533	5	2
537	AUTO-20251128135614-14AEAD	INTEREST	11995.20	Automatic profit from Sistem Omnisurg investment	COMPLETED	BALANCE	\N	\N	\N	\N	2025-11-28 13:56:14.797967+00	\N	\N	\N	5
538	PRB-20251128135614-07844F	PROFIT_COMMISSION	839.66	Profit rebate L1 from 80123456789 - Sistem Omnisurg	COMPLETED	BALANCE	\N	1	\N	\N	2025-11-28 13:56:14.862609+00	\N	537	5	4
539	PRB-20251128135614-D3B195	PROFIT_COMMISSION	479.81	Profit rebate L2 from 80123456789 - Sistem Omnisurg	COMPLETED	BALANCE	\N	2	\N	\N	2025-11-28 13:56:14.922214+00	\N	537	5	3
540	PRB-20251128135614-C80F98	PROFIT_COMMISSION	239.90	Profit rebate L3 from 80123456789 - Sistem Omnisurg	COMPLETED	BALANCE	\N	3	\N	\N	2025-11-28 13:56:14.983699+00	\N	537	5	2
548	AUTO-20251128135615-A287A6	INTEREST	11995.20	Automatic profit from Sistem Omnisurg investment	COMPLETED	BALANCE	\N	\N	\N	\N	2025-11-28 13:56:15.922531+00	\N	\N	\N	2
549	PRB-20251128135615-3B8F6D	PROFIT_COMMISSION	839.66	Profit rebate L1 from 89595959595 - Sistem Omnisurg	COMPLETED	BALANCE	\N	1	\N	\N	2025-11-28 13:56:15.986349+00	\N	548	2	1
553	AUTO-20251129135223-35D472	INTEREST	39520.00	Automatic profit from Sistem Hermis investment	COMPLETED	BALANCE	\N	\N	\N	\N	2025-11-29 13:52:23.008659+00	\N	\N	\N	2
554	PRB-20251129135223-2CEBD5	PROFIT_COMMISSION	2766.40	Profit rebate L1 from 89595959595 - Sistem Hermis	COMPLETED	BALANCE	\N	1	\N	\N	2025-11-29 13:52:23.08227+00	\N	553	2	1
555	AUTO-20251129135223-5325CD	INTEREST	22648.00	Automatic profit from Sistem Lyvion investment	COMPLETED	BALANCE	\N	\N	\N	\N	2025-11-29 13:52:23.372843+00	\N	\N	\N	2
556	PRB-20251129135223-448426	PROFIT_COMMISSION	1585.36	Profit rebate L1 from 89595959595 - Sistem Lyvion	COMPLETED	BALANCE	\N	1	\N	\N	2025-11-29 13:52:23.442012+00	\N	555	2	1
557	AUTO-20251129135223-95D7B6	INTEREST	111080.00	Automatic profit from Sistem Surgena investment	COMPLETED	BALANCE	\N	\N	\N	\N	2025-11-29 13:52:23.652605+00	\N	\N	\N	4
558	PRB-20251129135223-6B8E0F	PROFIT_COMMISSION	7775.60	Profit rebate L1 from 0800123456789 - Sistem Surgena	COMPLETED	BALANCE	\N	1	\N	\N	2025-11-29 13:52:23.725084+00	\N	557	4	3
559	PRB-20251129135223-F130AA	PROFIT_COMMISSION	4443.20	Profit rebate L2 from 0800123456789 - Sistem Surgena	COMPLETED	BALANCE	\N	2	\N	\N	2025-11-29 13:52:23.831233+00	\N	557	4	2
560	PRB-20251129135223-819BC1	PROFIT_COMMISSION	2221.60	Profit rebate L3 from 0800123456789 - Sistem Surgena	COMPLETED	BALANCE	\N	3	\N	\N	2025-11-29 13:52:23.926569+00	\N	557	4	1
561	AUTO-20251129135224-3E24F1	INTEREST	74580.00	Automatic profit from Sistem Vitaris investment	COMPLETED	BALANCE	\N	\N	\N	\N	2025-11-29 13:52:24.252154+00	\N	\N	\N	4
562	PRB-20251129135224-97FA4C	PROFIT_COMMISSION	5220.60	Profit rebate L1 from 0800123456789 - Sistem Vitaris	COMPLETED	BALANCE	\N	1	\N	\N	2025-11-29 13:52:24.360803+00	\N	561	4	3
563	PRB-20251129135224-D75261	PROFIT_COMMISSION	2983.20	Profit rebate L2 from 0800123456789 - Sistem Vitaris	COMPLETED	BALANCE	\N	2	\N	\N	2025-11-29 13:52:24.463145+00	\N	561	4	2
564	PRB-20251129135224-836CAB	PROFIT_COMMISSION	1491.60	Profit rebate L3 from 0800123456789 - Sistem Vitaris	COMPLETED	BALANCE	\N	3	\N	\N	2025-11-29 13:52:24.545664+00	\N	561	4	1
565	AUTO-20251129135224-F43FDE	INTEREST	39520.00	Automatic profit from Sistem Hermis investment	COMPLETED	BALANCE	\N	\N	\N	\N	2025-11-29 13:52:24.829194+00	\N	\N	\N	4
566	PRB-20251129135224-8EF7D6	PROFIT_COMMISSION	2766.40	Profit rebate L1 from 0800123456789 - Sistem Hermis	COMPLETED	BALANCE	\N	1	\N	\N	2025-11-29 13:52:24.966577+00	\N	565	4	3
567	PRB-20251129135225-3BEA5A	PROFIT_COMMISSION	1580.80	Profit rebate L2 from 0800123456789 - Sistem Hermis	COMPLETED	BALANCE	\N	2	\N	\N	2025-11-29 13:52:25.092083+00	\N	565	4	2
568	PRB-20251129135225-969120	PROFIT_COMMISSION	790.40	Profit rebate L3 from 0800123456789 - Sistem Hermis	COMPLETED	BALANCE	\N	3	\N	\N	2025-11-29 13:52:25.211111+00	\N	565	4	1
569	AUTO-20251129135225-1AB4F3	INTEREST	22648.00	Automatic profit from Sistem Lyvion investment	COMPLETED	BALANCE	\N	\N	\N	\N	2025-11-29 13:52:25.548337+00	\N	\N	\N	4
570	PRB-20251129135225-EA9B50	PROFIT_COMMISSION	1585.36	Profit rebate L1 from 0800123456789 - Sistem Lyvion	COMPLETED	BALANCE	\N	1	\N	\N	2025-11-29 13:52:25.621324+00	\N	569	4	3
571	PRB-20251129135225-77B347	PROFIT_COMMISSION	905.92	Profit rebate L2 from 0800123456789 - Sistem Lyvion	COMPLETED	BALANCE	\N	2	\N	\N	2025-11-29 13:52:25.699676+00	\N	569	4	2
572	PRB-20251129135225-9F17E9	PROFIT_COMMISSION	452.96	Profit rebate L3 from 0800123456789 - Sistem Lyvion	COMPLETED	BALANCE	\N	3	\N	\N	2025-11-29 13:52:25.778262+00	\N	569	4	1
573	AUTO-20251129135226-D65A6F	INTEREST	11995.20	Automatic profit from Sistem Omnisurg investment	COMPLETED	BALANCE	\N	\N	\N	\N	2025-11-29 13:52:26.019288+00	\N	\N	\N	4
574	PRB-20251129135226-41C85B	PROFIT_COMMISSION	839.66	Profit rebate L1 from 0800123456789 - Sistem Omnisurg	COMPLETED	BALANCE	\N	1	\N	\N	2025-11-29 13:52:26.093184+00	\N	573	4	3
575	PRB-20251129135226-6BA870	PROFIT_COMMISSION	479.81	Profit rebate L2 from 0800123456789 - Sistem Omnisurg	COMPLETED	BALANCE	\N	2	\N	\N	2025-11-29 13:52:26.175592+00	\N	573	4	2
576	PRB-20251129135226-1A5871	PROFIT_COMMISSION	239.90	Profit rebate L3 from 0800123456789 - Sistem Omnisurg	COMPLETED	BALANCE	\N	3	\N	\N	2025-11-29 13:52:26.254874+00	\N	573	4	1
581	AUTO-20251129135226-E4AB51	INTEREST	111080.00	Automatic profit from Sistem Surgena investment	COMPLETED	BALANCE	\N	\N	\N	\N	2025-11-29 13:52:26.962067+00	\N	\N	\N	7
582	PRB-20251129135227-B47B2A	PROFIT_COMMISSION	7775.60	Profit rebate L1 from 8223456789 - Sistem Surgena	COMPLETED	BALANCE	\N	1	\N	\N	2025-11-29 13:52:27.043034+00	\N	581	7	6
583	PRB-20251129135227-9BC714	PROFIT_COMMISSION	4443.20	Profit rebate L2 from 8223456789 - Sistem Surgena	COMPLETED	BALANCE	\N	2	\N	\N	2025-11-29 13:52:27.140826+00	\N	581	7	5
584	PRB-20251129135227-D637D4	PROFIT_COMMISSION	2221.60	Profit rebate L3 from 8223456789 - Sistem Surgena	COMPLETED	BALANCE	\N	3	\N	\N	2025-11-29 13:52:27.209256+00	\N	581	7	4
585	AUTO-20251129135227-B9303F	INTEREST	74580.00	Automatic profit from Sistem Vitaris investment	COMPLETED	BALANCE	\N	\N	\N	\N	2025-11-29 13:52:27.542783+00	\N	\N	\N	7
586	PRB-20251129135227-99BCF2	PROFIT_COMMISSION	5220.60	Profit rebate L1 from 8223456789 - Sistem Vitaris	COMPLETED	BALANCE	\N	1	\N	\N	2025-11-29 13:52:27.620225+00	\N	585	7	6
587	PRB-20251129135227-423570	PROFIT_COMMISSION	2983.20	Profit rebate L2 from 8223456789 - Sistem Vitaris	COMPLETED	BALANCE	\N	2	\N	\N	2025-11-29 13:52:27.692078+00	\N	585	7	5
588	PRB-20251129135227-E5883D	PROFIT_COMMISSION	1491.60	Profit rebate L3 from 8223456789 - Sistem Vitaris	COMPLETED	BALANCE	\N	3	\N	\N	2025-11-29 13:52:27.757238+00	\N	585	7	4
589	AUTO-20251129135228-049DD7	INTEREST	39520.00	Automatic profit from Sistem Hermis investment	COMPLETED	BALANCE	\N	\N	\N	\N	2025-11-29 13:52:28.058102+00	\N	\N	\N	7
590	PRB-20251129135228-C6051F	PROFIT_COMMISSION	2766.40	Profit rebate L1 from 8223456789 - Sistem Hermis	COMPLETED	BALANCE	\N	1	\N	\N	2025-11-29 13:52:28.135268+00	\N	589	7	6
591	PRB-20251129135228-BAB756	PROFIT_COMMISSION	1580.80	Profit rebate L2 from 8223456789 - Sistem Hermis	COMPLETED	BALANCE	\N	2	\N	\N	2025-11-29 13:52:28.206655+00	\N	589	7	5
592	PRB-20251129135228-9B3E04	PROFIT_COMMISSION	790.40	Profit rebate L3 from 8223456789 - Sistem Hermis	COMPLETED	BALANCE	\N	3	\N	\N	2025-11-29 13:52:28.29063+00	\N	589	7	4
593	AUTO-20251129135228-85A173	INTEREST	22648.00	Automatic profit from Sistem Lyvion investment	COMPLETED	BALANCE	\N	\N	\N	\N	2025-11-29 13:52:28.572307+00	\N	\N	\N	7
594	PRB-20251129135228-9C5BFA	PROFIT_COMMISSION	1585.36	Profit rebate L1 from 8223456789 - Sistem Lyvion	COMPLETED	BALANCE	\N	1	\N	\N	2025-11-29 13:52:28.638645+00	\N	593	7	6
595	PRB-20251129135228-70082E	PROFIT_COMMISSION	905.92	Profit rebate L2 from 8223456789 - Sistem Lyvion	COMPLETED	BALANCE	\N	2	\N	\N	2025-11-29 13:52:28.710774+00	\N	593	7	5
596	PRB-20251129135228-5D6095	PROFIT_COMMISSION	452.96	Profit rebate L3 from 8223456789 - Sistem Lyvion	COMPLETED	BALANCE	\N	3	\N	\N	2025-11-29 13:52:28.79452+00	\N	593	7	4
597	AUTO-20251129135229-53FBFE	INTEREST	11995.20	Automatic profit from Sistem Omnisurg investment	COMPLETED	BALANCE	\N	\N	\N	\N	2025-11-29 13:52:29.086786+00	\N	\N	\N	7
598	PRB-20251129135229-586084	PROFIT_COMMISSION	839.66	Profit rebate L1 from 8223456789 - Sistem Omnisurg	COMPLETED	BALANCE	\N	1	\N	\N	2025-11-29 13:52:29.16172+00	\N	597	7	6
599	PRB-20251129135229-250A44	PROFIT_COMMISSION	479.81	Profit rebate L2 from 8223456789 - Sistem Omnisurg	COMPLETED	BALANCE	\N	2	\N	\N	2025-11-29 13:52:29.248399+00	\N	597	7	5
600	PRB-20251129135229-055821	PROFIT_COMMISSION	239.90	Profit rebate L3 from 8223456789 - Sistem Omnisurg	COMPLETED	BALANCE	\N	3	\N	\N	2025-11-29 13:52:29.336478+00	\N	597	7	4
605	AUTO-20251129135730-9FB528	INTEREST	111080.00	Automatic profit from Sistem Surgena investment	COMPLETED	BALANCE	\N	\N	\N	\N	2025-11-29 13:57:30.457856+00	\N	\N	\N	6
606	PRB-20251129135730-5AD518	PROFIT_COMMISSION	7775.60	Profit rebate L1 from 81123456789 - Sistem Surgena	COMPLETED	BALANCE	\N	1	\N	\N	2025-11-29 13:57:30.524173+00	\N	605	6	5
607	PRB-20251129135730-ED0C34	PROFIT_COMMISSION	4443.20	Profit rebate L2 from 81123456789 - Sistem Surgena	COMPLETED	BALANCE	\N	2	\N	\N	2025-11-29 13:57:30.601224+00	\N	605	6	4
608	PRB-20251129135730-85A461	PROFIT_COMMISSION	2221.60	Profit rebate L3 from 81123456789 - Sistem Surgena	COMPLETED	BALANCE	\N	3	\N	\N	2025-11-29 13:57:30.678751+00	\N	605	6	3
609	AUTO-20251129135730-F93F4B	INTEREST	74580.00	Automatic profit from Sistem Vitaris investment	COMPLETED	BALANCE	\N	\N	\N	\N	2025-11-29 13:57:30.951895+00	\N	\N	\N	6
610	PRB-20251129135731-0E666C	PROFIT_COMMISSION	5220.60	Profit rebate L1 from 81123456789 - Sistem Vitaris	COMPLETED	BALANCE	\N	1	\N	\N	2025-11-29 13:57:31.016305+00	\N	609	6	5
611	PRB-20251129135731-CCB4AA	PROFIT_COMMISSION	2983.20	Profit rebate L2 from 81123456789 - Sistem Vitaris	COMPLETED	BALANCE	\N	2	\N	\N	2025-11-29 13:57:31.325939+00	\N	609	6	4
612	PRB-20251129135731-7B2CF2	PROFIT_COMMISSION	1491.60	Profit rebate L3 from 81123456789 - Sistem Vitaris	COMPLETED	BALANCE	\N	3	\N	\N	2025-11-29 13:57:31.389394+00	\N	609	6	3
613	AUTO-20251129135731-4F1CCE	INTEREST	39520.00	Automatic profit from Sistem Hermis investment	COMPLETED	BALANCE	\N	\N	\N	\N	2025-11-29 13:57:31.622805+00	\N	\N	\N	6
614	PRB-20251129135731-4B771F	PROFIT_COMMISSION	2766.40	Profit rebate L1 from 81123456789 - Sistem Hermis	COMPLETED	BALANCE	\N	1	\N	\N	2025-11-29 13:57:31.686084+00	\N	613	6	5
615	PRB-20251129135731-2ECCAB	PROFIT_COMMISSION	1580.80	Profit rebate L2 from 81123456789 - Sistem Hermis	COMPLETED	BALANCE	\N	2	\N	\N	2025-11-29 13:57:31.748142+00	\N	613	6	4
616	PRB-20251129135731-98E01A	PROFIT_COMMISSION	790.40	Profit rebate L3 from 81123456789 - Sistem Hermis	COMPLETED	BALANCE	\N	3	\N	\N	2025-11-29 13:57:31.810174+00	\N	613	6	3
617	AUTO-20251129135732-38638F	INTEREST	22648.00	Automatic profit from Sistem Lyvion investment	COMPLETED	BALANCE	\N	\N	\N	\N	2025-11-29 13:57:32.038963+00	\N	\N	\N	6
618	PRB-20251129135732-990D3E	PROFIT_COMMISSION	1585.36	Profit rebate L1 from 81123456789 - Sistem Lyvion	COMPLETED	BALANCE	\N	1	\N	\N	2025-11-29 13:57:32.099933+00	\N	617	6	5
619	PRB-20251129135732-064193	PROFIT_COMMISSION	905.92	Profit rebate L2 from 81123456789 - Sistem Lyvion	COMPLETED	BALANCE	\N	2	\N	\N	2025-11-29 13:57:32.162069+00	\N	617	6	4
620	PRB-20251129135732-0885C7	PROFIT_COMMISSION	452.96	Profit rebate L3 from 81123456789 - Sistem Lyvion	COMPLETED	BALANCE	\N	3	\N	\N	2025-11-29 13:57:32.224976+00	\N	617	6	3
621	AUTO-20251129135732-699453	INTEREST	11995.20	Automatic profit from Sistem Omnisurg investment	COMPLETED	BALANCE	\N	\N	\N	\N	2025-11-29 13:57:32.455472+00	\N	\N	\N	6
622	PRB-20251129135732-7A724A	PROFIT_COMMISSION	839.66	Profit rebate L1 from 81123456789 - Sistem Omnisurg	COMPLETED	BALANCE	\N	1	\N	\N	2025-11-29 13:57:32.518865+00	\N	621	6	5
623	PRB-20251129135732-3E2A9A	PROFIT_COMMISSION	479.81	Profit rebate L2 from 81123456789 - Sistem Omnisurg	COMPLETED	BALANCE	\N	2	\N	\N	2025-11-29 13:57:32.587647+00	\N	621	6	4
624	PRB-20251129135732-D2C0D3	PROFIT_COMMISSION	239.90	Profit rebate L3 from 81123456789 - Sistem Omnisurg	COMPLETED	BALANCE	\N	3	\N	\N	2025-11-29 13:57:32.658949+00	\N	621	6	3
629	AUTO-20251129135733-FF970C	INTEREST	111080.00	Automatic profit from Sistem Surgena investment	COMPLETED	BALANCE	\N	\N	\N	\N	2025-11-29 13:57:33.311701+00	\N	\N	\N	5
630	PRB-20251129135733-9DB6A3	PROFIT_COMMISSION	7775.60	Profit rebate L1 from 80123456789 - Sistem Surgena	COMPLETED	BALANCE	\N	1	\N	\N	2025-11-29 13:57:33.37843+00	\N	629	5	4
631	PRB-20251129135733-D4AD4B	PROFIT_COMMISSION	4443.20	Profit rebate L2 from 80123456789 - Sistem Surgena	COMPLETED	BALANCE	\N	2	\N	\N	2025-11-29 13:57:33.443122+00	\N	629	5	3
632	PRB-20251129135733-903CA0	PROFIT_COMMISSION	2221.60	Profit rebate L3 from 80123456789 - Sistem Surgena	COMPLETED	BALANCE	\N	3	\N	\N	2025-11-29 13:57:33.504578+00	\N	629	5	2
633	AUTO-20251129135733-5578D7	INTEREST	74580.00	Automatic profit from Sistem Vitaris investment	COMPLETED	BALANCE	\N	\N	\N	\N	2025-11-29 13:57:33.728549+00	\N	\N	\N	5
634	PRB-20251129135733-8450F5	PROFIT_COMMISSION	5220.60	Profit rebate L1 from 80123456789 - Sistem Vitaris	COMPLETED	BALANCE	\N	1	\N	\N	2025-11-29 13:57:33.792076+00	\N	633	5	4
635	PRB-20251129135733-7541CA	PROFIT_COMMISSION	2983.20	Profit rebate L2 from 80123456789 - Sistem Vitaris	COMPLETED	BALANCE	\N	2	\N	\N	2025-11-29 13:57:33.856307+00	\N	633	5	3
636	PRB-20251129135733-94A84E	PROFIT_COMMISSION	1491.60	Profit rebate L3 from 80123456789 - Sistem Vitaris	COMPLETED	BALANCE	\N	3	\N	\N	2025-11-29 13:57:33.919141+00	\N	633	5	2
637	AUTO-20251129135734-3E16F9	INTEREST	39520.00	Automatic profit from Sistem Hermis investment	COMPLETED	BALANCE	\N	\N	\N	\N	2025-11-29 13:57:34.131401+00	\N	\N	\N	5
638	PRB-20251129135734-AF1ED9	PROFIT_COMMISSION	2766.40	Profit rebate L1 from 80123456789 - Sistem Hermis	COMPLETED	BALANCE	\N	1	\N	\N	2025-11-29 13:57:34.194292+00	\N	637	5	4
639	PRB-20251129135734-1B4078	PROFIT_COMMISSION	1580.80	Profit rebate L2 from 80123456789 - Sistem Hermis	COMPLETED	BALANCE	\N	2	\N	\N	2025-11-29 13:57:34.258894+00	\N	637	5	3
640	PRB-20251129135734-701FB5	PROFIT_COMMISSION	790.40	Profit rebate L3 from 80123456789 - Sistem Hermis	COMPLETED	BALANCE	\N	3	\N	\N	2025-11-29 13:57:34.323988+00	\N	637	5	2
641	AUTO-20251129135734-E02169	INTEREST	22648.00	Automatic profit from Sistem Lyvion investment	COMPLETED	BALANCE	\N	\N	\N	\N	2025-11-29 13:57:34.564609+00	\N	\N	\N	5
642	PRB-20251129135734-6F4BFB	PROFIT_COMMISSION	1585.36	Profit rebate L1 from 80123456789 - Sistem Lyvion	COMPLETED	BALANCE	\N	1	\N	\N	2025-11-29 13:57:34.630376+00	\N	641	5	4
643	PRB-20251129135734-6E3736	PROFIT_COMMISSION	905.92	Profit rebate L2 from 80123456789 - Sistem Lyvion	COMPLETED	BALANCE	\N	2	\N	\N	2025-11-29 13:57:34.712092+00	\N	641	5	3
644	PRB-20251129135734-AB8B1E	PROFIT_COMMISSION	452.96	Profit rebate L3 from 80123456789 - Sistem Lyvion	COMPLETED	BALANCE	\N	3	\N	\N	2025-11-29 13:57:34.774413+00	\N	641	5	2
645	AUTO-20251129135734-7D51E8	INTEREST	11995.20	Automatic profit from Sistem Omnisurg investment	COMPLETED	BALANCE	\N	\N	\N	\N	2025-11-29 13:57:34.990501+00	\N	\N	\N	5
646	PRB-20251129135735-C60EEF	PROFIT_COMMISSION	839.66	Profit rebate L1 from 80123456789 - Sistem Omnisurg	COMPLETED	BALANCE	\N	1	\N	\N	2025-11-29 13:57:35.060398+00	\N	645	5	4
647	PRB-20251129135735-32CBB3	PROFIT_COMMISSION	479.81	Profit rebate L2 from 80123456789 - Sistem Omnisurg	COMPLETED	BALANCE	\N	2	\N	\N	2025-11-29 13:57:35.125748+00	\N	645	5	3
648	PRB-20251129135735-DA7596	PROFIT_COMMISSION	239.90	Profit rebate L3 from 80123456789 - Sistem Omnisurg	COMPLETED	BALANCE	\N	3	\N	\N	2025-11-29 13:57:35.198832+00	\N	645	5	2
656	AUTO-20251129135736-410473	INTEREST	11995.20	Automatic profit from Sistem Omnisurg investment	COMPLETED	BALANCE	\N	\N	\N	\N	2025-11-29 13:57:36.176398+00	\N	\N	\N	2
657	PRB-20251129135736-473288	PROFIT_COMMISSION	839.66	Profit rebate L1 from 89595959595 - Sistem Omnisurg	COMPLETED	BALANCE	\N	1	\N	\N	2025-11-29 13:57:36.242919+00	\N	656	2	1
662	PUR-20251130032010-397A44	INVESTMENTS	1864500.00	Purchase Sistem Vitaris (x1)	COMPLETED	BALANCE_DEPOSIT	1	\N	\N	\N	2025-11-30 03:20:10.204504+00	\N	\N	\N	2
663	REB-20251130032010-FB0970	PURCHASE_COMMISSION	186450.00	Purchase rebate L1 from 89595959595 - Sistem Vitaris	COMPLETED	BALANCE	\N	1	\N	\N	2025-11-30 03:20:10.371139+00	\N	662	2	1
855	AUTO-20251204152149-1F2325	INTEREST	9000.00	Automatic profit from Exx 01 investment	COMPLETED	BALANCE	\N	\N	\N	\N	2025-12-04 15:21:49.437098+00	36	\N	\N	30
856	AUTO-20251204152149-DA22A5	INTEREST	9000.00	Automatic profit from Exx 01 investment	COMPLETED	BALANCE	\N	\N	\N	\N	2025-12-04 15:21:49.818595+00	36	\N	\N	29
857	AUTO-20251204152150-33F373	INTEREST	9000.00	Automatic profit from Exx 01 investment	COMPLETED	BALANCE	\N	\N	\N	\N	2025-12-04 15:21:50.17984+00	36	\N	\N	28
858	AUTO-20251204152150-EE3D72	INTEREST	9000.00	Automatic profit from Exx 01 investment	COMPLETED	BALANCE	\N	\N	\N	\N	2025-12-04 15:21:50.541574+00	36	\N	\N	26
859	AUTO-20251204152150-EB0E25	INTEREST	9000.00	Automatic profit from Exx 01 investment	COMPLETED	BALANCE	\N	\N	\N	\N	2025-12-04 15:21:50.940971+00	36	\N	\N	25
860	AUTO-20251204152151-151EF7	INTEREST	9000.00	Automatic profit from Exx 01 investment	COMPLETED	BALANCE	\N	\N	\N	\N	2025-12-04 15:21:51.32706+00	36	\N	\N	24
861	AUTO-20251204152151-0BC921	INTEREST	9000.00	Automatic profit from Exx 01 investment	COMPLETED	BALANCE	\N	\N	\N	\N	2025-12-04 15:21:51.715269+00	36	\N	\N	19
862	AUTO-20251204152152-3ECC4E	INTEREST	9000.00	Automatic profit from Exx 01 investment	COMPLETED	BALANCE	\N	\N	\N	\N	2025-12-04 15:21:52.066374+00	36	\N	\N	18
863	AUTO-20251204152152-967B21	INTEREST	9000.00	Automatic profit from Exx 01 investment	COMPLETED	BALANCE	\N	\N	\N	\N	2025-12-04 15:21:52.404679+00	36	\N	\N	16
864	AUTO-20251204152152-3B632A	INTEREST	9000.00	Automatic profit from Exx 01 investment	COMPLETED	BALANCE	\N	\N	\N	\N	2025-12-04 15:21:52.703784+00	36	\N	\N	17
865	AUTO-20251204152153-8F9157	INTEREST	20000.00	Automatic profit from Exx 02 investment	COMPLETED	BALANCE	\N	\N	\N	\N	2025-12-04 15:21:53.066885+00	1	\N	\N	14
866	AUTO-20251204152153-7BEF9C	INTEREST	9000.00	Automatic profit from Exx 01 investment	COMPLETED	BALANCE	\N	\N	\N	\N	2025-12-04 15:21:53.347085+00	36	\N	\N	14
867	AUTO-20251204152153-79A195	INTEREST	36000.00	Automatic profit from Exx 03 investment	COMPLETED	BALANCE	\N	\N	\N	\N	2025-12-04 15:21:53.645856+00	2	\N	\N	9
868	AUTO-20251204152153-C016A5	INTEREST	20000.00	Automatic profit from Exx 02 investment	COMPLETED	BALANCE	\N	\N	\N	\N	2025-12-04 15:21:53.927924+00	1	\N	\N	9
869	AUTO-20251204152154-93F732	INTEREST	9000.00	Automatic profit from Exx 01 investment	COMPLETED	BALANCE	\N	\N	\N	\N	2025-12-04 15:21:54.176949+00	36	\N	\N	9
870	AUTO-20251204152154-B4508F	INTEREST	9000.00	Automatic profit from Exx 01 investment	COMPLETED	BALANCE	\N	\N	\N	\N	2025-12-04 15:21:54.437149+00	36	\N	\N	11
872	AUTO-20251204152252-2A5074	INTEREST	9000.00	Automatic profit from Exx 01 investment	COMPLETED	BALANCE	\N	\N	\N	\N	2025-12-04 15:22:52.030473+00	36	\N	\N	10
873	AUTO-20251204152252-DC7AF6	INTEREST	300000.00	Automatic profit from Exx 07 investment	COMPLETED	BALANCE	\N	\N	\N	\N	2025-12-04 15:22:52.328093+00	6	\N	\N	2
874	AUTO-20251204152252-1D8EDB	INTEREST	520000.00	Automatic profit from Exx 08 investment	COMPLETED	BALANCE	\N	\N	\N	\N	2025-12-04 15:22:52.56384+00	7	\N	\N	2
875	AUTO-20251204152252-FE4FB9	INTEREST	4680.00	Automatic profit from Exx 01 investment	COMPLETED	BALANCE	\N	\N	\N	\N	2025-12-04 15:22:52.819831+00	36	\N	\N	4
876	AUTO-20251204152253-B753FF	INTEREST	4680.00	Automatic profit from Exx 01 investment	COMPLETED	BALANCE	\N	\N	\N	\N	2025-12-04 15:22:53.099154+00	36	\N	\N	7
877	AUTO-20251204152253-CDA8B3	INTEREST	4680.00	Automatic profit from Exx 01 investment	COMPLETED	BALANCE	\N	\N	\N	\N	2025-12-04 15:22:53.463641+00	36	\N	\N	6
878	AUTO-20251204152253-088047	INTEREST	4680.00	Automatic profit from Exx 01 investment	COMPLETED	BALANCE	\N	\N	\N	\N	2025-12-04 15:22:53.794474+00	36	\N	\N	5
879	AUTO-20251204152254-A07743	INTEREST	4680.00	Automatic profit from Exx 01 investment	COMPLETED	BALANCE	\N	\N	\N	\N	2025-12-04 15:22:54.121184+00	36	\N	\N	3
880	AUTO-20251204152254-415408	INTEREST	4680.00	Automatic profit from Exx 01 investment	COMPLETED	BALANCE	\N	\N	\N	\N	2025-12-04 15:22:54.370945+00	36	\N	\N	2
881	AUTO-20251205152532-2D6F21	INTEREST	9000.00	Automatic profit from Exx 01 investment	COMPLETED	BALANCE	\N	\N	\N	\N	2025-12-05 15:25:32.306338+00	36	\N	\N	30
882	AUTO-20251205152532-AA7A6D	INTEREST	9000.00	Automatic profit from Exx 01 investment	COMPLETED	BALANCE	\N	\N	\N	\N	2025-12-05 15:25:32.828882+00	36	\N	\N	29
883	AUTO-20251205152533-7097C6	INTEREST	9000.00	Automatic profit from Exx 01 investment	COMPLETED	BALANCE	\N	\N	\N	\N	2025-12-05 15:25:33.217685+00	36	\N	\N	28
884	AUTO-20251205152533-963280	INTEREST	9000.00	Automatic profit from Exx 01 investment	COMPLETED	BALANCE	\N	\N	\N	\N	2025-12-05 15:25:33.597483+00	36	\N	\N	26
885	AUTO-20251205152534-A8EB56	INTEREST	9000.00	Automatic profit from Exx 01 investment	COMPLETED	BALANCE	\N	\N	\N	\N	2025-12-05 15:25:34.015971+00	36	\N	\N	25
886	AUTO-20251205152534-9FF68E	INTEREST	9000.00	Automatic profit from Exx 01 investment	COMPLETED	BALANCE	\N	\N	\N	\N	2025-12-05 15:25:34.417893+00	36	\N	\N	24
887	AUTO-20251205152534-4B380C	INTEREST	9000.00	Automatic profit from Exx 01 investment	COMPLETED	BALANCE	\N	\N	\N	\N	2025-12-05 15:25:34.817492+00	36	\N	\N	19
888	AUTO-20251205152535-2C7303	INTEREST	9000.00	Automatic profit from Exx 01 investment	COMPLETED	BALANCE	\N	\N	\N	\N	2025-12-05 15:25:35.38774+00	36	\N	\N	18
889	AUTO-20251205152535-B5C038	INTEREST	9000.00	Automatic profit from Exx 01 investment	COMPLETED	BALANCE	\N	\N	\N	\N	2025-12-05 15:25:35.834689+00	36	\N	\N	16
890	AUTO-20251205152536-639DCA	INTEREST	9000.00	Automatic profit from Exx 01 investment	COMPLETED	BALANCE	\N	\N	\N	\N	2025-12-05 15:25:36.264373+00	36	\N	\N	17
891	AUTO-20251205152536-6C8BEB	INTEREST	20000.00	Automatic profit from Exx 02 investment	COMPLETED	BALANCE	\N	\N	\N	\N	2025-12-05 15:25:36.695989+00	1	\N	\N	14
892	AUTO-20251205152537-803A73	INTEREST	9000.00	Automatic profit from Exx 01 investment	COMPLETED	BALANCE	\N	\N	\N	\N	2025-12-05 15:25:37.00528+00	36	\N	\N	14
893	AUTO-20251205152537-9E2F58	INTEREST	36000.00	Automatic profit from Exx 03 investment	COMPLETED	BALANCE	\N	\N	\N	\N	2025-12-05 15:25:37.301957+00	2	\N	\N	9
894	AUTO-20251205152537-9976DA	INTEREST	20000.00	Automatic profit from Exx 02 investment	COMPLETED	BALANCE	\N	\N	\N	\N	2025-12-05 15:25:37.594336+00	1	\N	\N	9
895	AUTO-20251205152537-2F034A	INTEREST	9000.00	Automatic profit from Exx 01 investment	COMPLETED	BALANCE	\N	\N	\N	\N	2025-12-05 15:25:37.868917+00	36	\N	\N	9
896	AUTO-20251205152538-E61A12	INTEREST	9000.00	Automatic profit from Exx 01 investment	COMPLETED	BALANCE	\N	\N	\N	\N	2025-12-05 15:25:38.159979+00	36	\N	\N	11
897	AUTO-20251205152538-A02E8F	INTEREST	9000.00	Automatic profit from Exx 01 investment	COMPLETED	BALANCE	\N	\N	\N	\N	2025-12-05 15:25:38.457852+00	36	\N	\N	10
898	AUTO-20251205152538-733111	INTEREST	300000.00	Automatic profit from Exx 07 investment	COMPLETED	BALANCE	\N	\N	\N	\N	2025-12-05 15:25:38.760305+00	6	\N	\N	2
899	AUTO-20251205152539-198986	INTEREST	520000.00	Automatic profit from Exx 08 investment	COMPLETED	BALANCE	\N	\N	\N	\N	2025-12-05 15:25:39.045419+00	7	\N	\N	2
900	AUTO-20251205152539-C5597A	INTEREST	4680.00	Automatic profit from Exx 01 investment	COMPLETED	BALANCE	\N	\N	\N	\N	2025-12-05 15:25:39.335734+00	36	\N	\N	4
901	AUTO-20251205152539-BEFCB1	INTEREST	4680.00	Automatic profit from Exx 01 investment	COMPLETED	BALANCE	\N	\N	\N	\N	2025-12-05 15:25:39.631424+00	36	\N	\N	7
902	AUTO-20251205152540-6EB27C	INTEREST	4680.00	Automatic profit from Exx 01 investment	COMPLETED	BALANCE	\N	\N	\N	\N	2025-12-05 15:25:40.030612+00	36	\N	\N	6
903	AUTO-20251205152540-020ED8	INTEREST	4680.00	Automatic profit from Exx 01 investment	COMPLETED	BALANCE	\N	\N	\N	\N	2025-12-05 15:25:40.402527+00	36	\N	\N	5
904	AUTO-20251205152540-36C3C2	INTEREST	4680.00	Automatic profit from Exx 01 investment	COMPLETED	BALANCE	\N	\N	\N	\N	2025-12-05 15:25:40.742623+00	36	\N	\N	3
905	AUTO-20251205152541-19C653	INTEREST	4680.00	Automatic profit from Exx 01 investment	COMPLETED	BALANCE	\N	\N	\N	\N	2025-12-05 15:25:41.026069+00	36	\N	\N	2
906	AUTO-20251206152753-F5C6EE	INTEREST	9000.00	Automatic profit from Exx 01 investment	COMPLETED	BALANCE	\N	\N	\N	\N	2025-12-06 15:27:53.091404+00	36	\N	\N	30
907	AUTO-20251206152753-7A3D31	INTEREST	9000.00	Automatic profit from Exx 01 investment	COMPLETED	BALANCE	\N	\N	\N	\N	2025-12-06 15:27:53.491687+00	36	\N	\N	29
908	AUTO-20251206152753-7B5793	INTEREST	9000.00	Automatic profit from Exx 01 investment	COMPLETED	BALANCE	\N	\N	\N	\N	2025-12-06 15:27:53.861239+00	36	\N	\N	28
909	AUTO-20251206152754-DD553B	INTEREST	9000.00	Automatic profit from Exx 01 investment	COMPLETED	BALANCE	\N	\N	\N	\N	2025-12-06 15:27:54.217916+00	36	\N	\N	26
910	AUTO-20251206152754-7983F4	INTEREST	9000.00	Automatic profit from Exx 01 investment	COMPLETED	BALANCE	\N	\N	\N	\N	2025-12-06 15:27:54.571435+00	36	\N	\N	25
911	AUTO-20251206152754-6FBD64	INTEREST	9000.00	Automatic profit from Exx 01 investment	COMPLETED	BALANCE	\N	\N	\N	\N	2025-12-06 15:27:54.922782+00	36	\N	\N	24
912	AUTO-20251206152755-FDA94C	INTEREST	9000.00	Automatic profit from Exx 01 investment	COMPLETED	BALANCE	\N	\N	\N	\N	2025-12-06 15:27:55.276649+00	36	\N	\N	19
913	AUTO-20251206152755-9CF02D	INTEREST	9000.00	Automatic profit from Exx 01 investment	COMPLETED	BALANCE	\N	\N	\N	\N	2025-12-06 15:27:55.625261+00	36	\N	\N	18
914	AUTO-20251206152755-7BC04C	INTEREST	9000.00	Automatic profit from Exx 01 investment	COMPLETED	BALANCE	\N	\N	\N	\N	2025-12-06 15:27:55.980197+00	36	\N	\N	16
915	AUTO-20251206152756-582DD3	INTEREST	9000.00	Automatic profit from Exx 01 investment	COMPLETED	BALANCE	\N	\N	\N	\N	2025-12-06 15:27:56.301157+00	36	\N	\N	17
916	AUTO-20251206152756-71876E	INTEREST	20000.00	Automatic profit from Exx 02 investment	COMPLETED	BALANCE	\N	\N	\N	\N	2025-12-06 15:27:56.657271+00	1	\N	\N	14
917	AUTO-20251206152756-4B7609	INTEREST	9000.00	Automatic profit from Exx 01 investment	COMPLETED	BALANCE	\N	\N	\N	\N	2025-12-06 15:27:56.936777+00	36	\N	\N	14
918	AUTO-20251206152757-22541E	INTEREST	36000.00	Automatic profit from Exx 03 investment	COMPLETED	BALANCE	\N	\N	\N	\N	2025-12-06 15:27:57.217409+00	2	\N	\N	9
919	AUTO-20251206152757-52C6D2	INTEREST	20000.00	Automatic profit from Exx 02 investment	COMPLETED	BALANCE	\N	\N	\N	\N	2025-12-06 15:27:57.479731+00	1	\N	\N	9
920	AUTO-20251206152757-11B77A	INTEREST	9000.00	Automatic profit from Exx 01 investment	COMPLETED	BALANCE	\N	\N	\N	\N	2025-12-06 15:27:57.732578+00	36	\N	\N	9
921	AUTO-20251206152757-5FE4BA	INTEREST	9000.00	Automatic profit from Exx 01 investment	COMPLETED	BALANCE	\N	\N	\N	\N	2025-12-06 15:27:57.986691+00	36	\N	\N	11
922	AUTO-20251206152758-2A16E1	INTEREST	9000.00	Automatic profit from Exx 01 investment	COMPLETED	BALANCE	\N	\N	\N	\N	2025-12-06 15:27:58.287255+00	36	\N	\N	10
923	AUTO-20251206152758-425B77	INTEREST	300000.00	Automatic profit from Exx 07 investment	COMPLETED	BALANCE	\N	\N	\N	\N	2025-12-06 15:27:58.559856+00	6	\N	\N	2
924	AUTO-20251206152758-6EBB8E	INTEREST	520000.00	Automatic profit from Exx 08 investment	COMPLETED	BALANCE	\N	\N	\N	\N	2025-12-06 15:27:58.786335+00	7	\N	\N	2
925	AUTO-20251206152759-6C0707	INTEREST	4680.00	Automatic profit from Exx 01 investment	COMPLETED	BALANCE	\N	\N	\N	\N	2025-12-06 15:27:59.012972+00	36	\N	\N	4
926	AUTO-20251206152759-A8A601	INTEREST	4680.00	Automatic profit from Exx 01 investment	COMPLETED	BALANCE	\N	\N	\N	\N	2025-12-06 15:27:59.297865+00	36	\N	\N	7
927	AUTO-20251206152759-C7ABF2	INTEREST	4680.00	Automatic profit from Exx 01 investment	COMPLETED	BALANCE	\N	\N	\N	\N	2025-12-06 15:27:59.6514+00	36	\N	\N	6
928	AUTO-20251206152759-B52B4B	INTEREST	4680.00	Automatic profit from Exx 01 investment	COMPLETED	BALANCE	\N	\N	\N	\N	2025-12-06 15:27:59.98123+00	36	\N	\N	5
929	AUTO-20251206152800-8CA71F	INTEREST	4680.00	Automatic profit from Exx 01 investment	COMPLETED	BALANCE	\N	\N	\N	\N	2025-12-06 15:28:00.286304+00	36	\N	\N	3
930	AUTO-20251206152800-DB6A67	INTEREST	4680.00	Automatic profit from Exx 01 investment	COMPLETED	BALANCE	\N	\N	\N	\N	2025-12-06 15:28:00.541091+00	36	\N	\N	2
931	ATT-20251206154157-3159CF	ATTENDANCE	500.00	Daily attendance claim	COMPLETED	BALANCE	\N	\N	\N	\N	2025-12-06 15:41:57.385139+00	\N	\N	\N	2
932	DEP-20251206165728-6F37A8	DEPOSIT	2000000.00	Deposit via Jayapay (BALANCE_DEPOSIT)	FAILED	BALANCE_DEPOSIT	\N	\N	\N	\N	2025-12-06 16:57:28.686553+00	\N	\N	\N	2
933	WD-CD4E534FB0	WITHDRAW	700000.00	Withdrawal request	PENDING	BALANCE	\N	\N	\N	\N	2025-12-06 16:59:23.87113+00	\N	\N	\N	2
934	WD-7C24AD35EC	WITHDRAW	70000.00	Withdrawal request	PENDING	BALANCE	\N	\N	\N	\N	2025-12-06 16:59:58.559111+00	\N	\N	\N	2
935	ATT-20251206175821-3E5679	ATTENDANCE	500.00	Daily attendance claim	COMPLETED	BALANCE	\N	\N	\N	\N	2025-12-06 17:58:21.69913+00	\N	\N	\N	2
936	DEP-20251207162945-437066	DEPOSIT	500000.00	Deposit via Jayapay (BALANCE_DEPOSIT)	FAILED	BALANCE_DEPOSIT	\N	\N	\N	\N	2025-12-07 09:29:45.293058+00	\N	\N	\N	2
937	WD-951868BD5D	WITHDRAW	100000.00	Withdrawal request	PENDING	BALANCE	\N	\N	\N	\N	2025-12-07 09:29:58.913305+00	\N	\N	\N	2
938	PUR-20251207093138-92C2A3	INVESTMENTS	470000.00	Purchase Exx 05 (x1)	COMPLETED	BALANCE_DEPOSIT	1	\N	\N	\N	2025-12-07 09:31:38.909389+00	4	\N	\N	2
939	REB-20251207093139-C59786	PURCHASE_COMMISSION	117500.00	Purchase rebate L1 from 89595959595 - Exx 05	COMPLETED	BALANCE	\N	1	\N	\N	2025-12-07 09:31:39.105418+00	4	938	2	1
940	PUR-20251207093144-46A69C	INVESTMENTS	700000.00	Purchase Exx 06 (x1)	COMPLETED	BALANCE_DEPOSIT	1	\N	\N	\N	2025-12-07 09:31:44.9628+00	5	\N	\N	2
941	REB-20251207093145-43849F	PURCHASE_COMMISSION	175000.00	Purchase rebate L1 from 89595959595 - Exx 06	COMPLETED	BALANCE	\N	1	\N	\N	2025-12-07 09:31:45.101494+00	5	940	2	1
942	PUR-20251207094041-66A22A	INVESTMENTS	300000.00	Purchase Exx 04 (x1)	COMPLETED	BALANCE_DEPOSIT	1	\N	\N	\N	2025-12-07 09:40:41.953445+00	3	\N	\N	2
943	REB-20251207094042-77690E	PURCHASE_COMMISSION	75000.00	Purchase rebate L1 from 89595959595 - Exx 04	COMPLETED	BALANCE	\N	1	\N	\N	2025-12-07 09:40:42.100805+00	3	942	2	1
944	WD-7E18AD3148	WITHDRAW	100000.00	Withdrawal request	PENDING	BALANCE	\N	\N	\N	\N	2025-12-07 09:47:31.796473+00	\N	\N	\N	2
945	WD-458E362D1A	WITHDRAW	100000.00	Withdrawal request	PENDING	BALANCE	\N	\N	\N	\N	2025-12-07 09:50:35.918984+00	\N	\N	\N	2
946	REG-32-20251207165405	CREDIT	10000.00	Registration bonus	COMPLETED	BALANCE_DEPOSIT	\N	\N	\N	\N	2025-12-07 09:54:05.32731+00	\N	\N	\N	32
947	ADM-BALANCE_DEPOSIT-32-1765103920	CREDIT	1000000.00	Admin increased balance_deposit by 1000000	COMPLETED	BALANCE_DEPOSIT	\N	\N	\N	\N	2025-12-07 10:38:40.348926+00	\N	\N	\N	32
948	ATT-20251207103936-A5C761	ATTENDANCE	500.00	Daily attendance claim	COMPLETED	BALANCE	\N	\N	\N	\N	2025-12-07 10:39:36.85295+00	\N	\N	\N	32
949	PUR-20251207104511-895D05	INVESTMENTS	300000.00	Purchase Exx 04 (x1)	COMPLETED	BALANCE_DEPOSIT	1	\N	\N	\N	2025-12-07 10:45:11.705471+00	3	\N	\N	32
950	REB-20251207104511-770ACE	PURCHASE_COMMISSION	75000.00	Purchase rebate L1 from 81808368210 - Exx 04	COMPLETED	BALANCE	\N	1	\N	\N	2025-12-07 10:45:11.854536+00	3	949	32	2
951	REB-20251207104511-67310E	PURCHASE_COMMISSION	6000.00	Purchase rebate L2 from 81808368210 - Exx 04	COMPLETED	BALANCE	\N	2	\N	\N	2025-12-07 10:45:11.922925+00	3	949	32	1
952	PUR-20251207104557-443918	INVESTMENTS	470000.00	Purchase Exx 05 (x1)	COMPLETED	BALANCE_DEPOSIT	1	\N	\N	\N	2025-12-07 10:45:57.158227+00	4	\N	\N	32
953	REB-20251207104557-078047	PURCHASE_COMMISSION	117500.00	Purchase rebate L1 from 81808368210 - Exx 05	COMPLETED	BALANCE	\N	1	\N	\N	2025-12-07 10:45:57.299357+00	4	952	32	2
954	REB-20251207104557-18F0A1	PURCHASE_COMMISSION	9400.00	Purchase rebate L2 from 81808368210 - Exx 05	COMPLETED	BALANCE	\N	2	\N	\N	2025-12-07 10:45:57.368492+00	4	952	32	1
955	REG-33-20251207174824	CREDIT	10000.00	Registration bonus	COMPLETED	BALANCE_DEPOSIT	\N	\N	\N	\N	2025-12-07 10:48:24.354931+00	\N	\N	\N	33
956	ADM-BALANCE_DEPOSIT-33-1765104776	CREDIT	100000.00	Admin increased balance_deposit by 100000	COMPLETED	BALANCE_DEPOSIT	\N	\N	\N	\N	2025-12-07 10:52:56.103474+00	\N	\N	\N	33
957	PUR-20251207105344-113A01	INVESTMENTS	45000.00	Purchase Exx 01 (x1)	COMPLETED	BALANCE_DEPOSIT	1	\N	\N	\N	2025-12-07 10:53:44.283346+00	36	\N	\N	33
958	REB-20251207105344-68C9BA	PURCHASE_COMMISSION	11250.00	Purchase rebate L1 from 887648454349 - Exx 01	COMPLETED	BALANCE	\N	1	\N	\N	2025-12-07 10:53:44.425436+00	36	957	33	32
959	REB-20251207105344-203225	PURCHASE_COMMISSION	900.00	Purchase rebate L2 from 887648454349 - Exx 01	COMPLETED	BALANCE	\N	2	\N	\N	2025-12-07 10:53:44.498966+00	36	957	33	2
960	REB-20251207105344-6B1E2F	PURCHASE_COMMISSION	450.00	Purchase rebate L3 from 887648454349 - Exx 01	COMPLETED	BALANCE	\N	3	\N	\N	2025-12-07 10:53:44.57289+00	36	957	33	1
961	AUTO-20251207223105-246C6B	INTEREST	9000.00	Automatic profit from Exx 01 investment	COMPLETED	BALANCE	\N	\N	\N	\N	2025-12-07 15:31:05.526383+00	36	\N	\N	30
962	AUTO-20251207223105-B08F02	INTEREST	9000.00	Automatic profit from Exx 01 investment	COMPLETED	BALANCE	\N	\N	\N	\N	2025-12-07 15:31:05.958613+00	36	\N	\N	29
963	AUTO-20251207223106-736B27	INTEREST	9000.00	Automatic profit from Exx 01 investment	COMPLETED	BALANCE	\N	\N	\N	\N	2025-12-07 15:31:06.373103+00	36	\N	\N	28
964	AUTO-20251207223106-1E80CE	INTEREST	9000.00	Automatic profit from Exx 01 investment	COMPLETED	BALANCE	\N	\N	\N	\N	2025-12-07 15:31:06.787162+00	36	\N	\N	26
965	AUTO-20251207223107-28C339	INTEREST	9000.00	Automatic profit from Exx 01 investment	COMPLETED	BALANCE	\N	\N	\N	\N	2025-12-07 15:31:07.297879+00	36	\N	\N	25
966	AUTO-20251207223107-A1F56A	INTEREST	9000.00	Automatic profit from Exx 01 investment	COMPLETED	BALANCE	\N	\N	\N	\N	2025-12-07 15:31:07.71215+00	36	\N	\N	24
967	AUTO-20251207223108-546FBC	INTEREST	9000.00	Automatic profit from Exx 01 investment	COMPLETED	BALANCE	\N	\N	\N	\N	2025-12-07 15:31:08.114183+00	36	\N	\N	19
968	AUTO-20251207223108-8976E5	INTEREST	9000.00	Automatic profit from Exx 01 investment	COMPLETED	BALANCE	\N	\N	\N	\N	2025-12-07 15:31:08.483535+00	36	\N	\N	18
969	AUTO-20251207223108-A9E135	INTEREST	9000.00	Automatic profit from Exx 01 investment	COMPLETED	BALANCE	\N	\N	\N	\N	2025-12-07 15:31:08.895145+00	36	\N	\N	16
970	AUTO-20251207223109-4C55AF	INTEREST	9000.00	Automatic profit from Exx 01 investment	COMPLETED	BALANCE	\N	\N	\N	\N	2025-12-07 15:31:09.207383+00	36	\N	\N	17
971	AUTO-20251207223109-DD5411	INTEREST	20000.00	Automatic profit from Exx 02 investment	COMPLETED	BALANCE	\N	\N	\N	\N	2025-12-07 15:31:09.589521+00	1	\N	\N	14
972	AUTO-20251207223109-37101D	INTEREST	9000.00	Automatic profit from Exx 01 investment	COMPLETED	BALANCE	\N	\N	\N	\N	2025-12-07 15:31:09.867703+00	36	\N	\N	14
973	AUTO-20251207223110-02052D	INTEREST	36000.00	Automatic profit from Exx 03 investment	COMPLETED	BALANCE	\N	\N	\N	\N	2025-12-07 15:31:10.179101+00	2	\N	\N	9
974	AUTO-20251207223110-A46DBE	INTEREST	20000.00	Automatic profit from Exx 02 investment	COMPLETED	BALANCE	\N	\N	\N	\N	2025-12-07 15:31:10.475822+00	1	\N	\N	9
975	AUTO-20251207223110-4E3168	INTEREST	9000.00	Automatic profit from Exx 01 investment	COMPLETED	BALANCE	\N	\N	\N	\N	2025-12-07 15:31:10.741594+00	36	\N	\N	9
976	AUTO-20251207223111-05B9A3	INTEREST	9000.00	Automatic profit from Exx 01 investment	COMPLETED	BALANCE	\N	\N	\N	\N	2025-12-07 15:31:11.011209+00	36	\N	\N	11
977	AUTO-20251207223111-9A0B2B	INTEREST	9000.00	Automatic profit from Exx 01 investment	COMPLETED	BALANCE	\N	\N	\N	\N	2025-12-07 15:31:11.305648+00	36	\N	\N	10
978	AUTO-20251207223111-46B655	INTEREST	300000.00	Automatic profit from Exx 07 investment	COMPLETED	BALANCE	\N	\N	\N	\N	2025-12-07 15:31:11.59091+00	6	\N	\N	2
979	AUTO-20251207223111-64245C	INTEREST	520000.00	Automatic profit from Exx 08 investment	COMPLETED	BALANCE	\N	\N	\N	\N	2025-12-07 15:31:11.819737+00	7	\N	\N	2
980	AUTO-20251207223112-50FFD4	INTEREST	4680.00	Automatic profit from Exx 01 investment	COMPLETED	BALANCE	\N	\N	\N	\N	2025-12-07 15:31:12.051836+00	36	\N	\N	4
981	AUTO-20251207223112-1BC042	INTEREST	4680.00	Automatic profit from Exx 01 investment	COMPLETED	BALANCE	\N	\N	\N	\N	2025-12-07 15:31:12.615163+00	36	\N	\N	7
982	AUTO-20251207223112-3B005B	INTEREST	4680.00	Automatic profit from Exx 01 investment	COMPLETED	BALANCE	\N	\N	\N	\N	2025-12-07 15:31:12.997012+00	36	\N	\N	6
983	AUTO-20251207223113-0FB921	INTEREST	4680.00	Automatic profit from Exx 01 investment	COMPLETED	BALANCE	\N	\N	\N	\N	2025-12-07 15:31:13.715106+00	36	\N	\N	5
984	AUTO-20251207223115-29B52B	INTEREST	4680.00	Automatic profit from Exx 01 investment	COMPLETED	BALANCE	\N	\N	\N	\N	2025-12-07 15:31:15.677067+00	36	\N	\N	3
985	AUTO-20251207223116-DEDA26	INTEREST	4680.00	Automatic profit from Exx 01 investment	COMPLETED	BALANCE	\N	\N	\N	\N	2025-12-07 15:31:16.591122+00	36	\N	\N	2
986	PUR-20251207171137-1CE803	INVESTMENTS	100000.00	Purchase Exx 02 (x1)	COMPLETED	BALANCE_DEPOSIT	1	\N	\N	\N	2025-12-07 17:11:38.000137+00	1	\N	\N	2
987	REB-20251207171138-437ADA	PURCHASE_COMMISSION	25000.00	Purchase rebate L1 from 89595959595 - Exx 02	COMPLETED	BALANCE	\N	1	\N	\N	2025-12-07 17:11:38.217273+00	1	986	2	1
988	DEP-20251208003517-964A55	DEPOSIT	50000.00	Deposit via Jayapay (BALANCE_DEPOSIT)	FAILED	BALANCE_DEPOSIT	\N	\N	\N	\N	2025-12-07 17:35:17.616703+00	\N	\N	\N	2
989	DEP-20251208003538-754F05	DEPOSIT	50000.00	Deposit via Jayapay (BALANCE_DEPOSIT)	FAILED	BALANCE_DEPOSIT	\N	\N	\N	\N	2025-12-07 17:35:38.850699+00	\N	\N	\N	2
990	VCH-20251208070323-55BEBE	VOUCHER	5000.00	Voucher claim 999999	COMPLETED	BALANCE	\N	\N	3	999999	2025-12-08 00:03:23.346592+00	\N	\N	\N	32
991	VCH-20251208070410-2D403C	VOUCHER	6399.07	Voucher claim Yorobun	COMPLETED	BALANCE	\N	\N	1	Yorobun	2025-12-08 00:04:10.096328+00	\N	\N	\N	32
992	ATT-20251208000420-09B2AB	ATTENDANCE	500.00	Daily attendance claim	COMPLETED	BALANCE	\N	\N	\N	\N	2025-12-08 00:04:20.629373+00	\N	\N	\N	32
993	DEP-20251208070440-29C1C7	DEPOSIT	50000.00	Deposit via Jayapay (BALANCE_DEPOSIT)	FAILED	BALANCE_DEPOSIT	\N	\N	\N	\N	2025-12-08 00:04:40.199707+00	\N	\N	\N	32
994	PUR-20251208000655-2BDFDB	INVESTMENTS	45000.00	Purchase Exx 01 (x1)	COMPLETED	BALANCE_DEPOSIT	1	\N	\N	\N	2025-12-08 00:06:55.33577+00	36	\N	\N	32
995	REB-20251208000655-EF4FF9	PURCHASE_COMMISSION	11250.00	Purchase rebate L1 from 81808368210 - Exx 01	COMPLETED	BALANCE	\N	1	\N	\N	2025-12-08 00:06:55.517462+00	36	994	32	2
996	REB-20251208000655-7D2B71	PURCHASE_COMMISSION	900.00	Purchase rebate L2 from 81808368210 - Exx 01	COMPLETED	BALANCE	\N	2	\N	\N	2025-12-08 00:06:55.603738+00	36	994	32	1
997	REG-34-20251208071136	CREDIT	10000.00	Registration bonus	COMPLETED	BALANCE_DEPOSIT	\N	\N	\N	\N	2025-12-08 00:11:36.260235+00	\N	\N	\N	34
998	VCH-20251208071339-C92948	VOUCHER	5000.00	Voucher claim 999999	COMPLETED	BALANCE	\N	\N	3	999999	2025-12-08 00:13:39.687315+00	\N	\N	\N	34
999	ATT-20251208001411-F59B47	ATTENDANCE	500.00	Daily attendance claim	COMPLETED	BALANCE	\N	\N	\N	\N	2025-12-08 00:14:11.790648+00	\N	\N	\N	34
1000	ATT-20251208024751-82498D	ATTENDANCE	1000.00	Daily attendance claim	COMPLETED	BALANCE	\N	\N	\N	\N	2025-12-08 02:47:51.801006+00	\N	\N	\N	2
1001	REG-35-20251208095838	CREDIT	7000.00	Registration bonus	COMPLETED	BALANCE_DEPOSIT	\N	\N	\N	\N	2025-12-08 02:58:38.23696+00	\N	\N	\N	35
1002	REG-36-20251208152627	CREDIT	7000.00	Registration bonus	COMPLETED	BALANCE_DEPOSIT	\N	\N	\N	\N	2025-12-08 08:26:27.295187+00	\N	\N	\N	36
1003	AUTO-20251208163419-9113BE	INTEREST	140000.00	Automatic profit from RBB B300 investment	COMPLETED	BALANCE	\N	\N	\N	\N	2025-12-08 09:34:19.005824+00	5	\N	\N	2
1004	AUTO-20251208163419-E24E22	INTEREST	94000.00	Automatic profit from RBR A300 investment	COMPLETED	BALANCE	\N	\N	\N	\N	2025-12-08 09:34:19.360715+00	4	\N	\N	2
1005	AUTO-20251208164421-284B0C	INTEREST	60000.00	Automatic profit from RBB B200 investment	COMPLETED	BALANCE	\N	\N	\N	\N	2025-12-08 09:44:21.072112+00	3	\N	\N	2
1006	AUTO-20251208174954-63D952	INTEREST	94000.00	Automatic profit from RBR A300 investment	COMPLETED	BALANCE	\N	\N	\N	\N	2025-12-08 10:49:54.074847+00	4	\N	\N	32
1007	AUTO-20251208174954-CA3F55	INTEREST	60000.00	Automatic profit from RBB B200 investment	COMPLETED	BALANCE	\N	\N	\N	\N	2025-12-08 10:49:54.390398+00	3	\N	\N	32
1008	AUTO-20251208175455-5B2B88	INTEREST	9000.00	Automatic profit from RBR A100 investment	COMPLETED	BALANCE	\N	\N	\N	\N	2025-12-08 10:54:55.382692+00	36	\N	\N	33
1009	REG-37-20251208182304	CREDIT	7000.00	Registration bonus	COMPLETED	BALANCE_DEPOSIT	\N	\N	\N	\N	2025-12-08 11:23:04.039937+00	\N	\N	\N	37
1010	VCH-20251208182559-36FD17	VOUCHER	5000.00	Voucher claim 000000	COMPLETED	BALANCE	\N	\N	2	000000	2025-12-08 11:25:59.951113+00	\N	\N	\N	34
1011	ADM-BALANCE_DEPOSIT-34-1765193489	CREDIT	100000.00	Admin increased balance_deposit by 100000	COMPLETED	BALANCE_DEPOSIT	\N	\N	\N	\N	2025-12-08 11:31:29.304459+00	\N	\N	\N	34
1012	PUR-20251208113152-7F4C6C	INVESTMENTS	50000.00	Purchase RBR A100 (x1)	COMPLETED	BALANCE_DEPOSIT	1	\N	\N	\N	2025-12-08 11:31:52.735971+00	36	\N	\N	34
1013	REB-20251208113152-CAC196	PURCHASE_COMMISSION	12000.00	Purchase rebate L1 from 87123456789 - RBR A100	COMPLETED	BALANCE	\N	1	\N	\N	2025-12-08 11:31:52.877782+00	36	1012	34	32
1014	REB-20251208113152-EEFF57	PURCHASE_COMMISSION	500.00	Purchase rebate L2 from 87123456789 - RBR A100	COMPLETED	BALANCE	\N	2	\N	\N	2025-12-08 11:31:52.939967+00	36	1012	34	2
1015	REB-20251208113153-D5E62C	PURCHASE_COMMISSION	500.00	Purchase rebate L3 from 87123456789 - RBR A100	COMPLETED	BALANCE	\N	3	\N	\N	2025-12-08 11:31:53.01351+00	36	1012	34	1
1016	PUR-20251208113200-3E2374	INVESTMENTS	50000.00	Purchase RBR A100 (x1)	COMPLETED	BALANCE_DEPOSIT	1	\N	\N	\N	2025-12-08 11:32:00.705437+00	36	\N	\N	34
1017	REB-20251208113200-36F3C6	PURCHASE_COMMISSION	12000.00	Purchase rebate L1 from 87123456789 - RBR A100	COMPLETED	BALANCE	\N	1	\N	\N	2025-12-08 11:32:00.833649+00	36	1016	34	32
1018	REB-20251208113200-470E05	PURCHASE_COMMISSION	500.00	Purchase rebate L2 from 87123456789 - RBR A100	COMPLETED	BALANCE	\N	2	\N	\N	2025-12-08 11:32:00.894105+00	36	1016	34	2
1019	REB-20251208113200-9EE98C	PURCHASE_COMMISSION	500.00	Purchase rebate L3 from 87123456789 - RBR A100	COMPLETED	BALANCE	\N	3	\N	\N	2025-12-08 11:32:00.985269+00	36	1016	34	1
1020	ADM-BALANCE_DEPOSIT-37-1765193576	CREDIT	100000.00	Admin increased balance_deposit by 100000	COMPLETED	BALANCE_DEPOSIT	\N	\N	\N	\N	2025-12-08 11:32:56.461223+00	\N	\N	\N	37
1021	PUR-20251208113317-99528D	INVESTMENTS	50000.00	Purchase RBR A100 (x1)	COMPLETED	BALANCE_DEPOSIT	1	\N	\N	\N	2025-12-08 11:33:17.440695+00	36	\N	\N	37
1022	REB-20251208113317-8CC644	PURCHASE_COMMISSION	12000.00	Purchase rebate L1 from 87558825888 - RBR A100	COMPLETED	BALANCE	\N	1	\N	\N	2025-12-08 11:33:17.568175+00	36	1021	37	34
1023	REB-20251208113317-3842BE	PURCHASE_COMMISSION	500.00	Purchase rebate L2 from 87558825888 - RBR A100	COMPLETED	BALANCE	\N	2	\N	\N	2025-12-08 11:33:17.629606+00	36	1021	37	32
1024	REB-20251208113317-CD9BAC	PURCHASE_COMMISSION	500.00	Purchase rebate L3 from 87558825888 - RBR A100	COMPLETED	BALANCE	\N	3	\N	\N	2025-12-08 11:33:17.690995+00	36	1021	37	2
1025	AUTO-20251208223252-4E60AB	INTEREST	9000.00	Automatic profit from RBR A100 investment	COMPLETED	BALANCE	\N	\N	\N	\N	2025-12-08 15:32:52.853148+00	36	\N	\N	30
1026	AUTO-20251208223253-10928A	INTEREST	9000.00	Automatic profit from RBR A100 investment	COMPLETED	BALANCE	\N	\N	\N	\N	2025-12-08 15:32:53.34649+00	36	\N	\N	29
1027	AUTO-20251208223253-EC89B6	INTEREST	9000.00	Automatic profit from RBR A100 investment	COMPLETED	BALANCE	\N	\N	\N	\N	2025-12-08 15:32:53.719751+00	36	\N	\N	28
1028	AUTO-20251208223254-C2AEE9	INTEREST	9000.00	Automatic profit from RBR A100 investment	COMPLETED	BALANCE	\N	\N	\N	\N	2025-12-08 15:32:54.117344+00	36	\N	\N	26
1029	AUTO-20251208223254-71450E	INTEREST	9000.00	Automatic profit from RBR A100 investment	COMPLETED	BALANCE	\N	\N	\N	\N	2025-12-08 15:32:54.51141+00	36	\N	\N	25
1030	AUTO-20251208223254-7E15A2	INTEREST	9000.00	Automatic profit from RBR A100 investment	COMPLETED	BALANCE	\N	\N	\N	\N	2025-12-08 15:32:54.877898+00	36	\N	\N	24
1031	AUTO-20251208223255-F22034	INTEREST	9000.00	Automatic profit from RBR A100 investment	COMPLETED	BALANCE	\N	\N	\N	\N	2025-12-08 15:32:55.243076+00	36	\N	\N	19
1032	AUTO-20251208223255-21A7DB	INTEREST	9000.00	Automatic profit from RBR A100 investment	COMPLETED	BALANCE	\N	\N	\N	\N	2025-12-08 15:32:55.62732+00	36	\N	\N	18
1033	AUTO-20251208223256-B6796A	INTEREST	9000.00	Automatic profit from RBR A100 investment	COMPLETED	BALANCE	\N	\N	\N	\N	2025-12-08 15:32:56.003775+00	36	\N	\N	16
1034	AUTO-20251208223256-4E1C6C	INTEREST	9000.00	Automatic profit from RBR A100 investment	COMPLETED	BALANCE	\N	\N	\N	\N	2025-12-08 15:32:56.342492+00	36	\N	\N	17
1035	AUTO-20251208223256-5F56EE	INTEREST	20000.00	Automatic profit from RBB B100 investment	COMPLETED	BALANCE	\N	\N	\N	\N	2025-12-08 15:32:56.685711+00	1	\N	\N	14
1036	AUTO-20251208223257-F344B3	INTEREST	9000.00	Automatic profit from RBR A100 investment	COMPLETED	BALANCE	\N	\N	\N	\N	2025-12-08 15:32:57.002909+00	36	\N	\N	14
1037	AUTO-20251208223257-86A4F9	INTEREST	36000.00	Automatic profit from RBR A200 investment	COMPLETED	BALANCE	\N	\N	\N	\N	2025-12-08 15:32:57.314139+00	2	\N	\N	9
1038	AUTO-20251208223257-42A645	INTEREST	20000.00	Automatic profit from RBB B100 investment	COMPLETED	BALANCE	\N	\N	\N	\N	2025-12-08 15:32:57.598507+00	1	\N	\N	9
1039	AUTO-20251208223257-B9D961	INTEREST	9000.00	Automatic profit from RBR A100 investment	COMPLETED	BALANCE	\N	\N	\N	\N	2025-12-08 15:32:57.878553+00	36	\N	\N	9
1040	AUTO-20251208223258-7DED42	INTEREST	9000.00	Automatic profit from RBR A100 investment	COMPLETED	BALANCE	\N	\N	\N	\N	2025-12-08 15:32:58.152154+00	36	\N	\N	11
1041	AUTO-20251208223258-4777AE	INTEREST	9000.00	Automatic profit from RBR A100 investment	COMPLETED	BALANCE	\N	\N	\N	\N	2025-12-08 15:32:58.790506+00	36	\N	\N	10
1042	AUTO-20251208223259-2E0134	INTEREST	300000.00	Automatic profit from RBR A400 investment	COMPLETED	BALANCE	\N	\N	\N	\N	2025-12-08 15:32:59.376411+00	6	\N	\N	2
1043	AUTO-20251208223259-1DE417	INTEREST	520000.00	Automatic profit from RBB B400 investment	COMPLETED	BALANCE	\N	\N	\N	\N	2025-12-08 15:32:59.711788+00	7	\N	\N	2
1044	AUTO-20251208223259-EE6395	INTEREST	4680.00	Automatic profit from RBR A100 investment	COMPLETED	BALANCE	\N	\N	\N	\N	2025-12-08 15:32:59.997771+00	36	\N	\N	4
1045	AUTO-20251208223300-511701	INTEREST	4680.00	Automatic profit from RBR A100 investment	COMPLETED	BALANCE	\N	\N	\N	\N	2025-12-08 15:33:00.315851+00	36	\N	\N	7
1046	AUTO-20251208223300-CF475D	INTEREST	4680.00	Automatic profit from RBR A100 investment	COMPLETED	BALANCE	\N	\N	\N	\N	2025-12-08 15:33:00.792587+00	36	\N	\N	6
1047	AUTO-20251208223301-CE1AA9	INTEREST	4680.00	Automatic profit from RBR A100 investment	COMPLETED	BALANCE	\N	\N	\N	\N	2025-12-08 15:33:01.159362+00	36	\N	\N	5
1048	AUTO-20251208223301-8E4436	INTEREST	4680.00	Automatic profit from RBR A100 investment	COMPLETED	BALANCE	\N	\N	\N	\N	2025-12-08 15:33:01.912926+00	36	\N	\N	3
1049	AUTO-20251208223302-F0A52B	INTEREST	4680.00	Automatic profit from RBR A100 investment	COMPLETED	BALANCE	\N	\N	\N	\N	2025-12-08 15:33:02.198114+00	36	\N	\N	2
1050	ADM-BALANCE_DEPOSIT-35-1765210419	CREDIT	500000.00	Admin increased balance_deposit by 500000	COMPLETED	BALANCE_DEPOSIT	\N	\N	\N	\N	2025-12-08 16:13:39.475207+00	\N	\N	\N	35
1051	AUTO-20251209001314-55ECF5	INTEREST	20000.00	Automatic profit from RBB B100 investment	COMPLETED	BALANCE	\N	\N	\N	\N	2025-12-08 17:13:14.36921+00	1	\N	\N	2
1052	AUTO-20251209070909-160272	INTEREST	9000.00	Automatic profit from RBR A100 investment	COMPLETED	BALANCE	\N	\N	\N	\N	2025-12-09 00:09:09.253147+00	36	\N	\N	32
\.


--
-- TOC entry 3768 (class 0 OID 24729)
-- Dependencies: 271
-- Data for Name: user_banks; Type: TABLE DATA; Schema: public; Owner: -
--

COPY public.user_banks (id, account_name, account_number, is_default, created_at, updated_at, bank_id, user_id) FROM stdin;
9	Yuyun	123456789	t	2025-11-30 15:41:11.720814+00	2025-11-30 15:41:11.911708+00	17	9
10	fghdfhdhd	67547474	t	2025-11-30 22:01:59.693747+00	2025-11-30 22:01:59.735927+00	14	8
11	Ggggg	5666	t	2025-12-01 01:57:13.625825+00	2025-12-01 01:57:13.675253+00	18	13
12	Yuyun	1234568	t	2025-12-01 07:44:58.857141+00	2025-12-01 08:19:53.896311+00	12	14
13	Kila	123456789	t	2025-12-01 10:29:32.797893+00	2025-12-02 05:29:42.973086+00	17	16
14	Jinxi	123456789	t	2025-12-02 05:31:17.117327+00	2025-12-02 05:31:17.163119+00	13	22
15	Kaluna	123454646464	t	2025-12-02 12:51:03.599886+00	2025-12-02 12:51:03.694849+00	18	23
16	Kekeyi	083198292201	t	2025-12-07 10:42:53.243569+00	2025-12-08 00:08:26.97758+00	13	32
8	Youmif	123456g	t	2025-11-30 14:45:01.0204+00	2025-12-08 02:54:56.649949+00	12	2
17	vvvvv	123321	t	2025-12-08 14:30:48.103143+00	2025-12-08 14:30:48.153398+00	14	35
18	Yuyuni	12345678999	t	2025-12-08 23:01:59.519072+00	2025-12-08 23:02:33.196487+00	14	34
\.


--
-- TOC entry 3770 (class 0 OID 24733)
-- Dependencies: 273
-- Data for Name: voucher_usages; Type: TABLE DATA; Schema: public; Owner: -
--

COPY public.voucher_usages (id, voucher_code, amount_credited, amount_received, balance_type, used_at, transaction_id, user_id, voucher_id) FROM stdin;
1	bebekdungu	5000.00	5000.00	BALANCE	2025-11-09 17:04:18.804108+00	2	2	8
2	Yorobun	9783.53	9783.53	BALANCE	2025-11-10 02:07:10.350877+00	20	4	1
3	Yorobun	5988.49	5988.49	BALANCE	2025-11-10 02:21:55.93796+00	28	5	1
4	Yorobun	4713.42	4713.42	BALANCE	2025-11-10 02:27:50.136225+00	63	6	1
5	Yorobun	1380.65	1380.65	BALANCE	2025-11-10 02:33:42.897805+00	98	7	1
6	000000	5000.00	5000.00	BALANCE	2025-11-30 14:48:46.223401+00	692	2	2
7	000000	5000.00	5000.00	BALANCE	2025-11-30 15:36:11.312613+00	695	9	2
8	000000	5000.00	5000.00	BALANCE	2025-11-30 15:42:09.344257+00	703	11	2
9	999999	5000.00	5000.00	BALANCE	2025-11-30 15:44:41.902064+00	712	9	3
10	000000	5000.00	5000.00	BALANCE	2025-12-01 07:45:27.967274+00	722	14	2
11	000000	5000.00	5000.00	BALANCE	2025-12-01 10:04:22.544727+00	740	17	2
12	000000	5000.00	5000.00	BALANCE	2025-12-01 10:27:15.103571+00	748	16	2
13	999999	5000.00	5000.00	BALANCE	2025-12-02 09:36:08.979555+00	794	16	3
14	999999	5000.00	5000.00	BALANCE	2025-12-08 00:03:23.458415+00	990	32	3
15	Yorobun	6399.07	6399.07	BALANCE	2025-12-08 00:04:10.118232+00	991	32	1
16	999999	5000.00	5000.00	BALANCE	2025-12-08 00:13:39.722293+00	998	34	3
17	000000	5000.00	5000.00	BALANCE	2025-12-08 11:25:59.979772+00	1010	34	2
\.


--
-- TOC entry 3772 (class 0 OID 24737)
-- Dependencies: 275
-- Data for Name: vouchers; Type: TABLE DATA; Schema: public; Owner: -
--

COPY public.vouchers (id, code, type, amount, max_amount, balance_type, usage_limit, used_count, is_active, expires_at, created_at, updated_at, min_amount, rank_rewards) FROM stdin;
8	bebekdungu	fixed	5000.00	0.00	BALANCE	3	3	t	2025-11-10 05:00:00+00	2025-11-09 04:52:05.671194+00	2025-11-09 17:04:12.615841+00	0.00	{}
1	Yorobun	random	0.00	10000.00	BALANCE	5	5	t	\N	2025-11-10 02:02:23.285498+00	2025-11-10 02:02:23.285506+00	1000.00	{}
3	999999	fixed	5000.00	0.00	BALANCE	5	4	t	\N	2025-11-30 15:44:29.45246+00	2025-11-30 15:44:29.45246+00	0.00	{}
2	000000	fixed	5000.00	0.00	BALANCE	10	7	t	\N	2025-11-30 14:27:21.354571+00	2025-11-30 14:27:21.354571+00	0.00	{}
\.


--
-- TOC entry 3774 (class 0 OID 24743)
-- Dependencies: 277
-- Data for Name: withdrawal_jayapay; Type: TABLE DATA; Schema: public; Owner: -
--

COPY public.withdrawal_jayapay (id, request_params, response_payload, created_at, updated_at, withdrawal_id) FROM stdin;
\.


--
-- TOC entry 3776 (class 0 OID 24749)
-- Dependencies: 279
-- Data for Name: withdrawal_settings; Type: TABLE DATA; Schema: public; Owner: -
--

COPY public.withdrawal_settings (id, is_active, require_bank_account, minimum_product_quantity, created_at, updated_at, required_product_id, balance_source, require_pin) FROM stdin;
1	t	t	10	2025-10-05 08:24:34.149825+00	2025-10-05 08:45:01.090849+00	\N	balance	f
\.


--
-- TOC entry 3778 (class 0 OID 24754)
-- Dependencies: 281
-- Data for Name: withdrawals; Type: TABLE DATA; Schema: public; Owner: -
--

COPY public.withdrawals (id, amount, fee, net_amount, status, note, created_at, updated_at, bank_account_id, user_id, transaction_id) FROM stdin;
2	271245.64	29837.02	241408.62	COMPLETED		2025-11-10 02:25:35.186698+00	2025-11-10 02:26:02.294741+00	\N	5	61
3	269949.79	29694.48	240255.31	COMPLETED		2025-11-10 02:31:17.185517+00	2025-11-10 02:31:42.637011+00	\N	6	96
4	266274.73	29290.22	236984.51	COMPLETED		2025-11-10 02:37:06.464434+00	2025-11-10 02:37:20.350931+00	\N	7	131
5	1022640.58	112490.46	910150.12	REJECTED		2025-11-10 02:44:32.078277+00	2025-11-10 02:45:38.409028+00	\N	4	134
6	1022640.58	112490.46	910150.12	COMPLETED		2025-11-10 02:46:18.385395+00	2025-11-10 02:46:27.580063+00	\N	4	136
7	50000.00	5500.00	44500.00	REJECTED		2025-11-10 02:51:42.586446+00	2025-11-10 02:59:25.204731+00	\N	4	168
1	50000.00	5500.00	10000.00	REJECTED		2025-11-09 17:09:21.330125+00	2025-11-10 05:52:29.247398+00	\N	2	8
8	50000.00	5500.00	10200.00	COMPLETED		2025-11-10 05:53:36.01144+00	2025-11-10 08:28:56.445609+00	\N	2	171
9	50000.00	5500.00	10000.00	COMPLETED		2025-11-10 08:28:00.504017+00	2025-11-10 09:11:36.058636+00	\N	2	180
10	50000.00	5500.00	10000.00	REJECTED		2025-11-10 09:12:00.668532+00	2025-11-10 09:55:00.233124+00	\N	2	181
11	100000.00	11000.00	89000.00	PENDING		2025-11-30 10:32:43.028812+00	2025-11-30 10:32:43.028812+00	\N	2	664
12	100000.00	11000.00	89000.00	PENDING		2025-11-30 10:39:21.828128+00	2025-11-30 10:39:21.829143+00	\N	2	665
13	100000.00	11000.00	89000.00	PENDING		2025-11-30 14:45:34.841375+00	2025-11-30 14:45:34.841375+00	8	2	687
14	100000.00	11000.00	89000.00	PENDING		2025-12-01 07:48:22.811029+00	2025-12-01 07:48:22.811029+00	12	14	724
15	100000.00	11000.00	89000.00	PENDING		2025-12-01 07:48:52.129808+00	2025-12-01 07:48:52.129808+00	12	14	726
16	66750.00	7342.50	59407.50	REJECTED		2025-12-01 10:29:46.840907+00	2025-12-01 10:30:05.726118+00	13	16	755
17	66750.00	6675.00	60075.00	COMPLETED		2025-12-01 10:32:20.048926+00	2025-12-01 10:33:53.436659+00	13	16	757
18	48000.00	4800.00	43200.00	PENDING		2025-12-02 09:34:59.135283+00	2025-12-02 09:34:59.136791+00	13	16	793
19	58750.00	5875.00	52875.00	COMPLETED		2025-12-02 12:51:37.243067+00	2025-12-02 12:55:01.241133+00	15	23	820
20	700000.00	70000.00	630000.00	PENDING		2025-12-06 16:59:23.894623+00	2025-12-06 16:59:23.89715+00	8	2	933
21	70000.00	7000.00	63000.00	PENDING		2025-12-06 16:59:58.581099+00	2025-12-06 16:59:58.581099+00	8	2	934
22	100000.00	10000.00	90000.00	PENDING		2025-12-07 09:29:58.937575+00	2025-12-07 09:29:58.941099+00	8	2	937
23	100000.00	10000.00	90000.00	PENDING		2025-12-07 09:47:31.829134+00	2025-12-07 09:47:31.833318+00	8	2	944
24	100000.00	10000.00	90000.00	PENDING		2025-12-07 09:50:35.943964+00	2025-12-07 09:50:35.943964+00	8	2	945
\.


--
-- TOC entry 3785 (class 0 OID 0)
-- Dependencies: 216
-- Name: accounts_generalsetting_id_seq; Type: SEQUENCE SET; Schema: public; Owner: -
--

SELECT pg_catalog.setval('public.accounts_generalsetting_id_seq', 1, false);


--
-- TOC entry 3786 (class 0 OID 0)
-- Dependencies: 219
-- Name: accounts_user_groups_id_seq; Type: SEQUENCE SET; Schema: public; Owner: -
--

SELECT pg_catalog.setval('public.accounts_user_groups_id_seq', 1, false);


--
-- TOC entry 3787 (class 0 OID 0)
-- Dependencies: 220
-- Name: accounts_user_id_seq; Type: SEQUENCE SET; Schema: public; Owner: -
--

SELECT pg_catalog.setval('public.accounts_user_id_seq', 37, true);


--
-- TOC entry 3788 (class 0 OID 0)
-- Dependencies: 222
-- Name: accounts_user_user_permissions_id_seq; Type: SEQUENCE SET; Schema: public; Owner: -
--

SELECT pg_catalog.setval('public.accounts_user_user_permissions_id_seq', 1, false);


--
-- TOC entry 3789 (class 0 OID 0)
-- Dependencies: 224
-- Name: attendance_logs_id_seq; Type: SEQUENCE SET; Schema: public; Owner: -
--

SELECT pg_catalog.setval('public.attendance_logs_id_seq', 24, true);


--
-- TOC entry 3790 (class 0 OID 0)
-- Dependencies: 226
-- Name: attendance_settings_id_seq; Type: SEQUENCE SET; Schema: public; Owner: -
--

SELECT pg_catalog.setval('public.attendance_settings_id_seq', 2, true);


--
-- TOC entry 3791 (class 0 OID 0)
-- Dependencies: 228
-- Name: auth_group_id_seq; Type: SEQUENCE SET; Schema: public; Owner: -
--

SELECT pg_catalog.setval('public.auth_group_id_seq', 1, false);


--
-- TOC entry 3792 (class 0 OID 0)
-- Dependencies: 230
-- Name: auth_group_permissions_id_seq; Type: SEQUENCE SET; Schema: public; Owner: -
--

SELECT pg_catalog.setval('public.auth_group_permissions_id_seq', 1, false);


--
-- TOC entry 3793 (class 0 OID 0)
-- Dependencies: 232
-- Name: auth_permission_id_seq; Type: SEQUENCE SET; Schema: public; Owner: -
--

SELECT pg_catalog.setval('public.auth_permission_id_seq', 136, true);


--
-- TOC entry 3794 (class 0 OID 0)
-- Dependencies: 235
-- Name: bank_settings_id_seq; Type: SEQUENCE SET; Schema: public; Owner: -
--

SELECT pg_catalog.setval('public.bank_settings_id_seq', 1, true);


--
-- TOC entry 3795 (class 0 OID 0)
-- Dependencies: 237
-- Name: banks_id_seq; Type: SEQUENCE SET; Schema: public; Owner: -
--

SELECT pg_catalog.setval('public.banks_id_seq', 19, true);


--
-- TOC entry 3796 (class 0 OID 0)
-- Dependencies: 239
-- Name: claim_history_id_seq; Type: SEQUENCE SET; Schema: public; Owner: -
--

SELECT pg_catalog.setval('public.claim_history_id_seq', 298, true);


--
-- TOC entry 3797 (class 0 OID 0)
-- Dependencies: 242
-- Name: deposits_gatewaysettings_id_seq; Type: SEQUENCE SET; Schema: public; Owner: -
--

SELECT pg_catalog.setval('public.deposits_gatewaysettings_id_seq', 1, true);


--
-- TOC entry 3798 (class 0 OID 0)
-- Dependencies: 243
-- Name: deposits_id_seq; Type: SEQUENCE SET; Schema: public; Owner: -
--

SELECT pg_catalog.setval('public.deposits_id_seq', 18, true);


--
-- TOC entry 3799 (class 0 OID 0)
-- Dependencies: 245
-- Name: django_admin_log_id_seq; Type: SEQUENCE SET; Schema: public; Owner: -
--

SELECT pg_catalog.setval('public.django_admin_log_id_seq', 167, true);


--
-- TOC entry 3800 (class 0 OID 0)
-- Dependencies: 247
-- Name: django_content_type_id_seq; Type: SEQUENCE SET; Schema: public; Owner: -
--

SELECT pg_catalog.setval('public.django_content_type_id_seq', 34, true);


--
-- TOC entry 3801 (class 0 OID 0)
-- Dependencies: 249
-- Name: django_migrations_id_seq; Type: SEQUENCE SET; Schema: public; Owner: -
--

SELECT pg_catalog.setval('public.django_migrations_id_seq', 77, true);


--
-- TOC entry 3802 (class 0 OID 0)
-- Dependencies: 252
-- Name: investments_id_seq; Type: SEQUENCE SET; Schema: public; Owner: -
--

SELECT pg_catalog.setval('public.investments_id_seq', 61, true);


--
-- TOC entry 3803 (class 0 OID 0)
-- Dependencies: 254
-- Name: mission_user_states_id_seq; Type: SEQUENCE SET; Schema: public; Owner: -
--

SELECT pg_catalog.setval('public.mission_user_states_id_seq', 12, true);


--
-- TOC entry 3804 (class 0 OID 0)
-- Dependencies: 256
-- Name: missions_id_seq; Type: SEQUENCE SET; Schema: public; Owner: -
--

SELECT pg_catalog.setval('public.missions_id_seq', 16, true);


--
-- TOC entry 3805 (class 0 OID 0)
-- Dependencies: 258
-- Name: news_news_id_seq; Type: SEQUENCE SET; Schema: public; Owner: -
--

SELECT pg_catalog.setval('public.news_news_id_seq', 5, true);


--
-- TOC entry 3806 (class 0 OID 0)
-- Dependencies: 260
-- Name: products_id_seq; Type: SEQUENCE SET; Schema: public; Owner: -
--

SELECT pg_catalog.setval('public.products_id_seq', 9, true);


--
-- TOC entry 3807 (class 0 OID 0)
-- Dependencies: 262
-- Name: rank_levels_id_seq; Type: SEQUENCE SET; Schema: public; Owner: -
--

SELECT pg_catalog.setval('public.rank_levels_id_seq', 1, false);


--
-- TOC entry 3808 (class 0 OID 0)
-- Dependencies: 264
-- Name: support_supportchatmessage_id_seq; Type: SEQUENCE SET; Schema: public; Owner: -
--

SELECT pg_catalog.setval('public.support_supportchatmessage_id_seq', 1, false);


--
-- TOC entry 3809 (class 0 OID 0)
-- Dependencies: 266
-- Name: support_supportchatthread_id_seq; Type: SEQUENCE SET; Schema: public; Owner: -
--

SELECT pg_catalog.setval('public.support_supportchatthread_id_seq', 1, false);


--
-- TOC entry 3810 (class 0 OID 0)
-- Dependencies: 268
-- Name: support_supportlink_id_seq; Type: SEQUENCE SET; Schema: public; Owner: -
--

SELECT pg_catalog.setval('public.support_supportlink_id_seq', 2, true);


--
-- TOC entry 3811 (class 0 OID 0)
-- Dependencies: 270
-- Name: transactions_id_seq; Type: SEQUENCE SET; Schema: public; Owner: -
--

SELECT pg_catalog.setval('public.transactions_id_seq', 1052, true);


--
-- TOC entry 3812 (class 0 OID 0)
-- Dependencies: 272
-- Name: user_banks_id_seq; Type: SEQUENCE SET; Schema: public; Owner: -
--

SELECT pg_catalog.setval('public.user_banks_id_seq', 18, true);


--
-- TOC entry 3813 (class 0 OID 0)
-- Dependencies: 274
-- Name: voucher_usages_id_seq; Type: SEQUENCE SET; Schema: public; Owner: -
--

SELECT pg_catalog.setval('public.voucher_usages_id_seq', 17, true);


--
-- TOC entry 3814 (class 0 OID 0)
-- Dependencies: 276
-- Name: vouchers_id_seq; Type: SEQUENCE SET; Schema: public; Owner: -
--

SELECT pg_catalog.setval('public.vouchers_id_seq', 3, true);


--
-- TOC entry 3815 (class 0 OID 0)
-- Dependencies: 278
-- Name: withdrawal_jayapay_id_seq; Type: SEQUENCE SET; Schema: public; Owner: -
--

SELECT pg_catalog.setval('public.withdrawal_jayapay_id_seq', 1, false);


--
-- TOC entry 3816 (class 0 OID 0)
-- Dependencies: 280
-- Name: withdrawal_settings_id_seq; Type: SEQUENCE SET; Schema: public; Owner: -
--

SELECT pg_catalog.setval('public.withdrawal_settings_id_seq', 1, false);


--
-- TOC entry 3817 (class 0 OID 0)
-- Dependencies: 282
-- Name: withdrawals_id_seq; Type: SEQUENCE SET; Schema: public; Owner: -
--

SELECT pg_catalog.setval('public.withdrawals_id_seq', 24, true);


--
-- TOC entry 3361 (class 2606 OID 24775)
-- Name: accounts_generalsetting accounts_generalsetting_pkey; Type: CONSTRAINT; Schema: public; Owner: -
--

ALTER TABLE ONLY public.accounts_generalsetting
    ADD CONSTRAINT accounts_generalsetting_pkey PRIMARY KEY (id);


--
-- TOC entry 3364 (class 2606 OID 24777)
-- Name: accounts_user accounts_user_email_key; Type: CONSTRAINT; Schema: public; Owner: -
--

ALTER TABLE ONLY public.accounts_user
    ADD CONSTRAINT accounts_user_email_key UNIQUE (email);


--
-- TOC entry 3379 (class 2606 OID 24779)
-- Name: accounts_user_groups accounts_user_groups_pkey; Type: CONSTRAINT; Schema: public; Owner: -
--

ALTER TABLE ONLY public.accounts_user_groups
    ADD CONSTRAINT accounts_user_groups_pkey PRIMARY KEY (id);


--
-- TOC entry 3382 (class 2606 OID 24781)
-- Name: accounts_user_groups accounts_user_groups_user_id_group_id_59c0b32f_uniq; Type: CONSTRAINT; Schema: public; Owner: -
--

ALTER TABLE ONLY public.accounts_user_groups
    ADD CONSTRAINT accounts_user_groups_user_id_group_id_59c0b32f_uniq UNIQUE (user_id, group_id);


--
-- TOC entry 3367 (class 2606 OID 24783)
-- Name: accounts_user accounts_user_phone_key; Type: CONSTRAINT; Schema: public; Owner: -
--

ALTER TABLE ONLY public.accounts_user
    ADD CONSTRAINT accounts_user_phone_key UNIQUE (phone);


--
-- TOC entry 3369 (class 2606 OID 24785)
-- Name: accounts_user accounts_user_pkey; Type: CONSTRAINT; Schema: public; Owner: -
--

ALTER TABLE ONLY public.accounts_user
    ADD CONSTRAINT accounts_user_pkey PRIMARY KEY (id);


--
-- TOC entry 3373 (class 2606 OID 24787)
-- Name: accounts_user accounts_user_referral_code_key; Type: CONSTRAINT; Schema: public; Owner: -
--

ALTER TABLE ONLY public.accounts_user
    ADD CONSTRAINT accounts_user_referral_code_key UNIQUE (referral_code);


--
-- TOC entry 3384 (class 2606 OID 24789)
-- Name: accounts_user_user_permissions accounts_user_user_permi_user_id_permission_id_2ab516c2_uniq; Type: CONSTRAINT; Schema: public; Owner: -
--

ALTER TABLE ONLY public.accounts_user_user_permissions
    ADD CONSTRAINT accounts_user_user_permi_user_id_permission_id_2ab516c2_uniq UNIQUE (user_id, permission_id);


--
-- TOC entry 3387 (class 2606 OID 24791)
-- Name: accounts_user_user_permissions accounts_user_user_permissions_pkey; Type: CONSTRAINT; Schema: public; Owner: -
--

ALTER TABLE ONLY public.accounts_user_user_permissions
    ADD CONSTRAINT accounts_user_user_permissions_pkey PRIMARY KEY (id);


--
-- TOC entry 3376 (class 2606 OID 24793)
-- Name: accounts_user accounts_user_username_key; Type: CONSTRAINT; Schema: public; Owner: -
--

ALTER TABLE ONLY public.accounts_user
    ADD CONSTRAINT accounts_user_username_key UNIQUE (username);


--
-- TOC entry 3390 (class 2606 OID 24795)
-- Name: attendance_logs attendance_logs_pkey; Type: CONSTRAINT; Schema: public; Owner: -
--

ALTER TABLE ONLY public.attendance_logs
    ADD CONSTRAINT attendance_logs_pkey PRIMARY KEY (id);


--
-- TOC entry 3395 (class 2606 OID 24797)
-- Name: attendance_settings attendance_settings_pkey; Type: CONSTRAINT; Schema: public; Owner: -
--

ALTER TABLE ONLY public.attendance_settings
    ADD CONSTRAINT attendance_settings_pkey PRIMARY KEY (id);


--
-- TOC entry 3398 (class 2606 OID 24799)
-- Name: auth_group auth_group_name_key; Type: CONSTRAINT; Schema: public; Owner: -
--

ALTER TABLE ONLY public.auth_group
    ADD CONSTRAINT auth_group_name_key UNIQUE (name);


--
-- TOC entry 3403 (class 2606 OID 24801)
-- Name: auth_group_permissions auth_group_permissions_group_id_permission_id_0cd325b0_uniq; Type: CONSTRAINT; Schema: public; Owner: -
--

ALTER TABLE ONLY public.auth_group_permissions
    ADD CONSTRAINT auth_group_permissions_group_id_permission_id_0cd325b0_uniq UNIQUE (group_id, permission_id);


--
-- TOC entry 3406 (class 2606 OID 24803)
-- Name: auth_group_permissions auth_group_permissions_pkey; Type: CONSTRAINT; Schema: public; Owner: -
--

ALTER TABLE ONLY public.auth_group_permissions
    ADD CONSTRAINT auth_group_permissions_pkey PRIMARY KEY (id);


--
-- TOC entry 3400 (class 2606 OID 24805)
-- Name: auth_group auth_group_pkey; Type: CONSTRAINT; Schema: public; Owner: -
--

ALTER TABLE ONLY public.auth_group
    ADD CONSTRAINT auth_group_pkey PRIMARY KEY (id);


--
-- TOC entry 3409 (class 2606 OID 24807)
-- Name: auth_permission auth_permission_content_type_id_codename_01ab375a_uniq; Type: CONSTRAINT; Schema: public; Owner: -
--

ALTER TABLE ONLY public.auth_permission
    ADD CONSTRAINT auth_permission_content_type_id_codename_01ab375a_uniq UNIQUE (content_type_id, codename);


--
-- TOC entry 3411 (class 2606 OID 24809)
-- Name: auth_permission auth_permission_pkey; Type: CONSTRAINT; Schema: public; Owner: -
--

ALTER TABLE ONLY public.auth_permission
    ADD CONSTRAINT auth_permission_pkey PRIMARY KEY (id);


--
-- TOC entry 3414 (class 2606 OID 24811)
-- Name: authtoken_token authtoken_token_pkey; Type: CONSTRAINT; Schema: public; Owner: -
--

ALTER TABLE ONLY public.authtoken_token
    ADD CONSTRAINT authtoken_token_pkey PRIMARY KEY (key);


--
-- TOC entry 3416 (class 2606 OID 24813)
-- Name: authtoken_token authtoken_token_user_id_key; Type: CONSTRAINT; Schema: public; Owner: -
--

ALTER TABLE ONLY public.authtoken_token
    ADD CONSTRAINT authtoken_token_user_id_key UNIQUE (user_id);


--
-- TOC entry 3418 (class 2606 OID 24815)
-- Name: bank_settings bank_settings_pkey; Type: CONSTRAINT; Schema: public; Owner: -
--

ALTER TABLE ONLY public.bank_settings
    ADD CONSTRAINT bank_settings_pkey PRIMARY KEY (id);


--
-- TOC entry 3421 (class 2606 OID 24817)
-- Name: banks banks_code_key; Type: CONSTRAINT; Schema: public; Owner: -
--

ALTER TABLE ONLY public.banks
    ADD CONSTRAINT banks_code_key UNIQUE (code);


--
-- TOC entry 3423 (class 2606 OID 24819)
-- Name: banks banks_pkey; Type: CONSTRAINT; Schema: public; Owner: -
--

ALTER TABLE ONLY public.banks
    ADD CONSTRAINT banks_pkey PRIMARY KEY (id);


--
-- TOC entry 3426 (class 2606 OID 24821)
-- Name: claim_history claim_history_investment_id_claim_number_a73b2e06_uniq; Type: CONSTRAINT; Schema: public; Owner: -
--

ALTER TABLE ONLY public.claim_history
    ADD CONSTRAINT claim_history_investment_id_claim_number_a73b2e06_uniq UNIQUE (investment_id, claim_number);


--
-- TOC entry 3428 (class 2606 OID 24823)
-- Name: claim_history claim_history_pkey; Type: CONSTRAINT; Schema: public; Owner: -
--

ALTER TABLE ONLY public.claim_history
    ADD CONSTRAINT claim_history_pkey PRIMARY KEY (id);


--
-- TOC entry 3439 (class 2606 OID 24825)
-- Name: deposits_gatewaysettings deposits_gatewaysettings_pkey; Type: CONSTRAINT; Schema: public; Owner: -
--

ALTER TABLE ONLY public.deposits_gatewaysettings
    ADD CONSTRAINT deposits_gatewaysettings_pkey PRIMARY KEY (id);


--
-- TOC entry 3433 (class 2606 OID 24827)
-- Name: deposits deposits_order_num_key; Type: CONSTRAINT; Schema: public; Owner: -
--

ALTER TABLE ONLY public.deposits
    ADD CONSTRAINT deposits_order_num_key UNIQUE (order_num);


--
-- TOC entry 3435 (class 2606 OID 24829)
-- Name: deposits deposits_pkey; Type: CONSTRAINT; Schema: public; Owner: -
--

ALTER TABLE ONLY public.deposits
    ADD CONSTRAINT deposits_pkey PRIMARY KEY (id);


--
-- TOC entry 3442 (class 2606 OID 24831)
-- Name: django_admin_log django_admin_log_pkey; Type: CONSTRAINT; Schema: public; Owner: -
--

ALTER TABLE ONLY public.django_admin_log
    ADD CONSTRAINT django_admin_log_pkey PRIMARY KEY (id);


--
-- TOC entry 3445 (class 2606 OID 24833)
-- Name: django_content_type django_content_type_app_label_model_76bd3d3b_uniq; Type: CONSTRAINT; Schema: public; Owner: -
--

ALTER TABLE ONLY public.django_content_type
    ADD CONSTRAINT django_content_type_app_label_model_76bd3d3b_uniq UNIQUE (app_label, model);


--
-- TOC entry 3447 (class 2606 OID 24835)
-- Name: django_content_type django_content_type_pkey; Type: CONSTRAINT; Schema: public; Owner: -
--

ALTER TABLE ONLY public.django_content_type
    ADD CONSTRAINT django_content_type_pkey PRIMARY KEY (id);


--
-- TOC entry 3449 (class 2606 OID 24837)
-- Name: django_migrations django_migrations_pkey; Type: CONSTRAINT; Schema: public; Owner: -
--

ALTER TABLE ONLY public.django_migrations
    ADD CONSTRAINT django_migrations_pkey PRIMARY KEY (id);


--
-- TOC entry 3452 (class 2606 OID 24839)
-- Name: django_session django_session_pkey; Type: CONSTRAINT; Schema: public; Owner: -
--

ALTER TABLE ONLY public.django_session
    ADD CONSTRAINT django_session_pkey PRIMARY KEY (session_key);


--
-- TOC entry 3455 (class 2606 OID 24841)
-- Name: investments investments_pkey; Type: CONSTRAINT; Schema: public; Owner: -
--

ALTER TABLE ONLY public.investments
    ADD CONSTRAINT investments_pkey PRIMARY KEY (id);


--
-- TOC entry 3461 (class 2606 OID 24843)
-- Name: mission_user_states mission_user_states_pkey; Type: CONSTRAINT; Schema: public; Owner: -
--

ALTER TABLE ONLY public.mission_user_states
    ADD CONSTRAINT mission_user_states_pkey PRIMARY KEY (id);


--
-- TOC entry 3464 (class 2606 OID 24845)
-- Name: mission_user_states mission_user_states_user_id_mission_id_3970c6ef_uniq; Type: CONSTRAINT; Schema: public; Owner: -
--

ALTER TABLE ONLY public.mission_user_states
    ADD CONSTRAINT mission_user_states_user_id_mission_id_3970c6ef_uniq UNIQUE (user_id, mission_id);


--
-- TOC entry 3466 (class 2606 OID 24847)
-- Name: missions missions_pkey; Type: CONSTRAINT; Schema: public; Owner: -
--

ALTER TABLE ONLY public.missions
    ADD CONSTRAINT missions_pkey PRIMARY KEY (id);


--
-- TOC entry 3468 (class 2606 OID 24849)
-- Name: news_news news_news_pkey; Type: CONSTRAINT; Schema: public; Owner: -
--

ALTER TABLE ONLY public.news_news
    ADD CONSTRAINT news_news_pkey PRIMARY KEY (id);


--
-- TOC entry 3471 (class 2606 OID 24851)
-- Name: news_news news_news_slug_key; Type: CONSTRAINT; Schema: public; Owner: -
--

ALTER TABLE ONLY public.news_news
    ADD CONSTRAINT news_news_slug_key UNIQUE (slug);


--
-- TOC entry 3473 (class 2606 OID 24853)
-- Name: products products_pkey; Type: CONSTRAINT; Schema: public; Owner: -
--

ALTER TABLE ONLY public.products
    ADD CONSTRAINT products_pkey PRIMARY KEY (id);


--
-- TOC entry 3475 (class 2606 OID 24855)
-- Name: rank_levels rank_levels_pkey; Type: CONSTRAINT; Schema: public; Owner: -
--

ALTER TABLE ONLY public.rank_levels
    ADD CONSTRAINT rank_levels_pkey PRIMARY KEY (id);


--
-- TOC entry 3477 (class 2606 OID 24857)
-- Name: rank_levels rank_levels_rank_key; Type: CONSTRAINT; Schema: public; Owner: -
--

ALTER TABLE ONLY public.rank_levels
    ADD CONSTRAINT rank_levels_rank_key UNIQUE (rank);


--
-- TOC entry 3479 (class 2606 OID 24859)
-- Name: support_supportchatmessage support_supportchatmessage_pkey; Type: CONSTRAINT; Schema: public; Owner: -
--

ALTER TABLE ONLY public.support_supportchatmessage
    ADD CONSTRAINT support_supportchatmessage_pkey PRIMARY KEY (id);


--
-- TOC entry 3483 (class 2606 OID 24861)
-- Name: support_supportchatthread support_supportchatthread_pkey; Type: CONSTRAINT; Schema: public; Owner: -
--

ALTER TABLE ONLY public.support_supportchatthread
    ADD CONSTRAINT support_supportchatthread_pkey PRIMARY KEY (id);


--
-- TOC entry 3486 (class 2606 OID 24863)
-- Name: support_supportlink support_supportlink_pkey; Type: CONSTRAINT; Schema: public; Owner: -
--

ALTER TABLE ONLY public.support_supportlink
    ADD CONSTRAINT support_supportlink_pkey PRIMARY KEY (id);


--
-- TOC entry 3489 (class 2606 OID 24865)
-- Name: transactions transactions_pkey; Type: CONSTRAINT; Schema: public; Owner: -
--

ALTER TABLE ONLY public.transactions
    ADD CONSTRAINT transactions_pkey PRIMARY KEY (id);


--
-- TOC entry 3494 (class 2606 OID 24867)
-- Name: transactions transactions_trx_id_key; Type: CONSTRAINT; Schema: public; Owner: -
--

ALTER TABLE ONLY public.transactions
    ADD CONSTRAINT transactions_trx_id_key UNIQUE (trx_id);


--
-- TOC entry 3503 (class 2606 OID 24869)
-- Name: user_banks unique_user_bank_combination; Type: CONSTRAINT; Schema: public; Owner: -
--

ALTER TABLE ONLY public.user_banks
    ADD CONSTRAINT unique_user_bank_combination UNIQUE (user_id, bank_id);


--
-- TOC entry 3393 (class 2606 OID 24871)
-- Name: attendance_logs unique_user_date_attendance; Type: CONSTRAINT; Schema: public; Owner: -
--

ALTER TABLE ONLY public.attendance_logs
    ADD CONSTRAINT unique_user_date_attendance UNIQUE (user_id, date);


--
-- TOC entry 3506 (class 2606 OID 24873)
-- Name: user_banks user_banks_pkey; Type: CONSTRAINT; Schema: public; Owner: -
--

ALTER TABLE ONLY public.user_banks
    ADD CONSTRAINT user_banks_pkey PRIMARY KEY (id);


--
-- TOC entry 3509 (class 2606 OID 24875)
-- Name: voucher_usages voucher_usages_pkey; Type: CONSTRAINT; Schema: public; Owner: -
--

ALTER TABLE ONLY public.voucher_usages
    ADD CONSTRAINT voucher_usages_pkey PRIMARY KEY (id);


--
-- TOC entry 3515 (class 2606 OID 24877)
-- Name: vouchers vouchers_code_key; Type: CONSTRAINT; Schema: public; Owner: -
--

ALTER TABLE ONLY public.vouchers
    ADD CONSTRAINT vouchers_code_key UNIQUE (code);


--
-- TOC entry 3517 (class 2606 OID 24879)
-- Name: vouchers vouchers_pkey; Type: CONSTRAINT; Schema: public; Owner: -
--

ALTER TABLE ONLY public.vouchers
    ADD CONSTRAINT vouchers_pkey PRIMARY KEY (id);


--
-- TOC entry 3519 (class 2606 OID 24881)
-- Name: withdrawal_jayapay withdrawal_jayapay_pkey; Type: CONSTRAINT; Schema: public; Owner: -
--

ALTER TABLE ONLY public.withdrawal_jayapay
    ADD CONSTRAINT withdrawal_jayapay_pkey PRIMARY KEY (id);


--
-- TOC entry 3521 (class 2606 OID 24883)
-- Name: withdrawal_jayapay withdrawal_jayapay_withdrawal_id_key; Type: CONSTRAINT; Schema: public; Owner: -
--

ALTER TABLE ONLY public.withdrawal_jayapay
    ADD CONSTRAINT withdrawal_jayapay_withdrawal_id_key UNIQUE (withdrawal_id);


--
-- TOC entry 3523 (class 2606 OID 24885)
-- Name: withdrawal_settings withdrawal_settings_pkey; Type: CONSTRAINT; Schema: public; Owner: -
--

ALTER TABLE ONLY public.withdrawal_settings
    ADD CONSTRAINT withdrawal_settings_pkey PRIMARY KEY (id);


--
-- TOC entry 3527 (class 2606 OID 24887)
-- Name: withdrawals withdrawals_pkey; Type: CONSTRAINT; Schema: public; Owner: -
--

ALTER TABLE ONLY public.withdrawals
    ADD CONSTRAINT withdrawals_pkey PRIMARY KEY (id);


--
-- TOC entry 3362 (class 1259 OID 24888)
-- Name: accounts_user_email_b2644a56_like; Type: INDEX; Schema: public; Owner: -
--

CREATE INDEX accounts_user_email_b2644a56_like ON public.accounts_user USING btree (email varchar_pattern_ops);


--
-- TOC entry 3377 (class 1259 OID 24889)
-- Name: accounts_user_groups_group_id_bd11a704; Type: INDEX; Schema: public; Owner: -
--

CREATE INDEX accounts_user_groups_group_id_bd11a704 ON public.accounts_user_groups USING btree (group_id);


--
-- TOC entry 3380 (class 1259 OID 24890)
-- Name: accounts_user_groups_user_id_52b62117; Type: INDEX; Schema: public; Owner: -
--

CREATE INDEX accounts_user_groups_user_id_52b62117 ON public.accounts_user_groups USING btree (user_id);


--
-- TOC entry 3365 (class 1259 OID 24891)
-- Name: accounts_user_phone_c603acdd_like; Type: INDEX; Schema: public; Owner: -
--

CREATE INDEX accounts_user_phone_c603acdd_like ON public.accounts_user USING btree (phone varchar_pattern_ops);


--
-- TOC entry 3370 (class 1259 OID 24892)
-- Name: accounts_user_referral_by_id_a5a4c579; Type: INDEX; Schema: public; Owner: -
--

CREATE INDEX accounts_user_referral_by_id_a5a4c579 ON public.accounts_user USING btree (referral_by_id);


--
-- TOC entry 3371 (class 1259 OID 24893)
-- Name: accounts_user_referral_code_3613e89e_like; Type: INDEX; Schema: public; Owner: -
--

CREATE INDEX accounts_user_referral_code_3613e89e_like ON public.accounts_user USING btree (referral_code varchar_pattern_ops);


--
-- TOC entry 3385 (class 1259 OID 24894)
-- Name: accounts_user_user_permissions_permission_id_113bb443; Type: INDEX; Schema: public; Owner: -
--

CREATE INDEX accounts_user_user_permissions_permission_id_113bb443 ON public.accounts_user_user_permissions USING btree (permission_id);


--
-- TOC entry 3388 (class 1259 OID 24895)
-- Name: accounts_user_user_permissions_user_id_e4f0a161; Type: INDEX; Schema: public; Owner: -
--

CREATE INDEX accounts_user_user_permissions_user_id_e4f0a161 ON public.accounts_user_user_permissions USING btree (user_id);


--
-- TOC entry 3374 (class 1259 OID 24896)
-- Name: accounts_user_username_6088629e_like; Type: INDEX; Schema: public; Owner: -
--

CREATE INDEX accounts_user_username_6088629e_like ON public.accounts_user USING btree (username varchar_pattern_ops);


--
-- TOC entry 3391 (class 1259 OID 24897)
-- Name: attendance_logs_user_id_6910cf35; Type: INDEX; Schema: public; Owner: -
--

CREATE INDEX attendance_logs_user_id_6910cf35 ON public.attendance_logs USING btree (user_id);


--
-- TOC entry 3396 (class 1259 OID 24898)
-- Name: auth_group_name_a6ea08ec_like; Type: INDEX; Schema: public; Owner: -
--

CREATE INDEX auth_group_name_a6ea08ec_like ON public.auth_group USING btree (name varchar_pattern_ops);


--
-- TOC entry 3401 (class 1259 OID 24899)
-- Name: auth_group_permissions_group_id_b120cbf9; Type: INDEX; Schema: public; Owner: -
--

CREATE INDEX auth_group_permissions_group_id_b120cbf9 ON public.auth_group_permissions USING btree (group_id);


--
-- TOC entry 3404 (class 1259 OID 24900)
-- Name: auth_group_permissions_permission_id_84c5c92e; Type: INDEX; Schema: public; Owner: -
--

CREATE INDEX auth_group_permissions_permission_id_84c5c92e ON public.auth_group_permissions USING btree (permission_id);


--
-- TOC entry 3407 (class 1259 OID 24901)
-- Name: auth_permission_content_type_id_2f476e4b; Type: INDEX; Schema: public; Owner: -
--

CREATE INDEX auth_permission_content_type_id_2f476e4b ON public.auth_permission USING btree (content_type_id);


--
-- TOC entry 3412 (class 1259 OID 24902)
-- Name: authtoken_token_key_10f0b77e_like; Type: INDEX; Schema: public; Owner: -
--

CREATE INDEX authtoken_token_key_10f0b77e_like ON public.authtoken_token USING btree (key varchar_pattern_ops);


--
-- TOC entry 3419 (class 1259 OID 24903)
-- Name: banks_code_91603e83_like; Type: INDEX; Schema: public; Owner: -
--

CREATE INDEX banks_code_91603e83_like ON public.banks USING btree (code varchar_pattern_ops);


--
-- TOC entry 3424 (class 1259 OID 24904)
-- Name: claim_history_investment_id_097f58b7; Type: INDEX; Schema: public; Owner: -
--

CREATE INDEX claim_history_investment_id_097f58b7 ON public.claim_history USING btree (investment_id);


--
-- TOC entry 3429 (class 1259 OID 24905)
-- Name: claim_history_transaction_id_b73db819; Type: INDEX; Schema: public; Owner: -
--

CREATE INDEX claim_history_transaction_id_b73db819 ON public.claim_history USING btree (transaction_id);


--
-- TOC entry 3430 (class 1259 OID 24906)
-- Name: claim_history_user_id_7d5c22fc; Type: INDEX; Schema: public; Owner: -
--

CREATE INDEX claim_history_user_id_7d5c22fc ON public.claim_history USING btree (user_id);


--
-- TOC entry 3431 (class 1259 OID 24907)
-- Name: deposits_order_num_e1e24968_like; Type: INDEX; Schema: public; Owner: -
--

CREATE INDEX deposits_order_num_e1e24968_like ON public.deposits USING btree (order_num varchar_pattern_ops);


--
-- TOC entry 3436 (class 1259 OID 24908)
-- Name: deposits_transaction_id_0c0da442; Type: INDEX; Schema: public; Owner: -
--

CREATE INDEX deposits_transaction_id_0c0da442 ON public.deposits USING btree (transaction_id);


--
-- TOC entry 3437 (class 1259 OID 24909)
-- Name: deposits_user_id_437dc111; Type: INDEX; Schema: public; Owner: -
--

CREATE INDEX deposits_user_id_437dc111 ON public.deposits USING btree (user_id);


--
-- TOC entry 3440 (class 1259 OID 24910)
-- Name: django_admin_log_content_type_id_c4bce8eb; Type: INDEX; Schema: public; Owner: -
--

CREATE INDEX django_admin_log_content_type_id_c4bce8eb ON public.django_admin_log USING btree (content_type_id);


--
-- TOC entry 3443 (class 1259 OID 24911)
-- Name: django_admin_log_user_id_c564eba6; Type: INDEX; Schema: public; Owner: -
--

CREATE INDEX django_admin_log_user_id_c564eba6 ON public.django_admin_log USING btree (user_id);


--
-- TOC entry 3450 (class 1259 OID 24912)
-- Name: django_session_expire_date_a5c62663; Type: INDEX; Schema: public; Owner: -
--

CREATE INDEX django_session_expire_date_a5c62663 ON public.django_session USING btree (expire_date);


--
-- TOC entry 3453 (class 1259 OID 24913)
-- Name: django_session_session_key_c0390e0f_like; Type: INDEX; Schema: public; Owner: -
--

CREATE INDEX django_session_session_key_c0390e0f_like ON public.django_session USING btree (session_key varchar_pattern_ops);


--
-- TOC entry 3456 (class 1259 OID 24914)
-- Name: investments_product_id_ccbd4c74; Type: INDEX; Schema: public; Owner: -
--

CREATE INDEX investments_product_id_ccbd4c74 ON public.investments USING btree (product_id);


--
-- TOC entry 3457 (class 1259 OID 24915)
-- Name: investments_transaction_id_28987300; Type: INDEX; Schema: public; Owner: -
--

CREATE INDEX investments_transaction_id_28987300 ON public.investments USING btree (transaction_id);


--
-- TOC entry 3458 (class 1259 OID 24916)
-- Name: investments_user_id_c642b863; Type: INDEX; Schema: public; Owner: -
--

CREATE INDEX investments_user_id_c642b863 ON public.investments USING btree (user_id);


--
-- TOC entry 3459 (class 1259 OID 24917)
-- Name: mission_user_states_mission_id_9c88bc39; Type: INDEX; Schema: public; Owner: -
--

CREATE INDEX mission_user_states_mission_id_9c88bc39 ON public.mission_user_states USING btree (mission_id);


--
-- TOC entry 3462 (class 1259 OID 24918)
-- Name: mission_user_states_user_id_55e31f2f; Type: INDEX; Schema: public; Owner: -
--

CREATE INDEX mission_user_states_user_id_55e31f2f ON public.mission_user_states USING btree (user_id);


--
-- TOC entry 3469 (class 1259 OID 24919)
-- Name: news_news_slug_2b9132f1_like; Type: INDEX; Schema: public; Owner: -
--

CREATE INDEX news_news_slug_2b9132f1_like ON public.news_news USING btree (slug varchar_pattern_ops);


--
-- TOC entry 3480 (class 1259 OID 24920)
-- Name: support_supportchatmessage_sender_user_id_3f4f5dd3; Type: INDEX; Schema: public; Owner: -
--

CREATE INDEX support_supportchatmessage_sender_user_id_3f4f5dd3 ON public.support_supportchatmessage USING btree (sender_user_id);


--
-- TOC entry 3481 (class 1259 OID 24921)
-- Name: support_supportchatmessage_thread_id_80d96895; Type: INDEX; Schema: public; Owner: -
--

CREATE INDEX support_supportchatmessage_thread_id_80d96895 ON public.support_supportchatmessage USING btree (thread_id);


--
-- TOC entry 3484 (class 1259 OID 24922)
-- Name: support_supportchatthread_user_id_ed2cdead; Type: INDEX; Schema: public; Owner: -
--

CREATE INDEX support_supportchatthread_user_id_ed2cdead ON public.support_supportchatthread USING btree (user_id);


--
-- TOC entry 3487 (class 1259 OID 49154)
-- Name: transactions_created_at_3143a260; Type: INDEX; Schema: public; Owner: -
--

CREATE INDEX transactions_created_at_3143a260 ON public.transactions USING btree (created_at);


--
-- TOC entry 3490 (class 1259 OID 24923)
-- Name: transactions_product_id_b82fbdba; Type: INDEX; Schema: public; Owner: -
--

CREATE INDEX transactions_product_id_b82fbdba ON public.transactions USING btree (product_id);


--
-- TOC entry 3491 (class 1259 OID 24924)
-- Name: transactions_related_transaction_id_f6dce13d; Type: INDEX; Schema: public; Owner: -
--

CREATE INDEX transactions_related_transaction_id_f6dce13d ON public.transactions USING btree (related_transaction_id);


--
-- TOC entry 3492 (class 1259 OID 24925)
-- Name: transactions_trx_id_1160859c_like; Type: INDEX; Schema: public; Owner: -
--

CREATE INDEX transactions_trx_id_1160859c_like ON public.transactions USING btree (trx_id varchar_pattern_ops);


--
-- TOC entry 3495 (class 1259 OID 24926)
-- Name: transactions_upline_user_id_0de0709a; Type: INDEX; Schema: public; Owner: -
--

CREATE INDEX transactions_upline_user_id_0de0709a ON public.transactions USING btree (upline_user_id);


--
-- TOC entry 3496 (class 1259 OID 24927)
-- Name: transactions_user_id_766cc893; Type: INDEX; Schema: public; Owner: -
--

CREATE INDEX transactions_user_id_766cc893 ON public.transactions USING btree (user_id);


--
-- TOC entry 3497 (class 1259 OID 49157)
-- Name: trx_type_idx; Type: INDEX; Schema: public; Owner: -
--

CREATE INDEX trx_type_idx ON public.transactions USING btree (type);


--
-- TOC entry 3498 (class 1259 OID 49156)
-- Name: trx_upline_type_idx; Type: INDEX; Schema: public; Owner: -
--

CREATE INDEX trx_upline_type_idx ON public.transactions USING btree (upline_user_id, type);


--
-- TOC entry 3499 (class 1259 OID 49155)
-- Name: trx_user_type_stat_cr_idx; Type: INDEX; Schema: public; Owner: -
--

CREATE INDEX trx_user_type_stat_cr_idx ON public.transactions USING btree (user_id, type, status, created_at);


--
-- TOC entry 3500 (class 1259 OID 49158)
-- Name: trx_wallet_type_idx; Type: INDEX; Schema: public; Owner: -
--

CREATE INDEX trx_wallet_type_idx ON public.transactions USING btree (wallet_type);


--
-- TOC entry 3501 (class 1259 OID 24928)
-- Name: unique_default_bank_per_user; Type: INDEX; Schema: public; Owner: -
--

CREATE UNIQUE INDEX unique_default_bank_per_user ON public.user_banks USING btree (user_id) WHERE is_default;


--
-- TOC entry 3504 (class 1259 OID 24929)
-- Name: user_banks_bank_id_02ef65ce; Type: INDEX; Schema: public; Owner: -
--

CREATE INDEX user_banks_bank_id_02ef65ce ON public.user_banks USING btree (bank_id);


--
-- TOC entry 3507 (class 1259 OID 24930)
-- Name: user_banks_user_id_f462cb60; Type: INDEX; Schema: public; Owner: -
--

CREATE INDEX user_banks_user_id_f462cb60 ON public.user_banks USING btree (user_id);


--
-- TOC entry 3510 (class 1259 OID 24931)
-- Name: voucher_usages_transaction_id_db1862fb; Type: INDEX; Schema: public; Owner: -
--

CREATE INDEX voucher_usages_transaction_id_db1862fb ON public.voucher_usages USING btree (transaction_id);


--
-- TOC entry 3511 (class 1259 OID 24932)
-- Name: voucher_usages_user_id_77b95d1c; Type: INDEX; Schema: public; Owner: -
--

CREATE INDEX voucher_usages_user_id_77b95d1c ON public.voucher_usages USING btree (user_id);


--
-- TOC entry 3512 (class 1259 OID 24933)
-- Name: voucher_usages_voucher_id_717e9ac6; Type: INDEX; Schema: public; Owner: -
--

CREATE INDEX voucher_usages_voucher_id_717e9ac6 ON public.voucher_usages USING btree (voucher_id);


--
-- TOC entry 3513 (class 1259 OID 24934)
-- Name: vouchers_code_55f32f4c_like; Type: INDEX; Schema: public; Owner: -
--

CREATE INDEX vouchers_code_55f32f4c_like ON public.vouchers USING btree (code varchar_pattern_ops);


--
-- TOC entry 3524 (class 1259 OID 24935)
-- Name: withdrawal_settings_required_product_id_b3a97a5a; Type: INDEX; Schema: public; Owner: -
--

CREATE INDEX withdrawal_settings_required_product_id_b3a97a5a ON public.withdrawal_settings USING btree (required_product_id);


--
-- TOC entry 3525 (class 1259 OID 24936)
-- Name: withdrawals_bank_account_id_08139113; Type: INDEX; Schema: public; Owner: -
--

CREATE INDEX withdrawals_bank_account_id_08139113 ON public.withdrawals USING btree (bank_account_id);


--
-- TOC entry 3528 (class 1259 OID 24937)
-- Name: withdrawals_transaction_id_8c683100; Type: INDEX; Schema: public; Owner: -
--

CREATE INDEX withdrawals_transaction_id_8c683100 ON public.withdrawals USING btree (transaction_id);


--
-- TOC entry 3529 (class 1259 OID 24938)
-- Name: withdrawals_user_id_2bbaba4d; Type: INDEX; Schema: public; Owner: -
--

CREATE INDEX withdrawals_user_id_2bbaba4d ON public.withdrawals USING btree (user_id);


--
-- TOC entry 3531 (class 2606 OID 24939)
-- Name: accounts_user_groups accounts_user_groups_group_id_bd11a704_fk_auth_group_id; Type: FK CONSTRAINT; Schema: public; Owner: -
--

ALTER TABLE ONLY public.accounts_user_groups
    ADD CONSTRAINT accounts_user_groups_group_id_bd11a704_fk_auth_group_id FOREIGN KEY (group_id) REFERENCES public.auth_group(id) DEFERRABLE INITIALLY DEFERRED;


--
-- TOC entry 3532 (class 2606 OID 24944)
-- Name: accounts_user_groups accounts_user_groups_user_id_52b62117_fk_accounts_user_id; Type: FK CONSTRAINT; Schema: public; Owner: -
--

ALTER TABLE ONLY public.accounts_user_groups
    ADD CONSTRAINT accounts_user_groups_user_id_52b62117_fk_accounts_user_id FOREIGN KEY (user_id) REFERENCES public.accounts_user(id) DEFERRABLE INITIALLY DEFERRED;


--
-- TOC entry 3530 (class 2606 OID 24949)
-- Name: accounts_user accounts_user_referral_by_id_a5a4c579_fk_accounts_user_id; Type: FK CONSTRAINT; Schema: public; Owner: -
--

ALTER TABLE ONLY public.accounts_user
    ADD CONSTRAINT accounts_user_referral_by_id_a5a4c579_fk_accounts_user_id FOREIGN KEY (referral_by_id) REFERENCES public.accounts_user(id) DEFERRABLE INITIALLY DEFERRED;


--
-- TOC entry 3533 (class 2606 OID 24954)
-- Name: accounts_user_user_permissions accounts_user_user_p_permission_id_113bb443_fk_auth_perm; Type: FK CONSTRAINT; Schema: public; Owner: -
--

ALTER TABLE ONLY public.accounts_user_user_permissions
    ADD CONSTRAINT accounts_user_user_p_permission_id_113bb443_fk_auth_perm FOREIGN KEY (permission_id) REFERENCES public.auth_permission(id) DEFERRABLE INITIALLY DEFERRED;


--
-- TOC entry 3534 (class 2606 OID 24959)
-- Name: accounts_user_user_permissions accounts_user_user_p_user_id_e4f0a161_fk_accounts_; Type: FK CONSTRAINT; Schema: public; Owner: -
--

ALTER TABLE ONLY public.accounts_user_user_permissions
    ADD CONSTRAINT accounts_user_user_p_user_id_e4f0a161_fk_accounts_ FOREIGN KEY (user_id) REFERENCES public.accounts_user(id) DEFERRABLE INITIALLY DEFERRED;


--
-- TOC entry 3535 (class 2606 OID 24964)
-- Name: attendance_logs attendance_logs_user_id_6910cf35_fk_accounts_user_id; Type: FK CONSTRAINT; Schema: public; Owner: -
--

ALTER TABLE ONLY public.attendance_logs
    ADD CONSTRAINT attendance_logs_user_id_6910cf35_fk_accounts_user_id FOREIGN KEY (user_id) REFERENCES public.accounts_user(id) DEFERRABLE INITIALLY DEFERRED;


--
-- TOC entry 3536 (class 2606 OID 24969)
-- Name: auth_group_permissions auth_group_permissio_permission_id_84c5c92e_fk_auth_perm; Type: FK CONSTRAINT; Schema: public; Owner: -
--

ALTER TABLE ONLY public.auth_group_permissions
    ADD CONSTRAINT auth_group_permissio_permission_id_84c5c92e_fk_auth_perm FOREIGN KEY (permission_id) REFERENCES public.auth_permission(id) DEFERRABLE INITIALLY DEFERRED;


--
-- TOC entry 3537 (class 2606 OID 24974)
-- Name: auth_group_permissions auth_group_permissions_group_id_b120cbf9_fk_auth_group_id; Type: FK CONSTRAINT; Schema: public; Owner: -
--

ALTER TABLE ONLY public.auth_group_permissions
    ADD CONSTRAINT auth_group_permissions_group_id_b120cbf9_fk_auth_group_id FOREIGN KEY (group_id) REFERENCES public.auth_group(id) DEFERRABLE INITIALLY DEFERRED;


--
-- TOC entry 3538 (class 2606 OID 24979)
-- Name: auth_permission auth_permission_content_type_id_2f476e4b_fk_django_co; Type: FK CONSTRAINT; Schema: public; Owner: -
--

ALTER TABLE ONLY public.auth_permission
    ADD CONSTRAINT auth_permission_content_type_id_2f476e4b_fk_django_co FOREIGN KEY (content_type_id) REFERENCES public.django_content_type(id) DEFERRABLE INITIALLY DEFERRED;


--
-- TOC entry 3539 (class 2606 OID 24984)
-- Name: authtoken_token authtoken_token_user_id_35299eff_fk_accounts_user_id; Type: FK CONSTRAINT; Schema: public; Owner: -
--

ALTER TABLE ONLY public.authtoken_token
    ADD CONSTRAINT authtoken_token_user_id_35299eff_fk_accounts_user_id FOREIGN KEY (user_id) REFERENCES public.accounts_user(id) DEFERRABLE INITIALLY DEFERRED;


--
-- TOC entry 3540 (class 2606 OID 24989)
-- Name: claim_history claim_history_investment_id_097f58b7_fk_investments_id; Type: FK CONSTRAINT; Schema: public; Owner: -
--

ALTER TABLE ONLY public.claim_history
    ADD CONSTRAINT claim_history_investment_id_097f58b7_fk_investments_id FOREIGN KEY (investment_id) REFERENCES public.investments(id) DEFERRABLE INITIALLY DEFERRED;


--
-- TOC entry 3541 (class 2606 OID 24994)
-- Name: claim_history claim_history_transaction_id_b73db819_fk_transactions_id; Type: FK CONSTRAINT; Schema: public; Owner: -
--

ALTER TABLE ONLY public.claim_history
    ADD CONSTRAINT claim_history_transaction_id_b73db819_fk_transactions_id FOREIGN KEY (transaction_id) REFERENCES public.transactions(id) DEFERRABLE INITIALLY DEFERRED;


--
-- TOC entry 3542 (class 2606 OID 24999)
-- Name: claim_history claim_history_user_id_7d5c22fc_fk_accounts_user_id; Type: FK CONSTRAINT; Schema: public; Owner: -
--

ALTER TABLE ONLY public.claim_history
    ADD CONSTRAINT claim_history_user_id_7d5c22fc_fk_accounts_user_id FOREIGN KEY (user_id) REFERENCES public.accounts_user(id) DEFERRABLE INITIALLY DEFERRED;


--
-- TOC entry 3543 (class 2606 OID 25004)
-- Name: deposits deposits_transaction_id_0c0da442_fk_transactions_id; Type: FK CONSTRAINT; Schema: public; Owner: -
--

ALTER TABLE ONLY public.deposits
    ADD CONSTRAINT deposits_transaction_id_0c0da442_fk_transactions_id FOREIGN KEY (transaction_id) REFERENCES public.transactions(id) DEFERRABLE INITIALLY DEFERRED;


--
-- TOC entry 3544 (class 2606 OID 25009)
-- Name: deposits deposits_user_id_437dc111_fk_accounts_user_id; Type: FK CONSTRAINT; Schema: public; Owner: -
--

ALTER TABLE ONLY public.deposits
    ADD CONSTRAINT deposits_user_id_437dc111_fk_accounts_user_id FOREIGN KEY (user_id) REFERENCES public.accounts_user(id) DEFERRABLE INITIALLY DEFERRED;


--
-- TOC entry 3545 (class 2606 OID 25014)
-- Name: django_admin_log django_admin_log_content_type_id_c4bce8eb_fk_django_co; Type: FK CONSTRAINT; Schema: public; Owner: -
--

ALTER TABLE ONLY public.django_admin_log
    ADD CONSTRAINT django_admin_log_content_type_id_c4bce8eb_fk_django_co FOREIGN KEY (content_type_id) REFERENCES public.django_content_type(id) DEFERRABLE INITIALLY DEFERRED;


--
-- TOC entry 3546 (class 2606 OID 25019)
-- Name: django_admin_log django_admin_log_user_id_c564eba6_fk_accounts_user_id; Type: FK CONSTRAINT; Schema: public; Owner: -
--

ALTER TABLE ONLY public.django_admin_log
    ADD CONSTRAINT django_admin_log_user_id_c564eba6_fk_accounts_user_id FOREIGN KEY (user_id) REFERENCES public.accounts_user(id) DEFERRABLE INITIALLY DEFERRED;


--
-- TOC entry 3547 (class 2606 OID 25024)
-- Name: investments investments_product_id_ccbd4c74_fk_products_id; Type: FK CONSTRAINT; Schema: public; Owner: -
--

ALTER TABLE ONLY public.investments
    ADD CONSTRAINT investments_product_id_ccbd4c74_fk_products_id FOREIGN KEY (product_id) REFERENCES public.products(id) DEFERRABLE INITIALLY DEFERRED;


--
-- TOC entry 3548 (class 2606 OID 25029)
-- Name: investments investments_transaction_id_28987300_fk_transactions_id; Type: FK CONSTRAINT; Schema: public; Owner: -
--

ALTER TABLE ONLY public.investments
    ADD CONSTRAINT investments_transaction_id_28987300_fk_transactions_id FOREIGN KEY (transaction_id) REFERENCES public.transactions(id) DEFERRABLE INITIALLY DEFERRED;


--
-- TOC entry 3549 (class 2606 OID 25034)
-- Name: investments investments_user_id_c642b863_fk_accounts_user_id; Type: FK CONSTRAINT; Schema: public; Owner: -
--

ALTER TABLE ONLY public.investments
    ADD CONSTRAINT investments_user_id_c642b863_fk_accounts_user_id FOREIGN KEY (user_id) REFERENCES public.accounts_user(id) DEFERRABLE INITIALLY DEFERRED;


--
-- TOC entry 3550 (class 2606 OID 25039)
-- Name: mission_user_states mission_user_states_mission_id_9c88bc39_fk_missions_id; Type: FK CONSTRAINT; Schema: public; Owner: -
--

ALTER TABLE ONLY public.mission_user_states
    ADD CONSTRAINT mission_user_states_mission_id_9c88bc39_fk_missions_id FOREIGN KEY (mission_id) REFERENCES public.missions(id) DEFERRABLE INITIALLY DEFERRED;


--
-- TOC entry 3551 (class 2606 OID 25044)
-- Name: mission_user_states mission_user_states_user_id_55e31f2f_fk_accounts_user_id; Type: FK CONSTRAINT; Schema: public; Owner: -
--

ALTER TABLE ONLY public.mission_user_states
    ADD CONSTRAINT mission_user_states_user_id_55e31f2f_fk_accounts_user_id FOREIGN KEY (user_id) REFERENCES public.accounts_user(id) DEFERRABLE INITIALLY DEFERRED;


--
-- TOC entry 3552 (class 2606 OID 25049)
-- Name: support_supportchatmessage support_supportchatm_sender_user_id_3f4f5dd3_fk_accounts_; Type: FK CONSTRAINT; Schema: public; Owner: -
--

ALTER TABLE ONLY public.support_supportchatmessage
    ADD CONSTRAINT support_supportchatm_sender_user_id_3f4f5dd3_fk_accounts_ FOREIGN KEY (sender_user_id) REFERENCES public.accounts_user(id) DEFERRABLE INITIALLY DEFERRED;


--
-- TOC entry 3553 (class 2606 OID 25054)
-- Name: support_supportchatmessage support_supportchatm_thread_id_80d96895_fk_support_s; Type: FK CONSTRAINT; Schema: public; Owner: -
--

ALTER TABLE ONLY public.support_supportchatmessage
    ADD CONSTRAINT support_supportchatm_thread_id_80d96895_fk_support_s FOREIGN KEY (thread_id) REFERENCES public.support_supportchatthread(id) DEFERRABLE INITIALLY DEFERRED;


--
-- TOC entry 3554 (class 2606 OID 25059)
-- Name: support_supportchatthread support_supportchatthread_user_id_ed2cdead_fk_accounts_user_id; Type: FK CONSTRAINT; Schema: public; Owner: -
--

ALTER TABLE ONLY public.support_supportchatthread
    ADD CONSTRAINT support_supportchatthread_user_id_ed2cdead_fk_accounts_user_id FOREIGN KEY (user_id) REFERENCES public.accounts_user(id) DEFERRABLE INITIALLY DEFERRED;


--
-- TOC entry 3555 (class 2606 OID 25064)
-- Name: transactions transactions_product_id_b82fbdba_fk_products_id; Type: FK CONSTRAINT; Schema: public; Owner: -
--

ALTER TABLE ONLY public.transactions
    ADD CONSTRAINT transactions_product_id_b82fbdba_fk_products_id FOREIGN KEY (product_id) REFERENCES public.products(id) DEFERRABLE INITIALLY DEFERRED;


--
-- TOC entry 3556 (class 2606 OID 25069)
-- Name: transactions transactions_related_transaction_id_f6dce13d_fk_transactions_id; Type: FK CONSTRAINT; Schema: public; Owner: -
--

ALTER TABLE ONLY public.transactions
    ADD CONSTRAINT transactions_related_transaction_id_f6dce13d_fk_transactions_id FOREIGN KEY (related_transaction_id) REFERENCES public.transactions(id) DEFERRABLE INITIALLY DEFERRED;


--
-- TOC entry 3557 (class 2606 OID 25074)
-- Name: transactions transactions_upline_user_id_0de0709a_fk_accounts_user_id; Type: FK CONSTRAINT; Schema: public; Owner: -
--

ALTER TABLE ONLY public.transactions
    ADD CONSTRAINT transactions_upline_user_id_0de0709a_fk_accounts_user_id FOREIGN KEY (upline_user_id) REFERENCES public.accounts_user(id) DEFERRABLE INITIALLY DEFERRED;


--
-- TOC entry 3558 (class 2606 OID 25079)
-- Name: transactions transactions_user_id_766cc893_fk_accounts_user_id; Type: FK CONSTRAINT; Schema: public; Owner: -
--

ALTER TABLE ONLY public.transactions
    ADD CONSTRAINT transactions_user_id_766cc893_fk_accounts_user_id FOREIGN KEY (user_id) REFERENCES public.accounts_user(id) DEFERRABLE INITIALLY DEFERRED;


--
-- TOC entry 3559 (class 2606 OID 25084)
-- Name: user_banks user_banks_bank_id_02ef65ce_fk_banks_id; Type: FK CONSTRAINT; Schema: public; Owner: -
--

ALTER TABLE ONLY public.user_banks
    ADD CONSTRAINT user_banks_bank_id_02ef65ce_fk_banks_id FOREIGN KEY (bank_id) REFERENCES public.banks(id) DEFERRABLE INITIALLY DEFERRED;


--
-- TOC entry 3560 (class 2606 OID 25089)
-- Name: user_banks user_banks_user_id_f462cb60_fk_accounts_user_id; Type: FK CONSTRAINT; Schema: public; Owner: -
--

ALTER TABLE ONLY public.user_banks
    ADD CONSTRAINT user_banks_user_id_f462cb60_fk_accounts_user_id FOREIGN KEY (user_id) REFERENCES public.accounts_user(id) DEFERRABLE INITIALLY DEFERRED;


--
-- TOC entry 3561 (class 2606 OID 25094)
-- Name: voucher_usages voucher_usages_transaction_id_db1862fb_fk_transactions_id; Type: FK CONSTRAINT; Schema: public; Owner: -
--

ALTER TABLE ONLY public.voucher_usages
    ADD CONSTRAINT voucher_usages_transaction_id_db1862fb_fk_transactions_id FOREIGN KEY (transaction_id) REFERENCES public.transactions(id) DEFERRABLE INITIALLY DEFERRED;


--
-- TOC entry 3562 (class 2606 OID 25099)
-- Name: voucher_usages voucher_usages_user_id_77b95d1c_fk_accounts_user_id; Type: FK CONSTRAINT; Schema: public; Owner: -
--

ALTER TABLE ONLY public.voucher_usages
    ADD CONSTRAINT voucher_usages_user_id_77b95d1c_fk_accounts_user_id FOREIGN KEY (user_id) REFERENCES public.accounts_user(id) DEFERRABLE INITIALLY DEFERRED;


--
-- TOC entry 3563 (class 2606 OID 25104)
-- Name: voucher_usages voucher_usages_voucher_id_717e9ac6_fk_vouchers_id; Type: FK CONSTRAINT; Schema: public; Owner: -
--

ALTER TABLE ONLY public.voucher_usages
    ADD CONSTRAINT voucher_usages_voucher_id_717e9ac6_fk_vouchers_id FOREIGN KEY (voucher_id) REFERENCES public.vouchers(id) DEFERRABLE INITIALLY DEFERRED;


--
-- TOC entry 3564 (class 2606 OID 25109)
-- Name: withdrawal_jayapay withdrawal_jayapay_withdrawal_id_cda2e873_fk_withdrawals_id; Type: FK CONSTRAINT; Schema: public; Owner: -
--

ALTER TABLE ONLY public.withdrawal_jayapay
    ADD CONSTRAINT withdrawal_jayapay_withdrawal_id_cda2e873_fk_withdrawals_id FOREIGN KEY (withdrawal_id) REFERENCES public.withdrawals(id) DEFERRABLE INITIALLY DEFERRED;


--
-- TOC entry 3565 (class 2606 OID 25114)
-- Name: withdrawal_settings withdrawal_settings_required_product_id_b3a97a5a_fk_products_id; Type: FK CONSTRAINT; Schema: public; Owner: -
--

ALTER TABLE ONLY public.withdrawal_settings
    ADD CONSTRAINT withdrawal_settings_required_product_id_b3a97a5a_fk_products_id FOREIGN KEY (required_product_id) REFERENCES public.products(id) DEFERRABLE INITIALLY DEFERRED;


--
-- TOC entry 3566 (class 2606 OID 25119)
-- Name: withdrawals withdrawals_bank_account_id_08139113_fk_user_banks_id; Type: FK CONSTRAINT; Schema: public; Owner: -
--

ALTER TABLE ONLY public.withdrawals
    ADD CONSTRAINT withdrawals_bank_account_id_08139113_fk_user_banks_id FOREIGN KEY (bank_account_id) REFERENCES public.user_banks(id) DEFERRABLE INITIALLY DEFERRED;


--
-- TOC entry 3567 (class 2606 OID 25124)
-- Name: withdrawals withdrawals_transaction_id_8c683100_fk_transactions_id; Type: FK CONSTRAINT; Schema: public; Owner: -
--

ALTER TABLE ONLY public.withdrawals
    ADD CONSTRAINT withdrawals_transaction_id_8c683100_fk_transactions_id FOREIGN KEY (transaction_id) REFERENCES public.transactions(id) DEFERRABLE INITIALLY DEFERRED;


--
-- TOC entry 3568 (class 2606 OID 25129)
-- Name: withdrawals withdrawals_user_id_2bbaba4d_fk_accounts_user_id; Type: FK CONSTRAINT; Schema: public; Owner: -
--

ALTER TABLE ONLY public.withdrawals
    ADD CONSTRAINT withdrawals_user_id_2bbaba4d_fk_accounts_user_id FOREIGN KEY (user_id) REFERENCES public.accounts_user(id) DEFERRABLE INITIALLY DEFERRED;


-- Completed on 2025-12-09 06:18:02 UTC

--
-- PostgreSQL database dump complete
--

\unrestrict qx0HebzrXUXrl2nkxgojdIcGgi2jSeXK0evLf6yTPQ32DjwNijo76ZhoMRbUAOq

