--
-- PostgreSQL database dump
--

\restrict wxodOITxq63uDm0Sh7PWyFdJSyMdGNpCoCpW0IG64w9Is4LWPyd2WRJkb0t2FVk

-- Dumped from database version 18.0
-- Dumped by pg_dump version 18.0

SET statement_timeout = 0;
SET lock_timeout = 0;
SET idle_in_transaction_session_timeout = 0;
SET transaction_timeout = 0;
SET client_encoding = 'UTF8';
SET standard_conforming_strings = on;
SELECT pg_catalog.set_config('search_path', '', false);
SET check_function_bodies = false;
SET xmloption = content;
SET client_min_messages = warning;
SET row_security = off;

SET default_tablespace = '';

SET default_table_access_method = heap;

--
-- Name: accounts_generalsetting; Type: TABLE; Schema: public; Owner: postgres
--

CREATE TABLE public.accounts_generalsetting (
    id bigint NOT NULL,
    referral_code_length integer NOT NULL,
    referral_code_case character varying(20) NOT NULL,
    exclude_similar_chars boolean NOT NULL,
    created_at timestamp with time zone NOT NULL,
    updated_at timestamp with time zone NOT NULL,
    referral_code_pattern character varying(100),
    auto_login_on_register boolean NOT NULL,
    rank_basis character varying(20) NOT NULL,
    rank_count_levels_upto smallint NOT NULL,
    rank_use_missions boolean NOT NULL,
    rank_use_downlines_total boolean NOT NULL,
    rank_use_downlines_active boolean NOT NULL,
    registration_bonus_amount numeric(15,2) NOT NULL,
    registration_bonus_enabled boolean NOT NULL,
    registration_bonus_wallet character varying(20) NOT NULL,
    otp_enabled boolean NOT NULL,
    verifyway_api_key character varying(255) NOT NULL,
    whatsapp_check_enabled boolean NOT NULL,
    checknumber_api_key character varying(255) NOT NULL,
    verifynow_api_key character varying(255) NOT NULL,
    verifynow_customer_id character varying(255) NOT NULL,
    require_withdraw_pin_on_register boolean CONSTRAINT accounts_generalsetting_require_withdraw_pin_on_regist_not_null NOT NULL,
    require_withdraw_pin_on_purchase boolean CONSTRAINT accounts_generalsetting_require_withdraw_pin_on_purcha_not_null NOT NULL,
    rank_use_deposit_self_total boolean NOT NULL,
    frontend_url character varying(255),
    CONSTRAINT accounts_generalsetting_rank_count_levels_upto_check CHECK ((rank_count_levels_upto >= 0)),
    CONSTRAINT accounts_generalsetting_referral_code_length_check CHECK ((referral_code_length >= 0))
);


ALTER TABLE public.accounts_generalsetting OWNER TO postgres;

--
-- Name: accounts_generalsetting_id_seq; Type: SEQUENCE; Schema: public; Owner: postgres
--

ALTER TABLE public.accounts_generalsetting ALTER COLUMN id ADD GENERATED BY DEFAULT AS IDENTITY (
    SEQUENCE NAME public.accounts_generalsetting_id_seq
    START WITH 1
    INCREMENT BY 1
    NO MINVALUE
    NO MAXVALUE
    CACHE 1
);


--
-- Name: accounts_phoneotp; Type: TABLE; Schema: public; Owner: postgres
--

CREATE TABLE public.accounts_phoneotp (
    id bigint NOT NULL,
    phone character varying(20) NOT NULL,
    otp_code character varying(6),
    created_at timestamp with time zone NOT NULL,
    verified boolean NOT NULL,
    verification_id character varying(100)
);


ALTER TABLE public.accounts_phoneotp OWNER TO postgres;

--
-- Name: accounts_phoneotp_id_seq; Type: SEQUENCE; Schema: public; Owner: postgres
--

ALTER TABLE public.accounts_phoneotp ALTER COLUMN id ADD GENERATED BY DEFAULT AS IDENTITY (
    SEQUENCE NAME public.accounts_phoneotp_id_seq
    START WITH 1
    INCREMENT BY 1
    NO MINVALUE
    NO MAXVALUE
    CACHE 1
);


--
-- Name: accounts_user; Type: TABLE; Schema: public; Owner: postgres
--

CREATE TABLE public.accounts_user (
    id bigint NOT NULL,
    password character varying(128) NOT NULL,
    last_login timestamp with time zone,
    is_superuser boolean NOT NULL,
    username character varying(150) NOT NULL,
    first_name character varying(150) NOT NULL,
    last_name character varying(150) NOT NULL,
    is_staff boolean NOT NULL,
    is_active boolean NOT NULL,
    date_joined timestamp with time zone NOT NULL,
    email character varying(254) NOT NULL,
    full_name character varying(255) NOT NULL,
    phone character varying(15) NOT NULL,
    balance numeric(15,2) NOT NULL,
    balance_deposit numeric(15,2) NOT NULL,
    banned_status boolean NOT NULL,
    referral_code character varying(20),
    rank smallint,
    is_account_non_expired boolean NOT NULL,
    is_account_non_locked boolean NOT NULL,
    is_credentials_non_expired boolean NOT NULL,
    is_enabled boolean NOT NULL,
    created_at timestamp with time zone NOT NULL,
    updated_at timestamp with time zone NOT NULL,
    referral_by_id bigint,
    withdraw_pin character varying(128),
    last_login_ip inet,
    balance_hold numeric(15,2) NOT NULL,
    CONSTRAINT accounts_user_rank_56660d3c_check CHECK ((rank >= 0))
);


ALTER TABLE public.accounts_user OWNER TO postgres;

--
-- Name: accounts_user_groups; Type: TABLE; Schema: public; Owner: postgres
--

CREATE TABLE public.accounts_user_groups (
    id bigint NOT NULL,
    user_id bigint NOT NULL,
    group_id integer NOT NULL
);


ALTER TABLE public.accounts_user_groups OWNER TO postgres;

--
-- Name: accounts_user_groups_id_seq; Type: SEQUENCE; Schema: public; Owner: postgres
--

ALTER TABLE public.accounts_user_groups ALTER COLUMN id ADD GENERATED BY DEFAULT AS IDENTITY (
    SEQUENCE NAME public.accounts_user_groups_id_seq
    START WITH 1
    INCREMENT BY 1
    NO MINVALUE
    NO MAXVALUE
    CACHE 1
);


--
-- Name: accounts_user_id_seq; Type: SEQUENCE; Schema: public; Owner: postgres
--

ALTER TABLE public.accounts_user ALTER COLUMN id ADD GENERATED BY DEFAULT AS IDENTITY (
    SEQUENCE NAME public.accounts_user_id_seq
    START WITH 1
    INCREMENT BY 1
    NO MINVALUE
    NO MAXVALUE
    CACHE 1
);


--
-- Name: accounts_user_user_permissions; Type: TABLE; Schema: public; Owner: postgres
--

CREATE TABLE public.accounts_user_user_permissions (
    id bigint NOT NULL,
    user_id bigint NOT NULL,
    permission_id integer NOT NULL
);


ALTER TABLE public.accounts_user_user_permissions OWNER TO postgres;

--
-- Name: accounts_user_user_permissions_id_seq; Type: SEQUENCE; Schema: public; Owner: postgres
--

ALTER TABLE public.accounts_user_user_permissions ALTER COLUMN id ADD GENERATED BY DEFAULT AS IDENTITY (
    SEQUENCE NAME public.accounts_user_user_permissions_id_seq
    START WITH 1
    INCREMENT BY 1
    NO MINVALUE
    NO MAXVALUE
    CACHE 1
);


--
-- Name: accounts_useraddress; Type: TABLE; Schema: public; Owner: postgres
--

CREATE TABLE public.accounts_useraddress (
    id bigint NOT NULL,
    recipient_name character varying(255) NOT NULL,
    phone_number character varying(20) NOT NULL,
    address_details text NOT NULL,
    house_number character varying(50),
    is_primary boolean NOT NULL,
    created_at timestamp with time zone NOT NULL,
    updated_at timestamp with time zone NOT NULL,
    user_id bigint NOT NULL
);


ALTER TABLE public.accounts_useraddress OWNER TO postgres;

--
-- Name: accounts_useraddress_id_seq; Type: SEQUENCE; Schema: public; Owner: postgres
--

ALTER TABLE public.accounts_useraddress ALTER COLUMN id ADD GENERATED BY DEFAULT AS IDENTITY (
    SEQUENCE NAME public.accounts_useraddress_id_seq
    START WITH 1
    INCREMENT BY 1
    NO MINVALUE
    NO MAXVALUE
    CACHE 1
);


--
-- Name: attendance_logs; Type: TABLE; Schema: public; Owner: postgres
--

CREATE TABLE public.attendance_logs (
    id bigint NOT NULL,
    date date NOT NULL,
    streak_count integer NOT NULL,
    amount numeric(15,2) NOT NULL,
    created_at timestamp with time zone NOT NULL,
    user_id bigint NOT NULL
);


ALTER TABLE public.attendance_logs OWNER TO postgres;

--
-- Name: attendance_logs_id_seq; Type: SEQUENCE; Schema: public; Owner: postgres
--

ALTER TABLE public.attendance_logs ALTER COLUMN id ADD GENERATED BY DEFAULT AS IDENTITY (
    SEQUENCE NAME public.attendance_logs_id_seq
    START WITH 1
    INCREMENT BY 1
    NO MINVALUE
    NO MAXVALUE
    CACHE 1
);


--
-- Name: attendance_settings; Type: TABLE; Schema: public; Owner: postgres
--

CREATE TABLE public.attendance_settings (
    id bigint NOT NULL,
    balance_source character varying(20) NOT NULL,
    reward_type character varying(20) NOT NULL,
    fixed_amount numeric(15,2),
    min_amount numeric(15,2) NOT NULL,
    max_amount numeric(15,2) NOT NULL,
    consecutive_bonus_enabled boolean NOT NULL,
    bonus_7_days numeric(15,2) NOT NULL,
    bonus_30_days numeric(15,2) NOT NULL,
    is_active boolean NOT NULL,
    created_at timestamp with time zone NOT NULL,
    updated_at timestamp with time zone NOT NULL,
    rank_rewards jsonb NOT NULL,
    daily_cycle_days integer NOT NULL,
    daily_rewards jsonb NOT NULL
);


ALTER TABLE public.attendance_settings OWNER TO postgres;

--
-- Name: attendance_settings_id_seq; Type: SEQUENCE; Schema: public; Owner: postgres
--

ALTER TABLE public.attendance_settings ALTER COLUMN id ADD GENERATED BY DEFAULT AS IDENTITY (
    SEQUENCE NAME public.attendance_settings_id_seq
    START WITH 1
    INCREMENT BY 1
    NO MINVALUE
    NO MAXVALUE
    CACHE 1
);


--
-- Name: auth_group; Type: TABLE; Schema: public; Owner: postgres
--

CREATE TABLE public.auth_group (
    id integer NOT NULL,
    name character varying(150) NOT NULL
);


ALTER TABLE public.auth_group OWNER TO postgres;

--
-- Name: auth_group_id_seq; Type: SEQUENCE; Schema: public; Owner: postgres
--

ALTER TABLE public.auth_group ALTER COLUMN id ADD GENERATED BY DEFAULT AS IDENTITY (
    SEQUENCE NAME public.auth_group_id_seq
    START WITH 1
    INCREMENT BY 1
    NO MINVALUE
    NO MAXVALUE
    CACHE 1
);


--
-- Name: auth_group_permissions; Type: TABLE; Schema: public; Owner: postgres
--

CREATE TABLE public.auth_group_permissions (
    id bigint NOT NULL,
    group_id integer NOT NULL,
    permission_id integer NOT NULL
);


ALTER TABLE public.auth_group_permissions OWNER TO postgres;

--
-- Name: auth_group_permissions_id_seq; Type: SEQUENCE; Schema: public; Owner: postgres
--

ALTER TABLE public.auth_group_permissions ALTER COLUMN id ADD GENERATED BY DEFAULT AS IDENTITY (
    SEQUENCE NAME public.auth_group_permissions_id_seq
    START WITH 1
    INCREMENT BY 1
    NO MINVALUE
    NO MAXVALUE
    CACHE 1
);


--
-- Name: auth_permission; Type: TABLE; Schema: public; Owner: postgres
--

CREATE TABLE public.auth_permission (
    id integer NOT NULL,
    name character varying(255) NOT NULL,
    content_type_id integer NOT NULL,
    codename character varying(100) NOT NULL
);


ALTER TABLE public.auth_permission OWNER TO postgres;

--
-- Name: auth_permission_id_seq; Type: SEQUENCE; Schema: public; Owner: postgres
--

ALTER TABLE public.auth_permission ALTER COLUMN id ADD GENERATED BY DEFAULT AS IDENTITY (
    SEQUENCE NAME public.auth_permission_id_seq
    START WITH 1
    INCREMENT BY 1
    NO MINVALUE
    NO MAXVALUE
    CACHE 1
);


--
-- Name: authtoken_token; Type: TABLE; Schema: public; Owner: postgres
--

CREATE TABLE public.authtoken_token (
    key character varying(40) NOT NULL,
    created timestamp with time zone NOT NULL,
    user_id bigint NOT NULL
);


ALTER TABLE public.authtoken_token OWNER TO postgres;

--
-- Name: bank_settings; Type: TABLE; Schema: public; Owner: postgres
--

CREATE TABLE public.bank_settings (
    id bigint NOT NULL,
    max_banks_per_user smallint NOT NULL,
    created_at timestamp with time zone NOT NULL,
    updated_at timestamp with time zone NOT NULL,
    CONSTRAINT bank_settings_max_banks_per_user_check CHECK ((max_banks_per_user >= 0))
);


ALTER TABLE public.bank_settings OWNER TO postgres;

--
-- Name: bank_settings_id_seq; Type: SEQUENCE; Schema: public; Owner: postgres
--

ALTER TABLE public.bank_settings ALTER COLUMN id ADD GENERATED BY DEFAULT AS IDENTITY (
    SEQUENCE NAME public.bank_settings_id_seq
    START WITH 1
    INCREMENT BY 1
    NO MINVALUE
    NO MAXVALUE
    CACHE 1
);


--
-- Name: banks; Type: TABLE; Schema: public; Owner: postgres
--

CREATE TABLE public.banks (
    id bigint NOT NULL,
    code character varying(50) NOT NULL,
    name character varying(100) NOT NULL,
    is_active boolean NOT NULL,
    logo character varying(200),
    min_withdrawal numeric(15,2) NOT NULL,
    max_withdrawal numeric(15,2) NOT NULL,
    withdrawal_fee numeric(7,2) NOT NULL,
    processing_time smallint NOT NULL,
    created_at timestamp with time zone NOT NULL,
    updated_at timestamp with time zone NOT NULL,
    CONSTRAINT banks_processing_time_check CHECK ((processing_time >= 0))
);


ALTER TABLE public.banks OWNER TO postgres;

--
-- Name: banks_id_seq; Type: SEQUENCE; Schema: public; Owner: postgres
--

ALTER TABLE public.banks ALTER COLUMN id ADD GENERATED BY DEFAULT AS IDENTITY (
    SEQUENCE NAME public.banks_id_seq
    START WITH 1
    INCREMENT BY 1
    NO MINVALUE
    NO MAXVALUE
    CACHE 1
);


--
-- Name: claim_history; Type: TABLE; Schema: public; Owner: postgres
--

CREATE TABLE public.claim_history (
    id bigint NOT NULL,
    claim_amount numeric(15,2) NOT NULL,
    claim_type character varying(20) NOT NULL,
    status character varying(20) NOT NULL,
    claim_number integer NOT NULL,
    remaining_days_at_claim integer NOT NULL,
    total_claimed_before numeric(15,2) NOT NULL,
    notes text NOT NULL,
    created_at timestamp with time zone NOT NULL,
    investment_id bigint NOT NULL,
    transaction_id bigint,
    user_id bigint NOT NULL
);


ALTER TABLE public.claim_history OWNER TO postgres;

--
-- Name: claim_history_id_seq; Type: SEQUENCE; Schema: public; Owner: postgres
--

ALTER TABLE public.claim_history ALTER COLUMN id ADD GENERATED BY DEFAULT AS IDENTITY (
    SEQUENCE NAME public.claim_history_id_seq
    START WITH 1
    INCREMENT BY 1
    NO MINVALUE
    NO MAXVALUE
    CACHE 1
);


--
-- Name: deposits; Type: TABLE; Schema: public; Owner: postgres
--

CREATE TABLE public.deposits (
    id bigint NOT NULL,
    gateway character varying(20) NOT NULL,
    order_num character varying(60) NOT NULL,
    amount numeric(15,2) NOT NULL,
    wallet_type character varying(20) NOT NULL,
    status character varying(20) NOT NULL,
    payment_url character varying(500) NOT NULL,
    request_params jsonb NOT NULL,
    response_payload jsonb,
    callback_payload jsonb,
    callback_at timestamp with time zone,
    created_at timestamp with time zone NOT NULL,
    updated_at timestamp with time zone NOT NULL,
    transaction_id bigint,
    user_id bigint NOT NULL
);


ALTER TABLE public.deposits OWNER TO postgres;

--
-- Name: deposits_gatewaysettings; Type: TABLE; Schema: public; Owner: postgres
--

CREATE TABLE public.deposits_gatewaysettings (
    id bigint NOT NULL,
    default_wallet_type character varying(20) NOT NULL,
    app_domain character varying(255) NOT NULL,
    jayapay_enabled boolean NOT NULL,
    klikpay_enabled boolean NOT NULL,
    jayapay_merchant_code character varying(100) NOT NULL,
    jayapay_private_key text NOT NULL,
    jayapay_public_key text NOT NULL,
    klikpay_api_url character varying(255) NOT NULL,
    klikpay_merchant_code character varying(100) NOT NULL,
    klikpay_secret_key character varying(255) NOT NULL,
    klikpay_public_key text NOT NULL,
    updated_at timestamp with time zone NOT NULL,
    jayapay_api_url character varying(255) NOT NULL,
    jayapay_callback_path character varying(255) NOT NULL,
    jayapay_redirect_url character varying(255) NOT NULL,
    klikpay_private_key text NOT NULL,
    klikpay_callback_path character varying(255) NOT NULL,
    klikpay_redirect_url character varying(255) NOT NULL
);


ALTER TABLE public.deposits_gatewaysettings OWNER TO postgres;

--
-- Name: deposits_gatewaysettings_id_seq; Type: SEQUENCE; Schema: public; Owner: postgres
--

ALTER TABLE public.deposits_gatewaysettings ALTER COLUMN id ADD GENERATED BY DEFAULT AS IDENTITY (
    SEQUENCE NAME public.deposits_gatewaysettings_id_seq
    START WITH 1
    INCREMENT BY 1
    NO MINVALUE
    NO MAXVALUE
    CACHE 1
);


--
-- Name: deposits_id_seq; Type: SEQUENCE; Schema: public; Owner: postgres
--

ALTER TABLE public.deposits ALTER COLUMN id ADD GENERATED BY DEFAULT AS IDENTITY (
    SEQUENCE NAME public.deposits_id_seq
    START WITH 1
    INCREMENT BY 1
    NO MINVALUE
    NO MAXVALUE
    CACHE 1
);


--
-- Name: django_admin_log; Type: TABLE; Schema: public; Owner: postgres
--

CREATE TABLE public.django_admin_log (
    id integer NOT NULL,
    action_time timestamp with time zone NOT NULL,
    object_id text,
    object_repr character varying(200) NOT NULL,
    action_flag smallint NOT NULL,
    change_message text NOT NULL,
    content_type_id integer,
    user_id bigint NOT NULL,
    CONSTRAINT django_admin_log_action_flag_check CHECK ((action_flag >= 0))
);


ALTER TABLE public.django_admin_log OWNER TO postgres;

--
-- Name: django_admin_log_id_seq; Type: SEQUENCE; Schema: public; Owner: postgres
--

ALTER TABLE public.django_admin_log ALTER COLUMN id ADD GENERATED BY DEFAULT AS IDENTITY (
    SEQUENCE NAME public.django_admin_log_id_seq
    START WITH 1
    INCREMENT BY 1
    NO MINVALUE
    NO MAXVALUE
    CACHE 1
);


--
-- Name: django_content_type; Type: TABLE; Schema: public; Owner: postgres
--

CREATE TABLE public.django_content_type (
    id integer NOT NULL,
    app_label character varying(100) NOT NULL,
    model character varying(100) NOT NULL
);


ALTER TABLE public.django_content_type OWNER TO postgres;

--
-- Name: django_content_type_id_seq; Type: SEQUENCE; Schema: public; Owner: postgres
--

ALTER TABLE public.django_content_type ALTER COLUMN id ADD GENERATED BY DEFAULT AS IDENTITY (
    SEQUENCE NAME public.django_content_type_id_seq
    START WITH 1
    INCREMENT BY 1
    NO MINVALUE
    NO MAXVALUE
    CACHE 1
);


--
-- Name: django_migrations; Type: TABLE; Schema: public; Owner: postgres
--

CREATE TABLE public.django_migrations (
    id bigint NOT NULL,
    app character varying(255) NOT NULL,
    name character varying(255) NOT NULL,
    applied timestamp with time zone NOT NULL
);


ALTER TABLE public.django_migrations OWNER TO postgres;

--
-- Name: django_migrations_id_seq; Type: SEQUENCE; Schema: public; Owner: postgres
--

ALTER TABLE public.django_migrations ALTER COLUMN id ADD GENERATED BY DEFAULT AS IDENTITY (
    SEQUENCE NAME public.django_migrations_id_seq
    START WITH 1
    INCREMENT BY 1
    NO MINVALUE
    NO MAXVALUE
    CACHE 1
);


--
-- Name: django_session; Type: TABLE; Schema: public; Owner: postgres
--

CREATE TABLE public.django_session (
    session_key character varying(40) NOT NULL,
    session_data text NOT NULL,
    expire_date timestamp with time zone NOT NULL
);


ALTER TABLE public.django_session OWNER TO postgres;

--
-- Name: investments; Type: TABLE; Schema: public; Owner: postgres
--

CREATE TABLE public.investments (
    id bigint NOT NULL,
    quantity integer NOT NULL,
    total_amount numeric(15,2) NOT NULL,
    profit_type character varying(20) NOT NULL,
    profit_rate numeric(16,2) NOT NULL,
    profit_method character varying(20) NOT NULL,
    claim_reset_mode character varying(20) NOT NULL,
    duration_days integer NOT NULL,
    remaining_days integer NOT NULL,
    expires_at timestamp with time zone NOT NULL,
    last_claim_time timestamp with time zone,
    next_claim_time timestamp with time zone,
    total_claimed_profit numeric(15,2) NOT NULL,
    status character varying(20) NOT NULL,
    created_at timestamp with time zone NOT NULL,
    updated_at timestamp with time zone NOT NULL,
    product_id bigint NOT NULL,
    transaction_id bigint NOT NULL,
    user_id bigint NOT NULL,
    claims_count integer NOT NULL,
    claims_remaining integer NOT NULL,
    first_claim_time timestamp with time zone,
    last_claim_amount numeric(15,2) NOT NULL,
    total_claimed_amount numeric(15,2) NOT NULL,
    profit_random_max numeric(16,2),
    profit_random_min numeric(16,2),
    principal_returned boolean NOT NULL
);


ALTER TABLE public.investments OWNER TO postgres;

--
-- Name: investments_id_seq; Type: SEQUENCE; Schema: public; Owner: postgres
--

ALTER TABLE public.investments ALTER COLUMN id ADD GENERATED BY DEFAULT AS IDENTITY (
    SEQUENCE NAME public.investments_id_seq
    START WITH 1
    INCREMENT BY 1
    NO MINVALUE
    NO MAXVALUE
    CACHE 1
);


--
-- Name: mission_user_states; Type: TABLE; Schema: public; Owner: postgres
--

CREATE TABLE public.mission_user_states (
    id bigint NOT NULL,
    claimed_count integer NOT NULL,
    last_claimed_at timestamp with time zone,
    created_at timestamp with time zone NOT NULL,
    updated_at timestamp with time zone NOT NULL,
    mission_id bigint NOT NULL,
    user_id bigint NOT NULL,
    CONSTRAINT mission_user_states_claimed_count_check CHECK ((claimed_count >= 0))
);


ALTER TABLE public.mission_user_states OWNER TO postgres;

--
-- Name: mission_user_states_id_seq; Type: SEQUENCE; Schema: public; Owner: postgres
--

ALTER TABLE public.mission_user_states ALTER COLUMN id ADD GENERATED BY DEFAULT AS IDENTITY (
    SEQUENCE NAME public.mission_user_states_id_seq
    START WITH 1
    INCREMENT BY 1
    NO MINVALUE
    NO MAXVALUE
    CACHE 1
);


--
-- Name: missions; Type: TABLE; Schema: public; Owner: postgres
--

CREATE TABLE public.missions (
    id bigint NOT NULL,
    description character varying(255) NOT NULL,
    is_active boolean NOT NULL,
    is_repeatable boolean NOT NULL,
    level smallint,
    type character varying(20) NOT NULL,
    requirement integer NOT NULL,
    reward numeric(15,2) NOT NULL,
    reward_balance_type character varying(20) NOT NULL,
    referral_levels jsonb NOT NULL,
    created_at timestamp with time zone NOT NULL,
    updated_at timestamp with time zone NOT NULL,
    title character varying(100) NOT NULL,
    CONSTRAINT missions_level_check CHECK ((level >= 0)),
    CONSTRAINT missions_requirement_check CHECK ((requirement >= 0))
);


ALTER TABLE public.missions OWNER TO postgres;

--
-- Name: missions_id_seq; Type: SEQUENCE; Schema: public; Owner: postgres
--

ALTER TABLE public.missions ALTER COLUMN id ADD GENERATED BY DEFAULT AS IDENTITY (
    SEQUENCE NAME public.missions_id_seq
    START WITH 1
    INCREMENT BY 1
    NO MINVALUE
    NO MAXVALUE
    CACHE 1
);


--
-- Name: news_news; Type: TABLE; Schema: public; Owner: postgres
--

CREATE TABLE public.news_news (
    id bigint NOT NULL,
    title character varying(200) NOT NULL,
    slug character varying(220) NOT NULL,
    body text NOT NULL,
    is_published boolean NOT NULL,
    published_at timestamp with time zone NOT NULL,
    updated_at timestamp with time zone NOT NULL,
    image character varying(100)
);


ALTER TABLE public.news_news OWNER TO postgres;

--
-- Name: news_news_id_seq; Type: SEQUENCE; Schema: public; Owner: postgres
--

ALTER TABLE public.news_news ALTER COLUMN id ADD GENERATED BY DEFAULT AS IDENTITY (
    SEQUENCE NAME public.news_news_id_seq
    START WITH 1
    INCREMENT BY 1
    NO MINVALUE
    NO MAXVALUE
    CACHE 1
);


--
-- Name: products; Type: TABLE; Schema: public; Owner: postgres
--

CREATE TABLE public.products (
    id bigint NOT NULL,
    name character varying(255) NOT NULL,
    description text NOT NULL,
    price numeric(16,2) NOT NULL,
    status integer NOT NULL,
    purchase_limit integer NOT NULL,
    stock integer NOT NULL,
    stock_enabled boolean NOT NULL,
    profit_type character varying(20) NOT NULL,
    profit_rate numeric(16,2) NOT NULL,
    profit_method character varying(20) NOT NULL,
    duration integer NOT NULL,
    balance_source character varying(20) NOT NULL,
    claim_reset_mode character varying(20) NOT NULL,
    claim_reset_hours integer,
    image character varying(100),
    specifications text NOT NULL,
    created_at timestamp with time zone NOT NULL,
    updated_at timestamp with time zone NOT NULL,
    cashback_enabled boolean NOT NULL,
    cashback_percentage numeric(5,2) NOT NULL,
    custom_field_10_content text,
    custom_field_10_title character varying(255),
    custom_field_1_content text,
    custom_field_1_title character varying(255),
    custom_field_2_content text,
    custom_field_2_title character varying(255),
    custom_field_3_content text,
    custom_field_3_title character varying(255),
    custom_field_4_content text,
    custom_field_4_title character varying(255),
    custom_field_5_content text,
    custom_field_5_title character varying(255),
    custom_field_6_content text,
    custom_field_6_title character varying(255),
    custom_field_7_content text,
    custom_field_7_title character varying(255),
    custom_field_8_content text,
    custom_field_8_title character varying(255),
    custom_field_9_content text,
    custom_field_9_title character varying(255),
    max_purchase_count integer NOT NULL,
    profit_rebate_level_1 numeric(10,2) NOT NULL,
    profit_rebate_level_2 numeric(10,2) NOT NULL,
    profit_rebate_level_3 numeric(10,2) NOT NULL,
    profit_rebate_level_4 numeric(10,2) NOT NULL,
    profit_rebate_level_5 numeric(10,2) NOT NULL,
    purchase_rebate_level_1 numeric(10,2) NOT NULL,
    purchase_rebate_level_2 numeric(10,2) NOT NULL,
    purchase_rebate_level_3 numeric(10,2) NOT NULL,
    purchase_rebate_level_4 numeric(10,2) NOT NULL,
    purchase_rebate_level_5 numeric(10,2) NOT NULL,
    require_upline_ownership_for_commissions boolean NOT NULL,
    profit_random_max numeric(16,2),
    profit_random_min numeric(16,2),
    return_principal_on_completion boolean NOT NULL,
    qualify_as_active_investment boolean NOT NULL,
    require_min_rank_enabled boolean NOT NULL,
    min_required_rank smallint,
    CONSTRAINT products_min_required_rank_check CHECK ((min_required_rank >= 0))
);


ALTER TABLE public.products OWNER TO postgres;

--
-- Name: products_id_seq; Type: SEQUENCE; Schema: public; Owner: postgres
--

ALTER TABLE public.products ALTER COLUMN id ADD GENERATED BY DEFAULT AS IDENTITY (
    SEQUENCE NAME public.products_id_seq
    START WITH 1
    INCREMENT BY 1
    NO MINVALUE
    NO MAXVALUE
    CACHE 1
);


--
-- Name: rank_levels; Type: TABLE; Schema: public; Owner: postgres
--

CREATE TABLE public.rank_levels (
    id bigint NOT NULL,
    rank smallint NOT NULL,
    title character varying(100) NOT NULL,
    missions_required_total integer NOT NULL,
    created_at timestamp with time zone NOT NULL,
    updated_at timestamp with time zone NOT NULL,
    CONSTRAINT rank_levels_missions_required_total_check CHECK ((missions_required_total >= 0)),
    CONSTRAINT rank_levels_rank_check CHECK ((rank >= 0))
);


ALTER TABLE public.rank_levels OWNER TO postgres;

--
-- Name: rank_levels_id_seq; Type: SEQUENCE; Schema: public; Owner: postgres
--

ALTER TABLE public.rank_levels ALTER COLUMN id ADD GENERATED BY DEFAULT AS IDENTITY (
    SEQUENCE NAME public.rank_levels_id_seq
    START WITH 1
    INCREMENT BY 1
    NO MINVALUE
    NO MAXVALUE
    CACHE 1
);


--
-- Name: support_supportchatmessage; Type: TABLE; Schema: public; Owner: postgres
--

CREATE TABLE public.support_supportchatmessage (
    id bigint NOT NULL,
    sender_type character varying(10) NOT NULL,
    message text NOT NULL,
    created_at timestamp with time zone NOT NULL,
    sender_user_id bigint,
    thread_id bigint NOT NULL
);


ALTER TABLE public.support_supportchatmessage OWNER TO postgres;

--
-- Name: support_supportchatmessage_id_seq; Type: SEQUENCE; Schema: public; Owner: postgres
--

ALTER TABLE public.support_supportchatmessage ALTER COLUMN id ADD GENERATED BY DEFAULT AS IDENTITY (
    SEQUENCE NAME public.support_supportchatmessage_id_seq
    START WITH 1
    INCREMENT BY 1
    NO MINVALUE
    NO MAXVALUE
    CACHE 1
);


--
-- Name: support_supportchatthread; Type: TABLE; Schema: public; Owner: postgres
--

CREATE TABLE public.support_supportchatthread (
    id bigint NOT NULL,
    is_closed boolean NOT NULL,
    created_at timestamp with time zone NOT NULL,
    updated_at timestamp with time zone NOT NULL,
    user_id bigint NOT NULL
);


ALTER TABLE public.support_supportchatthread OWNER TO postgres;

--
-- Name: support_supportchatthread_id_seq; Type: SEQUENCE; Schema: public; Owner: postgres
--

ALTER TABLE public.support_supportchatthread ALTER COLUMN id ADD GENERATED BY DEFAULT AS IDENTITY (
    SEQUENCE NAME public.support_supportchatthread_id_seq
    START WITH 1
    INCREMENT BY 1
    NO MINVALUE
    NO MAXVALUE
    CACHE 1
);


--
-- Name: support_supportlink; Type: TABLE; Schema: public; Owner: postgres
--

CREATE TABLE public.support_supportlink (
    id bigint NOT NULL,
    title character varying(100) NOT NULL,
    url character varying(300) NOT NULL,
    platform character varying(20) NOT NULL,
    description text NOT NULL,
    is_active boolean NOT NULL,
    created_at timestamp with time zone NOT NULL,
    updated_at timestamp with time zone NOT NULL,
    icon character varying(100)
);


ALTER TABLE public.support_supportlink OWNER TO postgres;

--
-- Name: support_supportlink_id_seq; Type: SEQUENCE; Schema: public; Owner: postgres
--

ALTER TABLE public.support_supportlink ALTER COLUMN id ADD GENERATED BY DEFAULT AS IDENTITY (
    SEQUENCE NAME public.support_supportlink_id_seq
    START WITH 1
    INCREMENT BY 1
    NO MINVALUE
    NO MAXVALUE
    CACHE 1
);


--
-- Name: transactions; Type: TABLE; Schema: public; Owner: postgres
--

CREATE TABLE public.transactions (
    id bigint NOT NULL,
    trx_id character varying(50) NOT NULL,
    type character varying(20) NOT NULL,
    amount numeric(15,2) NOT NULL,
    description text NOT NULL,
    status character varying(20) NOT NULL,
    wallet_type character varying(20) NOT NULL,
    investment_quantity integer,
    commission_level integer,
    voucher_id integer,
    voucher_code character varying(50),
    created_at timestamp with time zone NOT NULL,
    product_id bigint,
    related_transaction_id bigint,
    upline_user_id bigint,
    user_id bigint NOT NULL
);


ALTER TABLE public.transactions OWNER TO postgres;

--
-- Name: transactions_id_seq; Type: SEQUENCE; Schema: public; Owner: postgres
--

ALTER TABLE public.transactions ALTER COLUMN id ADD GENERATED BY DEFAULT AS IDENTITY (
    SEQUENCE NAME public.transactions_id_seq
    START WITH 1
    INCREMENT BY 1
    NO MINVALUE
    NO MAXVALUE
    CACHE 1
);


--
-- Name: user_banks; Type: TABLE; Schema: public; Owner: postgres
--

CREATE TABLE public.user_banks (
    id bigint NOT NULL,
    account_name character varying(100) NOT NULL,
    account_number character varying(50) NOT NULL,
    is_default boolean NOT NULL,
    created_at timestamp with time zone NOT NULL,
    updated_at timestamp with time zone NOT NULL,
    bank_id bigint NOT NULL,
    user_id bigint NOT NULL
);


ALTER TABLE public.user_banks OWNER TO postgres;

--
-- Name: user_banks_id_seq; Type: SEQUENCE; Schema: public; Owner: postgres
--

ALTER TABLE public.user_banks ALTER COLUMN id ADD GENERATED BY DEFAULT AS IDENTITY (
    SEQUENCE NAME public.user_banks_id_seq
    START WITH 1
    INCREMENT BY 1
    NO MINVALUE
    NO MAXVALUE
    CACHE 1
);


--
-- Name: voucher_usages; Type: TABLE; Schema: public; Owner: postgres
--

CREATE TABLE public.voucher_usages (
    id bigint NOT NULL,
    voucher_code character varying(50) NOT NULL,
    amount_credited numeric(15,2) NOT NULL,
    amount_received numeric(15,2) NOT NULL,
    balance_type character varying(20) NOT NULL,
    used_at timestamp with time zone NOT NULL,
    transaction_id bigint,
    user_id bigint NOT NULL,
    voucher_id bigint NOT NULL
);


ALTER TABLE public.voucher_usages OWNER TO postgres;

--
-- Name: voucher_usages_id_seq; Type: SEQUENCE; Schema: public; Owner: postgres
--

ALTER TABLE public.voucher_usages ALTER COLUMN id ADD GENERATED BY DEFAULT AS IDENTITY (
    SEQUENCE NAME public.voucher_usages_id_seq
    START WITH 1
    INCREMENT BY 1
    NO MINVALUE
    NO MAXVALUE
    CACHE 1
);


--
-- Name: vouchers; Type: TABLE; Schema: public; Owner: postgres
--

CREATE TABLE public.vouchers (
    id bigint NOT NULL,
    code character varying(50) NOT NULL,
    type character varying(20) NOT NULL,
    amount numeric(15,2) NOT NULL,
    max_amount numeric(15,2) NOT NULL,
    balance_type character varying(20) NOT NULL,
    usage_limit integer NOT NULL,
    used_count integer NOT NULL,
    is_active boolean NOT NULL,
    expires_at timestamp with time zone,
    created_at timestamp with time zone NOT NULL,
    updated_at timestamp with time zone NOT NULL,
    min_amount numeric(15,2) NOT NULL,
    rank_rewards jsonb NOT NULL,
    start_at timestamp with time zone,
    claim_mode character varying(20) NOT NULL,
    is_daily_claim boolean NOT NULL
);


ALTER TABLE public.vouchers OWNER TO postgres;

--
-- Name: vouchers_id_seq; Type: SEQUENCE; Schema: public; Owner: postgres
--

ALTER TABLE public.vouchers ALTER COLUMN id ADD GENERATED BY DEFAULT AS IDENTITY (
    SEQUENCE NAME public.vouchers_id_seq
    START WITH 1
    INCREMENT BY 1
    NO MINVALUE
    NO MAXVALUE
    CACHE 1
);


--
-- Name: withdrawal_jayapay; Type: TABLE; Schema: public; Owner: postgres
--

CREATE TABLE public.withdrawal_jayapay (
    id bigint NOT NULL,
    request_params jsonb NOT NULL,
    response_payload jsonb NOT NULL,
    created_at timestamp with time zone NOT NULL,
    updated_at timestamp with time zone NOT NULL,
    withdrawal_id bigint NOT NULL
);


ALTER TABLE public.withdrawal_jayapay OWNER TO postgres;

--
-- Name: withdrawal_jayapay_id_seq; Type: SEQUENCE; Schema: public; Owner: postgres
--

ALTER TABLE public.withdrawal_jayapay ALTER COLUMN id ADD GENERATED BY DEFAULT AS IDENTITY (
    SEQUENCE NAME public.withdrawal_jayapay_id_seq
    START WITH 1
    INCREMENT BY 1
    NO MINVALUE
    NO MAXVALUE
    CACHE 1
);


--
-- Name: withdrawal_services; Type: TABLE; Schema: public; Owner: postgres
--

CREATE TABLE public.withdrawal_services (
    id bigint NOT NULL,
    name character varying(100) NOT NULL,
    description text NOT NULL,
    duration_hours integer NOT NULL,
    fee_percent numeric(5,2) NOT NULL,
    is_active boolean NOT NULL,
    sort_order smallint NOT NULL,
    created_at timestamp with time zone NOT NULL,
    updated_at timestamp with time zone NOT NULL,
    CONSTRAINT withdrawal_services_duration_hours_check CHECK ((duration_hours >= 0)),
    CONSTRAINT withdrawal_services_sort_order_check CHECK ((sort_order >= 0))
);


ALTER TABLE public.withdrawal_services OWNER TO postgres;

--
-- Name: withdrawal_services_id_seq; Type: SEQUENCE; Schema: public; Owner: postgres
--

ALTER TABLE public.withdrawal_services ALTER COLUMN id ADD GENERATED BY DEFAULT AS IDENTITY (
    SEQUENCE NAME public.withdrawal_services_id_seq
    START WITH 1
    INCREMENT BY 1
    NO MINVALUE
    NO MAXVALUE
    CACHE 1
);


--
-- Name: withdrawal_settings; Type: TABLE; Schema: public; Owner: postgres
--

CREATE TABLE public.withdrawal_settings (
    id bigint NOT NULL,
    is_active boolean NOT NULL,
    require_bank_account boolean NOT NULL,
    minimum_product_quantity integer NOT NULL,
    created_at timestamp with time zone NOT NULL,
    updated_at timestamp with time zone NOT NULL,
    required_product_id bigint,
    balance_source character varying(20) NOT NULL,
    require_pin boolean NOT NULL,
    require_active_investment boolean NOT NULL,
    require_withdraw_service boolean NOT NULL,
    CONSTRAINT withdrawal_settings_minimum_product_quantity_check CHECK ((minimum_product_quantity >= 0))
);


ALTER TABLE public.withdrawal_settings OWNER TO postgres;

--
-- Name: withdrawal_settings_id_seq; Type: SEQUENCE; Schema: public; Owner: postgres
--

ALTER TABLE public.withdrawal_settings ALTER COLUMN id ADD GENERATED BY DEFAULT AS IDENTITY (
    SEQUENCE NAME public.withdrawal_settings_id_seq
    START WITH 1
    INCREMENT BY 1
    NO MINVALUE
    NO MAXVALUE
    CACHE 1
);


--
-- Name: withdrawals; Type: TABLE; Schema: public; Owner: postgres
--

CREATE TABLE public.withdrawals (
    id bigint NOT NULL,
    amount numeric(15,2) NOT NULL,
    fee numeric(15,2) NOT NULL,
    net_amount numeric(15,2) NOT NULL,
    status character varying(20) NOT NULL,
    note text NOT NULL,
    created_at timestamp with time zone NOT NULL,
    updated_at timestamp with time zone NOT NULL,
    bank_account_id bigint,
    user_id bigint NOT NULL,
    transaction_id bigint,
    withdrawal_service_id bigint
);


ALTER TABLE public.withdrawals OWNER TO postgres;

--
-- Name: withdrawals_id_seq; Type: SEQUENCE; Schema: public; Owner: postgres
--

ALTER TABLE public.withdrawals ALTER COLUMN id ADD GENERATED BY DEFAULT AS IDENTITY (
    SEQUENCE NAME public.withdrawals_id_seq
    START WITH 1
    INCREMENT BY 1
    NO MINVALUE
    NO MAXVALUE
    CACHE 1
);


--
-- Data for Name: accounts_generalsetting; Type: TABLE DATA; Schema: public; Owner: postgres
--

COPY public.accounts_generalsetting (id, referral_code_length, referral_code_case, exclude_similar_chars, created_at, updated_at, referral_code_pattern, auto_login_on_register, rank_basis, rank_count_levels_upto, rank_use_missions, rank_use_downlines_total, rank_use_downlines_active, registration_bonus_amount, registration_bonus_enabled, registration_bonus_wallet, otp_enabled, verifyway_api_key, whatsapp_check_enabled, checknumber_api_key, verifynow_api_key, verifynow_customer_id, require_withdraw_pin_on_register, require_withdraw_pin_on_purchase, rank_use_deposit_self_total, frontend_url) FROM stdin;
1	9	mixed	t	2025-11-02 06:18:27.670585+07	2026-03-09 01:37:45.408791+07	y8ya70plm	t	deposit_self_total	0	f	f	f	0.00	f	balance	f	1723$foKnjr3jv8g0P4u2Ap5ZeGiXRJX3tF2TdJGf	f	U8fuICmrcJ4HPOsSIhQueciAJHJGcSd7Nzpw6zebcmOu0qH6SxgzQny8VaWP	eyJhbGciOiJIUzUxMiJ9.eyJzdWIiOiJDLUMxMDg2QjY2RDM2MTRGOSIsImlhdCI6MTc2ODMyNDM0OSwiZXhwIjoxOTI2MDA0MzQ5fQ.uv2WVdz1bQI3Upnfet2Jn0q_Uj0W9KFh7WS_1RXSIiPr3K1x3BjO6OmdV_LR_COdBpcwNWxegHXp5e6pU-wjAg	C-C1086B66D3614F9	f	f	t	http://localhost:5179
\.


--
-- Data for Name: accounts_phoneotp; Type: TABLE DATA; Schema: public; Owner: postgres
--

COPY public.accounts_phoneotp (id, phone, otp_code, created_at, verified, verification_id) FROM stdin;
5	+628123456789	\N	2026-01-14 01:29:52.017989+07	f	4275787
\.


--
-- Data for Name: accounts_user; Type: TABLE DATA; Schema: public; Owner: postgres
--

COPY public.accounts_user (id, password, last_login, is_superuser, username, first_name, last_name, is_staff, is_active, date_joined, email, full_name, phone, balance, balance_deposit, banned_status, referral_code, rank, is_account_non_expired, is_account_non_locked, is_credentials_non_expired, is_enabled, created_at, updated_at, referral_by_id, withdraw_pin, last_login_ip, balance_hold) FROM stdin;
149	pbkdf2_sha256$720000$s0bRc6FM0pi8q9v1azz1sD$iReHkS9V9ZSQRR02E3MUbvQNWuB1pUVEsRwWOtF+sWw=	\N	f	usermmg3ww4k6789			f	t	2026-03-07 16:14:14.100077+07	user_mmg3ww4k_tb07wt@example.com	Yayaya	+6281123456789	166230.00	649000.00	f	tpBpVgXR7	2	t	t	t	t	2026-03-07 16:14:14.100077+07	2026-03-08 17:09:45.153029+07	148	\N	140.213.58.204	91250.00
159	pbkdf2_sha256$720000$g5lSYDZ6DRSLwZ1ZnTBIwq$Eq8YJD6qGSHUMbDaHFYNn+pg2mnnxk4QpoWzAQPpXn0=	\N	f	usermmhl3ozz8211			f	t	2026-03-08 17:03:12.539892+07	user_mmhl3ozz_8h2f1p@example.com	usermmhl3ozz8211	+6281808368211	0.00	9649000.00	f	BjH7tBReg	2	t	t	t	t	2026-03-08 17:03:12.539892+07	2026-03-08 17:09:45.135452+07	149	\N	140.213.58.204	0.00
153	pbkdf2_sha256$720000$M86yHBkIKwOYoCQoE2dAwY$4MPmENyqX9bHuSLjDAzaGHVmiwjGH89i5c9UkSbGFjw=	\N	f	usermmg9gumj6789			f	t	2026-03-07 18:49:43.310648+07	user_mmg9gumj_cljg7p@example.com	usermmg9gumj6789	+62811123456789	0.00	42000.00	f	hCUVsPGZq	1	t	t	t	t	2026-03-07 18:49:43.310648+07	2026-03-07 18:51:19.101746+07	149	\N	118.99.123.15	17400.00
143	pbkdf2_sha256$720000$v6suYv2laHZRobKOu7KP8J$uyLBf8aPT4yPT6nIN3P0xivVDl3zMTmJWV2in9vruE8=	\N	f	usermmdn45w29595			f	t	2026-03-05 22:48:45.925117+07	user_mmdn45w2_j0cfrs@example.com	Yoh	+6287123456789	526590.00	149980000.00	f	FsujAzraD	1	t	t	t	t	2026-03-05 22:48:45.925117+07	2026-03-07 16:04:26.993437+07	2	\N	140.213.42.178	1000.00
146	pbkdf2_sha256$720000$kiVndTMhTqwdvFqCnw62OH$dwbmbF68eHgXIvsvXkPAIXYQt4AFC0L0vidAMOt5XUs=	\N	f	usermmf3ak6e6789			f	t	2026-03-06 23:09:04.906345+07	user_mmf3ak6e_l9yw1m@example.com	usermmf3ak6e6789	+6288223456789	0.00	0.00	f	hASTJA29t	1	t	t	t	t	2026-03-06 23:09:04.906345+07	2026-03-06 23:09:05.193156+07	145	\N	140.213.44.231	0.00
152	pbkdf2_sha256$720000$iEd6HcIaflxp4B6PUNB4c8$5//xZxKoSrlxEkBX+M8F9Wb6aIdQcMflo8u4MCjWoEI=	\N	f	usermmg9f64j6789			f	t	2026-03-07 18:48:25.033663+07	user_mmg9f64j_v5a5yq@example.com	usermmg9f64j6789	+6281234456789	0.00	42000.00	f	yk7QGNyEP	1	t	t	t	t	2026-03-07 18:48:25.033663+07	2026-03-07 18:49:03.606769+07	151	\N	140.213.219.64	17400.00
2	pbkdf2_sha256$720000$offc6cJngWoKyepAafPoVY$eeCmogT+Od4VhIJwZ9yRar8jXaCtuaj6N9IYHYhCm4w=	\N	f	vhtc695s6on396g7oxdo			f	t	2025-11-09 23:59:59.616716+07	k00rkthpl8@example.com	Yoyo	+6289595959595	15521208.20	409168365.00	f	dgj9yimajp	2	t	t	t	t	2025-11-09 23:59:59.616793+07	2026-03-07 22:28:10.687655+07	1	pbkdf2_sha256$720000$yanXvhM5jVTkCzDTCvAi9z$WkfMOGjdUtmULkqiofgll21JBLIZ36g+js0csU3np/4=	127.0.0.1	1500.00
156	pbkdf2_sha256$720000$ykvDRC1fDItA8t5bhpxy1t$vgA2dTQ4BEyqLgZmcW7WIuhVpYbrgIApHVTr6QDEovw=	\N	f	usermmg9q93c1789			f	t	2026-03-07 18:57:02.066567+07	user_mmg9q93c_zxo4ho@example.com	usermmg9q93c1789	+6281111111789	0.00	42000.00	f	rBmnhW2S6	1	t	t	t	t	2026-03-07 18:57:02.066567+07	2026-03-07 18:59:06.744221+07	149	\N	140.213.219.64	17400.00
144	pbkdf2_sha256$720000$LM6A43hyrVW9nLwrEdtmNH$rY+yje3kNPO07oXfkK014hFyn4GPnV5W92J19ORY3jw=	\N	f	usermmegabt59696			f	t	2026-03-06 12:25:03.90877+07	user_mmegabt5_oehmnm@example.com	usermmegabt59696	+6289696969696	0.00	0.00	f	iiNgApqae	1	t	t	t	t	2026-03-06 12:25:03.90877+07	2026-03-06 12:25:04.221715+07	2	\N	127.0.0.1	0.00
147	pbkdf2_sha256$720000$Gwo9sLILWZ52GiQ1TRqoCl$1cx1AV7xBoDQj/W8H/3zyqr42+huQvl0coVN92STb2Q=	\N	f	usermmf3bgeb6789			f	t	2026-03-06 23:09:46.747162+07	user_mmf3bgeb_r1p8lu@example.com	usermmf3bgeb6789	+62883123456789	207760.00	480000.00	f	7otjfay9y	4	t	t	t	t	2026-03-06 23:09:46.747162+07	2026-03-08 17:09:45.171758+07	145	\N	127.0.0.1	1000.00
150	pbkdf2_sha256$720000$AXvXiBiUBkv1vnNZuAZIuq$9pVVyu7W6ONFkpI+CS/AvCwEZC/Qz/RT7fCeIAu+5PA=	\N	f	usermmg8v3u46789			f	t	2026-03-07 18:32:48.844096+07	user_mmg8v3u4_mhglkc@example.com	usermmg8v3u46789	+6281223456789	71700.00	9862000.00	f	wFrHARjDY	2	t	t	t	t	2026-03-07 18:32:48.844096+07	2026-03-07 18:49:03.623342+07	149	\N	140.213.219.64	17400.00
154	pbkdf2_sha256$720000$Fv3trMyH0LfQxY0YxkjWo2$37MxAqVslWVtNFR3AGSDHF9SnWMjy8B6I40NAc4P3r0=	\N	f	usermmg9jj4t6789			f	t	2026-03-07 18:51:48.398209+07	user_mmg9jj4t_19sdvy@example.com	usermmg9jj4t6789	+62811113456789	0.00	42000.00	f	nxMcyUz9E	1	t	t	t	t	2026-03-07 18:51:48.398209+07	2026-03-07 18:52:26.285821+07	149	\N	140.213.219.64	17400.00
157	pbkdf2_sha256$720000$pd2qqY8dbRG96Fvk4Yz1eX$vOf2fUo+kEBxDqs2Siluw/P+4ByUD4Y9RsA+miHTl2s=	\N	f	usermmga6zyg1189			f	t	2026-03-07 19:10:03.283784+07	user_mmga6zyg_7gy6ry@example.com	usermmga6zyg1189	+6281111111189	0.00	42000.00	f	4QrzUVe2L	1	t	t	t	t	2026-03-07 19:10:03.283784+07	2026-03-07 19:11:16.251552+07	149	\N	140.213.219.64	17400.00
151	pbkdf2_sha256$720000$8g6Q7dPRIfPdIrE6ElaTMm$787F7jWk+4u5DOSRUpM69p5pOmJLNs/7HDlVKm1h4dk=	\N	f	usermmg9bzx06789			f	t	2026-03-07 18:45:57.010072+07	user_mmg9bzx0_eia4zf@example.com	usermmg9bzx06789	+6281233456789	19140.00	42000.00	f	Q5QCJwzNg	1	t	t	t	t	2026-03-07 18:45:57.010072+07	2026-03-07 18:49:03.61711+07	150	\N	140.213.219.64	17400.00
155	pbkdf2_sha256$720000$TFD56CtHO6MlutMtFFre7L$cp0Q1R1UaBQwRypIRMiIO5TMGZCJLIJC0PB0esKmY38=	\N	f	usermmg9lrjo6789			f	t	2026-03-07 18:53:32.747938+07	user_mmg9lrjo_uvu4ek@example.com	usermmg9lrjo6789	+62811111456789	0.00	42000.00	f	YLoL75kQe	1	t	t	t	t	2026-03-07 18:53:32.747938+07	2026-03-07 18:54:27.464706+07	149	\N	140.213.219.64	17400.00
158	pbkdf2_sha256$720000$T6RWZG8slslfmFfZPrkPsf$4c4m2PIit1pZTvNbcbc6x8LxveaMuVHa2VsJ5IXSIL4=	\N	f	usermmgkyi1a1843			f	t	2026-03-08 00:11:20.696146+07	user_mmgkyi1a_s6eczi@example.com	usermmgkyi1a1843	+62857319731843	0.00	42000.00	f	3Dmea2S2P	1	t	t	t	t	2026-03-08 00:11:20.696146+07	2026-03-08 00:12:43.84001+07	149	\N	118.99.123.15	17400.00
1	pbkdf2_sha256$720000$NnNQaokpLkzdw3Ibaz1S9O$PBCF19P0O1VIDjpT/XspA2z9C0tosnFmQqpPxlXGIzA=	2026-03-05 14:06:27.830892+07	t	admin			t	t	2025-11-09 23:04:12.870917+07	admin@example.com	Admin User	085100000000	15292741.74	0.00	f	59SFN2	\N	t	t	t	t	2025-11-09 23:04:12.870942+07	2026-03-06 16:44:13.865033+07	\N	\N	\N	0.00
145	pbkdf2_sha256$720000$Lsi81G8NtufePgVwf6F4qo$DxDK6ifM4dil+BzoNPT/kcQyjP3wjhdJR5HuUYb6Y7E=	\N	f	usermmepcrvq6789			f	t	2026-03-06 16:38:55.031139+07	user_mmepcrvq_4sby6x@example.com	usermmepcrvq6789	+6288123456789	315890.00	99990000.00	f	XqXmfu5ce	1	t	t	t	t	2026-03-06 16:38:55.031139+07	2026-03-08 00:19:20.985298+07	143	\N	140.213.44.99	500.00
148	pbkdf2_sha256$720000$o17BuiZgxNcjnLfuDB9DxV$ttS+jpLW2xC/ZLEP1VQfuO2taR3FSx2pj9RVI9nKZNs=	\N	f	usermmfdhfno6789			f	t	2026-03-07 03:54:22.378324+07	user_mmfdhfno_6vdcfz@example.com	usermmfdhfno6789	+6289123456789	149700.00	9611000.00	f	cCXorm82U	2	t	t	t	t	2026-03-07 03:54:22.378324+07	2026-03-08 17:09:45.162199+07	147	\N	140.213.58.204	24500.00
\.


--
-- Data for Name: accounts_user_groups; Type: TABLE DATA; Schema: public; Owner: postgres
--

COPY public.accounts_user_groups (id, user_id, group_id) FROM stdin;
\.


--
-- Data for Name: accounts_user_user_permissions; Type: TABLE DATA; Schema: public; Owner: postgres
--

COPY public.accounts_user_user_permissions (id, user_id, permission_id) FROM stdin;
\.


--
-- Data for Name: accounts_useraddress; Type: TABLE DATA; Schema: public; Owner: postgres
--

COPY public.accounts_useraddress (id, recipient_name, phone_number, address_details, house_number, is_primary, created_at, updated_at, user_id) FROM stdin;
\.


--
-- Data for Name: attendance_logs; Type: TABLE DATA; Schema: public; Owner: postgres
--

COPY public.attendance_logs (id, date, streak_count, amount, created_at, user_id) FROM stdin;
1	2025-11-10	1	1204.19	2025-11-10 00:00:40.839336+07	2
7	2025-11-30	1	472.40	2025-11-30 03:02:02.681395+07	2
19	2025-12-06	1	500.00	2025-12-06 22:41:57.322738+07	2
20	2025-12-07	2	500.00	2025-12-07 00:58:21.670796+07	2
24	2025-12-08	3	1000.00	2025-12-08 09:47:51.779024+07	2
25	2025-12-24	1	1000.00	2025-12-24 05:05:14.207749+07	2
26	2026-01-10	1	1000.00	2026-01-10 15:53:50.873835+07	2
27	2026-01-11	2	1000.00	2026-01-11 02:54:47.560879+07	2
32	2026-01-12	3	300.00	2026-01-12 11:59:38.216978+07	2
42	2026-01-24	1	100.00	2026-01-24 13:22:03.688346+07	2
48	2026-02-16	1	1123.14	2026-02-16 17:02:21.214231+07	2
49	2026-02-17	2	1025.49	2026-02-17 01:47:08.895393+07	2
54	2026-02-19	1	201.09	2026-02-19 01:41:19.934087+07	2
63	2026-03-02	1	345.65	2026-03-02 17:17:28.205196+07	2
64	2026-03-04	1	364.68	2026-03-04 01:37:20.632785+07	2
65	2026-03-05	2	1000.00	2026-03-05 20:29:05.034674+07	2
66	2026-03-05	1	1000.00	2026-03-05 23:40:13.446803+07	143
67	2026-03-06	1	1000.00	2026-03-06 16:41:57.160373+07	145
68	2026-03-06	1	1000.00	2026-03-06 23:12:54.817122+07	147
69	2026-03-07	2	1000.00	2026-03-07 00:10:00.75048+07	147
70	2026-03-07	1	1000.00	2026-03-07 03:55:19.41028+07	148
71	2026-03-07	1	1000.00	2026-03-07 16:31:20.330128+07	149
72	2026-03-07	1	1000.00	2026-03-07 18:41:16.129989+07	150
73	2026-03-07	1	1000.00	2026-03-07 22:28:10.689181+07	2
74	2026-03-08	2	1000.00	2026-03-08 00:08:06.515739+07	149
\.


--
-- Data for Name: attendance_settings; Type: TABLE DATA; Schema: public; Owner: postgres
--

COPY public.attendance_settings (id, balance_source, reward_type, fixed_amount, min_amount, max_amount, consecutive_bonus_enabled, bonus_7_days, bonus_30_days, is_active, created_at, updated_at, rank_rewards, daily_cycle_days, daily_rewards) FROM stdin;
3	balance	fixed	1000.00	0.00	0.00	f	0.00	0.00	t	2026-01-12 00:48:57.051622+07	2026-03-05 14:14:54.612035+07	{}	0	{"1": 0.0, "2": 0.0, "3": 0.0, "4": 0.0, "5": 0.0, "6": 0.0, "7": 0.0}
\.


--
-- Data for Name: auth_group; Type: TABLE DATA; Schema: public; Owner: postgres
--

COPY public.auth_group (id, name) FROM stdin;
\.


--
-- Data for Name: auth_group_permissions; Type: TABLE DATA; Schema: public; Owner: postgres
--

COPY public.auth_group_permissions (id, group_id, permission_id) FROM stdin;
\.


--
-- Data for Name: auth_permission; Type: TABLE DATA; Schema: public; Owner: postgres
--

COPY public.auth_permission (id, name, content_type_id, codename) FROM stdin;
1	Can add log entry	1	add_logentry
2	Can change log entry	1	change_logentry
3	Can delete log entry	1	delete_logentry
4	Can view log entry	1	view_logentry
5	Can add permission	2	add_permission
6	Can change permission	2	change_permission
7	Can delete permission	2	delete_permission
8	Can view permission	2	view_permission
9	Can add group	3	add_group
10	Can change group	3	change_group
11	Can delete group	3	delete_group
12	Can view group	3	view_group
13	Can add content type	4	add_contenttype
14	Can change content type	4	change_contenttype
15	Can delete content type	4	delete_contenttype
16	Can view content type	4	view_contenttype
17	Can add session	5	add_session
18	Can change session	5	change_session
19	Can delete session	5	delete_session
20	Can view session	5	view_session
21	Can add Token	6	add_token
22	Can change Token	6	change_token
23	Can delete Token	6	delete_token
24	Can view Token	6	view_token
25	Can add Token	7	add_tokenproxy
26	Can change Token	7	change_tokenproxy
27	Can delete Token	7	delete_tokenproxy
28	Can view Token	7	view_tokenproxy
29	Can add User	8	add_user
30	Can change User	8	change_user
31	Can delete User	8	delete_user
32	Can view User	8	view_user
33	Can add General Setting	9	add_generalsetting
34	Can change General Setting	9	change_generalsetting
35	Can delete General Setting	9	delete_generalsetting
36	Can view General Setting	9	view_generalsetting
37	Can add Rank Level	10	add_ranklevel
38	Can change Rank Level	10	change_ranklevel
39	Can delete Rank Level	10	delete_ranklevel
40	Can view Rank Level	10	view_ranklevel
41	Can add product	11	add_product
42	Can change product	11	change_product
43	Can delete product	11	delete_product
44	Can view product	11	view_product
45	Can add transaction	12	add_transaction
46	Can change transaction	12	change_transaction
47	Can delete transaction	12	delete_transaction
48	Can view transaction	12	view_transaction
49	Can add investment	13	add_investment
50	Can change investment	13	change_investment
51	Can delete investment	13	delete_investment
52	Can view investment	13	view_investment
53	Can add claim history	14	add_claimhistory
54	Can change claim history	14	change_claimhistory
55	Can delete claim history	14	delete_claimhistory
56	Can view claim history	14	view_claimhistory
57	Can add user product purchase	15	add_userproductpurchase
58	Can change user product purchase	15	change_userproductpurchase
59	Can delete user product purchase	15	delete_userproductpurchase
60	Can view user product purchase	15	view_userproductpurchase
61	Can add attendance settings	16	add_attendancesettings
62	Can change attendance settings	16	change_attendancesettings
63	Can delete attendance settings	16	delete_attendancesettings
64	Can view attendance settings	16	view_attendancesettings
65	Can add attendance log	17	add_attendancelog
66	Can change attendance log	17	change_attendancelog
67	Can delete attendance log	17	delete_attendancelog
68	Can view attendance log	17	view_attendancelog
69	Can add voucher	18	add_voucher
70	Can change voucher	18	change_voucher
71	Can delete voucher	18	delete_voucher
72	Can view voucher	18	view_voucher
73	Can add voucher usage	19	add_voucherusage
74	Can change voucher usage	19	change_voucherusage
75	Can delete voucher usage	19	delete_voucherusage
76	Can view voucher usage	19	view_voucherusage
77	Can add mission	20	add_mission
78	Can change mission	20	change_mission
79	Can delete mission	20	delete_mission
80	Can view mission	20	view_mission
81	Can add mission user state	21	add_missionuserstate
82	Can change mission user state	21	change_missionuserstate
83	Can delete mission user state	21	delete_missionuserstate
84	Can view mission user state	21	view_missionuserstate
85	Can add bank	22	add_bank
86	Can change bank	22	change_bank
87	Can delete bank	22	delete_bank
88	Can view bank	22	view_bank
89	Can add user bank	23	add_userbank
90	Can change user bank	23	change_userbank
91	Can delete user bank	23	delete_userbank
92	Can view user bank	23	view_userbank
93	Can add Bank Settings	24	add_banksettings
94	Can change Bank Settings	24	change_banksettings
95	Can delete Bank Settings	24	delete_banksettings
96	Can view Bank Settings	24	view_banksettings
97	Can add withdrawal settings	25	add_withdrawalsettings
98	Can change withdrawal settings	25	change_withdrawalsettings
99	Can delete withdrawal settings	25	delete_withdrawalsettings
100	Can view withdrawal settings	25	view_withdrawalsettings
101	Can add withdrawal	26	add_withdrawal
102	Can change withdrawal	26	change_withdrawal
103	Can delete withdrawal	26	delete_withdrawal
104	Can view withdrawal	26	view_withdrawal
105	Can add Withdrawal Jayapay	27	add_withdrawaljayapay
106	Can change Withdrawal Jayapay	27	change_withdrawaljayapay
107	Can delete Withdrawal Jayapay	27	delete_withdrawaljayapay
108	Can view Withdrawal Jayapay	27	view_withdrawaljayapay
109	Can add Gateway Settings	28	add_gatewaysettings
110	Can change Gateway Settings	28	change_gatewaysettings
111	Can delete Gateway Settings	28	delete_gatewaysettings
112	Can view Gateway Settings	28	view_gatewaysettings
113	Can add deposit	29	add_deposit
114	Can change deposit	29	change_deposit
115	Can delete deposit	29	delete_deposit
116	Can view deposit	29	view_deposit
117	Can add support link	30	add_supportlink
118	Can change support link	30	change_supportlink
119	Can delete support link	30	delete_supportlink
120	Can view support link	30	view_supportlink
121	Can add news	31	add_news
122	Can change news	31	change_news
123	Can delete news	31	delete_news
124	Can view news	31	view_news
125	Can add jayapay withdrawal	32	add_jayapaywithdrawal
126	Can change jayapay withdrawal	32	change_jayapaywithdrawal
127	Can delete jayapay withdrawal	32	delete_jayapaywithdrawal
128	Can view jayapay withdrawal	32	view_jayapaywithdrawal
129	Can add support chat thread	33	add_supportchatthread
130	Can change support chat thread	33	change_supportchatthread
131	Can delete support chat thread	33	delete_supportchatthread
132	Can view support chat thread	33	view_supportchatthread
133	Can add support chat message	34	add_supportchatmessage
134	Can change support chat message	34	change_supportchatmessage
135	Can delete support chat message	34	delete_supportchatmessage
136	Can view support chat message	34	view_supportchatmessage
137	Can add User Address	35	add_useraddress
138	Can change User Address	35	change_useraddress
139	Can delete User Address	35	delete_useraddress
140	Can view User Address	35	view_useraddress
141	Can add Phone OTP	36	add_phoneotp
142	Can change Phone OTP	36	change_phoneotp
143	Can delete Phone OTP	36	delete_phoneotp
144	Can view Phone OTP	36	view_phoneotp
145	Can add Decode API Response	37	add_admindecodetool
146	Can change Decode API Response	37	change_admindecodetool
147	Can delete Decode API Response	37	delete_admindecodetool
148	Can view Decode API Response	37	view_admindecodetool
149	Can add withdrawal service	38	add_withdrawalservice
150	Can change withdrawal service	38	change_withdrawalservice
151	Can delete withdrawal service	38	delete_withdrawalservice
152	Can view withdrawal service	38	view_withdrawalservice
\.


--
-- Data for Name: authtoken_token; Type: TABLE DATA; Schema: public; Owner: postgres
--

COPY public.authtoken_token (key, created, user_id) FROM stdin;
b34aaf6c0a7554965ce6ac11fec7f23fbccfa8f6	2025-11-09 23:59:59.769637+07	2
29f6936ff80b16702074da9d02afde1b5403c075	2026-03-05 22:48:46.132061+07	143
37a6a7dd7c81081df9cd351081dfb6b72ca7fa99	2026-03-06 12:25:04.263406+07	144
de8f87b52f560070df321d861396fd17e7e47d35	2026-03-06 16:38:55.37104+07	145
0808238427f44b875c1cc6506c39b15368ec6519	2026-03-06 23:09:05.285065+07	146
776e7692bc19c19d3812bdf6dfc9caf1935f5a9d	2026-03-06 23:09:47.03726+07	147
3ff7f1d0bf774b912554d7a2bbcb9432e974b44d	2026-03-07 03:54:22.704467+07	148
331b7788d17bd3c7ccb8066f0b7a02e77ef4cf2b	2026-03-07 16:14:14.425039+07	149
e5853e82e9e7483c0432b6be885f1ee516899fba	2026-03-07 18:32:49.191412+07	150
96e48d8f4a034d3554349e57aead2d77c78c0546	2026-03-07 18:45:57.296415+07	151
e4548ef8aa661091379af84370f6e3c0ffcb25fb	2026-03-07 18:48:25.360195+07	152
8645cfefe404275507a6d86cc7d42c6e6aa2ba88	2026-03-07 18:49:43.673884+07	153
6ce118f659d316133fef93e8d6345e481f3b449d	2026-03-07 18:51:48.680106+07	154
a3e72491b8507a8f62fa8bc1d86f4c9595f65958	2026-03-07 18:53:33.047481+07	155
0e489e3109d4776d92272a0136843a23815e1073	2026-03-07 18:57:02.391148+07	156
eb2333bf1e71aaf89353b53411e43c8d84063e7b	2026-03-07 19:10:03.579921+07	157
2c262c2ef033b5e8ce67eaeb154a0cabb2bcb068	2026-03-08 00:11:20.980939+07	158
866c199d0a191b04038617867027fa71705bf744	2026-03-08 17:03:13.007352+07	159
\.


--
-- Data for Name: bank_settings; Type: TABLE DATA; Schema: public; Owner: postgres
--

COPY public.bank_settings (id, max_banks_per_user, created_at, updated_at) FROM stdin;
1	1	2025-10-23 17:11:59.530568+07	2026-02-17 10:45:57.414126+07
\.


--
-- Data for Name: banks; Type: TABLE DATA; Schema: public; Owner: postgres
--

COPY public.banks (id, code, name, is_active, logo, min_withdrawal, max_withdrawal, withdrawal_fee, processing_time, created_at, updated_at) FROM stdin;
18	BCA	Bank Central Asia	t	\N	35000.00	5000000.00	10.00	1	2025-11-04 03:49:12.668321+07	2026-03-05 22:26:48.487041+07
17	BNI	Bank Negara Indonesia	t	\N	35000.00	5000000.00	10.00	1	2025-11-04 03:46:56.041303+07	2026-03-05 22:26:54.587315+07
15	BRI	Bank Rakyat Indonesia	t	\N	35000.00	5000000.00	10.00	1	2025-11-04 03:45:02.450466+07	2026-03-05 22:27:09.015906+07
13	DANA	DANA	t	\N	35000.00	5000000.00	10.00	1	2025-11-04 03:44:13.401908+07	2026-03-05 22:27:17.032314+07
14	GOPAY	GOPAY	t	\N	35000.00	10000000.00	10.00	1	2025-11-04 03:44:32.518143+07	2026-03-05 22:27:24.219676+07
20	MANDIRI	Mandiri	t	\N	35000.00	100000000.00	10.00	1	2026-01-12 13:24:56.598164+07	2026-03-05 22:27:30.19497+07
12	OVO	OVO	t	\N	35000.00	5000000.00	10.00	1	2025-11-04 03:43:49.225187+07	2026-03-05 22:27:35.924264+07
63	SHOPEEPAY	SHOPEEPAY	t	\N	35000.00	1000000000.00	10.00	1	2026-03-05 22:28:32.449713+07	2026-03-05 22:28:32.452789+07
\.


--
-- Data for Name: claim_history; Type: TABLE DATA; Schema: public; Owner: postgres
--

COPY public.claim_history (id, claim_amount, claim_type, status, claim_number, remaining_days_at_claim, total_claimed_before, notes, created_at, investment_id, transaction_id, user_id) FROM stdin;
764	17400.00	auto	completed	1	54	0.00	Automatic profit from Aset Standar I	2026-03-08 16:44:45.602625+07	207	2331	148
765	5550.00	auto	completed	1	53	0.00	Automatic profit from Aset Pilihan I	2026-03-08 16:44:45.6621+07	206	2332	148
766	6600.00	auto	completed	1	53	0.00	Automatic profit from Kesejahteraan I	2026-03-08 16:44:45.678836+07	205	2333	148
767	500.00	auto	completed	1	38	0.00	Automatic profit from Aset Standar I	2026-03-08 16:44:45.699155+07	204	2334	148
768	10000.00	auto	completed	1	53	0.00	Automatic profit from Prioritas I	2026-03-08 16:44:45.733404+07	203	2335	148
769	18000.00	auto	completed	1	53	0.00	Automatic profit from Prioritas III	2026-03-08 16:44:45.750714+07	202	2336	147
770	12000.00	auto	completed	1	53	0.00	Automatic profit from Prioritas II	2026-03-08 16:44:45.770687+07	201	2337	147
771	12000.00	auto	completed	1	53	0.00	Automatic profit from Prioritas II	2026-03-08 16:44:45.791852+07	200	2338	147
772	10000.00	auto	completed	1	53	0.00	Automatic profit from Prioritas I	2026-03-08 16:44:45.812193+07	199	2339	147
773	500.00	auto	completed	1	38	0.00	Automatic profit from Aset Standar I	2026-03-08 16:44:45.827809+07	198	2340	147
774	10000.00	auto	completed	1	53	0.00	Automatic profit from Prioritas I	2026-03-08 16:44:45.843132+07	197	2341	147
775	500.00	auto	completed	1	38	0.00	Automatic profit from Aset Standar I	2026-03-08 16:44:45.871395+07	196	2342	147
776	500.00	auto	completed	1	38	0.00	Automatic profit from Aset Standar I	2026-03-08 16:44:45.890295+07	195	2343	145
777	500.00	auto	completed	1	38	0.00	Automatic profit from Aset Standar I	2026-03-08 16:44:45.905598+07	194	2344	143
778	10000.00	auto	completed	1	53	0.00	Automatic profit from Prioritas I	2026-03-08 16:44:45.919368+07	193	2345	2
779	500.00	auto	completed	1	37	0.00	Automatic profit from Aset Standar I	2026-03-08 16:44:45.935769+07	192	2346	143
780	500.00	auto	completed	1	37	0.00	Automatic profit from Aset Standar I	2026-03-08 16:44:45.951386+07	191	2347	2
781	1000.00	auto	completed	1	37	0.00	Automatic profit from Aset Standar II	2026-03-08 16:44:45.967069+07	190	2348	2
782	17400.00	auto	completed	1	54	0.00	Automatic profit from Aset Standar I	2026-03-08 18:37:19.943308+07	208	2368	150
783	50400.00	auto	completed	1	1	0.00	Automatic profit from Prioritas I	2026-03-08 18:42:20.223628+07	209	2369	150
784	17400.00	auto	completed	1	54	0.00	Automatic profit from Aset Standar I	2026-03-08 18:47:20.484039+07	210	2370	151
785	17400.00	auto	completed	1	54	0.00	Automatic profit from Aset Standar I	2026-03-08 18:52:20.731082+07	212	2371	153
786	17400.00	auto	completed	1	54	0.00	Automatic profit from Aset Standar I	2026-03-08 18:52:20.767574+07	211	2372	152
787	17400.00	auto	completed	1	54	0.00	Automatic profit from Aset Standar I	2026-03-08 18:57:21.106919+07	214	2373	155
788	17400.00	auto	completed	1	54	0.00	Automatic profit from Aset Standar I	2026-03-08 18:57:21.144192+07	213	2374	154
789	17400.00	auto	completed	1	54	0.00	Automatic profit from Aset Standar I	2026-03-08 19:02:21.44445+07	215	2375	156
790	17400.00	auto	completed	1	54	0.00	Automatic profit from Aset Standar I	2026-03-08 19:12:21.914936+07	216	2376	157
791	17400.00	auto	completed	1	54	0.00	Automatic profit from Aset Standar I	2026-03-09 00:13:32.20641+07	217	2377	158
792	50400.00	auto	completed	1	1	0.00	Automatic profit from Prioritas I	2026-03-09 00:18:32.3808+07	219	2378	149
793	17400.00	auto	completed	1	54	0.00	Automatic profit from Aset Standar I	2026-03-09 00:18:32.393628+07	218	2379	149
794	56250.00	auto	completed	1	29	0.00	Automatic profit from Aset Pilihan I	2026-03-09 00:23:32.544891+07	221	2380	149
795	17600.00	auto	completed	1	29	0.00	Automatic profit from Kesejahteraan I	2026-03-09 00:23:32.558544+07	220	2381	149
\.


--
-- Data for Name: deposits; Type: TABLE DATA; Schema: public; Owner: postgres
--

COPY public.deposits (id, gateway, order_num, amount, wallet_type, status, payment_url, request_params, response_payload, callback_payload, callback_at, created_at, updated_at, transaction_id, user_id) FROM stdin;
97	JAYAPAY	DEP-20260305221343-AAEEDC	35000.00	BALANCE_DEPOSIT	FAILED		{"name": "Yoyo", "sign": "T2PEii+KcmfDj/sISlbwb0dXNWy6Wh64Ni8qu51QWRznIOJdsvhYyWSegDPwf45MNLTBAgmw4/4Ptpn5UaEyM1ZmzrfcCQCwZZ4Y+560zXGwZ4PST/ARDhRjpefAjj06U57mWbJDhp6aUZjqhRtu5RS09iEyb8krk/WwzFO03kQ7TB+74lW/mvXi54ic0PZ7mWGlhpkq0iadySkJ1uQMXDGAqNvoLzsAByvYwxIc6cx5oken9RyyJCo6AVRT6oXzSVFCU4/zrTUB67QiZxOTeeMnpLZN93znW1wQso/Pb/a2nW4W6WXAEZCXzlkXd9snNKLvCQk0Id+CyWaKqUbQdA==", "email": "k00rkthpl8@example.com", "phone": "+6289595959595", "method": "", "dateTime": "20260305221343", "orderNum": "DEP-20260305221343-AAEEDC", "payMoney": "35000", "notifyUrl": "https://api.bcbt-bt.online/api/deposits/jayapay/callback/", "orderType": "0", "expiryPeriod": "1000", "merchantCode": "S820250914134021000027", "productDetail": "Top Up Saldo"}	{"platSign": "CBucsbEjXo1Jjak0jY77O0USm3IweQHqp/ShHl/z/mqq7RACGMf3j1WkWcU/HRnHZCjnKgf67kwqbi7SSGMTW/kMMMFVLMWO3WrwNLKLhya8zTwBl97KuOiEzoQlqVxqevLKD7VVztIYA0x/ZN5TRGmNwHfFC+Nnk1RA/m2/NEk=", "platRespCode": "FAIL", "platRespMessage": "JayaPay-params : verify signature failed"}	\N	\N	2026-03-05 22:13:43.642228+07	2026-03-05 22:13:43.642228+07	2172	2
98	JAYAPAY	DEP-20260307001928-18F323	35000.00	BALANCE_DEPOSIT	COMPLETED		{"name": "usermmf3bgeb6789", "sign": "aCeSUY9VEBweK1Ilw142gjd135hh4miS7Ca3ef7Y7t31P5zIuVGyQtXhF7C4g4j8941qO/52GhZkLuirEouu/Kvi61ijN/GKRwyckcRTBhZBsHxgfUD0wIWErWZlC6qkT6DVgeASeFY/MHL7z1A8jCJekVr/dKA+hqnsI051IpCt/gzjaFI9xMzLFU0jL0x8i+e/y3yjNgBahPCl+OAjo+v4Gws7LmZZqRZ8jkhedmBZvPkMpDYXxwYsYurEzDilWTmP6PrIZgqUKWb8MPKTRgVMCpdLaEa9Aq+t3K9qggtldWx0UusNzMHMxj0MS7wjbIiBp1Gu5/6kWMu6v5DH9g==", "email": "user_mmf3bgeb_r1p8lu@example.com", "phone": "+62883123456789", "method": "", "dateTime": "20260307001928", "orderNum": "DEP-20260307001928-18F323", "payMoney": "35000", "notifyUrl": "https://api.bcbt-bt.online/api/deposits/jayapay/callback/", "orderType": "0", "expiryPeriod": "1000", "merchantCode": "S820250914134021000027", "productDetail": "Top Up Saldo"}	{"platSign": "CBucsbEjXo1Jjak0jY77O0USm3IweQHqp/ShHl/z/mqq7RACGMf3j1WkWcU/HRnHZCjnKgf67kwqbi7SSGMTW/kMMMFVLMWO3WrwNLKLhya8zTwBl97KuOiEzoQlqVxqevLKD7VVztIYA0x/ZN5TRGmNwHfFC+Nnk1RA/m2/NEk=", "platRespCode": "FAIL", "platRespMessage": "JayaPay-params : verify signature failed"}	\N	\N	2026-03-07 00:19:29.046432+07	2026-03-07 00:19:48.607143+07	2200	147
99	JAYAPAY	DEP-20260307031017-F1832C	35000.00	BALANCE_DEPOSIT	COMPLETED		{"name": "usermmf3bgeb6789", "sign": "Pz+a9xOGX/fIVtyvIJN7we59FUzU2z5+yRAPy+9frGTTtdh+ox5dLlVFY4Gf7EkJr4Io7SgZ+AFDF9/NsQnvVwce9sn2CViKJDghM2KNL9ggSVkbPu8aRVfOICdx3Z6a1Ai1XyEPkjq9xc/AX8fxI86YAhxYzKxg3bE3ucSe7M2V6Nz8YIT9u3LtRm4jymZO2ViRkuWesw1NaRc+RLX5DITftS+a2NP/PdzmdYxrDJQFwXDceTblv6iYeUAD6bmQI3hn448gVSi+qehZj/MXPaAQiJSfew+ne0YjB6nq7C/aVWXwBgXokCho2zsXUtXI7enqhpX5EIcCPvfi3j311w==", "email": "user_mmf3bgeb_r1p8lu@example.com", "phone": "+62883123456789", "method": "", "dateTime": "20260307031017", "orderNum": "DEP-20260307031017-F1832C", "payMoney": "35000", "notifyUrl": "https://api.bcbt-bt.online/api/deposits/jayapay/callback/", "orderType": "0", "expiryPeriod": "1000", "merchantCode": "S820250914134021000027", "productDetail": "Top Up Saldo"}	{"platSign": "CBucsbEjXo1Jjak0jY77O0USm3IweQHqp/ShHl/z/mqq7RACGMf3j1WkWcU/HRnHZCjnKgf67kwqbi7SSGMTW/kMMMFVLMWO3WrwNLKLhya8zTwBl97KuOiEzoQlqVxqevLKD7VVztIYA0x/ZN5TRGmNwHfFC+Nnk1RA/m2/NEk=", "platRespCode": "FAIL", "platRespMessage": "JayaPay-params : verify signature failed"}	\N	\N	2026-03-07 03:10:18.012112+07	2026-03-07 03:10:35.399391+07	2211	147
100	JAYAPAY	DEP-20260307040302-8B9655	35000.00	BALANCE_DEPOSIT	COMPLETED		{"name": "usermmfdhfno6789", "sign": "I1lyZt/K4AY07IwgFlWJaS7I++4t4eGwFk8FDML7lPfCIKsRDE0CjeXYZBvWlOUFOzzKAzF9ha2Zg8MIKYrYqVrGF00WXbF5df3ciTvuvBUgtzUYhq/JcsaZvyN+vKxpxSPMG9qc2n9C3lx7TA+vaPBAVyMMuadL2U2D9Qy5wZ5wwW5o/5tjZOUGEinOLT59BSArF24Ti/Ba13VQr0owSDFwp60RhIZx1Z5m8yTq1z7PFJBtRnmktEJKXOsjTzzAs4xMyizqzofO+GhXT8YcLcpetQ9+v5Mx0w2NMOM8BAQ0ENxA+Em9EfhOLqyq9Vyxd2yVJVBMiF+vsL/z5nZgYg==", "email": "user_mmfdhfno_6vdcfz@example.com", "phone": "+6289123456789", "method": "", "dateTime": "20260307040302", "orderNum": "DEP-20260307040302-8B9655", "payMoney": "35000", "notifyUrl": "https://api.bcbt-bt.online/api/deposits/jayapay/callback/", "orderType": "0", "expiryPeriod": "1000", "merchantCode": "S820250914134021000027", "productDetail": "Top Up Saldo"}	{"platSign": "CBucsbEjXo1Jjak0jY77O0USm3IweQHqp/ShHl/z/mqq7RACGMf3j1WkWcU/HRnHZCjnKgf67kwqbi7SSGMTW/kMMMFVLMWO3WrwNLKLhya8zTwBl97KuOiEzoQlqVxqevLKD7VVztIYA0x/ZN5TRGmNwHfFC+Nnk1RA/m2/NEk=", "platRespCode": "FAIL", "platRespMessage": "JayaPay-params : verify signature failed"}	\N	\N	2026-03-07 04:03:02.440068+07	2026-03-07 04:03:40.146745+07	2230	148
101	JAYAPAY	DEP-20260307183815-769DE1	100000.00	BALANCE_DEPOSIT	COMPLETED		{"name": "usermmg8v3u46789", "sign": "hTDrh3IBc6in1Tjwp2BViJYbNIx6h+6Dn7wgnn9ShtV5ODNVceVbvqXvOX85qDsOUWxNBauB+1/yvMAkYirO+CQZWiwdXy/by9oTrG2lcxfNTiwd810fefYKaiMtKpG70nA4tmZo31/HVuJMd3b5xP6zZBLDo50hJcerqemZqYw4VUYC6amt9GwB3Syj69Us3cvXP9wHwm0F75VEMzWQrMl6EMeCz2O2PXnYj4bpEDizaLjIwYLW4so62dEjtioYAbuB6Rx68yp2Y7Aka25NruRDEC4t69Z7+AJ5OoJRrE1viC/RHUQ5aLEptARIEYPmLhda53NCQFkoaIT8eB+p5g==", "email": "user_mmg8v3u4_mhglkc@example.com", "phone": "+6281223456789", "method": "", "dateTime": "20260307183815", "orderNum": "DEP-20260307183815-769DE1", "payMoney": "100000", "notifyUrl": "https://api.bcbt-bt.online/api/deposits/jayapay/callback/", "orderType": "0", "expiryPeriod": "1000", "merchantCode": "S820250914134021000027", "productDetail": "Top Up Saldo"}	{"platSign": "CBucsbEjXo1Jjak0jY77O0USm3IweQHqp/ShHl/z/mqq7RACGMf3j1WkWcU/HRnHZCjnKgf67kwqbi7SSGMTW/kMMMFVLMWO3WrwNLKLhya8zTwBl97KuOiEzoQlqVxqevLKD7VVztIYA0x/ZN5TRGmNwHfFC+Nnk1RA/m2/NEk=", "platRespCode": "FAIL", "platRespMessage": "JayaPay-params : verify signature failed"}	\N	\N	2026-03-07 18:38:15.555133+07	2026-03-07 18:38:36.383386+07	2258	150
102	JAYAPAY	DEP-20260307222057-FFBDA4	500000.00	BALANCE_DEPOSIT	FAILED		{"name": "Yoyo", "sign": "iYmhQ30hvrEcLnftqucyRFbQBewejD0G5cMredjRB58ZylzrILC8FZqxpjy8JUewTzvf87pAtdfWzI2U75CYuoCXjX4WNoaIk8/xTmUCQv8p6lJJWLixuo9AIgY6RyjOZydWpqTO/mPOuZDbkFOdtua/CfjCMusO/oSzZprUMIYUzN4xkRUCvSJ7lTXVg9rIGLBTM/fqX6hkOwqzOJgRJ8+j3JcRvWUdhwkQ3gDPy9o+p26g9K74wJtsEwBDCIe2NRtUjju8ib4caI2FDnsbvojiFmByYyvNwN59VsLfnSjuPlO8VJs/Aygj4ddGnlzRkJNyXaOd9dim8HTImOOWaA==", "email": "k00rkthpl8@example.com", "phone": "+6289595959595", "method": "", "dateTime": "20260307222057", "orderNum": "DEP-20260307222057-FFBDA4", "payMoney": "500000", "notifyUrl": "https://api.bcbt-bt.online/api/deposits/jayapay/callback/", "orderType": "0", "expiryPeriod": "1000", "merchantCode": "S820250914134021000027", "productDetail": "Top Up Saldo"}	{"platSign": "CBucsbEjXo1Jjak0jY77O0USm3IweQHqp/ShHl/z/mqq7RACGMf3j1WkWcU/HRnHZCjnKgf67kwqbi7SSGMTW/kMMMFVLMWO3WrwNLKLhya8zTwBl97KuOiEzoQlqVxqevLKD7VVztIYA0x/ZN5TRGmNwHfFC+Nnk1RA/m2/NEk=", "platRespCode": "FAIL", "platRespMessage": "JayaPay-params : verify signature failed"}	\N	\N	2026-03-07 22:20:57.281692+07	2026-03-07 22:20:57.281692+07	2299	2
103	JAYAPAY	DEP-20260307222104-A06748	500000.00	BALANCE_DEPOSIT	FAILED		{"name": "Yoyo", "sign": "AzIZ4Whd1TI1jxiqroYnsIWjNJLxLXzQBHYtOAvUypaOERwRTTaHWGz3FrJqHGnCZetMl8s/dI7wVwZ815VrP9YjI6BSvzysxiYQNet94x/OVRHEDzhc6FA7i4jCKRQPcMOnMTORX034/NZ8tzbMqxF3zFhlqRnmtgQF+3N8ow8T/fy0XLO7SCqDSkDS6FBbQSs1q+JFRyWUSHACvh38fyEPFyFxL29J2iEqRpchiWYKsRDRgmz2yBIc5uuPJPGCCrOmsXQPWFSJau7h+Kxoav+CN45/T2EBXenx4N/D+fyoz31BAW8pSTBMSwWqh7W6reV8T2qLFSTy2avmcR7Krw==", "email": "k00rkthpl8@example.com", "phone": "+6289595959595", "method": "", "dateTime": "20260307222104", "orderNum": "DEP-20260307222104-A06748", "payMoney": "500000", "notifyUrl": "https://api.bcbt-bt.online/api/deposits/jayapay/callback/", "orderType": "0", "expiryPeriod": "1000", "merchantCode": "S820250914134021000027", "productDetail": "Top Up Saldo"}	{"platSign": "CBucsbEjXo1Jjak0jY77O0USm3IweQHqp/ShHl/z/mqq7RACGMf3j1WkWcU/HRnHZCjnKgf67kwqbi7SSGMTW/kMMMFVLMWO3WrwNLKLhya8zTwBl97KuOiEzoQlqVxqevLKD7VVztIYA0x/ZN5TRGmNwHfFC+Nnk1RA/m2/NEk=", "platRespCode": "FAIL", "platRespMessage": "JayaPay-params : verify signature failed"}	\N	\N	2026-03-07 22:21:04.814439+07	2026-03-07 22:21:04.814439+07	2300	2
104	JAYAPAY	DEP-20260308001711-8FBAFE	100000.00	BALANCE_DEPOSIT	COMPLETED		{"name": "Yayaya", "sign": "PTaK/5b6NNFF4os1y+4JWaQp4tqj8D9Vp3qWvKkTgH0ibx77ovl42LeocNpDoBAuuFXvLMR7DhRkw9WQuP1/LdF323DhJpy/qKiQ/2XsohCT1vdrcDXRZwdYwmMxSMk/SH4UmCuzuHlGPtRZ34nt12WjpYNgHhlSn2UDjs4ReL5sLx7O0OUy+6phggZxB24naitJ/EC+FJSmZhjA/v8oIGi2+LaffcibZm8WnxCy07lc3I2VFtYO7p757fmO+WNaJm1IfqSmEVF/wLoh7pILHorrZgkeIgCrx3Ef3fCp+QsezSP19CDYU9cFT7cGxxSwAG/S4Tx00rpuzEj51exztg==", "email": "user_mmg3ww4k_tb07wt@example.com", "phone": "+6281123456789", "method": "", "dateTime": "20260308001711", "orderNum": "DEP-20260308001711-8FBAFE", "payMoney": "100000", "notifyUrl": "https://api.bcbt-bt.online/api/deposits/jayapay/callback/", "orderType": "0", "expiryPeriod": "1000", "merchantCode": "S820250914134021000027", "productDetail": "Top Up Saldo"}	{"platSign": "CBucsbEjXo1Jjak0jY77O0USm3IweQHqp/ShHl/z/mqq7RACGMf3j1WkWcU/HRnHZCjnKgf67kwqbi7SSGMTW/kMMMFVLMWO3WrwNLKLhya8zTwBl97KuOiEzoQlqVxqevLKD7VVztIYA0x/ZN5TRGmNwHfFC+Nnk1RA/m2/NEk=", "platRespCode": "FAIL", "platRespMessage": "JayaPay-params : verify signature failed"}	\N	\N	2026-03-08 00:17:11.554657+07	2026-03-08 00:17:30.295378+07	2318	149
67	JAYAPAY	DEP-20260123183736-0403F2	50000.00	BALANCE_DEPOSIT	FAILED		{"name": "vhtc695s6on396g7oxdo", "sign": "Sd0DZ59RQlHtGVxbnkRenqkRlPoKLQXFm55v16v3oKdgK/QbfS9iCJal+ubPELO/fAr8onhG4EmFuDtN0zItdW5ZZhkW3ZulnuxANtn9hM3AtbETxF6d5bYl2oUaq0yjE0DJxDCn2cnzkzkQzCwB6iR2Ic9bMwlBJ+7pOUjDh3NH5xInMjv8LNr3dbBzUrsbGnnvIsT4jDy8IRTxIxuyt/eWKfNbuKOBKe4Vl19BTQ1Wm6yyby6UE3r0gyl9XEAu8TP70A0+r9Uztyt5qTgWFmNa1ZHQUU46WpFytCLt0q0KvJRuurj8ztvEz6WfXS1od4oFTM6cMd45IbLfuTVPYg==", "email": "k00rkthpl8@example.com", "phone": "+6289595959595", "method": "", "dateTime": "20260123183736", "orderNum": "DEP-20260123183736-0403F2", "payMoney": "50000", "notifyUrl": "https://api.bcbt-bt.online/api/deposits/jayapay/callback/", "orderType": "0", "expiryPeriod": "1000", "merchantCode": "S820250914134021000027", "productDetail": "Top Up Saldo"}	{"platSign": "CBucsbEjXo1Jjak0jY77O0USm3IweQHqp/ShHl/z/mqq7RACGMf3j1WkWcU/HRnHZCjnKgf67kwqbi7SSGMTW/kMMMFVLMWO3WrwNLKLhya8zTwBl97KuOiEzoQlqVxqevLKD7VVztIYA0x/ZN5TRGmNwHfFC+Nnk1RA/m2/NEk=", "platRespCode": "FAIL", "platRespMessage": "JayaPay-params : verify signature failed"}	\N	\N	2026-01-23 18:37:36.386921+07	2026-01-23 18:37:36.386921+07	1547	2
70	JAYAPAY	DEP-20260124154308-D72A29	50000.00	BALANCE_DEPOSIT	FAILED		{"name": "vhtc695s6on396g7oxdo", "sign": "dcPZWTXlh7Z6z7RM57udXngAueOkECw/WBt8n4TloAeGksL4cNyAp7VsdAeV8tGaNzKRvF8epjsasWWHXAE5gxm/YZAb+55D3vHdwEPQkbrzI+dLpb2Cx6MJFM8tnlAA4TQ1AgPkPrguOusdFm22FevtAWtASBgnOb9SQG6XNa+LWIpGoMmta6/ddJ2k2w94Z/vfA52/2X/oGm1mO5vO0Z95uHMLBAEYTnK3piJHcIrTgk6zX/4wq1od2v9vlRo514YxP4yCBk7SKD4BTzxpK9cP4LwUrrVLNpYsykaGZqp96DRWSNvRK5VMJZsT5fIQLXqGXVQxnoKpuphOVCruTA==", "email": "k00rkthpl8@example.com", "phone": "+6289595959595", "method": "", "dateTime": "20260124154308", "orderNum": "DEP-20260124154308-D72A29", "payMoney": "50000", "notifyUrl": "https://api.bcbt-bt.online/api/deposits/jayapay/callback/", "orderType": "0", "expiryPeriod": "1000", "merchantCode": "S820250914134021000027", "productDetail": "Top Up Saldo"}	{"platSign": "CBucsbEjXo1Jjak0jY77O0USm3IweQHqp/ShHl/z/mqq7RACGMf3j1WkWcU/HRnHZCjnKgf67kwqbi7SSGMTW/kMMMFVLMWO3WrwNLKLhya8zTwBl97KuOiEzoQlqVxqevLKD7VVztIYA0x/ZN5TRGmNwHfFC+Nnk1RA/m2/NEk=", "platRespCode": "FAIL", "platRespMessage": "JayaPay-params : verify signature failed"}	\N	\N	2026-01-24 15:43:08.569173+07	2026-01-24 15:43:08.569173+07	1559	2
72	JAYAPAY	DEP-20260124154308-0FA7A3	50000.00	BALANCE_DEPOSIT	FAILED		{"name": "vhtc695s6on396g7oxdo", "sign": "dcPZWTXlh7Z6z7RM57udXngAueOkECw/WBt8n4TloAeGksL4cNyAp7VsdAeV8tGaNzKRvF8epjsasWWHXAE5gxm/YZAb+55D3vHdwEPQkbrzI+dLpb2Cx6MJFM8tnlAA4TQ1AgPkPrguOusdFm22FevtAWtASBgnOb9SQG6XNa8Prkzhr0UpYiCC3U+BcWZRRhZxGXbfy+2zxwsTO6NlI9+yhjSrplxsyfWy3IIDs7ZLh2yo/1YuxpbXkH7vJD6eWWSh3RmRsMM7USBwrdk2T31e+Cthy+xmbWYTeqPcCTivEgXl/hjPs1XxHPIPzZMpEDTxzDz15uf9RvrmMZ8zvg==", "email": "k00rkthpl8@example.com", "phone": "+6289595959595", "method": "", "dateTime": "20260124154308", "orderNum": "DEP-20260124154308-0FA7A3", "payMoney": "50000", "notifyUrl": "https://api.bcbt-bt.online/api/deposits/jayapay/callback/", "orderType": "0", "expiryPeriod": "1000", "merchantCode": "S820250914134021000027", "productDetail": "Top Up Saldo"}	{"platSign": "CBucsbEjXo1Jjak0jY77O0USm3IweQHqp/ShHl/z/mqq7RACGMf3j1WkWcU/HRnHZCjnKgf67kwqbi7SSGMTW/kMMMFVLMWO3WrwNLKLhya8zTwBl97KuOiEzoQlqVxqevLKD7VVztIYA0x/ZN5TRGmNwHfFC+Nnk1RA/m2/NEk=", "platRespCode": "FAIL", "platRespMessage": "JayaPay-params : verify signature failed"}	\N	\N	2026-01-24 15:43:08.728062+07	2026-01-24 15:43:08.728062+07	1561	2
105	JAYAPAY	DEP-20260308170819-BC1614	100000.00	BALANCE_DEPOSIT	COMPLETED		{"name": "usermmhl3ozz8211", "sign": "KN3/mFBRYaaGO7bHUqZR/V8+BwrQFsG6fffMZz9ufxRbAWtkkabjJ8M1KGVQvtMbg3r/rSNKw1xx/O+TGPCfYAfa0RPATmD1WtroizcmZKGclTb2mCg7KxYGeInDnadCbl98CcmhKGyZ+CbP44/oCcE5f32Y4nZxykgYfr+ZrP9DvqkO3irqOR1j9haDSki872bZl1rks4fbY8t7lca1h3YWa4VuIgu0AARfIf98ZsoJH7fidAhbcuVs+wUrdPCB4ONPbeCv0qHaLk1gd6aKt9oD3sRLP7qyUYirnzTLypK5srLiYpwgur7YVfhvMwfrxLLZrC8eJq44MSb2CLOsAQ==", "email": "user_mmhl3ozz_8h2f1p@example.com", "phone": "+6281808368211", "method": "", "dateTime": "20260308170819", "orderNum": "DEP-20260308170819-BC1614", "payMoney": "100000", "notifyUrl": "https://api.bcbt-bt.online/api/deposits/jayapay/callback/", "orderType": "0", "expiryPeriod": "1000", "merchantCode": "S820250914134021000027", "productDetail": "Top Up Saldo"}	{"platSign": "CBucsbEjXo1Jjak0jY77O0USm3IweQHqp/ShHl/z/mqq7RACGMf3j1WkWcU/HRnHZCjnKgf67kwqbi7SSGMTW/kMMMFVLMWO3WrwNLKLhya8zTwBl97KuOiEzoQlqVxqevLKD7VVztIYA0x/ZN5TRGmNwHfFC+Nnk1RA/m2/NEk=", "platRespCode": "FAIL", "platRespMessage": "JayaPay-params : verify signature failed"}	\N	\N	2026-03-08 17:08:20.099325+07	2026-03-08 17:08:47.255057+07	2363	159
68	JAYAPAY	DEP-20260123183736-32D59A	50000.00	BALANCE_DEPOSIT	FAILED		{"name": "vhtc695s6on396g7oxdo", "sign": "Sd0DZ59RQlHtGVxbnkRenqkRlPoKLQXFm55v16v3oKdgK/QbfS9iCJal+ubPELO/fAr8onhG4EmFuDtN0zItdW5ZZhkW3ZulnuxANtn9hM3AtbETxF6d5bYl2oUaq0yjE0DJxDCn2cnzkzkQzCwB6iR2Ic9bMwlBJ+7pOUjDh3Opt7Up27qCmiWTwOsrcTt61wrigvl2kMDSY/NLSkFmygHtIoUPlwHzsmSwwY9jS8F+wLO+Ey/5Mo/41/f+t/ZQwk7HHGZ2DqyjCeN3ysT+s9niDUIr4e0y4dH7WSycwGq+UEhZNSF30VfwF+bX4XZRfxzETChwPL+N9QQvjH9ERQ==", "email": "k00rkthpl8@example.com", "phone": "+6289595959595", "method": "", "dateTime": "20260123183736", "orderNum": "DEP-20260123183736-32D59A", "payMoney": "50000", "notifyUrl": "https://api.bcbt-bt.online/api/deposits/jayapay/callback/", "orderType": "0", "expiryPeriod": "1000", "merchantCode": "S820250914134021000027", "productDetail": "Top Up Saldo"}	{"platSign": "CBucsbEjXo1Jjak0jY77O0USm3IweQHqp/ShHl/z/mqq7RACGMf3j1WkWcU/HRnHZCjnKgf67kwqbi7SSGMTW/kMMMFVLMWO3WrwNLKLhya8zTwBl97KuOiEzoQlqVxqevLKD7VVztIYA0x/ZN5TRGmNwHfFC+Nnk1RA/m2/NEk=", "platRespCode": "FAIL", "platRespMessage": "JayaPay-params : verify signature failed"}	\N	\N	2026-01-23 18:37:36.859813+07	2026-01-23 18:37:36.859813+07	1548	2
71	JAYAPAY	DEP-20260124154308-47784B	50000.00	BALANCE_DEPOSIT	FAILED		{"name": "vhtc695s6on396g7oxdo", "sign": "dcPZWTXlh7Z6z7RM57udXngAueOkECw/WBt8n4TloAeGksL4cNyAp7VsdAeV8tGaNzKRvF8epjsasWWHXAE5gxm/YZAb+55D3vHdwEPQkbrzI+dLpb2Cx6MJFM8tnlAA4TQ1AgPkPrguOusdFm22FevtAWtASBgnOb9SQG6XNa8S1jgNWUPP7DBKsWMUknylCBKOUd1PboIYk8NkUN0nNL2iszkZGUltS8/z6R06nP9Q9j6QbNI4ch4cpL3LNVZrd0weYLX8Gv9aimw+Pw1O4c1u4af9C+ijFw3SfdIuWBNZUuD9v4KZAVgRuhM/0mz/EuF7Xu4mTQCt1Bj2V6GoXg==", "email": "k00rkthpl8@example.com", "phone": "+6289595959595", "method": "", "dateTime": "20260124154308", "orderNum": "DEP-20260124154308-47784B", "payMoney": "50000", "notifyUrl": "https://api.bcbt-bt.online/api/deposits/jayapay/callback/", "orderType": "0", "expiryPeriod": "1000", "merchantCode": "S820250914134021000027", "productDetail": "Top Up Saldo"}	{"platSign": "CBucsbEjXo1Jjak0jY77O0USm3IweQHqp/ShHl/z/mqq7RACGMf3j1WkWcU/HRnHZCjnKgf67kwqbi7SSGMTW/kMMMFVLMWO3WrwNLKLhya8zTwBl97KuOiEzoQlqVxqevLKD7VVztIYA0x/ZN5TRGmNwHfFC+Nnk1RA/m2/NEk=", "platRespCode": "FAIL", "platRespMessage": "JayaPay-params : verify signature failed"}	\N	\N	2026-01-24 15:43:08.603058+07	2026-01-24 15:43:08.603058+07	1560	2
69	JAYAPAY	DEP-20260124154307-D39222	50000.00	BALANCE_DEPOSIT	FAILED		{"name": "vhtc695s6on396g7oxdo", "sign": "Q3AJfXzxBqTmOGw4DzG+dS4P1LBMlDlYA0rbFdFehNh3BTMC0Uuq5I0cHIxMpx9Yu601U8iOA755ZwQK18ujVC6Wdsljvw4ie/SH5wBQTupvtc1r0Xp56vbubVIiJOD8fzKekqLeJN5HzuaPOvzp2E6xdtFNuWcw/5rFFH0WxnCxPCOM3VjnhvX34ZQbTPVIotir0g7ZDqZKDMSI3UiCj0CyG8YC3HFLRk6PYBrCKT+2yJchbLjG/fbzRrm68SKoXXGLH8QyiQ9wwtJwCadTJP03c+oEkvDFK40bxz7jrNezzRfjVprKg3HWPVcSpLe6jAlVv1uvSeJDzeGLcrXi2A==", "email": "k00rkthpl8@example.com", "phone": "+6289595959595", "method": "", "dateTime": "20260124154307", "orderNum": "DEP-20260124154307-D39222", "payMoney": "50000", "notifyUrl": "https://api.bcbt-bt.online/api/deposits/jayapay/callback/", "orderType": "0", "expiryPeriod": "1000", "merchantCode": "S820250914134021000027", "productDetail": "Top Up Saldo"}	{"platSign": "CBucsbEjXo1Jjak0jY77O0USm3IweQHqp/ShHl/z/mqq7RACGMf3j1WkWcU/HRnHZCjnKgf67kwqbi7SSGMTW/kMMMFVLMWO3WrwNLKLhya8zTwBl97KuOiEzoQlqVxqevLKD7VVztIYA0x/ZN5TRGmNwHfFC+Nnk1RA/m2/NEk=", "platRespCode": "FAIL", "platRespMessage": "JayaPay-params : verify signature failed"}	\N	\N	2026-01-24 15:43:08.561395+07	2026-01-24 15:43:08.561395+07	1558	2
63	JAYAPAY	DEP-20260121160739-3DD937	150000.00	BALANCE_DEPOSIT	FAILED		{"name": "vhtc695s6on396g7oxdo", "sign": "k2NEtyEGcMIXraZ+k5BODNIuzzlKhffPPNa7KhMrWySY8/fFNhjaQpemwSTE5OkPFhbR61UUXFYvEnFUwB44D4ZU1IPwmOgs0IZsh2eA/TiBwi7GW29o9q+YreFVIi4Q3CYvwuPzq+5+ag4GLzVPHrl6QDpTaUyA6G7pjcuji66aD2AUAmmTB3+QaNBcR3Xirul3p1ShHZnfJUzaHb2aOwgIUpDqZyqy0Ho+nGVTtBvxYqJpUro7rxo+T74UtzjezAci2Ox+E+69tsgw7fRV7vNugIFxwwrs6tAc2dL+8R7uV/R+0aVOVbKfUhYaJr6EyYPesoHI1S7efcYEIcE/4g==", "email": "k00rkthpl8@example.com", "phone": "+6289595959595", "method": "", "dateTime": "20260121160739", "orderNum": "DEP-20260121160739-3DD937", "payMoney": "150000", "notifyUrl": "https://api.bcbt-bt.online/api/deposits/jayapay/callback/", "orderType": "0", "expiryPeriod": "1000", "merchantCode": "S820250914134021000027", "productDetail": "Top Up Saldo"}	{"platSign": "CBucsbEjXo1Jjak0jY77O0USm3IweQHqp/ShHl/z/mqq7RACGMf3j1WkWcU/HRnHZCjnKgf67kwqbi7SSGMTW/kMMMFVLMWO3WrwNLKLhya8zTwBl97KuOiEzoQlqVxqevLKD7VVztIYA0x/ZN5TRGmNwHfFC+Nnk1RA/m2/NEk=", "platRespCode": "FAIL", "platRespMessage": "JayaPay-params : verify signature failed"}	\N	\N	2026-01-21 16:07:39.900768+07	2026-01-21 16:07:39.900768+07	1540	2
64	JAYAPAY	DEP-20260121160741-A754DA	150000.00	BALANCE_DEPOSIT	FAILED		{"name": "vhtc695s6on396g7oxdo", "sign": "Yh+HFXcw6yDnsIysGj03tMiF9CJ9zpCQogojpWtbAoJ5jxhtR2z3k+bpRUDkwkGu73wEzeojzeHJyWUvqlURz3WXZUTxucDopBeRW9/ezhsqvzNaRKBHqgxFVPgEhbRj2s3XUgV0KHe0vWFnJZBc8U3IH8xqSZ/3al+Qv27lYORcLBnjh0zaecZ2hmH4M21oCwbCGWJd9IIUgLJGcdo6FRa97ByOy4XUQQeqdDiu1iWAw1m+pnDaxuRydt/AVnEAujgX7U0lA9GUaeQkBefOtDCYE3n6XNn3SouPY/CulSBBkixsX4olj5SSJhf7ZNiVtj+u8OgceQ350MTDrLblrg==", "email": "k00rkthpl8@example.com", "phone": "+6289595959595", "method": "", "dateTime": "20260121160741", "orderNum": "DEP-20260121160741-A754DA", "payMoney": "150000", "notifyUrl": "https://api.bcbt-bt.online/api/deposits/jayapay/callback/", "orderType": "0", "expiryPeriod": "1000", "merchantCode": "S820250914134021000027", "productDetail": "Top Up Saldo"}	{"platSign": "CBucsbEjXo1Jjak0jY77O0USm3IweQHqp/ShHl/z/mqq7RACGMf3j1WkWcU/HRnHZCjnKgf67kwqbi7SSGMTW/kMMMFVLMWO3WrwNLKLhya8zTwBl97KuOiEzoQlqVxqevLKD7VVztIYA0x/ZN5TRGmNwHfFC+Nnk1RA/m2/NEk=", "platRespCode": "FAIL", "platRespMessage": "JayaPay-params : verify signature failed"}	\N	\N	2026-01-21 16:07:41.082793+07	2026-01-21 16:07:41.082793+07	1541	2
65	JAYAPAY	DEP-20260121160756-1ADE4C	150000.00	BALANCE_DEPOSIT	FAILED		{"name": "vhtc695s6on396g7oxdo", "sign": "J0N3OkygR+RKuu9QPlpF3sJRgWBxaqytZygOy6g5ieYqdykZY2kmwK2gkalbS4BBjgpc9hVixm0Ewbt7X6F3jzopLYOBCPFPlZEL7cDUEIvDJ/ugiCK24L1UBqbrHiUkx5hBLihqLUVD24OVFXhXDupIRzLBn1zLYVDa1gMO9JMvTu3jyoddUsIYlBiA43ppTXhC9U2+vYQt2wX0hEHXc0JxqPUH8+qGFbZnbzm2AVW+oeocGqsSnL7lQZ35VOkEkbkQruL0q1v2rDEu9CPNHs14BxkPnYL6Gy4JWWrmlZN70xUabyoR9kbcCG5eGRNipd7fm+ac9IWgOsQz3jJuVQ==", "email": "k00rkthpl8@example.com", "phone": "+6289595959595", "method": "", "dateTime": "20260121160756", "orderNum": "DEP-20260121160756-1ADE4C", "payMoney": "150000", "notifyUrl": "https://api.bcbt-bt.online/api/deposits/jayapay/callback/", "orderType": "0", "expiryPeriod": "1000", "merchantCode": "S820250914134021000027", "productDetail": "Top Up Saldo"}	{"platSign": "CBucsbEjXo1Jjak0jY77O0USm3IweQHqp/ShHl/z/mqq7RACGMf3j1WkWcU/HRnHZCjnKgf67kwqbi7SSGMTW/kMMMFVLMWO3WrwNLKLhya8zTwBl97KuOiEzoQlqVxqevLKD7VVztIYA0x/ZN5TRGmNwHfFC+Nnk1RA/m2/NEk=", "platRespCode": "FAIL", "platRespMessage": "JayaPay-params : verify signature failed"}	\N	\N	2026-01-21 16:07:56.784447+07	2026-01-21 16:07:56.784447+07	1542	2
66	JAYAPAY	DEP-20260121161355-0D5C69	50000.00	BALANCE_DEPOSIT	FAILED		{"name": "vhtc695s6on396g7oxdo", "sign": "EzOEbpRMLebQ2mIffKT0MNd5sjhrOCCtIQb8apxldKh1VDh8M9HoxgOXL+X+iG0DuvN7MDZk8qe/ClmtSPtUBsYPWDmN4tIir2xGECpF//qoOUn0COM491Gp0dxgwmittXS89y/2aMkBCJr4zh2/l7Y0HmH1kjMvSoqXM+tsYnFtJQrQ5O6pDt4A9GERjQFCtIsIg/bTp3PjZkHBdjC24gGkw1FBizwvmc7kPRfZS25bGLEvlDJPjvgqozKkqroANXs2F2DQjAbHtHWnzefcHxh3M8Veyh0dJPHyuGheP4xblk0nNr+lO/80S+mYVSNLVGsYMjjcAFaMwltZhds6uw==", "email": "k00rkthpl8@example.com", "phone": "+6289595959595", "method": "", "dateTime": "20260121161355", "orderNum": "DEP-20260121161355-0D5C69", "payMoney": "50000", "notifyUrl": "https://api.bcbt-bt.online/api/deposits/jayapay/callback/", "orderType": "0", "expiryPeriod": "1000", "merchantCode": "S820250914134021000027", "productDetail": "Top Up Saldo"}	{"platSign": "CBucsbEjXo1Jjak0jY77O0USm3IweQHqp/ShHl/z/mqq7RACGMf3j1WkWcU/HRnHZCjnKgf67kwqbi7SSGMTW/kMMMFVLMWO3WrwNLKLhya8zTwBl97KuOiEzoQlqVxqevLKD7VVztIYA0x/ZN5TRGmNwHfFC+Nnk1RA/m2/NEk=", "platRespCode": "FAIL", "platRespMessage": "JayaPay-params : verify signature failed"}	\N	\N	2026-01-21 16:13:55.094543+07	2026-01-21 16:13:55.094543+07	1543	2
87	JAYAPAY	DEP-20260125002943-92A228	50000.00	BALANCE_DEPOSIT	FAILED		{"name": "vhtc695s6on396g7oxdo", "sign": "T4I5jf9r2eyj02AcWwKb4rA5P0CYn/m4Q9gDa02lpBSt5Za1O+zycixZ4KVjZqK0k4QUmLRLjWniT5JWsYwB483SHSiIbTk+OJ0a3hv40vB8GF5merhhl7W0utlv0/NZkLpudBgJDF3ff8hre0QyNa6NHdQcROtpaA2riL6P8np6m9/V2SpIkF5qCAmTmJfSE/D4+4knkUFf3rLbAtPwxm5i7hpGBinH1cXbER8hvOYc95ysG4WmaTggjSlKlt09vI+7arjnEA14gPUOpNWGJURoNZkriSJ6jjjTcidwHFA46753c0zZcnoeKqLGombp/0S8U1FYn8lGnJcM0Z57Og==", "email": "k00rkthpl8@example.com", "phone": "+6289595959595", "method": "", "dateTime": "20260125002943", "orderNum": "DEP-20260125002943-92A228", "payMoney": "50000", "notifyUrl": "https://api.bcbt-bt.online/api/deposits/jayapay/callback/", "orderType": "0", "expiryPeriod": "1000", "merchantCode": "S820250914134021000027", "productDetail": "Top Up Saldo"}	{"platSign": "CBucsbEjXo1Jjak0jY77O0USm3IweQHqp/ShHl/z/mqq7RACGMf3j1WkWcU/HRnHZCjnKgf67kwqbi7SSGMTW/kMMMFVLMWO3WrwNLKLhya8zTwBl97KuOiEzoQlqVxqevLKD7VVztIYA0x/ZN5TRGmNwHfFC+Nnk1RA/m2/NEk=", "platRespCode": "FAIL", "platRespMessage": "JayaPay-params : verify signature failed"}	\N	\N	2026-01-25 00:29:43.839245+07	2026-01-25 00:29:43.839245+07	1647	2
88	JAYAPAY	DEP-20260125002949-6A2B14	150000.00	BALANCE_DEPOSIT	FAILED		{"name": "vhtc695s6on396g7oxdo", "sign": "njKsvpn3MeEQP9gFsPC7YcJOEpjTrnvqGD3Me4aqQSIU8/nQGD+eLgBwT67OZViLEzrah+qJxrYr5HdV+fUNcd1sslY6JHz7Gydw1bdR3K0KabCjViHoNANGAmc4TdbnccM5uMpAXrHYEprkr6vzqHS5eh7y62MhJRUFLZwGd6NDmgrnp4uWPB9mYd4wkbdOudxBUQRsKXNtqK1eEeIsculc1K2OU0iQAToYUCGUMbwZStwbJaKVg/SggI8ODMGjoq6p6HZSjj8lIpialBAkt3kF716IlowwLQ5Z1jyyZ04gmKbbDSaIH/4zwq3clemvylhF17YNmNOdiZcwHoYfeQ==", "email": "k00rkthpl8@example.com", "phone": "+6289595959595", "method": "", "dateTime": "20260125002949", "orderNum": "DEP-20260125002949-6A2B14", "payMoney": "150000", "notifyUrl": "https://api.bcbt-bt.online/api/deposits/jayapay/callback/", "orderType": "0", "expiryPeriod": "1000", "merchantCode": "S820250914134021000027", "productDetail": "Top Up Saldo"}	{"platSign": "CBucsbEjXo1Jjak0jY77O0USm3IweQHqp/ShHl/z/mqq7RACGMf3j1WkWcU/HRnHZCjnKgf67kwqbi7SSGMTW/kMMMFVLMWO3WrwNLKLhya8zTwBl97KuOiEzoQlqVxqevLKD7VVztIYA0x/ZN5TRGmNwHfFC+Nnk1RA/m2/NEk=", "platRespCode": "FAIL", "platRespMessage": "JayaPay-params : verify signature failed"}	\N	\N	2026-01-25 00:29:50.008107+07	2026-01-25 00:29:50.008107+07	1648	2
95	JAYAPAY	DEP-20260213001144-B59D54	123444.00	BALANCE_DEPOSIT	FAILED		{"name": "vhtc695s6on396g7oxdo", "sign": "c6OT/FivgSkbQCThTd5di6wmPM0iPFUAr7mHKLg/bs1oxD5zfSQbpXnHwT1USpwKiLrKRx15WezCrURSaPaSa2WRZ72xTKnz0tSpZb1agQIJ7vJkZGFu89PXHYgu0FfAiwMNKAkzK5BjHbnnT5XzP5TML5xUWQtJNIfTb44ZEn+b1XUDoXDK8+U9q3CGx54Esbvp33VAZBEuvYyzM/Vj4qShG11/Vi833gUG92BcCTmEzrRxSuPO7zzBlYqh5M7jwpU/Dfvy+9QNUxLCrPWqX4VjVnv3qtWOZX1ny806FvzyvBhrULPINIaO3MLcotqAMFLdfwW43LJ20pPdPNhVsQ==", "email": "k00rkthpl8@example.com", "phone": "+6289595959595", "method": "", "dateTime": "20260213001144", "orderNum": "DEP-20260213001144-B59D54", "payMoney": "123444", "notifyUrl": "https://api.bcbt-bt.online/api/deposits/jayapay/callback/", "orderType": "0", "expiryPeriod": "1000", "merchantCode": "S820250914134021000027", "productDetail": "Top Up Saldo"}	{"platSign": "CBucsbEjXo1Jjak0jY77O0USm3IweQHqp/ShHl/z/mqq7RACGMf3j1WkWcU/HRnHZCjnKgf67kwqbi7SSGMTW/kMMMFVLMWO3WrwNLKLhya8zTwBl97KuOiEzoQlqVxqevLKD7VVztIYA0x/ZN5TRGmNwHfFC+Nnk1RA/m2/NEk=", "platRespCode": "FAIL", "platRespMessage": "JayaPay-params : verify signature failed"}	\N	\N	2026-02-13 00:11:45.525637+07	2026-02-13 00:11:45.525637+07	1792	2
96	JAYAPAY	DEP-20260218133607-99FD68	75000.00	BALANCE_DEPOSIT	FAILED		{"name": "vhtc695s6on396g7oxdo", "sign": "hGVP5tNBE/t44bguiHAvgpujVDIoouAgw0114AqLMSb6SkykPnOfp566kG7CCFRWriX+EK5xMWfCeET/jaKYt/nWNmAa3Qd9I7s/fOnkHUSv2KsPJDTkohjbTfP2PwaquHP/JQaw+nJ8QIDkMemJzHo2/SbhBq9Bl1xykmd02o1VUoNWkmmn5oDTWJ2Aino6HC1iDvWUrxE6OjHvSb8HXQMDmQ3ixSR0Ra9uUZi78jscNnHZwaPyIQ9BpFTYBxQwlXQZEuBNq8+SRylX+y+ctgZqR1qZjPOVQyHebgmUtS1TfhR3nFhiqPLN3x6ZOUuzZsd6kLmOfGaEtL0sBy7cTw==", "email": "k00rkthpl8@example.com", "phone": "+6289595959595", "method": "", "dateTime": "20260218133607", "orderNum": "DEP-20260218133607-99FD68", "payMoney": "75000", "notifyUrl": "https://api.bcbt-bt.online/api/deposits/jayapay/callback/", "orderType": "0", "expiryPeriod": "1000", "merchantCode": "S820250914134021000027", "productDetail": "Top Up Saldo"}	{"platSign": "CBucsbEjXo1Jjak0jY77O0USm3IweQHqp/ShHl/z/mqq7RACGMf3j1WkWcU/HRnHZCjnKgf67kwqbi7SSGMTW/kMMMFVLMWO3WrwNLKLhya8zTwBl97KuOiEzoQlqVxqevLKD7VVztIYA0x/ZN5TRGmNwHfFC+Nnk1RA/m2/NEk=", "platRespCode": "FAIL", "platRespMessage": "JayaPay-params : verify signature failed"}	\N	\N	2026-02-18 13:36:08.262345+07	2026-02-18 13:36:08.262345+07	1886	2
\.


--
-- Data for Name: deposits_gatewaysettings; Type: TABLE DATA; Schema: public; Owner: postgres
--

COPY public.deposits_gatewaysettings (id, default_wallet_type, app_domain, jayapay_enabled, klikpay_enabled, jayapay_merchant_code, jayapay_private_key, jayapay_public_key, klikpay_api_url, klikpay_merchant_code, klikpay_secret_key, klikpay_public_key, updated_at, jayapay_api_url, jayapay_callback_path, jayapay_redirect_url, klikpay_private_key, klikpay_callback_path, klikpay_redirect_url) FROM stdin;
1	BALANCE_DEPOSIT	api.bcbt-bt.online	t	t	S820250914134021000027	MIICdgIBADANBgkqhkiG9w0BAQEFAASCAmAwggJcAgEAAoGBALNhEgUzeH14CGXz6VuQOXkRJN9JIuZoXZWuXADe80cU7rBi46PyJlih+BifLKw+TbDoHeHUid+mEPL1TkfJJDfO1WapIT43gCU5Wtjs5td+8J8MJqBG2gSewPCnYcRWEbPxoA0nqvY6zpXWxdyn6xtrr6Ffj7lbD+WpnMUAWizRAgMBAAECgYAAx3OBPGDYWKperDFi1KyvOvtIRGRndrB7XmaNzJ1NY688UTDW02eS7uDDO9COAfcRhUlfii48H35HQKubOINhmc2uVrQRZlCJkO1/KMYbquIF6VIdZn4saNKey6b+HPJ01VLV4D9Wr65T56JCrolKm+wXmz8PDrtMq9nvlk0BXQJBAOpOKaZbZV/hnN8LQgjtJtrn92TmfYYTFgnbcUeSk2N7oUE+kZjyRPQGKb0ia58dzDzA5rvdmOucndC0UwKeXbUCQQDD/Phnif4XTg7hyVQBXlXFAOFxLQzv1iyBWpOW3DfKuj6YZXCw1rNTz5W6ycjnXsiJz4px0ClY9dGVACdP5WQtAkBSWpTDFx7Dm64iq3dTYd+lU6EeAvGdvXmij1H6oSdS8TJVl2Nfic/4oW3sP3vqWnPd6sNuxs2oCs1hfPAsXHN9AkAsnwbLQ/6mva3juBu5KAotDTNGujQM0t1VIhMiMMc/D8I6njXW/Trc5RE48sIb81eDEM57dSJEz8rEusE4joiNAkEAwDWRAlEcfgOWBKrqsdzYQMEaU+AdcdNpkoOuBoFT4QZVlVMVNcOQhqAUEm+06ztI6N0Mer4N6TROBQxj/xvGyQ==	MIGfMA0GCSqGSIb3DQEBAQUAA4GNADCBiQKBgQCqgzIEwglWoOALQp3QtA/nBLG0JCZV3YOgzBLa4GQV8RCU1NSGugdM2uqyr3AayCUhUVML4PpYsLRlCvkztEAMKaPS1zOCvbnqtx4Sx/KmDyKZIaqY/I0AAt3SHrY3YLhg1GbWONaxlT/urSRIcnprRdNyIfzAS+NUifWJqi9CQQIDAQAB	https://idvs.klysnv.com/gateway/prepaidOrder	S820240925150637000035		MIGfMA0GCSqGSIb3DQEBAQUAA4GNADCBiQKBgQClCcqIoPbJutG+d/JYQ6se5BnaO8Tapm7ssZDCYZgkEWhsaydRmRivC1okBOFOlASN6W20ESkt7X5Z8aWyrkLpKqrJ6ixCef0f/O4z7/PaKGeCh7egNpMSNL9XApIf+HU+co+hJc59TN424KRKY2HfnQh8qpOd/BqXYcd/JoiUHwIDAQAB	2025-11-08 17:04:48.162909+07	https://openapi.jayapayment.com/gateway/prepaidOrder	api/deposits/jayapay/callback/		MIICdgIBADANBgkqhkiG9w0BAQEFAASCAmAwggJcAgEAAoGBALI1GyfyI6AVyokJq04SLdoK3MxuaGwtzfm5cSXVUP+cM2K0/RbyflWx0r+G9ScCPYyqQuOEYdQvs1SH402JtYDuXjbNCczUsURao0rKx1mF0OyT8XpWXIlajI11Q7uJue1auY2iG6BaAD7mUXIOT5/nQu+XXelWRUAFdfER8m0NAgMBAAECgYBIWidcYIL2S+KfIL3cRKU5EY/zsB/VTAOEkDXQFnt8S/7Q5Iqc9nc0c64M9M4zuEUlBzuBBA50B6nXeBRhNrfporrKphiUkyhukeBrFLiCLhVJq/C7biOdR4bPhheTT3G0vduGYo5aF/ZLhdxDBDVkKL40LQ6BzBbYg2d23Lp8AQJBAOmib/vpXS54gapq4kKRF6EEHZSg+gXR8b5GAenmtdcXwZnBKMAYSYNkeF4z/Q37DTKLMWHHEemGMHQlDtOYAHECQQDDRFhvMM4OAVNyCfK4NM447sEhiu1QZYl+rhP2vodmih2/4+EhPHuRo+aWgqnMN9wnEknglto/Z7u59LrLgIRdAkEAqM5tCx657PG0/mTrxhz/bZ+Dn/gPrlTazhfXGiFQEXFguK8PunvR4dWeArKdjJRwHKzlqTgkgQ4rxD9iTw/sgQJAWpamgE8gCRdMYyeCVzsIQRlit/D/z8CLdR3dXSdfIY8J5jAODaFFondrToAnzfpMREQTygGyFqBFUyvaTPa+cQJAQWFEM6IMAjgtaiMsQT77TSkrpZUqnbw5eFX2B31L98jfz+h9CbuLxbukTWe4N3OYMK6/OOadJj7ihfYMxCgeRg==	api/deposits/klikpay/callback/	
\.


--
-- Data for Name: django_admin_log; Type: TABLE DATA; Schema: public; Owner: postgres
--

COPY public.django_admin_log (id, action_time, object_id, object_repr, action_flag, change_message, content_type_id, user_id) FROM stdin;
1	2025-11-09 23:54:59.918825+07	37	Null 01	2	[]	11	1
2	2025-11-10 00:02:50.162676+07	7	123456 (random)	2	[{"changed": {"fields": ["Is active"]}}]	18	1
3	2025-11-10 00:02:58.765807+07	6	01020304 (random)	2	[{"changed": {"fields": ["Is active"]}}]	18	1
4	2025-11-10 00:04:12.61692+07	8	bebekdungu (fixed)	2	[{"changed": {"fields": ["Expires at", "Usage limit"]}}]	18	1
5	2025-11-10 00:33:10.251614+07	38	Null 00	2	[{"changed": {"fields": ["Purchase rebate level 1", "Purchase rebate level 2", "Purchase rebate level 3", "Profit rebate level 1", "Profit rebate level 2", "Profit rebate level 3"]}}]	11	1
6	2025-11-10 00:35:04.823458+07	36	Sistem Celenix	2	[{"changed": {"fields": ["Purchase rebate level 1", "Purchase rebate level 2", "Purchase rebate level 3", "Profit rebate level 1", "Profit rebate level 2", "Profit rebate level 3"]}}]	11	1
7	2025-11-10 00:37:16.569888+07	34	Sistem Omnisurg	2	[{"changed": {"fields": ["Purchase rebate level 1", "Purchase rebate level 2", "Purchase rebate level 3", "Profit rebate level 1", "Profit rebate level 2", "Profit rebate level 3"]}}]	11	1
8	2025-11-10 01:15:34.578967+07	3	fkb8tiysht@example.com	2	[{"changed": {"fields": ["Referral by"]}}]	8	1
9	2025-11-10 01:15:46.29105+07	3	fkb8tiysht@example.com	2	[{"changed": {"fields": ["Referral by"]}}]	8	1
10	2025-11-10 09:02:23.28748+07	1	Yorobun (random)	1	[{"added": {}}]	18	1
11	2025-11-10 09:04:09.872936+07	36	Sistem Celenix	2	[{"changed": {"fields": ["Purchase rebate level 1", "Purchase rebate level 3", "Profit rebate level 2", "Profit rebate level 3"]}}]	11	1
12	2025-11-10 09:04:28.391094+07	34	Sistem Omnisurg	2	[{"changed": {"fields": ["Purchase rebate level 1", "Purchase rebate level 3", "Profit rebate level 2", "Profit rebate level 3"]}}]	11	1
13	2025-11-10 09:05:03.717393+07	40	Sistem Lyvion	2	[{"changed": {"fields": ["Purchase rebate level 1", "Purchase rebate level 2", "Purchase rebate level 3", "Profit rebate level 1", "Profit rebate level 2", "Profit rebate level 3"]}}]	11	1
14	2025-11-10 09:05:26.944081+07	41	Sistem Hermis	2	[{"changed": {"fields": ["Purchase rebate level 1", "Purchase rebate level 2", "Purchase rebate level 3", "Profit rebate level 1", "Profit rebate level 2", "Profit rebate level 3"]}}]	11	1
15	2025-11-10 09:05:49.521676+07	42	Sistem Vitaris	2	[{"changed": {"fields": ["Purchase rebate level 1", "Purchase rebate level 2", "Purchase rebate level 3", "Profit rebate level 1", "Profit rebate level 2", "Profit rebate level 3"]}}]	11	1
16	2025-11-10 09:06:13.506099+07	43	Sistem Surgena	2	[{"changed": {"fields": ["Purchase rebate level 1", "Purchase rebate level 2", "Purchase rebate level 3", "Profit rebate level 1", "Profit rebate level 2", "Profit rebate level 3"]}}]	11	1
17	2025-11-10 09:19:22.232367+07	1	Saluran Telegram (telegram)	1	[{"added": {}}]	30	1
18	2025-11-10 09:19:58.766975+07	2	Saluran WhatsApp (whatsapp)	1	[{"added": {}}]	30	1
19	2025-11-10 09:26:02.296533+07	2	80123456789 - 271245.64 (COMPLETED)	2	[{"changed": {"fields": ["Status"]}}]	26	1
20	2025-11-10 09:31:42.638219+07	3	81123456789 - 269949.79 (COMPLETED)	2	[{"changed": {"fields": ["Status"]}}]	26	1
21	2025-11-10 09:37:20.352286+07	4	8223456789 - 266274.73 (COMPLETED)	2	[{"changed": {"fields": ["Status"]}}]	26	1
22	2025-11-10 09:45:13.649458+07	5	0800123456789 - 1022640.58 (PROCESSING)	2	[{"changed": {"fields": ["Status"]}}]	26	1
23	2025-11-10 09:45:38.412992+07	5	0800123456789 - 1022640.58 (REJECTED)	2	[{"changed": {"fields": ["Status"]}}]	26	1
24	2025-11-10 09:46:27.581433+07	6	0800123456789 - 1022640.58 (COMPLETED)	2	[{"changed": {"fields": ["Status"]}}]	26	1
25	2025-11-10 09:59:25.209649+07	7	0800123456789 - 50000.00 (REJECTED)	2	[{"changed": {"fields": ["Status"]}}]	26	1
26	2025-11-10 12:52:29.25181+07	1	89595959595 - 50000.00 (REJECTED)	2	[{"changed": {"fields": ["Status"]}}]	26	1
27	2025-11-10 12:53:55.647169+07	8	89595959595 - 50000.00 (REJECTED)	2	[{"changed": {"fields": ["Status"]}}]	26	1
28	2025-11-10 12:57:25.42956+07	2	k00rkthpl8@example.com	2	[{"changed": {"fields": ["Balance deposit"]}}]	8	1
29	2025-11-10 13:20:29.540946+07	8	89595959595 - 50000.00 (PENDING)	2	[{"changed": {"fields": ["Status"]}}]	26	1
30	2025-11-30 19:40:00.389388+07	1	Referral Code: numbers_only/6	2	[{"changed": {"fields": ["Referral code case", "Referral code length", "Referral code pattern", "Rank basis"]}}]	9	1
31	2025-11-30 19:41:13.253879+07	2	Rank 1 - Lv 0 (requires 0)	2	[{"changed": {"fields": ["Title"]}}]	10	1
32	2025-11-30 19:41:13.291496+07	1	Rank 2 - Lv 1 (requires 3)	2	[{"changed": {"fields": ["Title", "Missions required total"]}}]	10	1
33	2025-11-30 19:41:13.329644+07	3	Rank 3 - Lv 2 (requires 6)	2	[{"changed": {"fields": ["Title", "Missions required total"]}}]	10	1
34	2025-11-30 19:41:13.367906+07	4	Rank 4 - Lv 3 (requires 10)	2	[{"changed": {"fields": ["Title", "Missions required total"]}}]	10	1
35	2025-11-30 19:41:13.40649+07	5	Rank 5 - Lv 4 (requires 25)	2	[{"changed": {"fields": ["Title", "Missions required total"]}}]	10	1
36	2025-11-30 19:41:13.447016+07	6	Rank 6 - Lv 5 (requires 50)	2	[{"changed": {"fields": ["Title", "Missions required total"]}}]	10	1
37	2025-11-30 19:44:09.436275+07	2	AttendanceSettings(id=2, active=True)	2	[{"changed": {"fields": ["Reward type", "Fixed amount", "Min amount", "Max amount"]}}]	16	1
38	2025-11-30 19:44:59.056396+07	1	Max Banks Per User: 1	2	[{"changed": {"fields": ["Max banks per user"]}}]	24	1
39	2025-11-30 19:49:07.37905+07	7	0800123456789 - DANA 083198292203	3		23	1
40	2025-11-30 19:49:07.407931+07	6	8223456789 - DANA 123456789	3		23	1
41	2025-11-30 19:49:07.43772+07	5	81123456789 - Bank DKI 12345688588	3		23	1
42	2025-11-30 19:49:07.468733+07	4	80123456789 - Bank Mizuho Indonesia 123456789	3		23	1
43	2025-11-30 19:49:07.517967+07	3	0800123456789 - OVO 1234567890	3		23	1
44	2025-11-30 19:49:07.532907+07	2	0800123456789 - Royal Bank of Scotland 123456789	3		23	1
45	2025-11-30 19:49:07.570044+07	1	89595959595 - Bank Negara Indonesia 12165456454	3		23	1
46	2025-11-30 19:49:52.921285+07	2	Bank DKI (DKI)	3		22	1
47	2025-11-30 19:49:52.960237+07	7	Bank ICBC Indonesia (ICBC)	3		22	1
48	2025-11-30 19:49:52.991562+07	3	Bank Jateng (BJA)	3		22	1
49	2025-11-30 19:49:53.022607+07	4	Bank Jatim (BJT)	3		22	1
50	2025-11-30 19:49:53.05939+07	1	Bank Jawa Barat (BJB)	3		22	1
51	2025-11-30 19:49:53.083543+07	19	Bank Mizuho Indonesia (MZH)	3		22	1
52	2025-11-30 19:49:53.109975+07	6	Bank Shinhan Indonesia (SHINHAN)	3		22	1
53	2025-11-30 19:49:53.143557+07	8	Bank Victoria Syariah (VCT)	3		22	1
54	2025-11-30 19:49:53.165735+07	5	Bank of India Indonesia (INDIA)	3		22	1
55	2025-11-30 19:49:53.200321+07	11	CTBC Indonesia (CTBC)	3		22	1
56	2025-11-30 19:49:53.231289+07	9	KEB Hana (LINE)	3		22	1
57	2025-11-30 19:49:53.26534+07	10	Royal Bank of Scotland (ROS)	3		22	1
58	2025-11-30 19:50:46.064475+07	7	Mission 7 - purchase: Saatnya memiliki kontribusi mengajak teman memiliki proyek medis sebanyak 1 anggota dan dapatkan kemenangan Rp5.000.	3		20	1
59	2025-11-30 19:50:46.103028+07	4	Mission 4 - purchase: Saatnya memiliki kontribusi mengajak teman memiliki proyek medis sebanyak 2 anggota dan dapatkan kemenangan Rp15.000	3		20	1
60	2025-11-30 19:50:46.13158+07	3	Mission 3 - purchase: Saatnya memiliki kontribusi mengajak teman memiliki proyek medis sebanyak 3 anggota dan dapatkan kemenangan Rp25.000	3		20	1
61	2025-11-30 19:50:46.163368+07	2	Mission 2 - purchase: Saatnya memiliki kontribusi mengajak teman memiliki proyek medis sebanyak 4 anggota dan dapatkan kemenangan Rp35.000	3		20	1
62	2025-11-30 19:58:46.785327+07	1	Mission 1 - purchase: 150 orang tersisa untuk meningkatkan ke level berikutnya	2	[{"changed": {"fields": ["Judul Misi", "Deskripsi", "Level (opsional)", "Ambang Progres", "Nominal Hadiah", "Level downline yang dihitung"]}}]	20	1
63	2025-11-30 20:03:12.036345+07	8	Mission 8 - purchase: 80 orang tersisa untuk meningkatkan ke level berikutnya	1	[{"added": {}}]	20	1
64	2025-11-30 20:03:19.188635+07	8	Mission 8 - purchase: 80 orang tersisa untuk meningkatkan ke level berikutnya	2	[{"changed": {"fields": ["Level downline yang dihitung"]}}]	20	1
65	2025-11-30 20:04:14.823818+07	9	Mission 9 - purchase: 50 orang tersisa untuk meningkatkan ke level berikutnya	1	[{"added": {}}]	20	1
66	2025-11-30 20:05:09.114576+07	10	Mission 10 - purchase: 25 orang tersisa untuk meningkatkan ke level berikutnya	1	[{"added": {}}]	20	1
67	2025-11-30 20:06:26.882446+07	11	Mission 11 - purchase: 10 orang tersisa untuk meningkatkan ke level berikutnya	1	[{"added": {}}]	20	1
68	2025-11-30 20:07:25.08415+07	12	Mission 12 - purchase: 6 orang tersisa untuk meningkatkan ke level berikutnya	1	[{"added": {}}]	20	1
69	2025-11-30 20:08:49.072919+07	13	Mission 13 - purchase: 3 orang tersisa untuk meningkatkan ke level berikutnya	1	[{"added": {}}]	20	1
70	2025-11-30 20:12:00.547169+07	3	💰 Sistem Komisi & Rabat	3		31	1
71	2025-11-30 20:12:00.571257+07	2	⚙️ Panduan Terbaru	3		31	1
72	2025-11-30 20:12:00.614151+07	1	🏢 Sejarah dan Perjalanan Inovasi	3		31	1
73	2025-11-30 20:48:50.479642+07	5	Selamat datang	2	[{"changed": {"fields": ["Title", "Slug", "Body"]}}]	31	1
74	2025-11-30 20:49:24.22189+07	4	Kami adalah..	2	[{"changed": {"fields": ["Title", "Slug", "Body"]}}]	31	1
75	2025-11-30 20:50:17.215264+07	43	Sistem Surgena	3		11	1
76	2025-11-30 20:50:17.234846+07	42	Sistem Vitaris	3		11	1
77	2025-11-30 20:50:17.256873+07	41	Sistem Hermis	3		11	1
78	2025-11-30 20:50:17.2805+07	40	Sistem Lyvion	3		11	1
79	2025-11-30 20:50:17.302924+07	39	Null 003	3		11	1
80	2025-11-30 20:50:17.326554+07	38	Null 00	3		11	1
81	2025-11-30 20:50:17.34677+07	37	Null 01	3		11	1
82	2025-11-30 20:50:17.371648+07	34	Sistem Omnisurg	3		11	1
83	2025-11-30 21:10:14.65483+07	36	Exx 01	2	[{"changed": {"fields": ["Name", "Description", "Price", "Image", "Specifications", "Profit type", "Profit rate", "Profit random min", "Profit random max", "Duration (days)", "Purchase rebate level 1", "Purchase rebate level 2", "Purchase rebate level 3", "Profit rebate level 1", "Profit rebate level 2", "Profit rebate level 3", "Cashback enabled"]}}]	11	1
84	2025-11-30 21:14:35.4685+07	36	Exx 01	2	[{"changed": {"fields": ["Price", "Profit rate"]}}]	11	1
85	2025-11-30 21:15:41.797081+07	1	Exx 02	1	[{"added": {}}]	11	1
86	2025-11-30 21:16:48.889257+07	2	Exx 03	1	[{"added": {}}]	11	1
87	2025-11-30 21:19:15.558796+07	3	Exx 04	1	[{"added": {}}]	11	1
88	2025-11-30 21:20:16.040517+07	4	Exx 05	1	[{"added": {}}]	11	1
89	2025-11-30 21:22:40.402742+07	5	Exx 06	1	[{"added": {}}]	11	1
90	2025-11-30 21:24:36.433707+07	6	Exx 07	1	[{"added": {}}]	11	1
91	2025-11-30 21:25:32.990556+07	7	Exx 08	1	[{"added": {}}]	11	1
92	2025-11-30 21:26:53.926993+07	7	123456 (random)	3		18	1
93	2025-11-30 21:26:53.949932+07	6	01020304 (random)	3		18	1
94	2025-11-30 21:27:21.377457+07	2	000000 (fixed)	1	[{"added": {}}]	18	1
95	2025-11-30 22:44:29.506546+07	3	999999 (fixed)	1	[{"added": {}}]	18	1
96	2025-12-01 07:40:49.287893+07	9	7ys0gub7vt3jlyu5eh5n@example.com	2	[{"changed": {"fields": ["password"]}}]	8	1
97	2025-12-01 14:05:16.762984+07	1	Referral Code: numbers_only/6	2	[{"changed": {"fields": ["Registration bonus enabled", "Registration bonus amount", "Registration bonus wallet"]}}]	9	1
98	2025-12-01 14:08:59.955426+07	18	Bank BCA (BCA)	2	[{"changed": {"fields": ["Name"]}}]	22	1
99	2025-12-01 14:09:08.246412+07	16	Mandiri (MANDIRI)	2	[{"changed": {"fields": ["Name"]}}]	22	1
100	2025-12-01 14:09:16.802014+07	17	Bank BNI (BNI)	2	[{"changed": {"fields": ["Name"]}}]	22	1
101	2025-12-01 14:09:24.359567+07	15	Bank BRI (BRI)	2	[{"changed": {"fields": ["Name"]}}]	22	1
102	2025-12-01 14:09:32.577738+07	13	DANA Wallet (DANA)	2	[{"changed": {"fields": ["Name"]}}]	22	1
103	2025-12-01 14:09:39.25388+07	14	GOPAY Wallet (GOPAY)	2	[{"changed": {"fields": ["Name"]}}]	22	1
104	2025-12-01 14:09:48.568175+07	12	OVO Wallet (OVO)	2	[{"changed": {"fields": ["Name"]}}]	22	1
105	2025-12-01 14:13:27.454365+07	2	Grup diskusi (telegram)	2	[{"changed": {"fields": ["Title", "Url", "Platform", "Description"]}}]	30	1
106	2025-12-01 14:14:03.302977+07	1	Layanan Pelanggan (telegram)	2	[{"changed": {"fields": ["Title", "Url", "Description"]}}]	30	1
107	2025-12-01 14:34:40.625455+07	9	7ys0gub7vt3jlyu5eh5n@example.com	2	[{"changed": {"fields": ["password"]}}]	8	1
108	2025-12-01 14:56:13.423365+07	14	cuniy3c6u7g46l4wd37l@example.com	2	[{"changed": {"fields": ["Balance deposit"]}}]	8	1
109	2025-12-01 17:30:05.900564+07	16	082122425470 - 66750.00 (REJECTED)	2	[{"changed": {"fields": ["Status"]}}]	26	1
110	2025-12-01 17:30:32.619851+07	12	OVO Wallet (OVO)	2	[{"changed": {"fields": ["Withdrawal fee"]}}]	22	1
111	2025-12-01 17:30:43.006375+07	16	Mandiri (MANDIRI)	2	[{"changed": {"fields": ["Withdrawal fee"]}}]	22	1
112	2025-12-01 17:30:53.827509+07	14	GOPAY Wallet (GOPAY)	2	[{"changed": {"fields": ["Withdrawal fee"]}}]	22	1
113	2025-12-01 17:31:05.749316+07	13	DANA Wallet (DANA)	2	[{"changed": {"fields": ["Withdrawal fee"]}}]	22	1
114	2025-12-01 17:31:15.714497+07	15	Bank BRI (BRI)	2	[{"changed": {"fields": ["Withdrawal fee"]}}]	22	1
115	2025-12-01 17:31:25.427208+07	17	Bank BNI (BNI)	2	[{"changed": {"fields": ["Withdrawal fee"]}}]	22	1
116	2025-12-01 17:31:35.297604+07	18	Bank BCA (BCA)	2	[{"changed": {"fields": ["Withdrawal fee"]}}]	22	1
117	2025-12-01 17:33:53.479256+07	17	082122425470 - 66750.00 (COMPLETED)	2	[{"changed": {"fields": ["Status"]}}]	26	1
118	2025-12-02 16:00:45.093149+07	1	Referral Code: numbers_only/8	2	[{"changed": {"fields": ["Referral code length", "Referral code pattern", "Auto login on register", "Rank use missions", "Rank use downlines active"]}}]	9	1
119	2025-12-02 16:03:12.160976+07	18	Bank BCA (BCA)	2	[{"changed": {"fields": ["Min withdrawal"]}}]	22	1
120	2025-12-02 16:03:28.129814+07	17	Bank BNI (BNI)	2	[{"changed": {"fields": ["Min withdrawal"]}}]	22	1
121	2025-12-02 16:03:46.996974+07	15	Bank BRI (BRI)	2	[{"changed": {"fields": ["Min withdrawal"]}}]	22	1
122	2025-12-02 16:04:02.413211+07	13	DANA Wallet (DANA)	2	[{"changed": {"fields": ["Min withdrawal"]}}]	22	1
123	2025-12-02 16:07:01.601053+07	14	GOPAY Wallet (GOPAY)	2	[{"changed": {"fields": ["Min withdrawal", "Max withdrawal"]}}]	22	1
124	2025-12-02 16:07:21.840544+07	16	Mandiri (MANDIRI)	2	[{"changed": {"fields": ["Min withdrawal"]}}]	22	1
125	2025-12-02 16:07:39.417403+07	12	OVO Wallet (OVO)	2	[{"changed": {"fields": ["Min withdrawal"]}}]	22	1
126	2025-12-02 19:55:01.286084+07	19	083812591985 - 58750.00 (COMPLETED)	2	[{"changed": {"fields": ["Status"]}}]	26	1
127	2025-12-07 17:48:13.612472+07	1	Referral Code: numbers_only/8	2	[{"changed": {"fields": ["Auto login on register"]}}]	9	1
128	2025-12-08 07:24:22.645736+07	1	Referral Code: numbers_only/8	2	[{"changed": {"fields": ["Registration bonus amount", "Rank use downlines active"]}}]	9	1
129	2025-12-08 07:27:29.7443+07	1	Referral Code: numbers_only/8	2	[{"changed": {"fields": ["Registration bonus amount"]}}]	9	1
130	2025-12-08 07:27:42.223962+07	2	AttendanceSettings(id=2, active=True)	2	[{"changed": {"fields": ["Fixed amount"]}}]	16	1
131	2025-12-08 07:28:47.755358+07	16	Mandiri (MANDIRI)	3		22	1
132	2025-12-08 07:29:06.56787+07	18	Bank Central Asia (BCA)	2	[{"changed": {"fields": ["Name"]}}]	22	1
133	2025-12-08 07:29:18.606053+07	17	Bank Negara Indonesia (BNI)	2	[{"changed": {"fields": ["Name"]}}]	22	1
134	2025-12-08 07:29:27.518688+07	15	Bank Rakyat Indonesia (BRI)	2	[{"changed": {"fields": ["Name"]}}]	22	1
135	2025-12-08 07:29:37.458544+07	13	DANA (DANA)	2	[{"changed": {"fields": ["Name"]}}]	22	1
136	2025-12-08 07:29:47.087885+07	14	GO-PAY (GOPAY)	2	[{"changed": {"fields": ["Name"]}}]	22	1
137	2025-12-08 07:29:59.615936+07	12	OVO (OVO)	2	[{"changed": {"fields": ["Name"]}}]	22	1
138	2025-12-08 07:35:00.614599+07	1	Mission 1 - purchase: Anggota saya mengisi ulang 15.000.000 ; klaim 1.500.000	2	[{"changed": {"fields": ["Judul Misi", "Deskripsi", "Level (opsional)", "Ambang Progres", "Nominal Hadiah"]}}]	20	1
139	2025-12-08 07:36:01.808288+07	8	Mission 8 - purchase: Anggota saya mengisi ulang 10.000.000 ; klaim 1.000.000	2	[{"changed": {"fields": ["Judul Misi", "Deskripsi", "Level (opsional)", "Ambang Progres", "Nominal Hadiah"]}}]	20	1
140	2025-12-08 07:36:57.475466+07	9	Mission 9 - purchase: Anggota saya mengisi ulang 8.800.000 ; klaim 880.000	2	[{"changed": {"fields": ["Judul Misi", "Deskripsi", "Level (opsional)", "Ambang Progres", "Nominal Hadiah"]}}]	20	1
141	2025-12-08 07:37:59.419208+07	10	Mission 10 - purchase: Anggota saya mengisi ulang 6.700.000 ; klaim 670.000	2	[{"changed": {"fields": ["Judul Misi", "Deskripsi", "Level (opsional)", "Ambang Progres", "Nominal Hadiah"]}}]	20	1
142	2025-12-08 07:38:19.844694+07	9	Mission 9 - purchase: Anggota saya mengisi ulang 8.800.000 ; klaim 880.000	2	[{"changed": {"fields": ["Judul Misi"]}}]	20	1
143	2025-12-08 07:38:29.20915+07	10	Mission 10 - purchase: Anggota saya mengisi ulang 6.700.000 ; klaim 670.000	2	[{"changed": {"fields": ["Judul Misi"]}}]	20	1
144	2025-12-08 07:39:14.320789+07	11	Mission 11 - purchase: Anggota saya mengisi ulang 4.500.000 ; klaim 450.000	2	[{"changed": {"fields": ["Judul Misi", "Deskripsi", "Level (opsional)", "Ambang Progres", "Nominal Hadiah"]}}]	20	1
145	2025-12-08 07:41:19.472521+07	12	Mission 12 - purchase: Anggota saya mengisi ulang 2.000.000 ; klaim 200.000	2	[{"changed": {"fields": ["Judul Misi", "Deskripsi", "Level (opsional)", "Ambang Progres", "Nominal Hadiah"]}}]	20	1
146	2025-12-08 07:42:11.12413+07	13	Mission 13 - purchase: Anggota saya mengisi ulang 1.250.000 ; klaim 125.000	2	[{"changed": {"fields": ["Judul Misi", "Deskripsi", "Level (opsional)", "Ambang Progres", "Nominal Hadiah"]}}]	20	1
147	2025-12-08 07:42:51.180674+07	13	Mission 13 - purchase: Anggota saya mengisi ulang 1.250.000 ; klaim 125.000	2	[{"changed": {"fields": ["Judul Misi"]}}]	20	1
148	2025-12-08 07:44:54.225544+07	14	Mission 14 - purchase: Anggota saya mengisi ulang 500.000 ; klaim 50.000	1	[{"added": {}}]	20	1
149	2025-12-08 07:45:45.994331+07	15	Mission 15 - purchase: Anggota saya mengisi ulang 250.000 ; klaim 25.000	1	[{"added": {}}]	20	1
150	2025-12-08 07:46:41.20741+07	16	Mission 16 - purchase: Anggota saya mengisi ulang 100.000 ; klaim 10.000	1	[{"added": {}}]	20	1
151	2025-12-08 08:47:12.263136+07	36	RBR A100	2	[{"changed": {"fields": ["Name", "Description", "Price", "Image", "Specifications", "Purchase limit", "Max purchase count", "Profit rate", "Duration (days)", "Claim reset hours", "Purchase rebate level 1", "Purchase rebate level 2"]}}]	11	1
152	2025-12-08 08:50:56.702258+07	1	RBB B100	2	[{"changed": {"fields": ["Name", "Description", "Price", "Image", "Specifications", "Purchase limit", "Max purchase count", "Stock", "Profit rate", "Duration (days)", "Claim reset hours", "Purchase rebate level 1", "Purchase rebate level 2"]}}]	11	1
153	2025-12-08 08:51:23.353987+07	1	RBB B100	2	[]	11	1
154	2025-12-08 08:51:30.974822+07	36	RBR A100	2	[]	11	1
155	2025-12-08 08:52:55.874085+07	2	RBB A200	2	[{"changed": {"fields": ["Name", "Description", "Price", "Image", "Specifications", "Purchase limit", "Max purchase count", "Profit rate", "Duration (days)", "Claim reset hours", "Purchase rebate level 1", "Purchase rebate level 2"]}}]	11	1
156	2025-12-08 08:53:11.664198+07	2	RBR A200	2	[{"changed": {"fields": ["Name"]}}]	11	1
157	2025-12-08 08:54:33.285077+07	3	RBB B200	2	[{"changed": {"fields": ["Name", "Description", "Price", "Image", "Specifications", "Purchase limit", "Max purchase count", "Profit rate", "Duration (days)", "Purchase rebate level 1", "Purchase rebate level 2"]}}]	11	1
158	2025-12-08 08:55:50.701272+07	4	RBR A300	2	[{"changed": {"fields": ["Name", "Price", "Image", "Purchase limit", "Max purchase count", "Profit rate", "Duration (days)", "Claim reset hours", "Purchase rebate level 1", "Purchase rebate level 2"]}}]	11	1
159	2025-12-08 08:57:11.784075+07	5	RBB B300	2	[{"changed": {"fields": ["Name", "Price", "Image", "Purchase limit", "Max purchase count", "Profit rate", "Duration (days)", "Purchase rebate level 1", "Purchase rebate level 2"]}}]	11	1
160	2025-12-08 08:58:17.056393+07	6	RBR A400	2	[{"changed": {"fields": ["Name", "Price", "Image", "Purchase limit", "Max purchase count", "Duration (days)", "Purchase rebate level 1", "Purchase rebate level 2"]}}]	11	1
161	2025-12-08 08:59:20.305701+07	7	RBB B400	2	[{"changed": {"fields": ["Name", "Price", "Image", "Purchase limit", "Max purchase count", "Profit rate", "Duration (days)", "Purchase rebate level 1", "Purchase rebate level 2"]}}]	11	1
162	2025-12-08 09:00:45.277504+07	8	RBR A500	1	[{"added": {}}]	11	1
163	2025-12-08 09:23:02.242935+07	9	RBB B500	1	[{"added": {}}]	11	1
164	2025-12-08 15:27:25.368516+07	9	RBB B500	2	[{"changed": {"fields": ["Profit rate"]}}]	11	1
165	2025-12-08 21:46:23.706563+07	9	RBB B500	2	[{"changed": {"fields": ["Image"]}}]	11	1
166	2025-12-09 05:55:40.434423+07	9	RBB B500	2	[{"changed": {"fields": ["Image"]}}]	11	1
167	2025-12-09 05:57:49.297504+07	34	sz8s0dxkivbkoilrlu7l@example.com	2	[{"changed": {"fields": ["password"]}}]	8	1
168	2026-01-07 20:23:09.448688+07	2	k00rkthpl8@example.com	2	[{"changed": {"fields": ["password"]}}]	8	1
169	2026-01-11 10:44:23.324673+07	4	Kami adalah..	3		31	1
170	2026-01-11 10:45:41.076527+07	6	CoreVolt Resmi Meluncurkan Program VIP Berjenjang	1	[{"added": {}}]	31	1
171	2026-01-11 10:45:46.652494+07	5	Selamat datang	3		31	1
172	2026-01-11 10:45:54.368105+07	6	CoreVolt Resmi Meluncurkan Program VIP Berjenjang	2	[]	31	1
173	2026-01-11 10:49:50.379601+07	1	ChatThread(user=2, closed=False)	2	[{"added": {"name": "support chat message", "object": "Msg(thread=1, sender=ADMIN, at=2026-01-11 03:49:50.378598+00:00)"}}]	33	1
174	2026-01-11 10:50:04.576348+07	1	ChatThread(user=2, closed=True)	2	[{"changed": {"fields": ["Is closed"]}}]	33	1
175	2026-01-11 10:54:35.893253+07	9	Produk Test 01	2	[{"changed": {"fields": ["Name", "Description", "Price", "Image", "Specifications", "Purchase limit", "Max purchase count", "Stock", "Profit rate", "Profit method", "Duration (days)", "Purchase rebate level 1"]}}]	11	1
176	2026-01-11 10:55:43.198936+07	8	Produk Test 02	2	[{"changed": {"fields": ["Name", "Description", "Price", "Image", "Specifications", "Purchase limit", "Max purchase count", "Stock", "Profit rate", "Profit method", "Duration (days)", "Purchase rebate level 1"]}}]	11	1
177	2026-01-11 10:56:40.497452+07	10	Produk Test 03	1	[{"added": {}}]	11	1
178	2026-01-11 11:12:30.709075+07	20	89595959595 - 700000.00 (PROCESSING)	2	[{"changed": {"fields": ["Status"]}}]	26	1
179	2026-01-11 11:12:46.985106+07	20	89595959595 - 700000.00 (COMPLETED)	2	[{"changed": {"fields": ["Status"]}}]	26	1
180	2026-01-11 11:40:54.115282+07	1	Referral Code: numbers_only/14	2	[{"changed": {"fields": ["Referral code length", "Referral code pattern", "Registration bonus enabled", "Registration bonus amount"]}}]	9	1
181	2026-01-11 11:42:45.73302+07	2	AttendanceSettings(id=2, active=True)	2	[]	16	1
182	2026-01-11 11:43:40.126012+07	18	87123456789 - GO-PAY 12345678999	3		23	1
183	2026-01-11 11:43:40.127539+07	17	82525252525 - GO-PAY 123321	3		23	1
184	2026-01-11 11:43:40.127539+07	16	81808368210 - DANA 083198292201	3		23	1
185	2026-01-11 11:43:40.129596+07	15	083812591985 - Bank Central Asia 123454646464	3		23	1
186	2026-01-11 11:43:40.129596+07	14	082122425474 - DANA 123456789	3		23	1
187	2026-01-11 11:43:40.130601+07	13	082122425470 - Bank Negara Indonesia 123456789	3		23	1
188	2026-01-11 11:43:40.131106+07	12	081808368211 - OVO 1234568	3		23	1
189	2026-01-11 11:43:40.131106+07	11	08123123123 - Bank Central Asia 5666	3		23	1
190	2026-01-11 11:43:40.132109+07	10	85454545454 - GO-PAY 67547474	3		23	1
191	2026-01-11 11:43:40.132109+07	9	081808368210 - Bank Negara Indonesia 123456789	3		23	1
192	2026-01-11 11:43:40.132109+07	8	89595959595 - OVO 123456g	3		23	1
193	2026-01-11 19:14:04.029706+07	72	89595959595 - Produk Test 02 (1x)	3		13	1
194	2026-01-11 19:14:04.046192+07	71	89595959595 - Produk Test 02 (1x)	3		13	1
195	2026-01-11 19:14:04.048715+07	70	89595959595 - RBB B100 (1x)	3		13	1
196	2026-01-11 19:14:04.049222+07	69	89595959595 - RBB B100 (1x)	3		13	1
197	2026-01-11 19:14:04.050231+07	68	89595959595 - RBB B100 (1x)	3		13	1
198	2026-01-11 19:14:04.052248+07	67	89595959595 - RBR A100 (1x)	3		13	1
199	2026-01-11 19:14:04.053256+07	66	89595959595 - RBR A100 (1x)	3		13	1
200	2026-01-11 19:14:04.053765+07	65	89595959595 - RBR A100 (1x)	3		13	1
201	2026-01-11 19:14:04.053765+07	64	89595959595 - RBR A100 (1x)	3		13	1
202	2026-01-11 19:14:04.054779+07	63	89595959595 - Produk Test 01 (1x)	3		13	1
203	2026-01-11 19:14:04.055293+07	62	89595959595 - Produk Test 01 (1x)	3		13	1
204	2026-01-11 19:14:04.055293+07	57	89595959595 - RBB B100 (1x)	3		13	1
205	2026-01-11 19:14:04.056299+07	53	89595959595 - RBB B200 (1x)	3		13	1
206	2026-01-11 19:14:04.056805+07	52	89595959595 - RBB B300 (1x)	3		13	1
207	2026-01-11 19:14:04.056805+07	51	89595959595 - RBR A300 (1x)	3		13	1
208	2026-01-11 19:14:04.057818+07	33	89595959595 - RBR A400 (1x)	3		13	1
209	2026-01-11 19:14:04.058337+07	32	89595959595 - RBB B400 (1x)	3		13	1
210	2026-01-11 19:14:04.058337+07	1	89595959595 - RBR A100 (1x)	3		13	1
211	2026-01-11 21:08:06.765142+07	6	Rank 3 - Rank (requires 10)	1	[{"added": {}}]	10	1
212	2026-01-11 21:08:12.687298+07	6	Rank 3 - L3 (requires 10)	2	[{"changed": {"fields": ["Title"]}}]	10	1
213	2026-01-11 21:08:19.436878+07	6	Rank 3 - L3 (requires 20)	2	[{"changed": {"fields": ["Missions required total"]}}]	10	1
214	2026-01-11 21:08:34.826595+07	7	Rank 4 - L4 (requires 30)	1	[{"added": {}}]	10	1
215	2026-01-11 21:08:54.392675+07	8	Rank 5 - L5 (requires 40)	1	[{"added": {}}]	10	1
216	2026-01-11 21:09:05.136339+07	9	Rank 6 - L6 (requires 50)	1	[{"added": {}}]	10	1
217	2026-01-11 21:09:16.348562+07	10	Rank 7 - L7 (requires 60)	1	[{"added": {}}]	10	1
218	2026-01-11 21:09:26.411069+07	11	Rank 8 - L8 (requires 70)	1	[{"added": {}}]	10	1
219	2026-01-11 21:09:36.950767+07	12	Rank 9 - L9 (requires 80)	1	[{"added": {}}]	10	1
220	2026-01-11 21:09:47.39673+07	13	Rank 10 - L10 (requires 90)	1	[{"added": {}}]	10	1
221	2026-01-11 22:08:48.647161+07	44	yuyun@gmail.com	2	[{"changed": {"fields": ["password"]}}]	8	1
222	2026-01-11 22:10:45.454067+07	43	xsdfgf@gmail.com	2	[{"changed": {"fields": ["Phone"]}}]	8	1
223	2026-01-11 22:29:53.406614+07	44	yuyun@gmail.com	2	[{"changed": {"fields": ["Balance deposit"]}}]	8	1
224	2026-01-11 22:31:29.076954+07	43	xsdfgf@gmail.com	2	[{"changed": {"fields": ["Balance deposit"]}}]	8	1
225	2026-01-11 22:31:59.842353+07	43	xsdfgf@gmail.com	2	[{"changed": {"fields": ["Balance"]}}]	8	1
226	2026-01-11 22:33:32.494406+07	10	Produk Test 03	2	[{"changed": {"fields": ["Claim reset mode", "Claim reset hours"]}}]	11	1
227	2026-01-11 22:33:44.355345+07	9	Produk Test 01	2	[{"changed": {"fields": ["Claim reset mode", "Claim reset hours"]}}]	11	1
228	2026-01-11 22:33:53.602103+07	8	Produk Test 02	2	[{"changed": {"fields": ["Claim reset mode", "Claim reset hours"]}}]	11	1
229	2026-01-11 22:39:34.078786+07	1	WithdrawalSettings(active=True)	2	[{"changed": {"fields": ["Require active investment", "Minimum product quantity"]}}]	25	1
230	2026-01-12 00:20:17.957305+07	10	Produk Test 03	2	[{"changed": {"fields": ["Custom field 1 title", "Custom field 1 content", "Custom field 2 title", "Custom field 2 content"]}}]	11	1
231	2026-01-12 00:25:43.392051+07	45	fdfdsdf@gmail.com	2	[{"changed": {"fields": ["Balance", "Balance deposit"]}}]	8	1
232	2026-01-12 00:49:35.220663+07	3	AttendanceSettings(id=3, active=True)	2	[{"changed": {"fields": ["Daily cycle days"]}}]	16	1
233	2026-01-12 00:49:46.28733+07	3	AttendanceSettings(id=3, active=True)	2	[{"changed": {"fields": ["Daily cycle days"]}}]	16	1
234	2026-01-12 00:54:07.417553+07	2	WA (whatsapp)	2	[{"changed": {"fields": ["Title", "Url", "Platform"]}}]	30	1
235	2026-01-12 00:54:17.362281+07	1	Telegram (telegram)	2	[{"changed": {"fields": ["Title"]}}]	30	1
236	2026-01-12 00:54:52.334418+07	3	Facebook (other)	1	[{"added": {}}]	30	1
237	2026-01-12 07:35:41.969532+07	31	ORD092737 - JAYAPAY - 51	1	[{"added": {}}]	29	1
238	2026-01-12 07:37:57.995326+07	31	ORD092737 - JAYAPAY - 51	3		29	1
239	2026-01-12 07:38:26.503599+07	51	test02@gmail.com	2	[{"changed": {"fields": ["Balance deposit"]}}]	8	1
240	2026-01-12 07:42:49.060259+07	8	Produk Test 02	2	[{"changed": {"fields": ["Stock"]}}]	11	1
241	2026-01-12 07:58:13.709119+07	3	AttendanceSettings(id=3, active=True)	2	[]	16	1
242	2026-01-12 12:55:27.984906+07	1	Referral Code: numbers_only/14	2	[]	9	1
243	2026-01-12 13:02:42.401523+07	1	Referral Code: numbers_only/14	2	[{"changed": {"fields": ["Rank use missions"]}}]	9	1
244	2026-01-12 13:18:34.88707+07	3	AttendanceSettings(id=3, active=True)	2	[{"changed": {"fields": ["Day 7 Reward"]}}]	16	1
245	2026-01-12 13:22:13.419095+07	18	Bank Central Asia (BCA) (BCA)	2	[{"changed": {"fields": ["Name", "Min withdrawal", "Processing time"]}}]	22	1
246	2026-01-12 13:22:41.200535+07	17	Bank Negara Indonesia(BNI) (BNI)	2	[{"changed": {"fields": ["Name", "Min withdrawal"]}}]	22	1
247	2026-01-12 13:23:00.022438+07	18	Bank Central Asia(BCA) (BCA)	2	[{"changed": {"fields": ["Name"]}}]	22	1
248	2026-01-12 13:23:12.605608+07	15	Bank Rakyat Indonesia(BRI) (BRI)	2	[{"changed": {"fields": ["Name", "Min withdrawal"]}}]	22	1
249	2026-01-12 13:23:28.484709+07	13	DANA(DANA) (DANA)	2	[{"changed": {"fields": ["Name", "Min withdrawal"]}}]	22	1
250	2026-01-12 13:23:42.596939+07	14	GOPAY(GOPAY) (GOPAY)	2	[{"changed": {"fields": ["Name", "Min withdrawal"]}}]	22	1
251	2026-01-12 13:23:53.23027+07	12	OVO(OVO) (OVO)	2	[{"changed": {"fields": ["Name", "Min withdrawal"]}}]	22	1
252	2026-01-12 13:24:56.607505+07	20	Mandiri(Bank Mandiri) (MANDIRI)	1	[{"added": {}}]	22	1
253	2026-01-12 13:25:20.047357+07	21	Danamon(Bank Danamon Indonesia) (Danamon)	1	[{"added": {}}]	22	1
254	2026-01-12 13:25:36.514006+07	22	Permata(Bank Permata) (Permata)	1	[{"added": {}}]	22	1
255	2026-01-12 13:25:59.412109+07	23	Maybank(Maybank) (Maybank)	1	[{"added": {}}]	22	1
256	2026-01-12 13:26:13.141327+07	24	Panin(PaninBank) (Panin)	1	[{"added": {}}]	22	1
257	2026-01-12 13:26:31.151323+07	25	CIMB Niaga(Bank CIMB Niaga) (CIMB)	1	[{"added": {}}]	22	1
258	2026-01-12 13:27:13.673441+07	26	CIMB Niaga Syariah(CIMB Niaga Syariah) (CIMB Syariah)	1	[{"added": {}}]	22	1
259	2026-01-12 13:27:40.204179+07	27	UOB(United Overseas Bank Limited) (UOB)	1	[{"added": {}}]	22	1
260	2026-01-12 13:28:05.594402+07	28	OCBC NISP(Bank OCBC NISP) (OCBC NISP)	1	[{"added": {}}]	22	1
261	2026-01-12 13:28:21.226767+07	29	Citibank(Citibank) (Citibank)	1	[{"added": {}}]	22	1
262	2026-01-12 13:28:37.708307+07	30	Artha Graha Internasional(Bank Artha) (Artha)	1	[{"added": {}}]	22	1
263	2026-01-12 13:28:56.074274+07	31	HSBC(HSBC Holdings PLC) (HSBC)	1	[{"added": {}}]	22	1
264	2026-01-12 13:29:12.234898+07	32	DBS(DBS Bank) (DBS)	1	[{"added": {}}]	22	1
265	2026-01-12 13:29:39.65268+07	33	Standard Chartered(Standard CH Bank) (Standard CH)	1	[{"added": {}}]	22	1
266	2026-01-12 13:29:57.065791+07	34	Capital Indonesia(Bank Capital Indonesia) (Capital)	1	[{"added": {}}]	22	1
267	2026-01-12 13:30:13.720171+07	35	Woori Indonesia(Bank Woori Saudara) (Woori)	1	[{"added": {}}]	22	1
268	2026-01-12 13:30:29.607364+07	36	BOC(Bank Of CHINA) (BOC)	1	[{"added": {}}]	22	1
269	2026-01-12 13:30:46.180468+07	37	Mayapada(Bank Mayapada) (MAYAPADA)	1	[{"added": {}}]	22	1
270	2026-01-12 13:30:57.558973+07	38	BJB(Bank BJB) (BJB)	1	[{"added": {}}]	22	1
271	2026-01-12 13:31:10.312678+07	39	Jateng(Bank Jateng) (Jateng)	1	[{"added": {}}]	22	1
272	2026-01-12 13:31:23.081546+07	40	Jatim(Bank Jatim) (Jatim)	1	[{"added": {}}]	22	1
273	2026-01-12 13:31:34.916102+07	41	Aceh(Bank Aceh) (Aceh)	1	[{"added": {}}]	22	1
274	2026-01-12 13:31:50.570126+07	42	BPD Nusa Tenggara Barat (BPD NTB)	1	[{"added": {}}]	22	1
275	2026-01-12 13:32:07.326139+07	43	BPD Bali(Bank BPD Bali) (BPD Bali)	1	[{"added": {}}]	22	1
276	2026-01-12 13:32:26.13945+07	44	Maluku Malut(Bank Maluku Malut) (Maluku)	1	[{"added": {}}]	22	1
277	2026-01-12 13:33:01.524568+07	45	BPD Papua(Bank Papua) (BPD Papua)	1	[{"added": {}}]	22	1
278	2026-01-12 13:33:21.027409+07	46	Muamalat Indonesia(Bank Muamalat) (Muamalat)	1	[{"added": {}}]	22	1
279	2026-01-12 13:33:47.49668+07	47	Mestika Dharma(Bank Mestika) (MESTIKA)	1	[{"added": {}}]	22	1
280	2026-01-12 13:33:59.487393+07	48	Sinarmas(Bank Sinarmas) (Sinarmas)	1	[{"added": {}}]	22	1
281	2026-01-12 13:34:15.883437+07	49	Maspion Indonesia(Bank Maspion) (Maspion)	1	[{"added": {}}]	22	1
282	2026-01-12 13:34:29.841787+07	50	Ganesha(Bank Ganesha) (Ganesha)	1	[{"added": {}}]	22	1
283	2026-01-12 13:34:46.33367+07	51	ICBC(Bank ICBC Indonesia) (ICBC)	1	[{"added": {}}]	22	1
284	2026-01-12 13:35:09.536446+07	52	QNB Indonesia(Bank QNB Indonesia) (QNB)	1	[{"added": {}}]	22	1
285	2026-01-12 13:35:35.113401+07	53	BTPN(Bank BTPN) (BTPN)	1	[{"added": {}}]	22	1
286	2026-01-12 13:35:56.809294+07	54	Mega(Bank Mega) (Mega)	1	[{"added": {}}]	22	1
287	2026-01-12 13:36:13.536979+07	55	Hana(Hana Bank) (Hana)	1	[{"added": {}}]	22	1
288	2026-01-12 13:36:35.931893+07	56	Neo Commerce(Bank Neo Commerce) (Neo Commerce)	1	[{"added": {}}]	22	1
289	2026-01-12 13:36:53.341717+07	57	National Nobu(Bank National Nobu) (Nobu)	1	[{"added": {}}]	22	1
290	2026-01-12 13:37:26.017933+07	58	Seabank Indonesia(PT Bank Seabank Indonesia) (Seabank)	1	[{"added": {}}]	22	1
291	2026-01-12 13:37:39.499017+07	59	Jago(Bank Jago) (Jago)	1	[{"added": {}}]	22	1
292	2026-01-12 13:38:05.533028+07	60	Victoria International(Bank Victoria International) (Victoria)	1	[{"added": {}}]	22	1
293	2026-01-12 13:38:26.39218+07	61	CTBC Indonesia(Bank CTBC Indonesia) (CTBC)	1	[{"added": {}}]	22	1
294	2026-01-12 13:38:42.149605+07	62	LINKAJA(LINKAJA) (LINKAJA)	1	[{"added": {}}]	22	1
295	2026-01-12 13:45:17.474181+07	1	Mission 1 - referral: Bagikan tautan undangan Anda dan dapatkan anggota untuk membuka manfaat	2	[{"changed": {"fields": ["Judul Misi", "Deskripsi", "Jenis Misi", "Level (opsional)", "Ambang Progres", "Nominal Hadiah"]}}]	20	1
333	2026-01-12 14:27:09.842814+07	36	Mission 36 - active_downline: Ketika Anda sudah mencapai target seorang agen kerja, Anda dapat klaim penghasilan tetap 3 kali dalam satu bulan IDR 95.000	1	[{"added": {}}]	20	1
296	2026-01-12 13:45:39.553924+07	8	Mission 8 - referral: Bagikan tautan undangan Anda dan dapatkan anggota untuk membuka manfaat	2	[{"changed": {"fields": ["Judul Misi", "Deskripsi", "Jenis Misi", "Level (opsional)", "Ambang Progres", "Nominal Hadiah"]}}]	20	1
297	2026-01-12 13:46:05.1274+07	9	Mission 9 - referral: Bagikan tautan undangan Anda dan dapatkan anggota untuk membuka manfaat	2	[{"changed": {"fields": ["Judul Misi", "Deskripsi", "Jenis Misi", "Level (opsional)", "Ambang Progres", "Nominal Hadiah"]}}]	20	1
298	2026-01-12 13:46:47.836957+07	10	Mission 10 - referral: Bagikan tautan undangan Anda dan dapatkan anggota untuk membuka manfaat	2	[{"changed": {"fields": ["Judul Misi", "Deskripsi", "Jenis Misi", "Level (opsional)", "Ambang Progres", "Nominal Hadiah"]}}]	20	1
299	2026-01-12 13:47:16.050786+07	11	Mission 11 - referral: Bagikan tautan undangan Anda dan dapatkan anggota untuk membuka manfaat	2	[{"changed": {"fields": ["Judul Misi", "Deskripsi", "Jenis Misi", "Level (opsional)", "Ambang Progres", "Nominal Hadiah"]}}]	20	1
300	2026-01-12 13:47:44.184415+07	12	Mission 12 - referral: Bagikan tautan undangan Anda dan dapatkan anggota untuk membuka manfaat	2	[{"changed": {"fields": ["Judul Misi", "Deskripsi", "Jenis Misi", "Level (opsional)", "Ambang Progres", "Nominal Hadiah"]}}]	20	1
301	2026-01-12 13:48:08.618502+07	13	Mission 13 - referral: Bagikan tautan undangan Anda dan dapatkan anggota untuk membuka manfaat	2	[{"changed": {"fields": ["Judul Misi", "Deskripsi", "Jenis Misi", "Level (opsional)", "Ambang Progres", "Nominal Hadiah"]}}]	20	1
302	2026-01-12 13:48:55.731735+07	14	Mission 14 - purchase: Bagikan tautan undangan Anda dan dapatkan anggota untuk membuka manfaat	2	[{"changed": {"fields": ["Judul Misi", "Deskripsi", "Level (opsional)", "Ambang Progres", "Nominal Hadiah"]}}]	20	1
303	2026-01-12 13:50:06.332983+07	15	Mission 15 - deposit: Anggota Anda melakukan beberapa pengisian ulang, ambil manfaatnya IDR 56.000	2	[{"changed": {"fields": ["Judul Misi", "Deskripsi", "Jenis Misi", "Level (opsional)", "Ambang Progres", "Nominal Hadiah"]}}]	20	1
304	2026-01-12 13:50:31.656751+07	1	Mission 1 - referral: Bagikan tautan undangan Anda dan dapatkan anggota untuk membuka manfaat IDR 2.000	2	[{"changed": {"fields": ["Deskripsi"]}}]	20	1
305	2026-01-12 13:50:54.81438+07	8	Mission 8 - referral: Bagikan tautan undangan Anda dan dapatkan anggota untuk membuka manfaat IDR 7.000 2.000	2	[{"changed": {"fields": ["Deskripsi"]}}]	20	1
306	2026-01-12 13:51:09.191806+07	8	Mission 8 - referral: Bagikan tautan undangan Anda dan dapatkan anggota untuk membuka manfaat IDR 7.000	2	[{"changed": {"fields": ["Deskripsi"]}}]	20	1
307	2026-01-12 13:52:08.009834+07	9	Mission 9 - referral: Bagikan tautan undangan Anda dan dapatkan anggota untuk membuka manfaat IDR 10.000	2	[{"changed": {"fields": ["Deskripsi"]}}]	20	1
308	2026-01-12 13:52:25.885405+07	10	Mission 10 - referral: Bagikan tautan undangan Anda dan dapatkan anggota untuk membuka manfaat IDR 15.000	2	[{"changed": {"fields": ["Deskripsi"]}}]	20	1
309	2026-01-12 13:53:13.09052+07	11	Mission 11 - referral: Bagikan tautan undangan Anda dan dapatkan anggota untuk membuka manfaat IDR 38.000	2	[{"changed": {"fields": ["Deskripsi"]}}]	20	1
310	2026-01-12 13:55:13.071994+07	12	Mission 12 - referral: Bagikan tautan undangan Anda dan dapatkan anggota untuk membuka manfaat IDR 60.000	2	[{"changed": {"fields": ["Deskripsi"]}}]	20	1
311	2026-01-12 13:55:43.430228+07	13	Mission 13 - referral: Bagikan tautan undangan Anda dan dapatkan anggota untuk membuka manfaat IDR 80.000	2	[{"changed": {"fields": ["Deskripsi"]}}]	20	1
312	2026-01-12 13:56:02.637532+07	14	Mission 14 - purchase: Bagikan tautan undangan Anda dan dapatkan anggota untuk membuka manfaat IDR 100.000	2	[{"changed": {"fields": ["Deskripsi"]}}]	20	1
313	2026-01-12 13:58:31.073805+07	16	Mission 16 - deposit: Anggota Anda melakukan beberapa pengisian ulang, ambil manfaatnya IDR 117.000	2	[{"changed": {"fields": ["Judul Misi", "Deskripsi", "Jenis Misi", "Ambang Progres", "Nominal Hadiah"]}}]	20	1
314	2026-01-12 13:59:45.002192+07	18	Mission 18 - deposit: Anggota Anda melakukan beberapa pengisian ulang, ambil manfaatnya IDR 290.000	1	[{"added": {}}]	20	1
315	2026-01-12 14:00:30.908263+07	19	Mission 19 - deposit: Anggota Anda melakukan beberapa pengisian ulang, ambil manfaatnya IDR 690.000	1	[{"added": {}}]	20	1
316	2026-01-12 14:00:39.351152+07	19	Mission 19 - deposit: Anggota Anda melakukan beberapa pengisian ulang, ambil manfaatnya IDR 690.000	2	[{"changed": {"fields": ["Level downline yang dihitung"]}}]	20	1
317	2026-01-12 14:01:23.900597+07	20	Mission 20 - deposit: Anggota Anda melakukan beberapa pengisian ulang, ambil manfaatnya IDR 1.005.000	1	[{"added": {}}]	20	1
318	2026-01-12 14:02:03.95281+07	21	Mission 21 - deposit: Anggota Anda melakukan beberapa pengisian ulang, ambil manfaatnya IDR 1.805.000	1	[{"added": {}}]	20	1
319	2026-01-12 14:03:42.961785+07	22	Mission 22 - deposit: Anggota Anda melakukan beberapa pengisian ulang, ambil manfaatnya IDR 3.005.000	1	[{"added": {}}]	20	1
320	2026-01-12 14:07:53.091595+07	23	Mission 23 - deposit_self: Ketika Anda melakukan isi ulang, manfaat Anda lebih banyak setelah mencapainya. Menerima IDR 30.000. Ambil hadiah fisik sekarang.	1	[{"added": {}}]	20	1
321	2026-01-12 14:08:31.611978+07	24	Mission 24 - deposit_self: Ketika Anda melakukan isi ulang, manfaat Anda lebih banyak setelah mencapainya. Menerima IDR 72.000. Ambil hadiah fisik sekarang.	1	[{"added": {}}]	20	1
322	2026-01-12 14:09:23.699708+07	25	Mission 25 - deposit_self: Ketika Anda melakukan isi ulang, manfaat Anda lebih banyak setelah mencapainya. Menerima IDR 150.000. Ambil hadiah fisik sekarang.	1	[{"added": {}}]	20	1
323	2026-01-12 14:09:59.98269+07	26	Mission 26 - deposit_self: Ketika Anda melakukan isi ulang, manfaat Anda lebih banyak setelah mencapainya. Menerima IDR 360.000. Ambil hadiah fisik sekarang.	1	[{"added": {}}]	20	1
324	2026-01-12 14:12:14.194068+07	27	Mission 27 - deposit_self: Ketika Anda melakukan isi ulang, manfaat Anda lebih banyak setelah mencapainya. Menerima IDR 888.000. Ambil hadiah fisik sekarang.	1	[{"added": {}}]	20	1
325	2026-01-12 14:13:59.010501+07	28	Mission 28 - deposit_self: Ketika Anda melakukan isi ulang, manfaat Anda lebih banyak setelah mencapainya. Menerima IDR 1.410.000. Ambil hadiah fisik sekarang.	1	[{"added": {}}]	20	1
326	2026-01-12 14:15:07.51652+07	29	Mission 29 - deposit_self: Ketika Anda melakukan isi ulang, manfaat Anda lebih banyak setelah mencapainya. Menerima IDR 1.800.000. Ambil hadiah fisik sekarang.	1	[{"added": {}}]	20	1
327	2026-01-12 14:16:40.188531+07	30	Mission 30 - deposit_self: LOREMIPSUM	1	[{"added": {}}]	20	1
328	2026-01-12 14:17:06.368419+07	31	Mission 31 - deposit_self: LOREM IPSUM	1	[{"added": {}}]	20	1
329	2026-01-12 14:17:30.744488+07	32	Mission 32 - deposit_self: LOREMIPSUM	1	[{"added": {}}]	20	1
330	2026-01-12 14:18:37.964429+07	33	Mission 33 - deposit_self: LOREMIPSUM	1	[{"added": {}}]	20	1
331	2026-01-12 14:21:41.600317+07	34	Mission 34 - deposit_self: LOREM IPSUM	1	[{"added": {}}]	20	1
332	2026-01-12 14:26:38.922932+07	35	Mission 35 - active_downline: Ketika Anda sudah mencapai target seorang agen kerja, Anda dapat klaim penghasilan tetap 3 kali dalam satu bulan IDR 50.000	1	[{"added": {}}]	20	1
334	2026-01-12 14:28:29.787333+07	37	Mission 37 - active_downline: Ketika Anda sudah mencapai target seorang agen kerja, Anda dapat klaim penghasilan tetap 3 kali dalam satu bulan IDR 170.000	1	[{"added": {}}]	20	1
335	2026-01-12 14:29:20.097929+07	38	Mission 38 - active_downline: Ketika Anda sudah mencapai target seorang agen kerja, Anda dapat klaim penghasilan tetap 3 kali dalam satu bulan IDR 250.000	1	[{"added": {}}]	20	1
336	2026-01-12 14:30:31.918906+07	39	Mission 39 - active_downline: Ketika Anda sudah mencapai target seorang agen kerja, Anda dapat klaim penghasilan tetap 3 kali dalam satu bulan IDR 400.000	1	[{"added": {}}]	20	1
337	2026-01-12 14:31:48.277692+07	40	Mission 40 - active_downline: Ketika Anda sudah mencapai target seorang agen kerja, Anda dapat klaim penghasilan tetap 3 kali dalam satu bulan IDR 700.000	1	[{"added": {}}]	20	1
338	2026-01-12 14:32:30.493089+07	41	Mission 41 - referral: Ketika Anda sudah mencapai target seorang agen kerja, Anda dapat klaim penghasilan tetap 3 kali dalam satu bulan IDR 1.750.000	1	[{"added": {}}]	20	1
339	2026-01-12 14:33:06.506463+07	42	Mission 42 - active_downline: Ketika Anda sudah mencapai target seorang agen kerja, Anda dapat klaim penghasilan tetap 3 kali dalam satu bulan IDR 6.700.000	1	[{"added": {}}]	20	1
340	2026-01-12 14:53:51.730887+07	6	CoreVolt Resmi Meluncurkan Program VIP Berjenjang	2	[{"changed": {"fields": ["Body", "Image"]}}]	31	1
341	2026-01-12 14:54:21.248956+07	7	CoreVolt Memperkuat Sistem Layanan untuk Mendukung Pengalaman Pengguna	1	[{"added": {}}]	31	1
342	2026-01-12 14:54:45.732274+07	8	CoreVolt Memperluas Arah Pengembangan Layanan Berbasis Keanggotaan	1	[{"added": {}}]	31	1
343	2026-01-12 14:55:07.878182+07	9	CoreVolt Menegaskan Komitmen terhadap Keamanan dan Keandalan Sistem	1	[{"added": {}}]	31	1
344	2026-01-12 14:55:35.800718+07	10	CoreVolt Menegaskan Arah Visi Pengembangan Layanan Berbasis Nilai dan Keberlanjutan	1	[{"added": {}}]	31	1
345	2026-01-12 14:56:02.287657+07	11	CoreVolt Memperkenalkan Struktur Layanan Terintegrasi dengan Pendekatan Berjenjang	1	[{"added": {}}]	31	1
346	2026-01-12 14:56:35.670862+07	12	CoreVolt Menyusun Arsitektur Program Berbasis Periode untuk Mendukung Perencanaan Pengguna	1	[{"added": {}}]	31	1
347	2026-01-12 14:56:58.820215+07	13	CoreVolt Mendorong Pemahaman Pengguna melalui Transparansi Mekanisme Layanan	1	[{"added": {}}]	31	1
348	2026-01-12 14:57:26.564112+07	14	CoreVolt Memperkuat Strategi Komunikasi Digital untuk Menjangkau Masyarakat Lebih Luas	1	[{"added": {}}]	31	1
349	2026-01-12 14:59:18.692627+07	15	CoreVolt Menetapkan Misi Pengembangan Keuntungan Berbasis Langganan	1	[{"added": {}}]	31	1
350	2026-01-12 15:00:03.007264+07	16	CoreVolt Mengarahkan Pengembangan Layanan untuk Meningkatkan Nilai Keuntungan Langganan	1	[{"added": {}}]	31	1
351	2026-01-12 15:00:40.98141+07	17	CoreVolt Mengarahkan Pengembangan Layanan untuk Meningkatkan Nilai Tambah bagi Pengguna	1	[{"added": {}}]	31	1
352	2026-01-12 15:02:27.59074+07	18	CoreVolt Menegaskan Nilai Inti dan Budaya Kerja sebagai Fondasi Pengembangan Perusahaan	1	[{"added": {}}]	31	1
353	2026-01-12 15:04:11.942363+07	19	CoreVolt Menetapkan Core Values sebagai Landasan Budaya Perusahaan	1	[{"added": {}}]	31	1
354	2026-01-12 15:35:21.125539+07	10	PowerVault S	2	[{"changed": {"fields": ["Name", "Description", "Price", "Image", "Specifications", "Purchase limit", "Max purchase count", "Stock", "Profit rate", "Duration (days)", "Custom field 1 title", "Custom field 1 content", "Custom field 2 title", "Custom field 2 content", "Custom field 3 title", "Custom field 3 content"]}}]	11	1
355	2026-01-12 15:35:34.338936+07	10	PowerVault S	2	[{"changed": {"fields": ["Image"]}}]	11	1
356	2026-01-12 15:39:39.96008+07	9	PowerVault AA	2	[{"changed": {"fields": ["Name", "Description", "Price", "Image", "Specifications", "Stock", "Profit rate", "Duration (days)", "Custom field 1 title", "Custom field 1 content", "Custom field 2 title", "Custom field 2 content", "Custom field 3 title", "Custom field 3 content"]}}]	11	1
357	2026-01-12 15:43:14.413133+07	8	PowerVault M	2	[{"changed": {"fields": ["Name", "Description", "Price", "Image", "Specifications", "Stock", "Profit rate", "Duration (days)", "Custom field 1 title", "Custom field 1 content", "Custom field 2 title", "Custom field 2 content", "Custom field 3 title", "Custom field 3 content"]}}]	11	1
358	2026-01-12 15:45:38.039493+07	7	PowerVault L	2	[{"changed": {"fields": ["Name", "Description", "Price", "Image", "Specifications", "Purchase limit", "Max purchase count", "Stock", "Profit rate", "Profit method", "Duration (days)", "Claim reset mode", "Claim reset hours", "Purchase rebate level 1", "Custom field 1 title", "Custom field 1 content", "Custom field 2 title", "Custom field 2 content", "Custom field 3 title", "Custom field 3 content"]}}]	11	1
359	2026-01-12 15:48:17.476067+07	6	PowerVault Secure	2	[{"changed": {"fields": ["Name", "Description", "Price", "Image", "Specifications", "Purchase limit", "Max purchase count", "Stock", "Profit rate", "Profit method", "Duration (days)", "Claim reset mode", "Claim reset hours", "Purchase rebate level 1", "Custom field 1 title", "Custom field 1 content", "Custom field 2 title", "Custom field 2 content", "Custom field 3 title", "Custom field 3 content"]}}]	11	1
360	2026-01-12 15:50:17.28458+07	5	Tower One	2	[{"changed": {"fields": ["Name", "Description", "Price", "Image", "Specifications", "Purchase limit", "Max purchase count", "Stock", "Profit rate", "Duration (days)", "Claim reset mode", "Claim reset hours", "Purchase rebate level 1", "Custom field 1 title", "Custom field 1 content", "Custom field 2 title", "Custom field 2 content", "Custom field 3 title", "Custom field 3 content"]}}]	11	1
361	2026-01-12 15:52:30.431187+07	4	Tower Dualingal	2	[{"changed": {"fields": ["Name", "Description", "Price", "Image", "Specifications", "Purchase limit", "Max purchase count", "Stock", "Profit rate", "Profit method", "Duration (days)", "Claim reset mode", "Claim reset hours", "Purchase rebate level 1", "Custom field 1 title", "Custom field 1 content", "Custom field 2 title", "Custom field 2 content", "Custom field 3 title", "Custom field 3 content"]}}]	11	1
362	2026-01-12 15:54:16.571875+07	3	Tower Meridian	2	[{"changed": {"fields": ["Name", "Description", "Price", "Image", "Specifications", "Purchase limit", "Max purchase count", "Stock", "Profit rate", "Profit method", "Duration (days)", "Claim reset mode", "Claim reset hours", "Purchase rebate level 1", "Custom field 1 title", "Custom field 1 content", "Custom field 2 title", "Custom field 2 content", "Custom field 3 title", "Custom field 3 content"]}}]	11	1
363	2026-01-12 15:56:07.601351+07	2	SmartStorage X	2	[{"changed": {"fields": ["Name", "Description", "Price", "Image", "Specifications", "Purchase limit", "Max purchase count", "Stock", "Profit rate", "Profit method", "Duration (days)", "Claim reset mode", "Claim reset hours", "Purchase rebate level 1", "Custom field 1 title", "Custom field 1 content", "Custom field 2 title", "Custom field 2 content", "Custom field 3 title", "Custom field 3 content"]}}]	11	1
414	2026-01-14 11:32:14.625962+07	1534	DEP-20260114110811-A75049 - +628111222333	2	[{"changed": {"fields": ["Type", "Status"]}}]	12	1
415	2026-01-14 13:46:35.739565+07	2	k00rkthpl8@example.com	2	[{"changed": {"fields": ["Phone"]}}]	8	1
364	2026-01-12 15:57:28.600728+07	1	EdgeStorage	2	[{"changed": {"fields": ["Name", "Description", "Price", "Image", "Specifications", "Purchase limit", "Max purchase count", "Stock", "Profit rate", "Profit method", "Duration (days)", "Claim reset mode", "Claim reset hours", "Purchase rebate level 1", "Custom field 1 title", "Custom field 1 content", "Custom field 2 title", "Custom field 2 content", "Custom field 3 title", "Custom field 3 content"]}}]	11	1
365	2026-01-12 15:59:12.248367+07	36	GridStorage Pro	2	[{"changed": {"fields": ["Name", "Description", "Price", "Image", "Specifications", "Purchase limit", "Max purchase count", "Stock", "Profit rate", "Profit method", "Duration (days)", "Claim reset mode", "Claim reset hours", "Purchase rebate level 1", "Custom field 1 title", "Custom field 1 content", "Custom field 2 title", "Custom field 2 content", "Custom field 3 title", "Custom field 3 content", "Custom field 4 title", "Custom field 4 content", "Custom field 5 title", "Custom field 5 content", "Custom field 6 title", "Custom field 6 content", "Custom field 7 title", "Custom field 7 content"]}}]	11	1
366	2026-01-12 16:00:43.745015+07	3	Facebook (other)	2	[{"changed": {"fields": ["Url", "Description"]}}]	30	1
367	2026-01-12 16:01:23.961878+07	2	WA (whatsapp)	2	[{"changed": {"fields": ["Url", "Description"]}}]	30	1
368	2026-01-12 16:01:35.455588+07	2	WhatsApp (whatsapp)	2	[{"changed": {"fields": ["Title"]}}]	30	1
369	2026-01-12 16:02:07.679004+07	1	Telegram (telegram)	2	[{"changed": {"fields": ["Url", "Description"]}}]	30	1
370	2026-01-12 16:02:18.741242+07	3	999999 (fixed)	3		18	1
371	2026-01-12 16:02:18.746771+07	2	000000 (fixed)	3		18	1
372	2026-01-12 16:02:18.748281+07	1	Yorobun (random)	3		18	1
373	2026-01-12 16:02:18.748281+07	8	bebekdungu (fixed)	3		18	1
374	2026-01-12 16:02:39.438391+07	4	123456 (fixed)	1	[{"added": {}}]	18	1
375	2026-01-12 16:33:25.719727+07	42	DEP-20260112163311-5897EB - JAYAPAY - 53	2	[{"changed": {"fields": ["Status"]}}]	29	1
376	2026-01-12 16:47:51.362947+07	53	test04@gmail.com	2	[{"changed": {"fields": ["Balance deposit"]}}]	8	1
377	2026-01-12 16:48:49.676828+07	53	test04@gmail.com	2	[{"changed": {"fields": ["Balance deposit"]}}]	8	1
378	2026-01-12 21:51:15.134749+07	41	Mission 41 - active_downline: Ketika Anda sudah mencapai target seorang agen kerja, Anda dapat klaim penghasilan tetap 3 kali dalam satu bulan IDR 1.750.000	2	[{"changed": {"fields": ["Jenis Misi"]}}]	20	1
379	2026-01-12 22:33:11.879423+07	1	Mission 1 - referral: Bagikan tautan undangan Anda dan dapatkan anggota untuk membuka manfaat IDR 2.000	2	[{"changed": {"fields": ["Ambang Progres"]}}]	20	1
380	2026-01-12 22:33:35.879123+07	14	Mission 14 - referral: Bagikan tautan undangan Anda dan dapatkan anggota untuk membuka manfaat IDR 100.000	2	[{"changed": {"fields": ["Jenis Misi"]}}]	20	1
381	2026-01-12 22:34:08.500586+07	15	Mission 15 - deposit: Anggota Anda melakukan beberapa pengisian ulang, ambil manfaatnya IDR 56.000	2	[{"changed": {"fields": ["Ambang Progres"]}}]	20	1
382	2026-01-12 22:36:56.280418+07	23	Mission 23 - deposit_self: Ketika Anda melakukan isi ulang, manfaat Anda lebih banyak setelah mencapainya. Menerima IDR 30.000. Ambil hadiah fisik sekarang.	2	[{"changed": {"fields": ["Ambang Progres"]}}]	20	1
383	2026-01-12 22:37:15.014737+07	35	Mission 35 - active_downline: Ketika Anda sudah mencapai target seorang agen kerja, Anda dapat klaim penghasilan tetap 3 kali dalam satu bulan IDR 50.000	2	[{"changed": {"fields": ["Ambang Progres"]}}]	20	1
384	2026-01-13 08:52:21.585525+07	9	ChatThread(user=55, closed=False)	2	[{"added": {"name": "support chat message", "object": "Msg(thread=9, sender=ADMIN, at=2026-01-13 01:52:21.585525+00:00)"}}]	33	1
385	2026-01-13 10:53:35.127969+07	56	testing02@gmail.com	2	[{"changed": {"fields": ["Balance", "Balance deposit"]}}]	8	1
386	2026-01-13 10:57:52.11639+07	3	Facebook (other)	3		30	1
387	2026-01-13 11:05:46.021218+07	56	testing02@gmail.com	2	[{"changed": {"fields": ["Balance"]}}]	8	1
388	2026-01-13 11:12:20.610919+07	56	testing01@gmail.com	2	[{"changed": {"fields": ["Email"]}}]	8	1
389	2026-01-13 11:12:34.144468+07	56	testing01@gmail.com	2	[{"changed": {"fields": ["Username"]}}]	8	1
390	2026-01-13 11:49:04.425584+07	36	Mission 36 - active_downline: Ketika Anda sudah mencapai target seorang agen kerja, Anda dapat klaim penghasilan tetap 3 kali dalam satu bulan IDR 95.000	2	[{"changed": {"fields": ["Ambang Progres"]}}]	20	1
391	2026-01-13 11:51:22.966566+07	62	testing07@gmail.com	2	[{"changed": {"fields": ["Balance"]}}]	8	1
392	2026-01-13 13:54:58.101501+07	1	Referral Code: numbers_only/14	2	[{"changed": {"fields": ["Otp enabled", "Verifyway api key"]}}]	9	1
393	2026-01-13 15:40:07.863679+07	62	testing07@gmail.com	2	[{"changed": {"fields": ["Username"]}}]	8	1
394	2026-01-13 15:43:04.353341+07	22	8111333111 - BOC(Bank Of CHINA) 213464	3		23	1
395	2026-01-13 17:29:42.203059+07	1	Referral Code: numbers_only/14	2	[{"changed": {"fields": ["Otp enabled", "Whatsapp check enabled", "Checknumber api key"]}}]	9	1
396	2026-01-13 20:15:36.537613+07	21	8111222333 - Neo Commerce(Bank Neo Commerce) 123456789	3		23	1
397	2026-01-13 20:19:17.661894+07	28	8111222333 - 100000.00 (REJECTED)	2	[{"changed": {"fields": ["Status"]}}]	26	1
398	2026-01-13 20:20:30.838562+07	29	8111222333 - 100000.00 (PROCESSING)	2	[{"changed": {"fields": ["Status"]}}]	26	1
399	2026-01-13 20:20:51.559313+07	29	8111222333 - 100000.00 (COMPLETED)	2	[{"changed": {"fields": ["Status"]}}]	26	1
400	2026-01-14 00:39:17.166931+07	1	Referral Code: numbers_only/14	2	[{"changed": {"fields": ["Verifynow customer id", "Verifynow api key"]}}]	9	1
401	2026-01-14 00:40:38.269695+07	1	Referral Code: numbers_only/14	2	[{"changed": {"fields": ["Otp enabled", "Whatsapp check enabled"]}}]	9	1
402	2026-01-14 01:03:04.714529+07	3	085770404473 - None	3		36	1
403	2026-01-14 01:03:04.729402+07	2	8975617198 - 719666	3		36	1
404	2026-01-14 01:03:04.731003+07	1	85770404473 - None	3		36	1
405	2026-01-14 01:06:30.815834+07	1	Referral Code: numbers_only/14	2	[{"changed": {"fields": ["Verifynow api key"]}}]	9	1
406	2026-01-14 10:21:02.910247+07	1	Referral Code: numbers_only/14	2	[{"changed": {"fields": ["Otp enabled"]}}]	9	1
407	2026-01-14 10:29:11.489119+07	1	Referral Code: numbers_only/14	2	[{"changed": {"fields": ["Otp enabled"]}}]	9	1
408	2026-01-14 10:42:58.28063+07	65	testingotp@gmail.com	2	[{"changed": {"fields": ["Phone"]}}]	8	1
409	2026-01-14 10:54:06.206007+07	66	testingotp1@gmail.com	2	[{"changed": {"fields": ["Phone"]}}]	8	1
410	2026-01-14 10:55:48.011661+07	68	testingotp3@gmail.com	2	[{"changed": {"fields": ["Phone"]}}]	8	1
411	2026-01-14 11:05:05.144538+07	55	testing0@gmail.com	2	[{"changed": {"fields": ["Phone"]}}]	8	1
412	2026-01-14 11:08:39.274255+07	62	DEP-20260114110811-A75049 - KLIKPAY - 55	2	[{"changed": {"fields": ["Status"]}}]	29	1
413	2026-01-14 11:31:47.494979+07	61	DEP-20260114110811-920098 - KLIKPAY - 55	2	[{"changed": {"fields": ["Status"]}}]	29	1
416	2026-01-14 20:03:19.007704+07	67	testingotp2@gmail.com	2	[{"changed": {"fields": ["Phone"]}}]	8	1
417	2026-01-23 18:46:19.327569+07	24	+628111222333 - BPD Bali(Bank BPD Bali) 12345678	3		23	1
418	2026-01-23 18:46:19.335257+07	23	85770404123 - Bank Negara Indonesia(BNI) 435363565	3		23	1
419	2026-01-23 18:46:19.336794+07	20	83812591982 - ICBC(Bank ICBC Indonesia) 123456789	3		23	1
420	2026-01-23 18:46:19.336794+07	19	+6289595959595 - Bank Rakyat Indonesia(BRI) 67567567865	3		23	1
421	2026-01-24 00:52:53.771505+07	1	Referral Code: numbers_only/14	2	[{"changed": {"fields": ["Otp enabled", "Whatsapp check enabled"]}}]	9	1
422	2026-01-24 00:54:05.307796+07	2	k00rkthpl8@example.com	2	[{"changed": {"fields": ["password"]}}]	8	1
423	2026-01-24 15:31:58.750914+07	1	Referral Code: mixed/6	2	[{"changed": {"fields": ["Referral code case", "Referral code length", "Referral code pattern", "Registration bonus enabled", "Registration bonus amount", "Registration bonus wallet"]}}]	9	1
424	2026-01-24 16:05:54.153373+07	73	user124014@algosphere.com	2	[{"changed": {"fields": ["Balance deposit"]}}]	8	1
425	2026-01-24 17:55:37.183609+07	5	654321 (fixed)	1	[{"added": {}}]	18	1
426	2026-01-24 17:59:10.657846+07	5	654321 (fixed)	2	[{"changed": {"fields": ["Expires at"]}}]	18	1
427	2026-01-24 18:04:37.35022+07	25	+6286565656565 - BPD Bali(Bank BPD Bali) 2146546	3		23	1
428	2026-01-24 22:51:20.394636+07	3	AttendanceSettings(id=3, active=True)	2	[{"changed": {"fields": ["Reward type", "Fixed amount", "Min amount", "Max amount", "Daily cycle days", "Day 1 Reward", "Day 2 Reward", "Day 3 Reward", "Day 4 Reward", "Day 5 Reward", "Day 6 Reward", "Day 7 Reward"]}}]	16	1
429	2026-01-24 22:54:50.865996+07	41	Aceh(Bank Aceh) (Aceh)	3		22	1
430	2026-01-24 22:54:50.869087+07	30	Artha Graha Internasional(Bank Artha) (Artha)	3		22	1
431	2026-01-24 22:54:50.87064+07	38	BJB(Bank BJB) (BJB)	3		22	1
432	2026-01-24 22:54:50.872186+07	36	BOC(Bank Of CHINA) (BOC)	3		22	1
433	2026-01-24 22:54:50.873733+07	43	BPD Bali(Bank BPD Bali) (BPD Bali)	3		22	1
434	2026-01-24 22:54:50.8753+07	42	BPD Nusa Tenggara Barat (BPD NTB)	3		22	1
435	2026-01-24 22:54:50.876851+07	45	BPD Papua(Bank Papua) (BPD Papua)	3		22	1
436	2026-01-24 22:54:50.878395+07	53	BTPN(Bank BTPN) (BTPN)	3		22	1
437	2026-01-24 22:54:50.879936+07	34	Capital Indonesia(Bank Capital Indonesia) (Capital)	3		22	1
438	2026-01-24 22:54:50.879936+07	26	CIMB Niaga Syariah(CIMB Niaga Syariah) (CIMB Syariah)	3		22	1
439	2026-01-24 22:54:50.881502+07	25	CIMB Niaga(Bank CIMB Niaga) (CIMB)	3		22	1
440	2026-01-24 22:54:50.883029+07	29	Citibank(Citibank) (Citibank)	3		22	1
441	2026-01-24 22:54:50.883029+07	61	CTBC Indonesia(Bank CTBC Indonesia) (CTBC)	3		22	1
442	2026-01-24 22:54:50.884613+07	21	Danamon(Bank Danamon Indonesia) (Danamon)	3		22	1
443	2026-01-24 22:54:50.886129+07	32	DBS(DBS Bank) (DBS)	3		22	1
444	2026-01-24 22:54:50.887681+07	50	Ganesha(Bank Ganesha) (Ganesha)	3		22	1
445	2026-01-24 22:54:50.887681+07	55	Hana(Hana Bank) (Hana)	3		22	1
446	2026-01-24 22:54:50.889222+07	31	HSBC(HSBC Holdings PLC) (HSBC)	3		22	1
447	2026-01-24 22:54:50.890318+07	51	ICBC(Bank ICBC Indonesia) (ICBC)	3		22	1
448	2026-01-24 22:54:50.890318+07	59	Jago(Bank Jago) (Jago)	3		22	1
449	2026-01-24 22:54:50.891852+07	39	Jateng(Bank Jateng) (Jateng)	3		22	1
450	2026-01-24 22:54:50.891852+07	40	Jatim(Bank Jatim) (Jatim)	3		22	1
451	2026-01-24 22:54:50.893393+07	62	LINKAJA(LINKAJA) (LINKAJA)	3		22	1
452	2026-01-24 22:54:50.894937+07	44	Maluku Malut(Bank Maluku Malut) (Maluku)	3		22	1
453	2026-01-24 22:54:50.896+07	49	Maspion Indonesia(Bank Maspion) (Maspion)	3		22	1
454	2026-01-24 22:54:50.896+07	37	Mayapada(Bank Mayapada) (MAYAPADA)	3		22	1
455	2026-01-24 22:54:50.897541+07	23	Maybank(Maybank) (Maybank)	3		22	1
456	2026-01-24 22:54:50.899093+07	54	Mega(Bank Mega) (Mega)	3		22	1
457	2026-01-24 22:54:50.899093+07	47	Mestika Dharma(Bank Mestika) (MESTIKA)	3		22	1
458	2026-01-24 22:54:50.900627+07	46	Muamalat Indonesia(Bank Muamalat) (Muamalat)	3		22	1
459	2026-01-24 22:54:50.902194+07	57	National Nobu(Bank National Nobu) (Nobu)	3		22	1
460	2026-01-24 22:54:50.903729+07	56	Neo Commerce(Bank Neo Commerce) (Neo Commerce)	3		22	1
461	2026-01-24 22:54:50.903729+07	28	OCBC NISP(Bank OCBC NISP) (OCBC NISP)	3		22	1
462	2026-01-24 22:54:50.905478+07	24	Panin(PaninBank) (Panin)	3		22	1
463	2026-01-24 22:54:50.905478+07	22	Permata(Bank Permata) (Permata)	3		22	1
464	2026-01-24 22:54:50.907083+07	52	QNB Indonesia(Bank QNB Indonesia) (QNB)	3		22	1
465	2026-01-24 22:54:50.908626+07	58	Seabank Indonesia(PT Bank Seabank Indonesia) (Seabank)	3		22	1
466	2026-01-24 22:54:50.908626+07	48	Sinarmas(Bank Sinarmas) (Sinarmas)	3		22	1
467	2026-01-24 22:54:50.91016+07	33	Standard Chartered(Standard CH Bank) (Standard CH)	3		22	1
468	2026-01-24 22:54:50.91016+07	27	UOB(United Overseas Bank Limited) (UOB)	3		22	1
469	2026-01-24 22:54:50.9117+07	60	Victoria International(Bank Victoria International) (Victoria)	3		22	1
470	2026-01-24 22:54:50.913247+07	35	Woori Indonesia(Bank Woori Saudara) (Woori)	3		22	1
471	2026-01-24 22:55:43.182689+07	18	Bank Central Asia(BCA) (BCA)	2	[{"changed": {"fields": ["Min withdrawal"]}}]	22	1
472	2026-01-24 22:56:19.444325+07	18	Bank Central Asia(BCA) (BCA)	2	[{"changed": {"fields": ["Withdrawal fee"]}}]	22	1
473	2026-01-24 22:56:32.154807+07	17	Bank Negara Indonesia(BNI) (BNI)	2	[{"changed": {"fields": ["Min withdrawal", "Withdrawal fee"]}}]	22	1
474	2026-01-24 22:56:40.58785+07	15	Bank Rakyat Indonesia(BRI) (BRI)	2	[{"changed": {"fields": ["Min withdrawal", "Withdrawal fee"]}}]	22	1
475	2026-01-24 22:56:50.237104+07	13	DANA(DANA) (DANA)	2	[{"changed": {"fields": ["Min withdrawal", "Withdrawal fee"]}}]	22	1
476	2026-01-24 22:56:59.716217+07	14	GOPAY(GOPAY) (GOPAY)	2	[{"changed": {"fields": ["Min withdrawal", "Withdrawal fee"]}}]	22	1
477	2026-01-24 22:57:12.216772+07	20	Mandiri(Bank Mandiri) (MANDIRI)	2	[{"changed": {"fields": ["Min withdrawal", "Withdrawal fee"]}}]	22	1
478	2026-01-24 22:57:22.494824+07	12	OVO(OVO) (OVO)	2	[{"changed": {"fields": ["Min withdrawal", "Withdrawal fee"]}}]	22	1
479	2026-01-24 22:57:41.634498+07	42	Mission 42 - active_downline: Ketika Anda sudah mencapai target seorang agen kerja, Anda dapat klaim penghasilan tetap 3 kali dalam satu bulan IDR 6.700.000	3		20	1
480	2026-01-24 22:57:41.639722+07	41	Mission 41 - active_downline: Ketika Anda sudah mencapai target seorang agen kerja, Anda dapat klaim penghasilan tetap 3 kali dalam satu bulan IDR 1.750.000	3		20	1
481	2026-01-24 22:57:41.640746+07	40	Mission 40 - active_downline: Ketika Anda sudah mencapai target seorang agen kerja, Anda dapat klaim penghasilan tetap 3 kali dalam satu bulan IDR 700.000	3		20	1
482	2026-01-24 22:57:41.642283+07	39	Mission 39 - active_downline: Ketika Anda sudah mencapai target seorang agen kerja, Anda dapat klaim penghasilan tetap 3 kali dalam satu bulan IDR 400.000	3		20	1
483	2026-01-24 22:57:41.643892+07	38	Mission 38 - active_downline: Ketika Anda sudah mencapai target seorang agen kerja, Anda dapat klaim penghasilan tetap 3 kali dalam satu bulan IDR 250.000	3		20	1
484	2026-01-24 22:57:41.645417+07	37	Mission 37 - active_downline: Ketika Anda sudah mencapai target seorang agen kerja, Anda dapat klaim penghasilan tetap 3 kali dalam satu bulan IDR 170.000	3		20	1
485	2026-01-24 22:57:41.645417+07	36	Mission 36 - active_downline: Ketika Anda sudah mencapai target seorang agen kerja, Anda dapat klaim penghasilan tetap 3 kali dalam satu bulan IDR 95.000	3		20	1
486	2026-01-24 22:57:41.646968+07	35	Mission 35 - active_downline: Ketika Anda sudah mencapai target seorang agen kerja, Anda dapat klaim penghasilan tetap 3 kali dalam satu bulan IDR 50.000	3		20	1
487	2026-01-24 22:57:41.648514+07	34	Mission 34 - deposit_self: LOREM IPSUM	3		20	1
488	2026-01-24 22:57:41.649523+07	33	Mission 33 - deposit_self: LOREMIPSUM	3		20	1
489	2026-01-24 22:57:41.650031+07	32	Mission 32 - deposit_self: LOREMIPSUM	3		20	1
490	2026-01-24 22:57:41.650031+07	31	Mission 31 - deposit_self: LOREM IPSUM	3		20	1
491	2026-01-24 22:57:41.651577+07	30	Mission 30 - deposit_self: LOREMIPSUM	3		20	1
492	2026-01-24 22:57:41.653124+07	29	Mission 29 - deposit_self: Ketika Anda melakukan isi ulang, manfaat Anda lebih banyak setelah mencapainya. Menerima IDR 1.800.000. Ambil hadiah fisik sekarang.	3		20	1
493	2026-01-24 22:57:41.653124+07	28	Mission 28 - deposit_self: Ketika Anda melakukan isi ulang, manfaat Anda lebih banyak setelah mencapainya. Menerima IDR 1.410.000. Ambil hadiah fisik sekarang.	3		20	1
494	2026-01-24 22:57:41.654665+07	27	Mission 27 - deposit_self: Ketika Anda melakukan isi ulang, manfaat Anda lebih banyak setelah mencapainya. Menerima IDR 888.000. Ambil hadiah fisik sekarang.	3		20	1
495	2026-01-24 22:57:41.654665+07	26	Mission 26 - deposit_self: Ketika Anda melakukan isi ulang, manfaat Anda lebih banyak setelah mencapainya. Menerima IDR 360.000. Ambil hadiah fisik sekarang.	3		20	1
496	2026-01-24 22:57:41.656221+07	25	Mission 25 - deposit_self: Ketika Anda melakukan isi ulang, manfaat Anda lebih banyak setelah mencapainya. Menerima IDR 150.000. Ambil hadiah fisik sekarang.	3		20	1
497	2026-01-24 22:57:41.657765+07	24	Mission 24 - deposit_self: Ketika Anda melakukan isi ulang, manfaat Anda lebih banyak setelah mencapainya. Menerima IDR 72.000. Ambil hadiah fisik sekarang.	3		20	1
498	2026-01-24 22:57:41.65832+07	23	Mission 23 - deposit_self: Ketika Anda melakukan isi ulang, manfaat Anda lebih banyak setelah mencapainya. Menerima IDR 30.000. Ambil hadiah fisik sekarang.	3		20	1
499	2026-01-24 22:57:41.65933+07	22	Mission 22 - deposit: Anggota Anda melakukan beberapa pengisian ulang, ambil manfaatnya IDR 3.005.000	3		20	1
500	2026-01-24 22:57:41.6612+07	21	Mission 21 - deposit: Anggota Anda melakukan beberapa pengisian ulang, ambil manfaatnya IDR 1.805.000	3		20	1
501	2026-01-24 22:57:41.6612+07	20	Mission 20 - deposit: Anggota Anda melakukan beberapa pengisian ulang, ambil manfaatnya IDR 1.005.000	3		20	1
502	2026-01-24 22:57:41.662749+07	19	Mission 19 - deposit: Anggota Anda melakukan beberapa pengisian ulang, ambil manfaatnya IDR 690.000	3		20	1
503	2026-01-24 22:57:41.662749+07	18	Mission 18 - deposit: Anggota Anda melakukan beberapa pengisian ulang, ambil manfaatnya IDR 290.000	3		20	1
504	2026-01-24 22:57:41.664302+07	16	Mission 16 - deposit: Anggota Anda melakukan beberapa pengisian ulang, ambil manfaatnya IDR 117.000	3		20	1
505	2026-01-24 22:57:41.664302+07	15	Mission 15 - deposit: Anggota Anda melakukan beberapa pengisian ulang, ambil manfaatnya IDR 56.000	3		20	1
506	2026-01-24 22:57:41.665858+07	14	Mission 14 - referral: Bagikan tautan undangan Anda dan dapatkan anggota untuk membuka manfaat IDR 100.000	3		20	1
507	2026-01-24 22:57:41.6674+07	13	Mission 13 - referral: Bagikan tautan undangan Anda dan dapatkan anggota untuk membuka manfaat IDR 80.000	3		20	1
508	2026-01-24 22:57:41.6674+07	12	Mission 12 - referral: Bagikan tautan undangan Anda dan dapatkan anggota untuk membuka manfaat IDR 60.000	3		20	1
509	2026-01-24 22:57:41.669475+07	11	Mission 11 - referral: Bagikan tautan undangan Anda dan dapatkan anggota untuk membuka manfaat IDR 38.000	3		20	1
510	2026-01-24 22:57:41.670485+07	10	Mission 10 - referral: Bagikan tautan undangan Anda dan dapatkan anggota untuk membuka manfaat IDR 15.000	3		20	1
511	2026-01-24 22:57:41.670485+07	9	Mission 9 - referral: Bagikan tautan undangan Anda dan dapatkan anggota untuk membuka manfaat IDR 10.000	3		20	1
512	2026-01-24 22:57:41.672075+07	8	Mission 8 - referral: Bagikan tautan undangan Anda dan dapatkan anggota untuk membuka manfaat IDR 7.000	3		20	1
513	2026-01-24 22:57:41.672075+07	1	Mission 1 - referral: Bagikan tautan undangan Anda dan dapatkan anggota untuk membuka manfaat IDR 2.000	3		20	1
514	2026-01-24 23:00:34.426333+07	43	Mission 43 - deposit: Kumpulkan total keseluruhan tim tingkat 1 mencapai IDR300.000 dan klaim bonus sebesar IDR30.000	1	[{"added": {}}]	20	1
515	2026-01-24 23:01:16.2801+07	44	Mission 44 - deposit: Kumpulkan total keseluruhan tim tingkat 1 mencapai IDR900.000 dan klaim bonus sebesar IDR80.000	1	[{"added": {}}]	20	1
516	2026-01-24 23:01:21.920439+07	44	Mission 44 - deposit: Kumpulkan total keseluruhan tim tingkat 1 mencapai IDR900.000 dan klaim bonus sebesar IDR80.000	2	[{"changed": {"fields": ["Level downline yang dihitung"]}}]	20	1
517	2026-01-24 23:02:50.113691+07	45	Mission 45 - deposit: Kumpulkan total keseluruhan tim tingkat 1 mencapai IDR1.800.000 dan klaim bonus sebesar IDR120.000	1	[{"added": {}}]	20	1
518	2026-01-24 23:03:21.42477+07	46	Mission 46 - deposit: Kumpulkan total keseluruhan tim tingkat 1 mencapai IDR3.500.000 dan klaim bonus sebesar IDR250.000	1	[{"added": {}}]	20	1
519	2026-01-24 23:04:19.381808+07	47	Mission 47 - deposit: Kumpulkan total keseluruhan tim tingkat 1 mencapai IDR5.000.000 dan klaim bonus sebesar IDR450.000	1	[{"added": {}}]	20	1
520	2026-01-24 23:04:49.830169+07	48	Mission 48 - deposit: Kumpulkan total keseluruhan tim tingkat 1 mencapai IDR7.800.000 dan klaim bonus sebesar IDR750.000	1	[{"added": {}}]	20	1
521	2026-01-24 23:05:20.515173+07	49	Mission 49 - deposit: Kumpulkan total keseluruhan tim tingkat 1 mencapai IDR10.000.000 dan klaim bonus sebesar IDR980.000	1	[{"added": {}}]	20	1
522	2026-01-24 23:06:40.462394+07	50	Mission 50 - deposit: Kumpulkan total keseluruhan tim tingkat 1 mencapai IDR15.000.000 dan klaim bonus sebesar IDR1.500.000	1	[{"added": {}}]	20	1
523	2026-01-24 23:10:21.906888+07	9	PowerVault AA	3		11	1
524	2026-01-24 23:10:21.912522+07	8	PowerVault M	3		11	1
525	2026-01-24 23:10:21.914054+07	7	PowerVault L	3		11	1
526	2026-01-24 23:10:21.914667+07	6	PowerVault Secure	3		11	1
527	2026-01-24 23:10:21.915681+07	5	Tower One	3		11	1
528	2026-01-24 23:10:21.917268+07	4	Tower Dualingal	3		11	1
529	2026-01-24 23:10:21.918808+07	3	Tower Meridian	3		11	1
530	2026-01-24 23:10:21.92034+07	2	SmartStorage X	3		11	1
531	2026-01-24 23:10:21.92034+07	1	EdgeStorage	3		11	1
532	2026-01-24 23:10:21.922063+07	36	GridStorage Pro	3		11	1
533	2026-01-24 23:19:06.512529+07	10	Cloud AI	2	[{"changed": {"fields": ["Name", "Description", "Price", "Image", "Specifications", "Purchase limit", "Max purchase count", "Profit rate", "Profit method", "Duration (days)", "Claim reset mode", "Claim reset hours", "Purchase rebate level 1", "Purchase rebate level 2"]}}]	11	1
534	2026-01-24 23:20:14.465546+07	12	NeuralAi-24827	1	[{"added": {}}]	11	1
535	2026-01-24 23:21:25.174987+07	13	InsightAi-10382	1	[{"added": {}}]	11	1
536	2026-01-24 23:22:19.076403+07	14	VisionAi-92639	1	[{"added": {}}]	11	1
537	2026-01-24 23:23:14.466784+07	15	SecureAi-17492	1	[{"added": {}}]	11	1
538	2026-01-24 23:24:13.07774+07	16	OpsAi-74692	1	[{"added": {}}]	11	1
539	2026-01-24 23:25:27.038935+07	17	ChatAi-49361	1	[{"added": {}}]	11	1
540	2026-01-24 23:26:15.659614+07	18	DevAi-27491	1	[{"added": {}}]	11	1
541	2026-01-24 23:26:32.558147+07	2	WhatsApp (whatsapp)	3		30	1
542	2026-01-24 23:27:07.021632+07	1	Telegram (telegram)	2	[{"changed": {"fields": ["Url", "Description"]}}]	30	1
543	2026-01-25 00:00:03.096378+07	85	DEP-20260124235949-4E3C2E - JAYAPAY - 77	2	[{"changed": {"fields": ["Status"]}}]	29	1
544	2026-01-25 00:00:33.052084+07	1633	DEP-20260124235949-4E3C2E - +628000000002	2	[{"changed": {"fields": ["Type", "Status"]}}]	12	1
545	2026-01-25 00:03:16.948281+07	43	Mission 43 - deposit: Kumpulkan total keseluruhan tim tingkat 1 mencapai Rp 300.000 dan klaim bonus sebesar Rp 30.000	2	[{"changed": {"fields": ["Deskripsi"]}}]	20	1
546	2026-01-25 00:03:39.881219+07	44	Mission 44 - deposit: Kumpulkan total keseluruhan tim tingkat 1 mencapai Rp 900.000 dan klaim bonus sebesar Rp 80.000	2	[{"changed": {"fields": ["Deskripsi"]}}]	20	1
547	2026-01-25 00:04:02.237866+07	45	Mission 45 - deposit: Kumpulkan total keseluruhan tim tingkat 1 mencapai Rp 1.800.000 dan klaim bonus sebesar Rp 120.000	2	[{"changed": {"fields": ["Deskripsi"]}}]	20	1
548	2026-01-25 00:04:27.81175+07	46	Mission 46 - deposit: Kumpulkan total keseluruhan tim tingkat 1 mencapai Rp 3.500.000 dan klaim bonus sebesar Rp 250.000	2	[{"changed": {"fields": ["Deskripsi"]}}]	20	1
549	2026-01-25 00:04:51.668862+07	47	Mission 47 - deposit: Kumpulkan total keseluruhan tim tingkat 1 mencapai Rp 5.000.000 dan klaim bonus sebesar Rp 450.000	2	[{"changed": {"fields": ["Deskripsi"]}}]	20	1
550	2026-01-25 00:10:41.305506+07	86	DEP-20260125001020-B1505A - JAYAPAY - 78	2	[{"changed": {"fields": ["Status"]}}]	29	1
551	2026-01-25 00:11:25.130944+07	1641	DEP-20260125001020-B1505A - +628000000003	2	[{"changed": {"fields": ["Type", "Status"]}}]	12	1
552	2026-01-25 13:36:31.123107+07	1	Telegram (telegram)	2	[]	30	1
553	2026-01-25 13:45:02.19438+07	76	user185180@algosphere.com	2	[{"changed": {"fields": ["Balance deposit"]}}]	8	1
554	2026-01-25 14:08:06.305846+07	30	+6289595959595 - OVO(OVO) 123456789	3		23	1
555	2026-01-25 14:11:52.580686+07	117	+6286565656565 - Cloud AI (1x)	3		13	1
556	2026-02-12 15:54:05.365957+07	8	as (fixed)	1	[{"added": {}}]	18	1
557	2026-02-12 18:50:11.798443+07	8	as (fixed)	2	[{"changed": {"fields": ["Is daily claim"]}}]	18	1
558	2026-02-12 19:10:06.128057+07	8	auto (fixed)	2	[{"changed": {"fields": ["Code"]}}]	18	1
559	2026-02-12 19:20:14.055269+07	8	auto (fixed)	2	[{"changed": {"fields": ["Usage limit"]}}]	18	1
560	2026-02-12 19:35:21.83573+07	1	WithdrawalSettings(active=True)	2	[{"changed": {"fields": ["Require pin"]}}]	25	1
561	2026-02-15 14:34:49.919931+07	10	Cloud AI	2	[{"changed": {"fields": ["Image"]}}]	11	1
562	2026-02-16 01:56:39.808909+07	1	Referral Code: mixed/6	2	[{"changed": {"fields": ["Require withdraw pin on purchase"]}}]	9	1
563	2026-02-16 14:34:53.066291+07	1	1 jam (5 jam, 15%)	1	[{"added": {}}]	38	1
564	2026-02-16 14:42:11.271262+07	2	2 Jam (1 jam, 11%)	1	[{"added": {}}]	38	1
565	2026-02-16 14:42:31.344079+07	3	3 jam (13 jam, 10%)	1	[{"added": {}}]	38	1
566	2026-02-16 16:59:00.244711+07	2	ChatThread(user=2, closed=False)	2	[{"added": {"name": "support chat message", "object": "Msg(thread=2, sender=ADMIN, at=2026-02-16 09:59:00.244711+00:00)"}}]	33	1
567	2026-02-16 18:16:09.525925+07	31	+6289595959595 - GOPAY(GOPAY) 5555555	3		23	1
568	2026-02-16 18:23:19.242225+07	12	Yaya (fixed)	1	[{"added": {}}]	18	1
569	2026-02-16 18:24:36.014061+07	12	test (fixed)	2	[{"changed": {"fields": ["Code", "Start at"]}}]	18	1
570	2026-02-16 18:25:01.612725+07	8	auto (fixed)	2	[{"changed": {"fields": ["Is active", "Is daily claim"]}}]	18	1
571	2026-02-16 18:25:37.099947+07	12	test (fixed)	2	[{"changed": {"fields": ["Is daily claim"]}}]	18	1
572	2026-02-17 10:44:52.906956+07	1	Referral Code: upper/7	2	[{"changed": {"fields": ["Referral code case", "Referral code length", "Referral code pattern", "Registration bonus enabled", "Registration bonus amount", "Require withdraw pin on register"]}}]	9	1
573	2026-02-17 10:45:07.745987+07	5	Testing 1 - Jawa jawa jawa 13349 - Jawa jawa jawa	3		35	1
574	2026-02-17 10:45:07.748627+07	4	Test03 - Test - Test	3		35	1
575	2026-02-17 10:45:07.748627+07	2	Yuyun - Singapore,singa,pore,88788 - Shangsu,shang,su,12	3		35	1
576	2026-02-17 10:45:07.750178+07	1	cfgfdghdh - sgdfghf - gjh	3		35	1
577	2026-02-17 10:45:07.750178+07	3	Test01 - Test01 test01 - Test01	3		35	1
578	2026-02-17 10:45:43.069819+07	3	AttendanceSettings(id=3, active=True)	2	[{"changed": {"fields": ["Reward type", "Fixed amount", "Min amount", "Max amount"]}}]	16	1
579	2026-02-17 10:45:57.415664+07	1	Max Banks Per User: 1	2	[]	24	1
580	2026-02-17 10:46:21.781592+07	18	Bank Central Asia (BCA)	2	[{"changed": {"fields": ["Name", "Min withdrawal"]}}]	22	1
581	2026-02-17 10:46:38.085161+07	18	Bank Central Asia (BCA)	2	[{"changed": {"fields": ["Withdrawal fee", "Processing time"]}}]	22	1
582	2026-02-17 10:46:45.776662+07	17	Bank Negara Indonesia(BNI) (BNI)	2	[{"changed": {"fields": ["Withdrawal fee"]}}]	22	1
583	2026-02-17 10:46:55.049485+07	17	Bank Negara Indonesia(BNI) (BNI)	2	[{"changed": {"fields": ["Min withdrawal"]}}]	22	1
584	2026-02-17 10:47:04.482875+07	15	Bank Rakyat Indonesia(BRI) (BRI)	2	[{"changed": {"fields": ["Min withdrawal", "Withdrawal fee"]}}]	22	1
585	2026-02-17 10:47:15.747698+07	13	DANA(DANA) (DANA)	2	[{"changed": {"fields": ["Min withdrawal", "Withdrawal fee"]}}]	22	1
586	2026-02-17 10:47:25.119125+07	14	GOPAY(GOPAY) (GOPAY)	2	[{"changed": {"fields": ["Min withdrawal", "Withdrawal fee"]}}]	22	1
587	2026-02-17 10:47:36.898513+07	20	Mandiri(Bank Mandiri) (MANDIRI)	2	[{"changed": {"fields": ["Min withdrawal", "Withdrawal fee"]}}]	22	1
588	2026-02-17 10:47:50.222851+07	12	OVO (OVO)	2	[{"changed": {"fields": ["Name", "Min withdrawal", "Withdrawal fee"]}}]	22	1
589	2026-02-17 10:48:01.034945+07	20	Mandiri (MANDIRI)	2	[{"changed": {"fields": ["Name"]}}]	22	1
590	2026-02-17 10:48:07.610712+07	14	GOPAY (GOPAY)	2	[{"changed": {"fields": ["Name"]}}]	22	1
591	2026-02-17 10:48:13.264604+07	13	DANA (DANA)	2	[{"changed": {"fields": ["Name"]}}]	22	1
592	2026-02-17 10:48:18.741342+07	15	Bank Rakyat Indonesia (BRI)	2	[{"changed": {"fields": ["Name"]}}]	22	1
593	2026-02-17 10:48:23.492851+07	17	Bank Negara Indonesia (BNI)	2	[{"changed": {"fields": ["Name"]}}]	22	1
594	2026-02-17 10:49:35.05743+07	50	Mission 50 - deposit: Kumpulkan total keseluruhan tim tingkat 1 mencapai IDR15.000.000 dan klaim bonus sebesar IDR1.500.000	3		20	1
595	2026-02-17 10:49:35.063985+07	49	Mission 49 - deposit: Kumpulkan total keseluruhan tim tingkat 1 mencapai IDR10.000.000 dan klaim bonus sebesar IDR980.000	3		20	1
596	2026-02-17 10:49:35.065527+07	48	Mission 48 - deposit: Kumpulkan total keseluruhan tim tingkat 1 mencapai IDR7.800.000 dan klaim bonus sebesar IDR750.000	3		20	1
597	2026-02-17 10:49:35.065527+07	47	Mission 47 - deposit: Kumpulkan total keseluruhan tim tingkat 1 mencapai Rp 5.000.000 dan klaim bonus sebesar Rp 450.000	3		20	1
598	2026-02-17 10:49:35.067075+07	46	Mission 46 - deposit: Kumpulkan total keseluruhan tim tingkat 1 mencapai Rp 3.500.000 dan klaim bonus sebesar Rp 250.000	3		20	1
599	2026-02-17 10:49:35.067075+07	45	Mission 45 - deposit: Kumpulkan total keseluruhan tim tingkat 1 mencapai Rp 1.800.000 dan klaim bonus sebesar Rp 120.000	3		20	1
600	2026-02-17 10:49:35.068599+07	44	Mission 44 - deposit: Kumpulkan total keseluruhan tim tingkat 1 mencapai Rp 900.000 dan klaim bonus sebesar Rp 80.000	3		20	1
601	2026-02-17 10:49:35.068599+07	43	Mission 43 - deposit: Kumpulkan total keseluruhan tim tingkat 1 mencapai Rp 300.000 dan klaim bonus sebesar Rp 30.000	3		20	1
602	2026-02-17 10:50:40.529267+07	51	Mission 51 - active_downline: Undang 10 teman tingkat 1-3 untuk membuka peti 50000	1	[{"added": {}}]	20	1
603	2026-02-17 10:51:45.958268+07	19	CoreVolt Menetapkan Core Values sebagai Landasan Budaya Perusahaan	3		31	1
604	2026-02-17 10:51:45.96591+07	18	CoreVolt Menegaskan Nilai Inti dan Budaya Kerja sebagai Fondasi Pengembangan Perusahaan	3		31	1
605	2026-02-17 10:51:45.967462+07	17	CoreVolt Mengarahkan Pengembangan Layanan untuk Meningkatkan Nilai Tambah bagi Pengguna	3		31	1
606	2026-02-17 10:51:45.967462+07	16	CoreVolt Mengarahkan Pengembangan Layanan untuk Meningkatkan Nilai Keuntungan Langganan	3		31	1
607	2026-02-17 10:51:45.969028+07	15	CoreVolt Menetapkan Misi Pengembangan Keuntungan Berbasis Langganan	3		31	1
608	2026-02-17 10:51:45.969692+07	14	CoreVolt Memperkuat Strategi Komunikasi Digital untuk Menjangkau Masyarakat Lebih Luas	3		31	1
609	2026-02-17 10:51:45.970725+07	13	CoreVolt Mendorong Pemahaman Pengguna melalui Transparansi Mekanisme Layanan	3		31	1
610	2026-02-17 10:51:45.970725+07	12	CoreVolt Menyusun Arsitektur Program Berbasis Periode untuk Mendukung Perencanaan Pengguna	3		31	1
611	2026-02-17 10:51:45.971641+07	11	CoreVolt Memperkenalkan Struktur Layanan Terintegrasi dengan Pendekatan Berjenjang	3		31	1
612	2026-02-17 10:51:45.972152+07	10	CoreVolt Menegaskan Arah Visi Pengembangan Layanan Berbasis Nilai dan Keberlanjutan	3		31	1
613	2026-02-17 10:51:45.972152+07	9	CoreVolt Menegaskan Komitmen terhadap Keamanan dan Keandalan Sistem	3		31	1
614	2026-02-17 10:51:45.973063+07	8	CoreVolt Memperluas Arah Pengembangan Layanan Berbasis Keanggotaan	3		31	1
615	2026-02-17 10:51:45.973577+07	7	CoreVolt Memperkuat Sistem Layanan untuk Mendukung Pengalaman Pengguna	3		31	1
616	2026-02-17 10:51:45.974165+07	6	CoreVolt Resmi Meluncurkan Program VIP Berjenjang	3		31	1
617	2026-02-17 10:57:16.909506+07	20	Ocerin Foundation Luncurkan Program Konservasi Laut Berkelanjutan	1	[{"added": {}}]	31	1
618	2026-02-17 10:58:49.332881+07	18	DevAi-27491	3		11	1
619	2026-02-17 10:58:49.335936+07	17	ChatAi-49361	3		11	1
620	2026-02-17 10:58:49.337466+07	16	OpsAi-74692	3		11	1
621	2026-02-17 10:58:49.337466+07	15	SecureAi-17492	3		11	1
622	2026-02-17 10:58:49.339024+07	14	VisionAi-92639	3		11	1
623	2026-02-17 10:58:49.339024+07	13	InsightAi-10382	3		11	1
624	2026-02-17 10:58:49.339024+07	12	NeuralAi-24827	3		11	1
625	2026-02-17 10:58:49.340572+07	10	Cloud AI	3		11	1
626	2026-02-17 11:04:16.580274+07	19	Proyek Konservasi-Penyu Laut	1	[{"added": {}}]	11	1
627	2026-02-17 11:08:26.835907+07	2	ChatThread(user=2, closed=False)	3		33	1
628	2026-02-17 11:08:26.841022+07	12	ChatThread(user=62, closed=False)	3		33	1
629	2026-02-17 11:08:26.842029+07	11	ChatThread(user=58, closed=False)	3		33	1
630	2026-02-17 11:08:26.842534+07	10	ChatThread(user=56, closed=False)	3		33	1
631	2026-02-17 11:08:26.843537+07	9	ChatThread(user=55, closed=False)	3		33	1
632	2026-02-17 11:08:26.843537+07	8	ChatThread(user=54, closed=False)	3		33	1
633	2026-02-17 11:08:26.843537+07	7	ChatThread(user=52, closed=False)	3		33	1
634	2026-02-17 11:08:26.845072+07	6	ChatThread(user=51, closed=False)	3		33	1
635	2026-02-17 11:08:26.845072+07	5	ChatThread(user=50, closed=False)	3		33	1
636	2026-02-17 11:08:26.845072+07	4	ChatThread(user=43, closed=False)	3		33	1
637	2026-02-17 11:08:26.846601+07	3	ChatThread(user=1, closed=False)	3		33	1
638	2026-02-17 11:08:26.846601+07	1	ChatThread(user=2, closed=True)	3		33	1
639	2026-02-17 11:08:50.632553+07	11	LIMITTEST (fixed)	3		18	1
640	2026-02-17 11:08:50.639036+07	9	DAILYTEST (fixed)	3		18	1
641	2026-02-17 11:08:50.641724+07	5	654321 (fixed)	3		18	1
642	2026-02-17 11:08:50.641724+07	4	123456 (fixed)	3		18	1
643	2026-02-17 11:10:47.492398+07	1	WithdrawalSettings(active=True)	2	[]	25	1
644	2026-02-17 16:56:34.159147+07	19	Proyek Konservasi-Penyu Laut	2	[{"changed": {"fields": ["Balance source"]}}]	11	1
645	2026-02-17 17:24:10.422019+07	8	auto (fixed)	2	[{"changed": {"fields": ["Expires at", "Balance type"]}}]	18	1
646	2026-02-17 17:24:20.214363+07	12	test (fixed)	3		18	1
647	2026-02-17 17:24:39.904807+07	8	auto (fixed)	2	[{"changed": {"fields": ["Expires at"]}}]	18	1
648	2026-02-17 17:24:57.904937+07	8	auto (fixed)	2	[{"changed": {"fields": ["Is active", "Is daily claim"]}}]	18	1
649	2026-02-17 19:24:47.033495+07	94	user_mlqelp1g_hxwesp@example.com	2	[{"changed": {"fields": ["password"]}}]	8	1
650	2026-02-17 19:25:05.428793+07	94	user_mlqelp1g_hxwesp@example.com	2	[{"changed": {"fields": ["Phone"]}}]	8	1
651	2026-02-17 19:58:05.751494+07	8	auto (fixed)	2	[{"changed": {"fields": ["Is active", "Is daily claim"]}}]	18	1
652	2026-02-17 19:58:39.310489+07	13	Auto01 (fixed)	1	[{"added": {}}]	18	1
653	2026-02-17 19:58:49.978127+07	13	Auto01 (fixed)	2	[{"changed": {"fields": ["Balance type"]}}]	18	1
794	2026-02-18 22:21:32.27946+07	60	testing05@gmail.com	3		8	1
654	2026-02-17 21:41:10.172101+07	19	Proyek Konservasi-Penyu Laut	2	[{"changed": {"fields": ["Price", "Profit rate"]}}]	11	1
655	2026-02-18 01:46:24.461584+07	64	uxxser@example.com	3		8	1
656	2026-02-18 01:47:52.795362+07	96	user_mlqyfwo1_9a9rkp@example.com	3		8	1
657	2026-02-18 02:08:49.441821+07	19	Proyek Konservasi-Penyu Laut	2	[{"changed": {"fields": ["Return principal on completion"]}}]	11	1
658	2026-02-18 11:53:13.958232+07	3	AttendanceSettings(id=3, active=True)	2	[{"changed": {"fields": ["Fixed amount", "Min amount", "Max amount"]}}]	16	1
659	2026-02-18 11:53:27.979748+07	18	Bank Central Asia (BCA)	2	[{"changed": {"fields": ["Min withdrawal"]}}]	22	1
660	2026-02-18 11:53:34.827366+07	17	Bank Negara Indonesia (BNI)	2	[{"changed": {"fields": ["Min withdrawal"]}}]	22	1
661	2026-02-18 11:53:41.716171+07	15	Bank Rakyat Indonesia (BRI)	2	[{"changed": {"fields": ["Min withdrawal"]}}]	22	1
662	2026-02-18 11:53:47.981705+07	13	DANA (DANA)	2	[{"changed": {"fields": ["Min withdrawal"]}}]	22	1
663	2026-02-18 11:53:56.318245+07	14	GOPAY (GOPAY)	2	[{"changed": {"fields": ["Min withdrawal"]}}]	22	1
664	2026-02-18 11:54:03.908289+07	20	Mandiri (MANDIRI)	2	[{"changed": {"fields": ["Min withdrawal"]}}]	22	1
665	2026-02-18 11:55:09.594948+07	12	OVO (OVO)	2	[{"changed": {"fields": ["Min withdrawal"]}}]	22	1
666	2026-02-18 12:40:10.475843+07	19	Proyek Konservasi-Uji Coba Biota	2	[{"changed": {"fields": ["Name", "Image", "Purchase limit", "Max purchase count", "Profit method", "Duration (days)", "Purchase rebate level 1", "Profit rebate level 1", "Profit rebate level 2", "Profit rebate level 3"]}}]	11	1
667	2026-02-18 12:42:57.358844+07	20	Proyek Konservasi-Kuda Laut	1	[{"added": {}}]	11	1
668	2026-02-18 12:43:21.151134+07	20	Proyek Konservasi-Kuda Laut	2	[]	11	1
669	2026-02-18 12:44:38.755149+07	21	Proyek Konservasi-Kerang Laut	1	[{"added": {}}]	11	1
670	2026-02-18 12:45:46.154104+07	22	Proyek Konservasi-Penyu Laut	1	[{"added": {}}]	11	1
671	2026-02-18 12:47:15.12996+07	23	Proyek Konservasi-Terumbu Karang	1	[{"added": {}}]	11	1
672	2026-02-18 12:51:45.093454+07	24	Proyek Konservasi-Padang Lamun	1	[{"added": {}}]	11	1
673	2026-02-18 12:52:58.091134+07	13	Auto01 (fixed)	3		18	1
674	2026-02-18 12:54:45.437136+07	1	Tarif biaya 13%-5 Jam Proses (5 jam, 13%)	2	[{"changed": {"fields": ["Name", "Description", "Fee percent"]}}]	38	1
675	2026-02-18 12:55:33.121565+07	2	Tarif biaya 9%-24 Jam Proses (24 jam, 9%)	2	[{"changed": {"fields": ["Name", "Description", "Duration hours", "Fee percent"]}}]	38	1
676	2026-02-18 12:56:09.941967+07	3	Tarif biaya 5%-48 Jam Proses (48 jam, 5%)	2	[{"changed": {"fields": ["Name", "Description", "Duration hours", "Fee percent"]}}]	38	1
677	2026-02-18 12:56:53.50523+07	41	+6289595959595 - 50000.00 (PENDING)	3		26	1
678	2026-02-18 12:56:53.511787+07	40	+6289595959595 - 50000.00 (PENDING)	3		26	1
679	2026-02-18 12:56:53.512307+07	39	89494949494 - 90000.00 (PENDING)	3		26	1
680	2026-02-18 12:56:53.513865+07	38	+6289595959595 - 50000.00 (PENDING)	3		26	1
681	2026-02-18 12:56:53.513865+07	37	+628000000001 - 35000.00 (PENDING)	3		26	1
682	2026-02-18 12:56:53.513865+07	36	+6289595959595 - 35000.00 (PENDING)	3		26	1
683	2026-02-18 12:56:53.515398+07	35	+6289595959595 - 35000.00 (PENDING)	3		26	1
684	2026-02-18 12:56:53.515398+07	34	+6289595959595 - 35000.00 (PENDING)	3		26	1
685	2026-02-18 12:56:53.516925+07	33	+628000000004 - 50000.00 (PENDING)	3		26	1
686	2026-02-18 12:56:53.516925+07	32	+6286565656565 - 50000.00 (PENDING)	3		26	1
687	2026-02-18 12:56:53.516925+07	31	+628111222333 - 50000.00 (PENDING)	3		26	1
688	2026-02-18 12:56:53.518447+07	30	+6289595959595 - 50000.00 (PENDING)	3		26	1
689	2026-02-18 12:56:53.519009+07	29	+628111222333 - 100000.00 (COMPLETED)	3		26	1
690	2026-02-18 12:56:53.519659+07	28	+628111222333 - 100000.00 (REJECTED)	3		26	1
691	2026-02-18 12:56:53.520587+07	27	85770404123 - 50000.00 (PENDING)	3		26	1
692	2026-02-18 12:56:53.520587+07	26	+6289595959595 - 50000.00 (PENDING)	3		26	1
693	2026-02-18 12:56:53.520587+07	25	+6289595959595 - 50000.00 (PENDING)	3		26	1
694	2026-02-18 12:56:53.522115+07	24	+6289595959595 - 100000.00 (PENDING)	3		26	1
695	2026-02-18 12:56:53.522115+07	23	+6289595959595 - 100000.00 (PENDING)	3		26	1
696	2026-02-18 12:56:53.522115+07	22	+6289595959595 - 100000.00 (PENDING)	3		26	1
697	2026-02-18 12:56:53.523653+07	21	+6289595959595 - 70000.00 (PENDING)	3		26	1
698	2026-02-18 12:56:53.523653+07	20	+6289595959595 - 700000.00 (COMPLETED)	3		26	1
699	2026-02-18 12:56:53.523653+07	19	083812591985 - 58750.00 (COMPLETED)	3		26	1
700	2026-02-18 12:56:53.525197+07	18	082122425470 - 48000.00 (PENDING)	3		26	1
701	2026-02-18 12:56:53.525197+07	17	082122425470 - 66750.00 (COMPLETED)	3		26	1
702	2026-02-18 12:56:53.526754+07	16	082122425470 - 66750.00 (REJECTED)	3		26	1
703	2026-02-18 12:56:53.526754+07	15	081808368211 - 100000.00 (PENDING)	3		26	1
704	2026-02-18 12:56:53.526754+07	14	081808368211 - 100000.00 (PENDING)	3		26	1
705	2026-02-18 12:56:53.528287+07	13	+6289595959595 - 100000.00 (PENDING)	3		26	1
706	2026-02-18 12:56:53.528287+07	12	+6289595959595 - 100000.00 (PENDING)	3		26	1
707	2026-02-18 12:56:53.528287+07	11	+6289595959595 - 100000.00 (PENDING)	3		26	1
708	2026-02-18 12:56:53.528287+07	10	+6289595959595 - 50000.00 (REJECTED)	3		26	1
709	2026-02-18 12:56:53.529836+07	9	+6289595959595 - 50000.00 (COMPLETED)	3		26	1
710	2026-02-18 12:56:53.529836+07	8	+6289595959595 - 50000.00 (COMPLETED)	3		26	1
711	2026-02-18 12:56:53.529836+07	7	0800123456789 - 50000.00 (REJECTED)	3		26	1
712	2026-02-18 12:56:53.531636+07	6	0800123456789 - 1022640.58 (COMPLETED)	3		26	1
713	2026-02-18 12:56:53.532677+07	5	0800123456789 - 1022640.58 (REJECTED)	3		26	1
714	2026-02-18 12:56:53.532677+07	4	8223456789 - 266274.73 (COMPLETED)	3		26	1
715	2026-02-18 12:56:53.534255+07	3	81123456789 - 269949.79 (COMPLETED)	3		26	1
716	2026-02-18 12:56:53.534255+07	2	80123456789 - 271245.64 (COMPLETED)	3		26	1
717	2026-02-18 12:56:53.534255+07	1	+6289595959595 - 50000.00 (REJECTED)	3		26	1
718	2026-02-18 13:25:22.779475+07	1	WithdrawalSettings(active=False)	2	[{"changed": {"fields": ["Is active"]}}]	25	1
719	2026-02-18 13:27:22.169447+07	1	WithdrawalSettings(active=True)	2	[{"changed": {"fields": ["Is active"]}}]	25	1
720	2026-02-18 13:42:00.596396+07	14	auto01 (fixed)	1	[{"added": {}}]	18	1
721	2026-02-18 13:44:13.915098+07	14	auto01 (fixed)	3		18	1
722	2026-02-18 13:44:48.049158+07	8	auto (fixed)	2	[{"changed": {"fields": ["Start at", "Expires at"]}}]	18	1
723	2026-02-18 13:45:09.161233+07	8	auto (fixed)	2	[{"changed": {"fields": ["Is active"]}}]	18	1
724	2026-02-18 13:45:23.889128+07	8	auto (fixed)	2	[{"changed": {"fields": ["Is daily claim"]}}]	18	1
725	2026-02-18 13:46:42.106246+07	8	auto (fixed)	2	[{"changed": {"fields": ["Start at", "Expires at", "Amount"]}}]	18	1
726	2026-02-18 13:47:00.853405+07	8	auto (fixed)	2	[{"changed": {"fields": ["Is active", "Is daily claim"]}}]	18	1
727	2026-02-18 13:47:06.494124+07	8	auto (fixed)	2	[{"changed": {"fields": ["Is active", "Is daily claim"]}}]	18	1
728	2026-02-18 13:56:57.276991+07	99	user_mlroh44b_4hux40@example.com	2	[{"changed": {"fields": ["Phone"]}}]	8	1
729	2026-02-18 13:57:16.276699+07	32	42mpcwhmgkve3mu4bsei@example.com	2	[{"changed": {"fields": ["Phone"]}}]	8	1
730	2026-02-18 13:57:28.889719+07	14	cuniy3c6u7g46l4wd37l@example.com	2	[{"changed": {"fields": ["Phone"]}}]	8	1
731	2026-02-18 13:57:36.077625+07	15	u6d95uowhwvn5eo0924p@example.com	2	[{"changed": {"fields": ["Phone"]}}]	8	1
732	2026-02-18 13:57:47.074463+07	9	7ys0gub7vt3jlyu5eh5n@example.com	2	[{"changed": {"fields": ["Phone"]}}]	8	1
733	2026-02-18 14:04:21.203286+07	33	+6289595959595 - Mandiri 984829502	3		23	1
734	2026-02-18 14:04:21.206303+07	32	89494949494 - GOPAY 12345678	3		23	1
735	2026-02-18 14:04:21.206303+07	29	+628000000004 - OVO 193828292	3		23	1
736	2026-02-18 14:04:21.207827+07	28	+628000000001 - Bank Negara Indonesia 37272281	3		23	1
737	2026-02-18 14:04:21.208335+07	27	+62899123456789 - OVO 1234567	3		23	1
738	2026-02-18 14:04:21.208335+07	26	+6286565656565 - Bank Rakyat Indonesia 123456789	3		23	1
739	2026-02-18 14:24:14.873252+07	51	Mission 51 - active_downline: Kelas 1-3 Tambahkan 8 orang Hadiah peti harta karun 20000 Rp	2	[{"changed": {"fields": ["Deskripsi", "Ambang Progres", "Nominal Hadiah"]}}]	20	1
740	2026-02-18 14:25:18.423562+07	52	Mission 52 - active_downline: Kelas 1-3 Tambahkan 15 orang Hadiah peti harta karun 45000 Rp	1	[{"added": {}}]	20	1
741	2026-02-18 14:26:06.342913+07	53	Mission 53 - active_downline: Kelas 1-3 Tambahkan 25 orang Hadiah peti harta karun 80000 Rp	1	[{"added": {}}]	20	1
742	2026-02-18 14:26:50.351175+07	54	Mission 54 - active_downline: Kelas 1-3 Tambahkan 35 orang Hadiah peti harta karun 130000 Rp	1	[{"added": {}}]	20	1
743	2026-02-18 14:27:33.453275+07	55	Mission 55 - active_downline: Kelas 1-3 Tambahkan 60 orang Hadiah peti harta karun 180000 Rp	1	[{"added": {}}]	20	1
744	2026-02-18 14:28:13.751961+07	56	Mission 56 - active_downline: Kelas 1-3 Tambahkan 90 orang Hadiah peti harta karun 260000 Rp	1	[{"added": {}}]	20	1
745	2026-02-18 14:28:51.78624+07	57	Mission 57 - active_downline: Kelas 1-3 Tambahkan 140 orang Hadiah peti harta karun 450000 Rp	1	[{"added": {}}]	20	1
746	2026-02-18 14:29:59.523003+07	58	Mission 58 - active_downline: Kelas 1-3 Tambahkan 200 orang Hadiah peti harta karun 700000	1	[{"added": {}}]	20	1
747	2026-02-18 14:32:16.147481+07	59	Mission 59 - active_downline: Kelas 1-3 Tambahkan 350 orang Hadiah peti harta karun 1000000 Rp	1	[{"added": {}}]	20	1
748	2026-02-18 14:33:18.620859+07	60	Mission 60 - active_downline: Kelas 1-3 Tambahkan 600 orang Hadiah peti harta karun 2500000 Rp	1	[{"added": {}}]	20	1
749	2026-02-18 14:42:22.445418+07	51	Mission 51 - active_downline: Kelas 1-3 Tambahkan 8 orang Hadiah peti harta karun 20000 Rp	2	[{"changed": {"fields": ["Ambang Progres"]}}]	20	1
750	2026-02-18 14:51:01.93738+07	104	user_mlrqe1bq_b37s9x@example.com	2	[{"changed": {"fields": ["Balance"]}}]	8	1
751	2026-02-18 14:53:14.653745+07	51	Mission 51 - active_downline: Kelas 1-3 Tambahkan 3 orang Hadiah peti harta karun 20000 Rp	2	[{"changed": {"fields": ["Deskripsi"]}}]	20	1
752	2026-02-18 19:50:27.002195+07	140	+6285770404473 - Proyek Konservasi-Uji Coba Biota (1x)	3		13	1
753	2026-02-18 19:50:27.022583+07	139	+6285770404473 - Proyek Konservasi-Uji Coba Biota (1x)	3		13	1
754	2026-02-18 19:50:39.021956+07	126	+6285770404473 - Proyek Konservasi-Uji Coba Biota (1x)	3		13	1
755	2026-02-18 20:07:07.492611+07	1	Referral Code: upper/7	2	[{"changed": {"fields": ["Whatsapp check enabled"]}}]	9	1
756	2026-02-18 22:14:32.183994+07	1	Referral Code: upper/7	2	[{"changed": {"fields": ["Whatsapp check enabled"]}}]	9	1
757	2026-02-18 22:14:52.154212+07	35	+6285770404473 - DANA 12345678	3		23	1
758	2026-02-18 22:14:52.155218+07	34	+6289595959595 - GOPAY 123456789	3		23	1
759	2026-02-18 22:17:56.816361+07	19	Proyek Konservasi-Uji Coba Biota	2	[{"changed": {"fields": ["Purchase rebate level 2"]}}]	11	1
760	2026-02-18 22:18:59.243404+07	15	ChatThread(user=2, closed=False)	3		33	1
761	2026-02-18 22:18:59.246456+07	14	ChatThread(user=1, closed=False)	3		33	1
762	2026-02-18 22:18:59.248026+07	13	ChatThread(user=94, closed=False)	3		33	1
763	2026-02-18 22:21:32.25281+07	104	user_mlrqe1bq_b37s9x@example.com	3		8	1
764	2026-02-18 22:21:32.257418+07	103	user_mlrq8l8n_plex9q@example.com	3		8	1
765	2026-02-18 22:21:32.257418+07	102	user_mlrpxngv_ixoghl@example.com	3		8	1
766	2026-02-18 22:21:32.258951+07	101	user_mlromhyl_k9rbjr@example.com	3		8	1
767	2026-02-18 22:21:32.258951+07	100	user_mlrokm7n_qchsyj@example.com	3		8	1
768	2026-02-18 22:21:32.26048+07	99	user_mlroh44b_4hux40@example.com	3		8	1
769	2026-02-18 22:21:32.262011+07	98	user_mlrodpe7_wlo0mb@example.com	3		8	1
770	2026-02-18 22:21:32.262011+07	97	user_mlqyfwo1_9a9rkp@example.com	3		8	1
771	2026-02-18 22:21:32.263541+07	95	user_mlqiqns4_fxnlep@example.com	3		8	1
772	2026-02-18 22:21:32.264548+07	91	l3@test.com	3		8	1
773	2026-02-18 22:21:32.265053+07	90	l2@test.com	3		8	1
774	2026-02-18 22:21:32.265053+07	89	l1@test.com	3		8	1
775	2026-02-18 22:21:32.268949+07	83		3		8	1
776	2026-02-18 22:21:32.268949+07	79	user410924@algosphere.com	3		8	1
777	2026-02-18 22:21:32.268949+07	78	user876015@algosphere.com	3		8	1
778	2026-02-18 22:21:32.270487+07	77	user107384@algosphere.com	3		8	1
779	2026-02-18 22:21:32.271879+07	76	user185180@algosphere.com	3		8	1
780	2026-02-18 22:21:32.271879+07	75	user999208@algosphere.com	3		8	1
781	2026-02-18 22:21:32.273542+07	74	user998749@algosphere.com	3		8	1
782	2026-02-18 22:21:32.274351+07	73	user124014@algosphere.com	3		8	1
783	2026-02-18 22:21:32.274854+07	72	user907462@algosphere.com	3		8	1
784	2026-02-18 22:21:32.275367+07	71	user201249@algosphere.com	3		8	1
785	2026-02-18 22:21:32.275367+07	70	yanto@gmail.com	3		8	1
786	2026-02-18 22:21:32.275367+07	69	testingotplagi1@gmail.com	3		8	1
787	2026-02-18 22:21:32.276897+07	68	testingotp3@gmail.com	3		8	1
788	2026-02-18 22:21:32.276897+07	67	testingotp2@gmail.com	3		8	1
789	2026-02-18 22:21:32.276897+07	66	testingotp1@gmail.com	3		8	1
790	2026-02-18 22:21:32.278428+07	65	testingotp@gmail.com	3		8	1
791	2026-02-18 22:21:32.278428+07	63	test08@gmail.com	3		8	1
792	2026-02-18 22:21:32.27946+07	62	testing07@gmail.com	3		8	1
793	2026-02-18 22:21:32.27946+07	61	testing06@gmail.com	3		8	1
795	2026-02-18 22:21:32.280997+07	59	testing04@gmail.com	3		8	1
796	2026-02-18 22:21:32.282094+07	58	testing03@gmail.com	3		8	1
797	2026-02-18 22:21:32.282094+07	57	testing02@gmail.com	3		8	1
798	2026-02-18 22:21:32.283626+07	56	testing01@gmail.com	3		8	1
799	2026-02-18 22:21:32.283626+07	55	testing0@gmail.com	3		8	1
800	2026-02-18 22:21:32.28464+07	54	test05@gmail.com	3		8	1
801	2026-02-18 22:21:32.285151+07	53	test04@gmail.com	3		8	1
802	2026-02-18 22:21:32.285151+07	52	test03@gmail.com	3		8	1
803	2026-02-18 22:21:32.285151+07	51	test02@gmail.com	3		8	1
804	2026-02-18 22:21:32.286679+07	50	test01@gmail.com	3		8	1
805	2026-02-18 22:21:32.286679+07	45	fdfdsdf@gmail.com	3		8	1
806	2026-02-18 22:21:32.288214+07	44	yuyun@gmail.com	3		8	1
807	2026-02-18 22:21:32.288214+07	43	xsdfgf@gmail.com	3		8	1
808	2026-02-18 22:21:32.289762+07	42	u3@test.com	3		8	1
809	2026-02-18 22:21:32.289762+07	41	u2@test.com	3		8	1
810	2026-02-18 22:21:32.289762+07	37	dszw7shijb5vphucvg98@example.com	3		8	1
811	2026-02-18 22:21:32.291287+07	36	jaxg841lrmidk14xkkh1@example.com	3		8	1
812	2026-02-18 22:21:32.291287+07	35	gq75m9spbinhje8j08md@example.com	3		8	1
813	2026-02-18 22:21:32.291287+07	34	sz8s0dxkivbkoilrlu7l@example.com	3		8	1
814	2026-02-18 22:21:32.292811+07	33	nkws7yg235hzyi0wce93@example.com	3		8	1
815	2026-02-18 22:21:32.292811+07	32	42mpcwhmgkve3mu4bsei@example.com	3		8	1
816	2026-02-18 22:21:32.292811+07	31	j8ypp0gya2s3tcekjdzp@example.com	3		8	1
817	2026-02-18 22:21:32.294342+07	30	becsze59sxae8x9z29n5@example.com	3		8	1
818	2026-02-18 22:21:32.294789+07	29	xzvvsimnxe6yh8f1o8n7@example.com	3		8	1
819	2026-02-18 22:21:32.294789+07	28	x78v65c758usdzyedbji@example.com	3		8	1
820	2026-02-18 22:21:32.295886+07	27	jf5hysfglpmii9cr33il@example.com	3		8	1
821	2026-02-18 22:21:32.295886+07	26	ni1izyqd8vx0fi0n65f1@example.com	3		8	1
822	2026-02-18 22:21:32.295886+07	25	d01j27yis8jf9yh2p7pz@example.com	3		8	1
823	2026-02-18 22:21:32.297388+07	24	5fi8heux3d3zyhgnxm02@example.com	3		8	1
824	2026-02-18 22:21:32.297388+07	23	h9f4bg6jnt16c0nbslb6@example.com	3		8	1
825	2026-02-18 22:21:32.297388+07	22	rw726uyc19fv1nto1bie@example.com	3		8	1
826	2026-02-18 22:21:32.298963+07	21	pi19c0osm5eqacjiuxd9@example.com	3		8	1
827	2026-02-18 22:21:32.298963+07	20	urrbpr80zcvjj02c1t7s@example.com	3		8	1
828	2026-02-18 22:21:32.298963+07	19	3l4edfmvm723x10ozgzi@example.com	3		8	1
829	2026-02-18 22:21:32.300492+07	18	soplgjduljsrgp7b7l56@example.com	3		8	1
830	2026-02-18 22:21:32.300492+07	17	ri41kj6l3upo9aybxtr7@example.com	3		8	1
831	2026-02-18 22:21:32.300492+07	16	jm0bhojymahirkm5rg0j@example.com	3		8	1
832	2026-02-18 22:21:32.300492+07	15	u6d95uowhwvn5eo0924p@example.com	3		8	1
833	2026-02-18 22:21:32.30202+07	14	cuniy3c6u7g46l4wd37l@example.com	3		8	1
834	2026-02-18 22:21:32.302536+07	13	xf8cghndrdy87shd1dp3@example.com	3		8	1
835	2026-02-18 22:21:32.302536+07	12	m3nyn8w5h28wuvtl7riz@example.com	3		8	1
836	2026-02-18 22:21:32.303552+07	11	87zri3smztadaprvorbn@example.com	3		8	1
837	2026-02-18 22:21:32.303552+07	10	a6ttv1124duaq5qbt41u@example.com	3		8	1
838	2026-02-18 22:21:32.304746+07	9	7ys0gub7vt3jlyu5eh5n@example.com	3		8	1
839	2026-02-18 22:21:32.304746+07	8	xx6oo1x5mh5nld73urmc@example.com	3		8	1
840	2026-02-18 22:21:32.304746+07	7	5i15tks11b@example.com	3		8	1
841	2026-02-18 22:21:32.306276+07	6	hc1bnzvf9q@example.com	3		8	1
842	2026-02-18 22:21:32.306276+07	5	1j4qltvtnj@example.com	3		8	1
843	2026-02-18 22:21:32.306276+07	4	8scuhtkknw@example.com	3		8	1
844	2026-02-18 22:21:32.307807+07	3	fkb8tiysht@example.com	3		8	1
845	2026-02-18 22:31:09.181742+07	16	ChatThread(user=105, closed=False)	2	[{"added": {"name": "support chat message", "object": "Msg(thread=16, sender=ADMIN, at=2026-02-18 15:31:09.181237+00:00)"}}]	33	1
846	2026-02-18 22:35:50.998471+07	3	AttendanceSettings(id=3, active=True)	2	[{"changed": {"fields": ["Reward type"]}}]	16	1
847	2026-02-18 23:03:11.691144+07	106	user_mls6ujlm_owhua3@example.com	2	[]	8	1
848	2026-02-18 23:11:44.168176+07	106	user_mls6ujlm_owhua3@example.com	2	[{"changed": {"fields": ["Balance"]}}]	8	1
849	2026-02-18 23:33:04.781675+07	43	+6289595959595 - 60000.00 (PENDING)	3		26	1
850	2026-02-18 23:33:04.784732+07	42	+6289595959595 - 60000.00 (PENDING)	3		26	1
851	2026-02-18 23:33:23.049349+07	1	WithdrawalSettings(active=False)	2	[{"changed": {"fields": ["Is active"]}}]	25	1
852	2026-02-18 23:34:20.127782+07	1	WithdrawalSettings(active=True)	2	[{"changed": {"fields": ["Is active"]}}]	25	1
853	2026-02-18 23:48:02.902904+07	127	user_mls9libq_2zurbk@example.com	2	[]	8	1
854	2026-02-18 23:48:21.434646+07	127	user_mls9libq_2zurbk@example.com	2	[{"changed": {"fields": ["Withdraw PIN (admin set/reset)"]}}]	8	1
855	2026-02-18 23:53:28.568529+07	128	user_mls9qnwc_umdmrr@example.com	2	[]	8	1
856	2026-02-19 01:19:53.694889+07	16	ChatThread(user=105, closed=False)	2	[{"added": {"name": "support chat message", "object": "Msg(thread=16, sender=ADMIN, at=2026-02-18 18:19:53.693337+00:00)"}}]	33	1
857	2026-02-19 01:29:02.31392+07	18	ChatThread(user=2, closed=False)	2	[{"added": {"name": "support chat message", "object": "Msg(thread=18, sender=ADMIN, at=2026-02-18 18:29:02.312879+00:00)"}}]	33	1
858	2026-02-19 01:30:49.961325+07	18	ChatThread(user=2, closed=False)	2	[{"added": {"name": "support chat message", "object": "Msg(thread=18, sender=ADMIN, at=2026-02-18 18:30:49.961325+00:00)"}}]	33	1
859	2026-02-19 01:47:41.659951+07	37	+6289595959595 - Mandiri 12345678	3		23	1
860	2026-02-19 01:49:16.352612+07	38	+6289595959595 - Bank Rakyat Indonesia 12345678	3		23	1
861	2026-02-19 10:21:25.763106+07	106	user_mls6ujlm_owhua3@example.com	2	[]	8	1
862	2026-02-19 10:53:33.886334+07	129	user_mlsxbpoo_o4b7y8@example.com	2	[]	8	1
863	2026-02-19 12:05:11.267111+07	8	auto (fixed)	2	[{"changed": {"fields": ["Is active", "Is daily claim"]}}]	18	1
864	2026-02-19 12:07:34.106574+07	8	auto (fixed)	2	[{"changed": {"fields": ["Amount"]}}]	18	1
865	2026-02-19 12:07:44.284562+07	8	auto (fixed)	2	[{"changed": {"fields": ["Is active", "Is daily claim"]}}]	18	1
866	2026-02-19 13:52:07.66838+07	18	ChatThread(user=2, closed=False)	2	[{"added": {"name": "support chat message", "object": "Msg(thread=18, sender=ADMIN, at=2026-02-19 06:52:07.666824+00:00)"}}]	33	1
867	2026-02-19 14:00:21.293954+07	18	ChatThread(user=2, closed=False)	2	[{"added": {"name": "support chat message", "object": "Msg(thread=18, sender=ADMIN, at=2026-02-19 07:00:21.292428+00:00)"}}]	33	1
868	2026-02-19 14:49:01.461901+07	19	Proyek Konservasi-Uji Coba Biota	2	[{"changed": {"fields": ["Qualify as active investment"]}}]	11	1
869	2026-02-19 14:49:23.163356+07	153	+6289797979797 - Proyek Konservasi-Uji Coba Biota (1x)	3		13	1
870	2026-02-19 14:56:16.504146+07	8	auto (fixed)	2	[{"changed": {"fields": ["Start at", "Expires at"]}}]	18	1
871	2026-02-19 15:11:13.957168+07	1	Telegram (telegram)	2	[{"changed": {"fields": ["Url", "Description"]}}]	30	1
872	2026-02-19 15:13:29.767939+07	1	Telegram (telegram)	2	[{"changed": {"fields": ["Url"]}}]	30	1
873	2026-02-19 15:26:40.347402+07	4	Layanan Ocerin (other)	1	[{"added": {}}]	30	1
874	2026-02-19 15:28:14.356194+07	18	ChatThread(user=2, closed=False)	3		33	1
875	2026-02-19 15:28:14.36329+07	20	ChatThread(user=131, closed=False)	3		33	1
876	2026-02-19 15:28:14.365358+07	19	ChatThread(user=130, closed=False)	3		33	1
877	2026-02-19 15:28:14.366374+07	16	ChatThread(user=105, closed=False)	3		33	1
878	2026-02-19 15:28:14.366374+07	17	ChatThread(user=106, closed=False)	3		33	1
879	2026-02-19 15:28:53.901876+07	21	ChatThread(user=106, closed=False)	2	[{"added": {"name": "support chat message", "object": "Msg(thread=21, sender=ADMIN, at=2026-02-19 08:28:53.901876+00:00)"}}]	33	1
880	2026-02-19 15:29:11.778361+07	21	ChatThread(user=106, closed=False)	2	[{"added": {"name": "support chat message", "object": "Msg(thread=21, sender=ADMIN, at=2026-02-19 08:29:11.776846+00:00)"}}]	33	1
881	2026-02-19 15:34:10.423466+07	1	WithdrawalSettings(active=True)	2	[]	25	1
882	2026-02-19 15:39:31.540104+07	134	user_mlt7kewo_qtangu@example.com	2	[]	8	1
883	2026-02-19 15:46:57.35944+07	41	+62812345678901 - OVO 038282828	3		23	1
884	2026-02-19 15:46:57.361016+07	40	+6281223456789 - OVO 136278282	3		23	1
885	2026-02-19 15:46:57.362542+07	39	+6289595959595 - OVO 12345678	3		23	1
886	2026-02-19 15:46:57.362542+07	36	+62812345678902 - Bank Negara Indonesia 123456789	3		23	1
887	2026-02-19 15:48:53.147145+07	42	+62812345678901 - Bank Rakyat Indonesia 7382828228	3		23	1
888	2026-02-19 16:24:42.245158+07	136	user_mlt961hs_14a8e0@example.com	2	[]	8	1
889	2026-02-19 16:28:39.124715+07	131	user_mlt0a1gv_947bxy@example.com	2	[]	8	1
890	2026-02-19 16:31:28.583758+07	135	user_mlt8zm7g_plrf65@example.com	2	[]	8	1
891	2026-02-19 16:38:38.641285+07	136	user_mlt961hs_14a8e0@example.com	2	[]	8	1
892	2026-02-19 16:38:53.95463+07	135	user_mlt8zm7g_plrf65@example.com	2	[]	8	1
893	2026-02-19 16:39:08.452463+07	131	user_mlt0a1gv_947bxy@example.com	2	[]	8	1
894	2026-02-19 22:03:36.575628+07	52	Mission 52 - active_downline: Kelas 1-3 Tambahkan 4 orang Hadiah peti harta karun 45000 Rp	2	[{"changed": {"fields": ["Deskripsi", "Ambang Progres"]}}]	20	1
895	2026-02-19 22:07:42.902749+07	137	user_mltldhik_d924fs@example.com	2	[{"changed": {"fields": ["Balance"]}}]	8	1
896	2026-02-19 22:15:21.888396+07	22	ChatThread(user=138, closed=False)	2	[{"added": {"name": "support chat message", "object": "Msg(thread=22, sender=ADMIN, at=2026-02-19 15:15:21.887387+00:00)"}}]	33	1
897	2026-02-19 22:17:02.86063+07	8	auto (fixed)	2	[]	18	1
898	2026-02-19 22:17:28.780691+07	8	auto (fixed)	2	[{"changed": {"fields": ["Amount"]}}]	18	1
899	2026-02-19 22:17:40.841341+07	8	auto (fixed)	2	[{"changed": {"fields": ["Is active", "Is daily claim"]}}]	18	1
900	2026-02-19 22:17:56.130773+07	8	auto (fixed)	2	[{"changed": {"fields": ["Is active", "Is daily claim", "Expires at"]}}]	18	1
901	2026-02-19 22:18:15.26215+07	8	auto (fixed)	2	[{"changed": {"fields": ["Expires at"]}}]	18	1
902	2026-02-19 22:32:36.741153+07	51	+6281808368210 - 35000.00 (CANCELLED)	2	[{"changed": {"fields": ["Status"]}}]	26	1
903	2026-02-19 22:32:46.619897+07	52	+6281808368210 - 35000.00 (PROCESSING)	2	[{"changed": {"fields": ["Status"]}}]	26	1
904	2026-02-19 22:33:09.756747+07	53	+6281808368210 - 35000.00 (COMPLETED)	2	[{"changed": {"fields": ["Status"]}}]	26	1
905	2026-03-03 00:25:04.964008+07	1	Referral Code: upper/7	2	[{"changed": {"fields": ["Require withdraw pin on register"]}}]	9	1
906	2026-03-03 02:02:21.397868+07	1	Referral Code: upper/7	2	[{"changed": {"fields": ["Require withdraw pin on purchase"]}}]	9	1
907	2026-03-05 11:28:37.398263+07	24	Proyek Konservasi-Padang Lamun	3		11	1
908	2026-03-05 11:28:37.424011+07	23	Proyek Konservasi-Terumbu Karang	3		11	1
909	2026-03-05 11:28:37.425524+07	22	Proyek Konservasi-Penyu Laut	3		11	1
910	2026-03-05 11:28:37.425524+07	21	Proyek Konservasi-Kerang Laut	3		11	1
911	2026-03-05 11:28:37.427066+07	20	Proyek Konservasi-Kuda Laut	3		11	1
912	2026-03-05 11:28:37.427066+07	19	Proyek Konservasi-Uji Coba Biota	3		11	1
913	2026-03-05 11:40:38.610056+07	25	Aset Standar I	1	[{"added": {}}]	11	1
914	2026-03-05 11:42:04.339331+07	26	Aset Standar II	1	[{"added": {}}]	11	1
915	2026-03-05 11:42:54.981429+07	27	Aset Standar III	1	[{"added": {}}]	11	1
916	2026-03-05 11:44:27.395032+07	28	Aset Standar IV	1	[{"added": {}}]	11	1
917	2026-03-05 11:45:11.414692+07	29	Aset Standar V	1	[{"added": {}}]	11	1
918	2026-03-05 11:56:31.034455+07	30	Aset Standar VI	1	[{"added": {}}]	11	1
919	2026-03-05 12:33:16.436964+07	31	Aset Standar VII	1	[{"added": {}}]	11	1
920	2026-03-05 12:35:12.404407+07	32	Prioritas I	1	[{"added": {}}]	11	1
921	2026-03-05 12:36:07.157034+07	33	Prioritas II	1	[{"added": {}}]	11	1
922	2026-03-05 12:37:06.837758+07	34	Prioritas III	1	[{"added": {}}]	11	1
923	2026-03-05 12:37:22.201389+07	32	Prioritas I	2	[{"changed": {"fields": ["Purchase limit", "Max purchase count"]}}]	11	1
924	2026-03-05 12:37:42.347281+07	33	Prioritas II	2	[{"changed": {"fields": ["Description", "Purchase limit", "Max purchase count"]}}]	11	1
925	2026-03-05 12:38:38.600003+07	34	Prioritas III	2	[]	11	1
926	2026-03-05 12:39:45.533899+07	35	Prioritas IV	1	[{"added": {}}]	11	1
927	2026-03-05 12:40:54.502337+07	36	Prioritas V	1	[{"added": {}}]	11	1
928	2026-03-05 12:51:37.729711+07	37	Prioritas VI	1	[{"added": {}}]	11	1
929	2026-03-05 12:53:47.098839+07	38	Kesejahteraan I	1	[{"added": {}}]	11	1
930	2026-03-05 12:53:58.625155+07	38	Kesejahteraan I	2	[]	11	1
931	2026-03-05 12:55:08.425279+07	39	Kesejahteraan II	1	[{"added": {}}]	11	1
932	2026-03-05 12:55:47.435478+07	40	Kesejahteraan III	1	[{"added": {}}]	11	1
933	2026-03-05 12:57:01.074198+07	41	Kesejahteraan IV	1	[{"added": {}}]	11	1
934	2026-03-05 12:57:34.136018+07	42	Kesejahteraan V	1	[{"added": {}}]	11	1
935	2026-03-05 12:58:12.320507+07	43	Kesejahteraan VI	1	[{"added": {}}]	11	1
936	2026-03-05 13:00:55.193445+07	44	Aset Pilihan I	1	[{"added": {}}]	11	1
937	2026-03-05 13:01:38.11926+07	45	Aset Pilihan II	1	[{"added": {}}]	11	1
938	2026-03-05 13:01:48.075546+07	45	Aset Pilihan II	2	[{"changed": {"fields": ["Profit rate"]}}]	11	1
939	2026-03-05 13:08:02.224583+07	46	Aset Pilihan III	1	[{"added": {}}]	11	1
940	2026-03-05 13:08:42.384031+07	47	Aset Pilihan IV	1	[{"added": {}}]	11	1
941	2026-03-05 13:09:44.738503+07	48	Aset Pilihan V	1	[{"added": {}}]	11	1
942	2026-03-05 13:12:12.290302+07	49	Aset Pilihan VI	1	[{"added": {}}]	11	1
943	2026-03-05 13:26:30.170517+07	1	Referral Code: mixed/9	2	[{"changed": {"fields": ["Referral code case", "Referral code length", "Referral code pattern", "Rank basis", "Rank use missions"]}}]	9	1
944	2026-03-05 13:27:33.927843+07	4	Rank 1 - VIP 0 (requires 0)	2	[{"changed": {"fields": ["Title"]}}]	10	1
945	2026-03-05 13:27:33.928851+07	5	Rank 2 - VIP 1 (requires 10000)	2	[{"changed": {"fields": ["Title", "Missions required total"]}}]	10	1
946	2026-03-05 13:27:33.929364+07	6	Rank 3 - VIP 2 (requires 20000)	2	[{"changed": {"fields": ["Title", "Missions required total"]}}]	10	1
947	2026-03-05 13:27:33.93037+07	7	Rank 4 - VIP 3 (requires 30000)	2	[{"changed": {"fields": ["Title", "Missions required total"]}}]	10	1
948	2026-03-05 13:27:33.930875+07	8	Rank 5 - VIP 4 (requires 40000)	2	[{"changed": {"fields": ["Title", "Missions required total"]}}]	10	1
949	2026-03-05 13:27:33.931912+07	9	Rank 6 - VIP 5 (requires 50000)	2	[{"changed": {"fields": ["Title", "Missions required total"]}}]	10	1
950	2026-03-05 13:27:33.932427+07	10	Rank 7 - VIP 6 (requires 60000)	2	[{"changed": {"fields": ["Title", "Missions required total"]}}]	10	1
951	2026-03-05 13:27:33.933433+07	11	Rank 8 - VIP 7 (requires 70000)	2	[{"changed": {"fields": ["Title", "Missions required total"]}}]	10	1
952	2026-03-05 13:27:33.933937+07	12	Rank 9 - VIP 8 (requires 80000)	2	[{"changed": {"fields": ["Title", "Missions required total"]}}]	10	1
953	2026-03-05 13:27:41.707369+07	13	Rank 10 - L10 (requires 90)	3		10	1
954	2026-03-05 14:06:39.76619+07	24	ChatThread(user=2, closed=False)	2	[{"added": {"name": "support chat message", "object": "Msg(thread=24, sender=ADMIN, at=2026-03-05 07:06:39.766190+00:00)"}}]	33	1
955	2026-03-05 14:14:54.616627+07	3	AttendanceSettings(id=3, active=True)	2	[{"changed": {"fields": ["Reward type", "Fixed amount", "Min amount", "Max amount"]}}]	16	1
956	2026-03-05 15:32:58.295667+07	5	Rank 2 - VIP 1 (requires 1)	2	[{"changed": {"fields": ["Missions required total"]}}]	10	1
957	2026-03-05 15:32:58.298734+07	6	Rank 3 - VIP 2 (requires 2)	2	[{"changed": {"fields": ["Missions required total"]}}]	10	1
958	2026-03-05 15:32:58.298734+07	7	Rank 4 - VIP 3 (requires 3)	2	[{"changed": {"fields": ["Missions required total"]}}]	10	1
959	2026-03-05 15:32:58.300348+07	8	Rank 5 - VIP 4 (requires 4)	2	[{"changed": {"fields": ["Missions required total"]}}]	10	1
960	2026-03-05 15:32:58.300348+07	9	Rank 6 - VIP 5 (requires 5)	2	[{"changed": {"fields": ["Missions required total"]}}]	10	1
961	2026-03-05 15:32:58.301882+07	10	Rank 7 - VIP 6 (requires 6)	2	[{"changed": {"fields": ["Missions required total"]}}]	10	1
962	2026-03-05 15:32:58.301882+07	11	Rank 8 - VIP 7 (requires 7)	2	[{"changed": {"fields": ["Missions required total"]}}]	10	1
963	2026-03-05 15:32:58.303409+07	12	Rank 9 - VIP 8 (requires 8)	2	[{"changed": {"fields": ["Missions required total"]}}]	10	1
964	2026-03-05 15:43:28.115266+07	46	+6289595959595 - Bank Central Asia 12345678	3		23	1
965	2026-03-05 15:43:28.123957+07	43	+62812345678901 - Bank Rakyat Indonesia 6372828228	3		23	1
966	2026-03-05 15:43:28.125506+07	45	+62812345678902 - Bank Rakyat Indonesia 12346474	3		23	1
967	2026-03-05 15:43:28.12652+07	44	+6281808368210 - Bank Rakyat Indonesia 124567754332	3		23	1
968	2026-03-05 15:43:50.757551+07	60	Mission 60 - active_downline: Kelas 1-3 Tambahkan 600 orang Hadiah peti harta karun 2500000 Rp	3		20	1
969	2026-03-05 15:43:50.760613+07	59	Mission 59 - active_downline: Kelas 1-3 Tambahkan 350 orang Hadiah peti harta karun 1000000 Rp	3		20	1
970	2026-03-05 15:43:50.76113+07	58	Mission 58 - active_downline: Kelas 1-3 Tambahkan 200 orang Hadiah peti harta karun 700000	3		20	1
971	2026-03-05 15:43:50.762193+07	57	Mission 57 - active_downline: Kelas 1-3 Tambahkan 140 orang Hadiah peti harta karun 450000 Rp	3		20	1
972	2026-03-05 15:43:50.762712+07	56	Mission 56 - active_downline: Kelas 1-3 Tambahkan 90 orang Hadiah peti harta karun 260000 Rp	3		20	1
973	2026-03-05 15:43:50.762712+07	55	Mission 55 - active_downline: Kelas 1-3 Tambahkan 60 orang Hadiah peti harta karun 180000 Rp	3		20	1
974	2026-03-05 15:43:50.764222+07	54	Mission 54 - active_downline: Kelas 1-3 Tambahkan 35 orang Hadiah peti harta karun 130000 Rp	3		20	1
975	2026-03-05 15:43:50.764222+07	53	Mission 53 - active_downline: Kelas 1-3 Tambahkan 25 orang Hadiah peti harta karun 80000 Rp	3		20	1
976	2026-03-05 15:43:50.765729+07	52	Mission 52 - active_downline: Kelas 1-3 Tambahkan 4 orang Hadiah peti harta karun 45000 Rp	3		20	1
977	2026-03-05 15:43:50.765729+07	51	Mission 51 - active_downline: Kelas 1-3 Tambahkan 3 orang Hadiah peti harta karun 20000 Rp	3		20	1
978	2026-03-05 16:04:00.968315+07	61	Mission 61 - deposit_self: Penuhi syarat minimal investasi Rp 50.000 untuk mencapai VIP 1	1	[{"added": {}}]	20	1
979	2026-03-05 16:21:55.508625+07	62	Mission 62 - deposit_self: Penuhi syarat minimal investasi Rp 150.000	1	[{"added": {}}]	20	1
980	2026-03-05 16:22:56.867551+07	63	Mission 63 - deposit_self: Penuhi syarat minimal investasi Rp 200.000 untuk mencapai VIP 3	1	[{"added": {}}]	20	1
981	2026-03-05 16:23:48.020378+07	64	Mission 64 - deposit_self: Penuhi syarat minimal investasi Rp 250.000 untuk mencapai VIP 4	1	[{"added": {}}]	20	1
982	2026-03-05 16:24:51.438862+07	65	Mission 65 - deposit_self: Penuhi syarat minimal investasi Rp 300.000	1	[{"added": {}}]	20	1
983	2026-03-05 16:25:38.386049+07	66	Mission 66 - deposit_self: Penuhi syarat minimal investasi Rp 350.000	1	[{"added": {}}]	20	1
984	2026-03-05 16:26:16.346821+07	67	Mission 67 - deposit_self: Penuhi syarat minimal investasi Rp 400.000	1	[{"added": {}}]	20	1
985	2026-03-05 16:26:52.678981+07	68	Mission 68 - deposit_self: Penuhi syarat minimal investasi Rp 450.000	1	[{"added": {}}]	20	1
986	2026-03-05 16:43:23.918424+07	68	Mission 68 - deposit_self: Penuhi syarat minimal investasi Rp 450.000	3		20	1
987	2026-03-05 16:43:23.929035+07	67	Mission 67 - deposit_self: Penuhi syarat minimal investasi Rp 400.000	3		20	1
988	2026-03-05 16:43:23.930551+07	66	Mission 66 - deposit_self: Penuhi syarat minimal investasi Rp 350.000	3		20	1
989	2026-03-05 16:43:23.930551+07	65	Mission 65 - deposit_self: Penuhi syarat minimal investasi Rp 300.000	3		20	1
990	2026-03-05 16:43:23.932068+07	64	Mission 64 - deposit_self: Penuhi syarat minimal investasi Rp 250.000 untuk mencapai VIP 4	3		20	1
991	2026-03-05 16:43:23.932068+07	63	Mission 63 - deposit_self: Penuhi syarat minimal investasi Rp 200.000 untuk mencapai VIP 3	3		20	1
992	2026-03-05 16:43:23.933074+07	62	Mission 62 - deposit_self: Penuhi syarat minimal investasi Rp 150.000	3		20	1
1062	2026-03-05 22:30:55.825445+07	31	Aset Standar VII	2	[{"changed": {"fields": ["Description"]}}]	11	1
993	2026-03-05 16:43:23.93358+07	61	Mission 61 - deposit_self: Penuhi syarat minimal investasi Rp 50.000 untuk mencapai VIP 1	3		20	1
994	2026-03-05 16:44:50.112455+07	69	Mission 69 - active_downline: Tingkatkan 5 anggota tingkat pertama yang aktif berinvestasi untuk mendapatkan bonus ini.	1	[{"added": {}}]	20	1
995	2026-03-05 16:45:27.222769+07	70	Mission 70 - active_downline: Tingkatkan 10 anggota tingkat pertama yang aktif berinvestasi untuk mendapatkan bonus ini.	1	[{"added": {}}]	20	1
996	2026-03-05 16:46:12.715544+07	5	Rank 2 - VIP 1 (requires 10000)	2	[{"changed": {"fields": ["Missions required total"]}}]	10	1
997	2026-03-05 16:46:12.725802+07	6	Rank 3 - VIP 2 (requires 20000)	2	[{"changed": {"fields": ["Missions required total"]}}]	10	1
998	2026-03-05 16:46:12.727324+07	7	Rank 4 - VIP 3 (requires 30000)	2	[{"changed": {"fields": ["Missions required total"]}}]	10	1
999	2026-03-05 16:46:12.727324+07	8	Rank 5 - VIP 4 (requires 40000)	2	[{"changed": {"fields": ["Missions required total"]}}]	10	1
1000	2026-03-05 16:46:12.727324+07	9	Rank 6 - VIP 5 (requires 50000)	2	[{"changed": {"fields": ["Missions required total"]}}]	10	1
1001	2026-03-05 16:46:12.72885+07	10	Rank 7 - VIP 6 (requires 60000)	2	[{"changed": {"fields": ["Missions required total"]}}]	10	1
1002	2026-03-05 16:46:12.72885+07	11	Rank 8 - VIP 7 (requires 70000)	2	[{"changed": {"fields": ["Missions required total"]}}]	10	1
1003	2026-03-05 16:46:12.730384+07	12	Rank 9 - VIP 8 (requires 80000)	2	[{"changed": {"fields": ["Missions required total"]}}]	10	1
1004	2026-03-05 17:25:37.976937+07	1	WithdrawalSettings(active=True)	2	[{"changed": {"fields": ["Require pin"]}}]	25	1
1005	2026-03-05 22:17:05.740942+07	47	+6289595959595 - Bank Rakyat Indonesia 123633	3		23	1
1006	2026-03-05 22:24:43.87234+07	1	Referral Code: mixed/9	2	[]	9	1
1007	2026-03-05 22:25:29.090755+07	142	user_mm9ipd8i_w5oeg2@example.com	3		8	1
1008	2026-03-05 22:25:29.096992+07	141	user_mltmo3nc_vxjjwd@example.com	3		8	1
1009	2026-03-05 22:25:29.09853+07	140	user_mltmlemb_mntlqn@example.com	3		8	1
1010	2026-03-05 22:25:29.09853+07	139	user_mltmi7fj_3wroez@example.com	3		8	1
1011	2026-03-05 22:25:29.100061+07	138	user_mltlpmjb_m4y1fg@example.com	3		8	1
1012	2026-03-05 22:25:29.100061+07	137	user_mltldhik_d924fs@example.com	3		8	1
1013	2026-03-05 22:25:29.100061+07	136	user_mlt961hs_14a8e0@example.com	3		8	1
1014	2026-03-05 22:25:29.100061+07	135	user_mlt8zm7g_plrf65@example.com	3		8	1
1015	2026-03-05 22:25:29.102102+07	134	user_mlt7kewo_qtangu@example.com	3		8	1
1016	2026-03-05 22:25:29.103117+07	133	user_mlt5nvul_1oqwjs@example.com	3		8	1
1017	2026-03-05 22:25:29.103632+07	132	user_mlt4t5s1_6dx8xs@example.com	3		8	1
1018	2026-03-05 22:25:29.103632+07	131	user_mlt0a1gv_947bxy@example.com	3		8	1
1019	2026-03-05 22:25:29.103632+07	130	user_mlt05taa_ou2pqh@example.com	3		8	1
1020	2026-03-05 22:25:29.104638+07	129	user_mlsxbpoo_o4b7y8@example.com	3		8	1
1021	2026-03-05 22:25:29.105142+07	128	user_mls9qnwc_umdmrr@example.com	3		8	1
1022	2026-03-05 22:25:29.105142+07	127	user_mls9libq_2zurbk@example.com	3		8	1
1023	2026-03-05 22:25:29.10615+07	126	user_mls9l0q7_ootrey@example.com	3		8	1
1024	2026-03-05 22:25:29.106657+07	125	user_mls9jqjg_xy9vx2@example.com	3		8	1
1025	2026-03-05 22:25:29.106657+07	124	user_mls9j8kc_bizc7u@example.com	3		8	1
1026	2026-03-05 22:25:29.106657+07	123	user_mls9hsxu_cebm86@example.com	3		8	1
1027	2026-03-05 22:25:29.107663+07	122	user_mls9dm3n_8i0jcq@example.com	3		8	1
1028	2026-03-05 22:25:29.108167+07	121	user_mls959f6_0uw51d@example.com	3		8	1
1029	2026-03-05 22:25:29.108167+07	120	user_mls94rht_v1xhc5@example.com	3		8	1
1030	2026-03-05 22:25:29.109173+07	119	user_mls946jj_y8tcfg@example.com	3		8	1
1031	2026-03-05 22:25:29.109173+07	118	user_mls937dn_e2dn4f@example.com	3		8	1
1032	2026-03-05 22:25:29.109677+07	117	user_mls91bdf_d7cvss@example.com	3		8	1
1033	2026-03-05 22:25:29.109677+07	116	user_mls90rxh_1jlppl@example.com	3		8	1
1034	2026-03-05 22:25:29.110684+07	115	user_mls8zsx9_v43xmb@example.com	3		8	1
1035	2026-03-05 22:25:29.111188+07	114	user_mls8zago_rfqiop@example.com	3		8	1
1036	2026-03-05 22:25:29.111188+07	113	user_mls8ypyx_fp5si1@example.com	3		8	1
1037	2026-03-05 22:25:29.111188+07	112	user_mls8y74h_e2wfno@example.com	3		8	1
1038	2026-03-05 22:25:29.112194+07	111	user_mls8xpc5_7mqyqr@example.com	3		8	1
1039	2026-03-05 22:25:29.112711+07	110	user_mls8x4be_azhd9r@example.com	3		8	1
1040	2026-03-05 22:25:29.112711+07	109	user_mls8wn6j_xkhq06@example.com	3		8	1
1041	2026-03-05 22:25:29.112711+07	108	user_mls8s5vb_hmyob4@example.com	3		8	1
1042	2026-03-05 22:25:29.113718+07	107	user_mls8ikml_untxx4@example.com	3		8	1
1043	2026-03-05 22:25:29.114222+07	106	user_mls6ujlm_owhua3@example.com	3		8	1
1044	2026-03-05 22:25:29.115229+07	105	user_mls6mile_n60nuf@example.com	3		8	1
1045	2026-03-05 22:25:29.115734+07	94	user_mlqelp1g_hxwesp@example.com	3		8	1
1046	2026-03-05 22:26:26.025173+07	1	Tarif biaya 13%-5 Jam Proses (5 jam, 13.00%)	3		38	1
1047	2026-03-05 22:26:26.028245+07	2	Tarif biaya 9%-24 Jam Proses (24 jam, 9.00%)	3		38	1
1048	2026-03-05 22:26:26.029835+07	3	Tarif biaya 5%-48 Jam Proses (48 jam, 5.00%)	3		38	1
1049	2026-03-05 22:26:48.488069+07	18	Bank Central Asia (BCA)	2	[{"changed": {"fields": ["Withdrawal fee"]}}]	22	1
1050	2026-03-05 22:26:54.587315+07	17	Bank Negara Indonesia (BNI)	2	[{"changed": {"fields": ["Withdrawal fee"]}}]	22	1
1051	2026-03-05 22:27:09.017431+07	15	Bank Rakyat Indonesia (BRI)	2	[{"changed": {"fields": ["Withdrawal fee"]}}]	22	1
1052	2026-03-05 22:27:17.033842+07	13	DANA (DANA)	2	[{"changed": {"fields": ["Withdrawal fee"]}}]	22	1
1053	2026-03-05 22:27:24.219676+07	14	GOPAY (GOPAY)	2	[{"changed": {"fields": ["Withdrawal fee"]}}]	22	1
1054	2026-03-05 22:27:30.19497+07	20	Mandiri (MANDIRI)	2	[{"changed": {"fields": ["Withdrawal fee"]}}]	22	1
1055	2026-03-05 22:27:35.924264+07	12	OVO (OVO)	2	[{"changed": {"fields": ["Withdrawal fee"]}}]	22	1
1056	2026-03-05 22:28:32.460468+07	63	SHOPEEPAY (SHOPEEPAY)	1	[{"added": {}}]	22	1
1057	2026-03-05 22:28:53.032182+07	48	+6289595959595 - Bank Rakyat Indonesia 1727272	3		23	1
1058	2026-03-05 22:29:36.267052+07	71	Mission 71 - active_downline: Tingkatkan 15 anggota tingkat pertama yang aktif berinvestasi untuk mendapatkan bonus ini.	1	[{"added": {}}]	20	1
1059	2026-03-05 22:29:48.587795+07	20	Ocerin Foundation Luncurkan Program Konservasi Laut Berkelanjutan	3		31	1
1060	2026-03-05 22:30:36.237626+07	29	Aset Standar V	2	[{"changed": {"fields": ["Description"]}}]	11	1
1061	2026-03-05 22:30:45.091154+07	30	Aset Standar VI	2	[{"changed": {"fields": ["Description"]}}]	11	1
1063	2026-03-05 22:31:06.443771+07	24	ChatThread(user=2, closed=False)	3		33	1
1064	2026-03-05 22:31:35.809214+07	4	Hubungi Halo ASFina (other)	2	[{"changed": {"fields": ["Title", "Url", "Description"]}}]	30	1
1065	2026-03-05 22:31:51.784766+07	1	Saluran Telegram Resmi (telegram)	2	[{"changed": {"fields": ["Title", "Url", "Description"]}}]	30	1
1066	2026-03-05 22:32:05.206589+07	8	auto (fixed)	2	[{"changed": {"fields": ["Is active", "Is daily claim"]}}]	18	1
1067	2026-03-05 22:32:21.757785+07	56	+6289595959595 - 50000.00 (PENDING)	3		26	1
1068	2026-03-05 22:32:21.765938+07	49	+6289595959595 - 50000.00 (PENDING)	3		26	1
1069	2026-03-05 22:32:21.767481+07	46	+6289595959595 - 90000.00 (PENDING)	3		26	1
1070	2026-03-05 22:33:04.99345+07	1	WithdrawalSettings(active=True)	2	[]	25	1
1071	2026-03-06 00:29:43.214788+07	49	Aset Pilihan VI	3		11	1
1072	2026-03-06 00:29:43.234418+07	48	Aset Pilihan V	3		11	1
1073	2026-03-06 00:29:43.234418+07	47	Aset Pilihan IV	3		11	1
1074	2026-03-06 00:29:43.235938+07	46	Aset Pilihan III	3		11	1
1075	2026-03-06 00:29:43.235938+07	45	Aset Pilihan II	3		11	1
1076	2026-03-06 00:29:43.235938+07	44	Aset Pilihan I	3		11	1
1077	2026-03-06 00:29:43.237458+07	43	Kesejahteraan VI	3		11	1
1078	2026-03-06 00:29:43.237458+07	42	Kesejahteraan V	3		11	1
1079	2026-03-06 00:29:43.237458+07	41	Kesejahteraan IV	3		11	1
1080	2026-03-06 00:29:43.239312+07	40	Kesejahteraan III	3		11	1
1081	2026-03-06 00:29:43.239312+07	39	Kesejahteraan II	3		11	1
1082	2026-03-06 00:29:43.239312+07	38	Kesejahteraan I	3		11	1
1083	2026-03-06 00:29:43.240837+07	37	Prioritas VI	3		11	1
1084	2026-03-06 00:29:43.240837+07	36	Prioritas V	3		11	1
1085	2026-03-06 00:29:43.240837+07	35	Prioritas IV	3		11	1
1086	2026-03-06 00:29:43.242367+07	34	Prioritas III	3		11	1
1087	2026-03-06 00:29:43.243896+07	33	Prioritas II	3		11	1
1088	2026-03-06 00:29:43.243896+07	32	Prioritas I	3		11	1
1089	2026-03-06 00:31:11.70368+07	50	Aset Standar VIII	1	[{"added": {}}]	11	1
1090	2026-03-06 00:32:08.689862+07	51	Aset Standar IX	1	[{"added": {}}]	11	1
1091	2026-03-06 00:32:57.964644+07	52	Aset Standar X	1	[{"added": {}}]	11	1
1092	2026-03-06 00:34:58.617559+07	53	Prioritas I	1	[{"added": {}}]	11	1
1093	2026-03-06 00:35:48.476506+07	54	Prioritas II	1	[{"added": {}}]	11	1
1094	2026-03-06 00:36:32.7868+07	55	Prioritas III	1	[{"added": {}}]	11	1
1095	2026-03-06 00:37:13.213222+07	56	Prioritas IV	1	[{"added": {}}]	11	1
1096	2026-03-06 00:37:48.100794+07	57	Prioritas V	1	[{"added": {}}]	11	1
1097	2026-03-06 00:41:44.895851+07	58	Prioritas VI	1	[{"added": {}}]	11	1
1098	2026-03-06 00:48:58.657563+07	59	Prioritas VII	1	[{"added": {}}]	11	1
1099	2026-03-06 00:50:18.206096+07	60	Kesejahteraan I	1	[{"added": {}}]	11	1
1100	2026-03-06 00:51:47.754881+07	61	Kesejahteraan II	1	[{"added": {}}]	11	1
1101	2026-03-06 00:53:07.949104+07	62	Kesejahteraan III	1	[{"added": {}}]	11	1
1102	2026-03-06 00:53:46.126349+07	63	Kesejahteraan IV	1	[{"added": {}}]	11	1
1103	2026-03-06 00:54:23.66539+07	64	Kesejahteraan V	1	[{"added": {}}]	11	1
1104	2026-03-06 00:55:07.266155+07	65	Kesejahteraan VI	1	[{"added": {}}]	11	1
1105	2026-03-06 00:56:06.070461+07	66	Aset Pilihan I	1	[{"added": {}}]	11	1
1106	2026-03-06 00:56:51.068619+07	67	Aset Pilihan II	1	[{"added": {}}]	11	1
1107	2026-03-06 00:58:50.178682+07	68	Aset Pilihan III	1	[{"added": {}}]	11	1
1108	2026-03-06 00:59:54.495006+07	69	Aset Pilihan IV	1	[{"added": {}}]	11	1
1109	2026-03-06 01:00:57.736654+07	70	Aset Pilihan V	1	[{"added": {}}]	11	1
1110	2026-03-06 14:16:46.089903+07	1	Referral Code: mixed/9	2	[{"changed": {"fields": ["Rank basis", "Rank use missions", "Rank use deposit self total"]}}]	9	1
1111	2026-03-06 15:50:16.565551+07	1	WithdrawalSettings(active=True)	2	[]	25	1
1112	2026-03-06 15:52:36.654271+07	49	+6287123456789 - SHOPEEPAY 82828282	3		23	1
1113	2026-03-06 15:52:55.172137+07	50	+6289595959595 - Bank Central Asia 1234567865	3		23	1
1114	2026-03-06 15:57:01.455678+07	1	Referral Code: mixed/9	2	[{"changed": {"fields": ["Rank count levels upto"]}}]	9	1
1115	2026-03-06 16:01:11.05784+07	53	Prioritas I	2	[{"changed": {"fields": ["Require min rank enabled", "Minimum Rank"]}}]	11	1
1116	2026-03-06 16:01:27.808159+07	54	Prioritas II	2	[{"changed": {"fields": ["Require min rank enabled", "Minimum Rank"]}}]	11	1
1117	2026-03-06 16:01:40.437108+07	55	Prioritas III	2	[{"changed": {"fields": ["Require min rank enabled", "Minimum Rank"]}}]	11	1
1118	2026-03-06 16:04:08.483884+07	1	WithdrawalSettings(active=True)	2	[{"changed": {"fields": ["Require withdraw service"]}}]	25	1
1119	2026-03-06 16:05:21.778041+07	56	Prioritas IV	2	[{"changed": {"fields": ["Require min rank enabled", "Minimum Rank"]}}]	11	1
1120	2026-03-06 16:05:43.406742+07	57	Prioritas V	2	[{"changed": {"fields": ["Require min rank enabled", "Minimum Rank"]}}]	11	1
1121	2026-03-06 16:05:54.368956+07	58	Prioritas VI	2	[{"changed": {"fields": ["Require min rank enabled", "Minimum Rank"]}}]	11	1
1122	2026-03-06 16:06:15.591088+07	58	Prioritas VI	2	[]	11	1
1123	2026-03-06 16:06:25.902619+07	58	Prioritas VI	2	[]	11	1
1124	2026-03-06 16:06:37.004935+07	59	Prioritas VII	2	[{"changed": {"fields": ["Require min rank enabled", "Minimum Rank"]}}]	11	1
1125	2026-03-07 00:19:18.442174+07	5	Rank 2 - VIP 1 (requires 35000)	2	[{"changed": {"fields": ["Missions required total"]}}]	10	1
1126	2026-03-07 00:19:18.459094+07	6	Rank 3 - VIP 2 (requires 50000)	2	[{"changed": {"fields": ["Missions required total"]}}]	10	1
1127	2026-03-07 00:19:18.460658+07	7	Rank 4 - VIP 3 (requires 70000)	2	[{"changed": {"fields": ["Missions required total"]}}]	10	1
1128	2026-03-07 00:19:18.46221+07	8	Rank 5 - VIP 4 (requires 100000)	2	[{"changed": {"fields": ["Missions required total"]}}]	10	1
1129	2026-03-07 00:19:18.465344+07	9	Rank 6 - VIP 5 (requires 120000)	2	[{"changed": {"fields": ["Missions required total"]}}]	10	1
1130	2026-03-07 00:19:18.4669+07	10	Rank 7 - VIP 6 (requires 150000)	2	[{"changed": {"fields": ["Missions required total"]}}]	10	1
1131	2026-03-07 00:19:18.470029+07	11	Rank 8 - VIP 7 (requires 200000)	2	[{"changed": {"fields": ["Missions required total"]}}]	10	1
1132	2026-03-07 00:19:18.471608+07	12	Rank 9 - VIP 8 (requires 250000)	2	[{"changed": {"fields": ["Missions required total"]}}]	10	1
1133	2026-03-07 00:19:48.613369+07	98	DEP-20260307001928-18F323 - JAYAPAY - 147	2	[{"changed": {"fields": ["Status"]}}]	29	1
1134	2026-03-07 01:48:47.071414+07	1	Referral Code: mixed/9	2	[{"changed": {"fields": ["Rank count levels upto"]}}]	9	1
1135	2026-03-07 01:51:40.979838+07	1	Referral Code: mixed/9	2	[{"changed": {"fields": ["Rank count levels upto"]}}]	9	1
1136	2026-03-07 03:10:35.404035+07	99	DEP-20260307031017-F1832C - JAYAPAY - 147	2	[{"changed": {"fields": ["Status"]}}]	29	1
1137	2026-03-07 03:57:22.384267+07	60	Kesejahteraan I	2	[{"changed": {"fields": ["Stock"]}}]	11	1
1138	2026-03-07 03:57:39.004895+07	60	Kesejahteraan I	2	[{"changed": {"fields": ["Stock"]}}]	11	1
1139	2026-03-07 03:57:59.535074+07	60	Kesejahteraan I	2	[{"changed": {"fields": ["Stock"]}}]	11	1
1140	2026-03-07 03:58:13.958025+07	66	Aset Pilihan I	2	[{"changed": {"fields": ["Stock"]}}]	11	1
1141	2026-03-07 04:03:40.148305+07	100	DEP-20260307040302-8B9655 - JAYAPAY - 148	2	[{"changed": {"fields": ["Status"]}}]	29	1
1142	2026-03-07 12:03:14.930888+07	5	Rank 2 - VIP 1 (requires 100000)	2	[{"changed": {"fields": ["Missions required total"]}}]	10	1
1143	2026-03-07 12:03:14.939632+07	6	Rank 3 - VIP 2 (requires 500000)	2	[{"changed": {"fields": ["Missions required total"]}}]	10	1
1144	2026-03-07 12:03:14.941188+07	7	Rank 4 - VIP 3 (requires 1000000)	2	[{"changed": {"fields": ["Missions required total"]}}]	10	1
1145	2026-03-07 12:03:14.943266+07	8	Rank 5 - VIP 4 (requires 3000000)	2	[{"changed": {"fields": ["Missions required total"]}}]	10	1
1146	2026-03-07 12:03:14.944884+07	9	Rank 6 - VIP 5 (requires 7000000)	2	[{"changed": {"fields": ["Missions required total"]}}]	10	1
1147	2026-03-07 12:03:14.945399+07	10	Rank 7 - VIP 6 (requires 10000000)	2	[{"changed": {"fields": ["Missions required total"]}}]	10	1
1148	2026-03-07 12:03:14.94694+07	11	Rank 8 - VIP 7 (requires 18000000)	2	[{"changed": {"fields": ["Missions required total"]}}]	10	1
1149	2026-03-07 12:03:14.947986+07	12	Rank 9 - VIP 8 (requires 45000000)	2	[{"changed": {"fields": ["Missions required total"]}}]	10	1
1150	2026-03-07 14:56:11.988484+07	69	Mission 69 - active_downline: Tingkatkan 6 anggota tingkat pertama yang aktif berinvestasi untuk mendapatkan bonus ini.	2	[{"changed": {"fields": ["Deskripsi", "Ambang Progres", "Nominal Hadiah"]}}]	20	1
1151	2026-03-07 14:56:39.006774+07	70	Mission 70 - active_downline: Tingkatkan 15 anggota tingkat pertama yang aktif berinvestasi untuk mendapatkan bonus ini.	2	[{"changed": {"fields": ["Deskripsi", "Ambang Progres"]}}]	20	1
1152	2026-03-07 14:59:22.440652+07	71	Mission 71 - active_downline: Tingkatkan 35 anggota tingkat pertama yang aktif berinvestasi untuk mendapatkan bonus ini.	2	[{"changed": {"fields": ["Deskripsi", "Ambang Progres", "Nominal Hadiah"]}}]	20	1
1153	2026-03-07 15:00:17.115635+07	72	Mission 72 - active_downline: Tingkatkan 60 anggota tingkat pertama yang aktif berinvestasi untuk mendapatkan bonus ini.	1	[{"added": {}}]	20	1
1154	2026-03-07 15:00:47.717279+07	73	Mission 73 - active_downline: Tingkatkan 150 anggota tingkat pertama yang aktif berinvestasi untuk mendapatkan bonus ini.	1	[{"added": {}}]	20	1
1155	2026-03-07 15:01:25.629694+07	74	Mission 74 - active_downline: Tingkatkan 300 anggota tingkat pertama yang aktif berinvestasi untuk mendapatkan bonus ini.	1	[{"added": {}}]	20	1
1156	2026-03-07 15:02:01.327109+07	75	Mission 75 - active_downline: Tingkatkan 500 anggota tingkat pertama yang aktif berinvestasi untuk mendapatkan bonus ini.	1	[{"added": {}}]	20	1
1157	2026-03-07 15:02:37.249109+07	76	Mission 76 - active_downline: Tingkatkan 1000 anggota tingkat pertama yang aktif berinvestasi untuk mendapatkan bonus ini.	1	[{"added": {}}]	20	1
1158	2026-03-07 15:02:42.061234+07	76	Mission 76 - active_downline: Tingkatkan 1000 anggota tingkat pertama yang aktif berinvestasi untuk mendapatkan bonus ini.	2	[{"changed": {"fields": ["Level downline yang dihitung"]}}]	20	1
1159	2026-03-07 15:03:23.27659+07	77	Mission 77 - active_downline: Tingkatkan 2000 anggota tingkat pertama yang aktif berinvestasi untuk mendapatkan bonus ini.	1	[{"added": {}}]	20	1
1160	2026-03-07 15:04:09.125438+07	78	Mission 78 - active_downline: Tingkatkan 5000 anggota tingkat pertama yang aktif berinvestasi untuk mendapatkan bonus ini.	1	[{"added": {}}]	20	1
1161	2026-03-07 15:13:02.705509+07	25	Aset Standar I	2	[{"changed": {"fields": ["Price", "Profit rate", "Duration (days)"]}}]	11	1
1162	2026-03-07 15:13:28.758162+07	26	Aset Standar II	2	[{"changed": {"fields": ["Price", "Profit rate", "Duration (days)"]}}]	11	1
1163	2026-03-07 15:14:51.401462+07	27	Aset Standar III	2	[{"changed": {"fields": ["Price", "Profit rate", "Duration (days)"]}}]	11	1
1164	2026-03-07 15:15:12.061497+07	28	Aset Standar IV	2	[{"changed": {"fields": ["Price", "Profit rate", "Duration (days)"]}}]	11	1
1165	2026-03-07 15:15:33.496737+07	29	Aset Standar V	2	[{"changed": {"fields": ["Price", "Profit rate", "Duration (days)"]}}]	11	1
1166	2026-03-07 15:15:58.083188+07	30	Aset Standar VI	2	[{"changed": {"fields": ["Price", "Profit rate", "Duration (days)"]}}]	11	1
1167	2026-03-07 15:16:23.178943+07	31	Aset Standar VII	2	[{"changed": {"fields": ["Price", "Profit rate", "Duration (days)"]}}]	11	1
1168	2026-03-07 15:16:45.215951+07	50	Aset Standar VIII	2	[{"changed": {"fields": ["Price", "Profit rate"]}}]	11	1
1169	2026-03-07 15:17:04.353254+07	51	Aset Standar IX	2	[{"changed": {"fields": ["Price", "Profit rate"]}}]	11	1
1170	2026-03-07 15:17:29.411351+07	52	Aset Standar X	2	[{"changed": {"fields": ["Price", "Profit rate"]}}]	11	1
1171	2026-03-07 15:18:53.016761+07	53	Prioritas I	2	[{"changed": {"fields": ["Price", "Profit type", "Profit rate", "Duration (days)"]}}]	11	1
1172	2026-03-07 15:20:10.224342+07	54	Prioritas II	2	[{"changed": {"fields": ["Price", "Profit type", "Profit rate", "Duration (days)"]}}]	11	1
1173	2026-03-07 15:20:47.392369+07	55	Prioritas III	2	[{"changed": {"fields": ["Price", "Profit type", "Profit rate", "Duration (days)"]}}]	11	1
1174	2026-03-07 15:22:09.279457+07	56	Prioritas IV	2	[{"changed": {"fields": ["Price", "Purchase limit", "Max purchase count", "Profit type", "Profit rate", "Duration (days)"]}}]	11	1
1175	2026-03-07 15:22:18.146308+07	53	Prioritas I	2	[{"changed": {"fields": ["Purchase limit", "Max purchase count"]}}]	11	1
1176	2026-03-07 15:23:10.303412+07	53	Prioritas I	2	[]	11	1
1177	2026-03-07 15:23:22.807376+07	54	Prioritas II	2	[{"changed": {"fields": ["Purchase limit", "Max purchase count"]}}]	11	1
1178	2026-03-07 15:23:31.083589+07	55	Prioritas III	2	[{"changed": {"fields": ["Purchase limit", "Max purchase count"]}}]	11	1
1179	2026-03-07 15:24:23.782265+07	57	Prioritas V	2	[{"changed": {"fields": ["Price", "Purchase limit", "Max purchase count", "Profit type", "Profit rate"]}}]	11	1
1180	2026-03-07 15:26:28.049695+07	58	Prioritas VI	2	[{"changed": {"fields": ["Price", "Purchase limit", "Max purchase count", "Profit type", "Profit rate", "Duration (days)"]}}]	11	1
1181	2026-03-07 15:26:38.42079+07	53	Prioritas I	2	[{"changed": {"fields": ["Purchase limit", "Max purchase count"]}}]	11	1
1182	2026-03-07 15:26:47.508049+07	54	Prioritas II	2	[{"changed": {"fields": ["Purchase limit", "Max purchase count"]}}]	11	1
1183	2026-03-07 15:26:56.498577+07	55	Prioritas III	2	[{"changed": {"fields": ["Purchase limit", "Max purchase count"]}}]	11	1
1184	2026-03-07 15:27:05.917448+07	56	Prioritas IV	2	[{"changed": {"fields": ["Purchase limit", "Max purchase count"]}}]	11	1
1185	2026-03-07 15:27:40.724571+07	57	Prioritas V	2	[{"changed": {"fields": ["Purchase limit", "Max purchase count"]}}]	11	1
1186	2026-03-07 15:27:48.233791+07	58	Prioritas VI	2	[]	11	1
1187	2026-03-07 15:29:55.680867+07	59	Prioritas VII	2	[{"changed": {"fields": ["Price", "Purchase limit", "Max purchase count", "Profit type", "Profit rate", "Duration (days)"]}}]	11	1
1188	2026-03-07 15:30:33.60784+07	60	Kesejahteraan I	2	[{"changed": {"fields": ["Price", "Profit rate", "Duration (days)"]}}]	11	1
1189	2026-03-07 15:31:07.222281+07	61	Kesejahteraan II	2	[{"changed": {"fields": ["Price", "Profit rate", "Duration (days)"]}}]	11	1
1190	2026-03-07 15:31:54.088826+07	62	Kesejahteraan III	2	[{"changed": {"fields": ["Price", "Profit rate", "Duration (days)"]}}]	11	1
1191	2026-03-07 15:33:19.632048+07	63	Kesejahteraan IV	2	[{"changed": {"fields": ["Price", "Purchase limit", "Max purchase count", "Profit rate", "Duration (days)"]}}]	11	1
1192	2026-03-07 15:34:13.976491+07	64	Kesejahteraan V	2	[{"changed": {"fields": ["Price", "Profit rate", "Duration (days)"]}}]	11	1
1193	2026-03-07 15:35:43.164163+07	65	Kesejahteraan VI	2	[{"changed": {"fields": ["Price", "Profit rate", "Duration (days)"]}}]	11	1
1194	2026-03-07 15:47:14.686739+07	66	Aset Pilihan I	2	[{"changed": {"fields": ["Price", "Profit rate", "Duration (days)"]}}]	11	1
1195	2026-03-07 15:47:47.284007+07	67	Aset Pilihan II	2	[{"changed": {"fields": ["Price", "Profit rate", "Duration (days)"]}}]	11	1
1196	2026-03-07 15:47:57.571785+07	66	Aset Pilihan I	2	[{"changed": {"fields": ["Duration (days)"]}}]	11	1
1197	2026-03-07 15:48:06.534994+07	66	Aset Pilihan I	2	[]	11	1
1198	2026-03-07 15:48:13.264863+07	67	Aset Pilihan II	2	[]	11	1
1199	2026-03-07 15:48:38.178567+07	68	Aset Pilihan III	2	[{"changed": {"fields": ["Price", "Profit rate", "Duration (days)"]}}]	11	1
1200	2026-03-07 15:49:05.622603+07	69	Aset Pilihan IV	2	[{"changed": {"fields": ["Price", "Profit rate", "Duration (days)"]}}]	11	1
1201	2026-03-07 15:49:35.916772+07	70	Aset Pilihan V	2	[{"changed": {"fields": ["Price", "Profit rate", "Duration (days)"]}}]	11	1
1202	2026-03-07 16:18:12.808025+07	27	ChatThread(user=149, closed=False)	2	[{"added": {"name": "support chat message", "object": "Msg(thread=27, sender=ADMIN, at=2026-03-07 09:18:12.804987+00:00)"}}]	33	1
1203	2026-03-07 17:39:24.805671+07	53	Prioritas I	2	[{"changed": {"fields": ["Profit type", "Profit rate"]}}]	11	1
1204	2026-03-07 17:39:34.333516+07	54	Prioritas II	2	[{"changed": {"fields": ["Profit type", "Profit rate"]}}]	11	1
1205	2026-03-07 17:39:42.793006+07	55	Prioritas III	2	[{"changed": {"fields": ["Profit type", "Profit rate"]}}]	11	1
1206	2026-03-07 17:39:53.678223+07	56	Prioritas IV	2	[{"changed": {"fields": ["Profit type", "Profit rate"]}}]	11	1
1207	2026-03-07 17:40:02.778876+07	57	Prioritas V	2	[{"changed": {"fields": ["Profit type", "Profit rate"]}}]	11	1
1208	2026-03-07 17:40:11.525881+07	58	Prioritas VI	2	[{"changed": {"fields": ["Profit type", "Profit rate"]}}]	11	1
1209	2026-03-07 17:40:20.767247+07	59	Prioritas VII	2	[{"changed": {"fields": ["Profit type", "Profit rate"]}}]	11	1
1210	2026-03-07 17:57:30.85347+07	54	Prioritas II	2	[{"changed": {"fields": ["Profit rate"]}}]	11	1
1211	2026-03-07 17:58:59.740189+07	55	Prioritas III	2	[{"changed": {"fields": ["Profit rate"]}}]	11	1
1212	2026-03-07 18:01:50.507299+07	56	Prioritas IV	2	[{"changed": {"fields": ["Profit rate"]}}]	11	1
1213	2026-03-07 18:03:53.860545+07	57	Prioritas V	2	[{"changed": {"fields": ["Profit rate"]}}]	11	1
1214	2026-03-07 18:18:23.828245+07	56	Prioritas IV	2	[{"changed": {"fields": ["Profit rate"]}}]	11	1
1215	2026-03-07 18:19:25.644073+07	54	Prioritas II	2	[{"changed": {"fields": ["Profit rate"]}}]	11	1
1216	2026-03-07 18:19:31.790753+07	55	Prioritas III	2	[]	11	1
1217	2026-03-07 18:19:41.119884+07	56	Prioritas IV	2	[{"changed": {"fields": ["Profit rate"]}}]	11	1
1218	2026-03-07 18:20:35.919279+07	57	Prioritas V	2	[{"changed": {"fields": ["Profit rate"]}}]	11	1
1219	2026-03-07 18:20:44.692471+07	58	Prioritas VI	2	[{"changed": {"fields": ["Profit rate"]}}]	11	1
1220	2026-03-07 18:20:55.407405+07	59	Prioritas VII	2	[{"changed": {"fields": ["Profit rate"]}}]	11	1
1221	2026-03-07 18:38:36.385964+07	101	DEP-20260307183815-769DE1 - JAYAPAY - 150	2	[{"changed": {"fields": ["Status"]}}]	29	1
1222	2026-03-07 23:26:03.504764+07	1	WithdrawalSettings(active=True)	2	[{"changed": {"fields": ["Require active investment", "Minimum product quantity"]}}]	25	1
1223	2026-03-07 23:53:16.080839+07	4	Hubungi Halo ASFina (other)	2	[{"changed": {"fields": ["Url"]}}]	30	1
1224	2026-03-07 23:53:47.157842+07	1	Saluran Telegram Resmi (telegram)	2	[{"changed": {"fields": ["Url"]}}]	30	1
1225	2026-03-08 00:01:44.630636+07	58	+6281123456789 - 35000.00 (PROCESSING)	2	[{"changed": {"fields": ["Status"]}}]	26	1
1226	2026-03-08 00:03:24.207655+07	58	+6281123456789 - 35000.00 (COMPLETED)	2	[{"changed": {"fields": ["Status"]}}]	26	1
1227	2026-03-08 00:04:19.102334+07	59	+6281123456789 - 38000.00 (REJECTED)	2	[{"changed": {"fields": ["Status"]}}]	26	1
1228	2026-03-08 00:13:14.722826+07	70	Mission 70 - active_downline: Tingkatkan 15 anggota tingkat pertama yang aktif berinvestasi untuk mendapatkan bonus ini.	2	[{"changed": {"fields": ["Ambang Progres"]}}]	20	1
1229	2026-03-08 00:13:44.378662+07	70	Mission 70 - active_downline: Tingkatkan 15 anggota tingkat pertama yang aktif berinvestasi untuk mendapatkan bonus ini.	2	[{"changed": {"fields": ["Ambang Progres"]}}]	20	1
1230	2026-03-08 00:17:30.297405+07	104	DEP-20260308001711-8FBAFE - JAYAPAY - 149	2	[{"changed": {"fields": ["Status"]}}]	29	1
1231	2026-03-08 00:18:36.965509+07	66	Aset Pilihan I	2	[{"changed": {"fields": ["Stock"]}}]	11	1
1232	2026-03-08 00:18:49.491338+07	60	Kesejahteraan I	2	[{"changed": {"fields": ["Stock"]}}]	11	1
1233	2026-03-08 09:45:57.667859+07	53	+6281123456789 - GOPAY 82822882	3		23	1
1234	2026-03-08 09:45:57.704557+07	52	+6289595959595 - Bank Central Asia 1111111111	3		23	1
1235	2026-03-08 09:45:57.707587+07	51	+6287123456789 - Mandiri 82828282	3		23	1
1236	2026-03-08 16:11:30.364377+07	25	Aset Standar I	2	[{"changed": {"fields": ["Duration (days)"]}}]	11	1
1237	2026-03-08 16:11:38.900176+07	26	Aset Standar II	2	[{"changed": {"fields": ["Duration (days)"]}}]	11	1
1238	2026-03-08 16:11:49.205519+07	27	Aset Standar III	2	[{"changed": {"fields": ["Duration (days)"]}}]	11	1
1239	2026-03-08 16:11:57.097597+07	27	Aset Standar III	2	[]	11	1
1240	2026-03-08 16:12:05.670356+07	28	Aset Standar IV	2	[{"changed": {"fields": ["Duration (days)"]}}]	11	1
1241	2026-03-08 16:12:14.953588+07	29	Aset Standar V	2	[{"changed": {"fields": ["Duration (days)"]}}]	11	1
1242	2026-03-08 16:12:28.313605+07	30	Aset Standar VI	2	[{"changed": {"fields": ["Duration (days)"]}}]	11	1
1243	2026-03-08 16:12:36.636246+07	29	Aset Standar V	2	[]	11	1
1244	2026-03-08 16:12:44.806834+07	31	Aset Standar VII	2	[{"changed": {"fields": ["Duration (days)"]}}]	11	1
1245	2026-03-08 16:12:55.257205+07	50	Aset Standar VIII	2	[{"changed": {"fields": ["Duration (days)"]}}]	11	1
1246	2026-03-08 16:13:05.455337+07	51	Aset Standar IX	2	[{"changed": {"fields": ["Duration (days)"]}}]	11	1
1247	2026-03-08 16:13:18.663299+07	52	Aset Standar X	2	[{"changed": {"fields": ["Duration (days)"]}}]	11	1
1248	2026-03-08 16:37:58.914419+07	25	Aset Standar I	2	[{"changed": {"fields": ["Profit method"]}}]	11	1
1249	2026-03-08 16:38:45.855862+07	26	Aset Standar II	2	[{"changed": {"fields": ["Profit method"]}}]	11	1
1250	2026-03-08 16:39:16.340832+07	26	Aset Standar II	2	[]	11	1
1251	2026-03-08 16:39:27.386029+07	27	Aset Standar III	2	[{"changed": {"fields": ["Profit method"]}}]	11	1
1252	2026-03-08 16:39:49.736021+07	28	Aset Standar IV	2	[{"changed": {"fields": ["Profit method"]}}]	11	1
1253	2026-03-08 16:41:35.926083+07	28	Aset Standar IV	2	[]	11	1
1254	2026-03-08 16:41:48.260668+07	29	Aset Standar V	2	[{"changed": {"fields": ["Profit method"]}}]	11	1
1255	2026-03-08 16:41:58.972396+07	30	Aset Standar VI	2	[{"changed": {"fields": ["Profit method"]}}]	11	1
1256	2026-03-08 16:42:07.459943+07	30	Aset Standar VI	2	[]	11	1
1257	2026-03-08 16:42:17.977314+07	31	Aset Standar VII	2	[{"changed": {"fields": ["Profit method"]}}]	11	1
1258	2026-03-08 16:42:26.148325+07	31	Aset Standar VII	2	[]	11	1
1259	2026-03-08 16:42:36.030607+07	50	Aset Standar VIII	2	[{"changed": {"fields": ["Profit method"]}}]	11	1
1260	2026-03-08 16:42:48.264327+07	51	Aset Standar IX	2	[{"changed": {"fields": ["Profit method"]}}]	11	1
1261	2026-03-08 16:43:05.765656+07	51	Aset Standar IX	2	[]	11	1
1262	2026-03-08 16:43:24.008076+07	52	Aset Standar X	2	[{"changed": {"fields": ["Profit method"]}}]	11	1
1263	2026-03-08 16:43:33.098708+07	53	Prioritas I	2	[]	11	1
1264	2026-03-08 16:43:47.368972+07	60	Kesejahteraan I	2	[{"changed": {"fields": ["Profit method"]}}]	11	1
1265	2026-03-08 16:44:03.2279+07	61	Kesejahteraan II	2	[{"changed": {"fields": ["Profit method"]}}]	11	1
1266	2026-03-08 16:44:11.284872+07	61	Kesejahteraan II	2	[]	11	1
1267	2026-03-08 16:44:21.688845+07	62	Kesejahteraan III	2	[{"changed": {"fields": ["Profit method"]}}]	11	1
1268	2026-03-08 16:44:35.86131+07	63	Kesejahteraan IV	2	[{"changed": {"fields": ["Profit method"]}}]	11	1
1269	2026-03-08 16:44:46.126109+07	64	Kesejahteraan V	2	[{"changed": {"fields": ["Profit method"]}}]	11	1
1270	2026-03-08 16:44:58.975945+07	65	Kesejahteraan VI	2	[{"changed": {"fields": ["Profit method"]}}]	11	1
1271	2026-03-08 16:45:06.921497+07	65	Kesejahteraan VI	2	[]	11	1
1272	2026-03-08 16:45:20.407025+07	66	Aset Pilihan I	2	[{"changed": {"fields": ["Profit method"]}}]	11	1
1273	2026-03-08 16:45:27.640536+07	66	Aset Pilihan I	2	[]	11	1
1274	2026-03-08 16:45:36.197812+07	67	Aset Pilihan II	2	[{"changed": {"fields": ["Profit method"]}}]	11	1
1275	2026-03-08 16:45:46.144865+07	68	Aset Pilihan III	2	[{"changed": {"fields": ["Profit method"]}}]	11	1
1276	2026-03-08 16:46:03.069238+07	69	Aset Pilihan IV	2	[{"changed": {"fields": ["Profit method"]}}]	11	1
1277	2026-03-08 16:46:17.604968+07	70	Aset Pilihan V	2	[{"changed": {"fields": ["Profit method"]}}]	11	1
1278	2026-03-08 17:04:56.143462+07	25	Aset Standar I	2	[]	11	1
1279	2026-03-08 17:05:20.941893+07	218	+6281123456789 - Aset Standar I (1x)	2	[]	13	1
1280	2026-03-08 17:07:22.158+07	60	Kesejahteraan I	2	[{"changed": {"fields": ["Stock"]}}]	11	1
1281	2026-03-08 17:07:38.44512+07	66	Aset Pilihan I	2	[{"changed": {"fields": ["Stock"]}}]	11	1
1282	2026-03-08 17:08:47.257123+07	105	DEP-20260308170819-BC1614 - JAYAPAY - 159	2	[{"changed": {"fields": ["Status"]}}]	29	1
1283	2026-03-08 17:10:57.726841+07	221	+6281123456789 - Aset Pilihan I (1x)	2	[{"changed": {"fields": ["Profit method"]}}]	13	1
1284	2026-03-08 17:11:13.337818+07	220	+6281123456789 - Kesejahteraan I (1x)	2	[{"changed": {"fields": ["Profit method"]}}]	13	1
1285	2026-03-08 17:11:46.758392+07	218	+6281123456789 - Aset Standar I (1x)	2	[{"changed": {"fields": ["Profit method"]}}]	13	1
1286	2026-03-09 01:20:20.348019+07	1	Referral Code: mixed/9	2	[{"changed": {"fields": ["Frontend url"]}}]	9	1
1287	2026-03-09 01:37:45.422188+07	1	Referral Code: mixed/9	2	[{"changed": {"fields": ["Frontend url"]}}]	9	1
\.


--
-- Data for Name: django_content_type; Type: TABLE DATA; Schema: public; Owner: postgres
--

COPY public.django_content_type (id, app_label, model) FROM stdin;
1	admin	logentry
2	auth	permission
3	auth	group
4	contenttypes	contenttype
5	sessions	session
6	authtoken	token
7	authtoken	tokenproxy
8	accounts	user
9	accounts	generalsetting
10	accounts	ranklevel
11	products	product
12	products	transaction
13	products	investment
14	products	claimhistory
15	products	userproductpurchase
16	attendance	attendancesettings
17	attendance	attendancelog
18	vouchers	voucher
19	vouchers	voucherusage
20	missions	mission
21	missions	missionuserstate
22	banks	bank
23	banks	userbank
24	banks	banksettings
25	withdrawal	withdrawalsettings
26	withdrawal	withdrawal
27	withdrawal	withdrawaljayapay
28	deposits	gatewaysettings
29	deposits	deposit
30	support	supportlink
31	news	news
32	withdrawal	jayapaywithdrawal
33	support	supportchatthread
34	support	supportchatmessage
35	accounts	useraddress
36	accounts	phoneotp
37	accounts	admindecodetool
38	withdrawal	withdrawalservice
\.


--
-- Data for Name: django_migrations; Type: TABLE DATA; Schema: public; Owner: postgres
--

COPY public.django_migrations (id, app, name, applied) FROM stdin;
1	contenttypes	0001_initial	2025-11-09 22:40:00.921016+07
2	contenttypes	0002_remove_content_type_name	2025-11-09 22:40:00.926634+07
3	auth	0001_initial	2025-11-09 22:40:00.961557+07
4	auth	0002_alter_permission_name_max_length	2025-11-09 22:40:00.96615+07
5	auth	0003_alter_user_email_max_length	2025-11-09 22:40:00.970816+07
6	auth	0004_alter_user_username_opts	2025-11-09 22:40:00.976004+07
7	auth	0005_alter_user_last_login_null	2025-11-09 22:40:00.981478+07
8	auth	0006_require_contenttypes_0002	2025-11-09 22:40:00.983696+07
9	auth	0007_alter_validators_add_error_messages	2025-11-09 22:40:00.988256+07
10	auth	0008_alter_user_username_max_length	2025-11-09 22:40:00.993113+07
11	auth	0009_alter_user_last_name_max_length	2025-11-09 22:40:00.997935+07
12	auth	0010_alter_group_name_max_length	2025-11-09 22:40:01.003784+07
13	auth	0011_update_proxy_permissions	2025-11-09 22:40:01.010734+07
14	auth	0012_alter_user_first_name_max_length	2025-11-09 22:40:01.016136+07
15	accounts	0001_initial	2025-11-09 22:40:01.068423+07
16	accounts	0002_alter_user_rank	2025-11-09 22:40:01.098872+07
17	accounts	0003_generalsetting	2025-11-09 22:40:01.10812+07
18	accounts	0004_generalsetting_referral_code_pattern	2025-11-09 22:40:01.112465+07
19	accounts	0005_ranklevel	2025-11-09 22:40:01.121559+07
20	admin	0001_initial	2025-11-09 22:40:01.14111+07
21	admin	0002_logentry_remove_auto_add	2025-11-09 22:40:01.147723+07
22	admin	0003_logentry_add_action_flag_choices	2025-11-09 22:40:01.155352+07
23	attendance	0001_initial	2025-11-09 22:40:01.164201+07
24	attendance	0002_attendancelog_and_more	2025-11-09 22:40:01.187498+07
25	attendance	0003_attendancesettings_rank_rewards_and_more	2025-11-09 22:40:01.198398+07
26	authtoken	0001_initial	2025-11-09 22:40:01.214907+07
27	authtoken	0002_auto_20160226_1747	2025-11-09 22:40:01.235777+07
28	authtoken	0003_tokenproxy	2025-11-09 22:40:01.239694+07
29	authtoken	0004_alter_tokenproxy_options	2025-11-09 22:40:01.246228+07
30	banks	0001_initial	2025-11-09 22:40:01.284033+07
31	banks	0002_alter_userbank_unique_together_and_more	2025-11-09 22:40:01.30631+07
32	banks	0003_banksettings_remove_userbank_unique_user_bank_and_more	2025-11-09 22:40:01.391395+07
33	products	0001_initial	2025-11-09 22:40:01.45463+07
34	products	0002_investment	2025-11-09 22:40:01.483187+07
35	deposits	0001_initial	2025-11-09 22:40:01.592607+07
36	deposits	0002_gateway_extra_fields	2025-11-09 22:40:01.615379+07
37	missions	0001_initial	2025-11-09 22:40:01.684381+07
38	missions	0002_mission_title	2025-11-09 22:40:01.695329+07
39	news	0001_initial	2025-11-09 22:40:01.719823+07
40	news	0002_news_image	2025-11-09 22:40:01.728004+07
41	products	0003_remove_product_max_investment_and_more	2025-11-09 22:40:01.745533+07
42	products	0004_add_purchase_commission_type	2025-11-09 22:40:01.767686+07
43	products	0005_alter_transaction_type	2025-11-09 22:40:01.787178+07
44	products	0006_alter_transaction_status	2025-11-09 22:40:01.802476+07
45	products	0007_add_earned_transaction_type	2025-11-09 22:40:01.820975+07
46	products	0008_remove_earned_transaction_type	2025-11-09 22:40:01.861708+07
47	products	0009_investment_claims_count_investment_claims_remaining_and_more	2025-11-09 22:40:02.006374+07
48	products	0010_product_cashback_enabled_product_cashback_percentage	2025-11-09 22:40:02.027012+07
49	products	0011_alter_transaction_type	2025-11-09 22:40:02.050567+07
50	products	0012_product_custom_field_10_content_and_more	2025-11-09 22:40:02.160539+07
51	products	0013_change_image_field_to_imagefield	2025-11-09 22:40:02.165451+07
52	products	0014_product_max_purchase_count_userproductpurchase	2025-11-09 22:40:02.216473+07
53	products	0015_remove_product_custom_fields_and_more	2025-11-09 22:40:02.226186+07
54	sessions	0001_initial	2025-11-09 22:40:02.246605+07
55	support	0001_initial	2025-11-09 22:40:02.260534+07
56	vouchers	0001_initial	2025-11-09 22:40:02.31953+07
57	vouchers	0002_voucher_min_amount_voucher_rank_rewards_and_more	2025-11-09 22:40:02.344225+07
58	withdrawal	0001_initial	2025-11-09 22:40:02.403217+07
59	withdrawal	0002_withdrawalsettings_balance_source	2025-11-09 22:40:02.41567+07
60	withdrawal	0003_withdrawal_transaction	2025-11-09 22:40:02.438281+07
61	withdrawal	0004_withdrawaljayapay	2025-11-09 22:40:02.444165+07
62	products	0016_remove_product_custom_fields_and_more	2025-11-10 00:29:12.063448+07
63	withdrawal	0005_jayapaywithdrawal	2025-11-10 13:43:56.710776+07
64	accounts	0006_user_withdraw_pin	2025-11-26 20:46:09.817625+07
65	accounts	0007_generalsetting_auto_login_on_register	2025-11-26 20:46:09.974738+07
66	accounts	0008_generalsetting_rank_policy	2025-11-26 20:46:10.184847+07
67	accounts	0009_generalsetting_rank_basis_flags	2025-11-26 20:46:10.461921+07
68	news	0003_fix_sequence_news_id	2025-11-26 20:46:10.585988+07
69	products	0017_product_require_upline_ownership_for_commissions	2025-11-26 20:46:10.967674+07
70	products	0018_investment_profit_random_max_and_more	2025-11-26 20:46:11.214645+07
71	support	0002_supportchatthread_supportchatmessage	2025-11-26 20:46:11.605109+07
72	support	0003_supportlink_icon	2025-11-26 20:46:11.693711+07
73	withdrawal	0006_withdrawalsettings_require_pin	2025-11-26 20:46:11.843505+07
74	accounts	0010_generalsetting_registration_bonus_amount_and_more	2025-12-01 13:49:43.658689+07
75	products	0019_add_transaction_indexes	2025-12-08 01:08:27.124044+07
76	products	0020_alter_product_price_alter_product_profit_random_max_and_more	2025-12-08 10:40:21.214402+07
77	products	0021_alter_investment_profit_random_max_and_more	2025-12-08 10:42:55.646964+07
78	withdrawal	0007_withdrawalsettings_require_active_investment	2026-01-07 19:12:11.123684+07
79	accounts	0011_useraddress	2026-01-09 03:06:53.181498+07
80	products	0022_alter_investment_claim_reset_mode_and_more	2026-01-11 19:33:24.710739+07
81	accounts	0012_alter_ranklevel_rank	2026-01-11 20:50:07.735374+07
82	attendance	0004_attendancesettings_daily_cycle_days_and_more	2026-01-12 00:48:49.815343+07
83	accounts	0013_user_last_login_ip	2026-01-12 20:04:33.264466+07
84	accounts	0014_phoneotp_generalsetting_otp_enabled_and_more	2026-01-13 13:41:27.9432+07
85	accounts	0015_generalsetting_whatsapp_check	2026-01-13 17:29:01.584738+07
86	accounts	0016_phoneotp_verification_id_alter_phoneotp_otp_code	2026-01-14 00:23:30.972408+07
87	accounts	0017_generalsetting_verifynow_api_key_and_more	2026-01-14 00:28:01.152585+07
88	vouchers	0003_voucher_start_at	2026-02-12 15:23:57.733437+07
89	vouchers	0004_voucher_claim_mode	2026-02-12 15:44:12.245018+07
90	accounts	0018_admindecodetool	2026-02-12 18:48:05.181317+07
91	missions	0003_alter_mission_created_at_alter_mission_description_and_more	2026-02-12 18:48:05.218302+07
92	vouchers	0005_voucher_is_daily_claim	2026-02-12 18:48:05.244734+07
93	accounts	0012_generalsetting_require_withdraw_pin_on_register	2026-02-16 01:02:17.177531+07
94	accounts	0019_merge_20260216_0102	2026-02-16 01:02:17.182101+07
95	accounts	0020_generalsetting_require_withdraw_pin_on_purchase	2026-02-16 01:54:42.27465+07
96	withdrawal	0008_withdrawalservice_withdrawal_withdrawal_service	2026-02-16 14:31:35.056626+07
97	withdrawal	0009_seed_default_withdrawal_services	2026-02-16 14:37:54.444434+07
98	products	0023_investment_principal_returned_and_more	2026-02-18 02:05:24.96472+07
99	products	0024_alter_transaction_type	2026-02-18 02:10:26.605818+07
100	products	0025_product_qualify_as_active_investment	2026-02-18 20:39:25.073088+07
101	accounts	0020_generalsetting_rank_use_deposit_self_total	2026-03-06 14:11:33.21713+07
102	accounts	0021_merge_20260306_1412	2026-03-06 14:11:33.235346+07
103	products	0026_product_rank_requirements	2026-03-06 14:24:43.238794+07
104	accounts	0022_user_balance_hold	2026-03-06 14:47:56.374796+07
105	accounts	0023_alter_generalsetting_rank_basis	2026-03-06 14:47:56.38254+07
106	products	0027_alter_product_profit_method_alter_transaction_type_and_more	2026-03-06 14:47:56.442844+07
107	withdrawal	0010_withdrawalsettings_require_withdraw_service	2026-03-06 16:03:07.013048+07
108	accounts	0024_generalsetting_frontend_url	2026-03-09 01:17:01.349181+07
\.


--
-- Data for Name: django_session; Type: TABLE DATA; Schema: public; Owner: postgres
--

COPY public.django_session (session_key, session_data, expire_date) FROM stdin;
49afzixx4klt7p5a3lt9n716r8imhilr	.eJxVizEOAiEQRe9CbTYOMKxr6QXWxpoMzBCMkU2WpTLeXTax0OYX_733Up7aln2rsvo7q7MCdfj9AsWHlB1QjEsrWx12OFzzUmReb90p9JTLV_trM9XcQ2QexZ6YSJPVk8W-gDIKMkZntUuQ2ImAEUgxJA6IkzkaYEoAJqr3B9-oNvI:1vI7uZ:DfQmWpqrX_5eHgDK2QJT7D2UFsuNiSZiH1Hvw1m1Uxo	2025-11-23 23:05:03.515206+07
ewbg9lavn6gxal7f8xkgfdo3ovru0ahv	.eJxVjMEOwiAQRP-FsyEusNR69N5vIAu7SNXQpLQn47_bJj3oZQ7z3sxbBVqXEtYmcxhZXRWo028XKT2l7oAfVO-TTlNd5jHqXdEHbXqYWF63w_07KNTKtkbmTtyFiQw50zvcElA6QcbknfEZMnsRsAI5xcwRsbdnC0wZwCb1-QL32TiD:1vI7uy:EAIRsMHyLhizmV7I94XboAktqL9xgFh5ouyewDqeEOA	2025-11-23 23:05:28.331352+07
rze0v4m3frodykkhi4bvqdo0ea4q9kfj	.eJxVjMEOwiAQRP-FsyEusNR69N5vIAu7SNXQpLQn47_bJj3oZQ7z3sxbBVqXEtYmcxhZXRWo028XKT2l7oAfVO-TTlNd5jHqXdEHbXqYWF63w_07KNTKtkbmTtyFiQw50zvcElA6QcbknfEZMnsRsAI5xcwRsbdnC0wZwCb1-QL32TiD:1vI9UD:Mq0HBCogY5BGpKuRdOor64S5HvCG1_zguXeDjt0ih_4	2025-11-24 00:45:57.831374+07
0ak1nkxqh4m5j2u976hfmvwsifdkue4m	.eJxVjMEOwiAQRP-FsyEusNR69N5vIAu7SNXQpLQn47_bJj3oZQ7z3sxbBVqXEtYmcxhZXRWo028XKT2l7oAfVO-TTlNd5jHqXdEHbXqYWF63w_07KNTKtkbmTtyFiQw50zvcElA6QcbknfEZMnsRsAI5xcwRsbdnC0wZwCb1-QL32TiD:1vIACN:M9BhAglAvxxILC97EZJe4WfZ0qojj38ze0LmB54cW7Q	2025-11-24 01:31:35.497349+07
q4uzctj6w4wxdwhsxhl4l75agb4tptw4	.eJxVjMEOwiAQRP-FsyEusNR69N5vIAu7SNXQpLQn47_bJj3oZQ7z3sxbBVqXEtYmcxhZXRWo028XKT2l7oAfVO-TTlNd5jHqXdEHbXqYWF63w_07KNTKtkbmTtyFiQw50zvcElA6QcbknfEZMnsRsAI5xcwRsbdnC0wZwCb1-QL32TiD:1vIHBb:QQFM7wzam6PFb6YCqH-lbX5RozkUTla4LMdJ2aq31vA	2025-11-24 08:59:15.386009+07
4utrfznzxt1zvhrezqg0omipgah18d2h	.eJxVi70OwiAQgN-F2TRQhANHX0AXZ3K9O4Ix0qSUyfjutomDrt_PSyXsa0m9yZLurE7KqMMvm5AeUneBRHOvaxt2OVzLXOWy3Lam4lPO3-zvLdjKNoYRNUU0DrQDCgFCnsDb6MFkIdES2ZDXbEdE5_hos8sWOEQjLOhFvT-9JzaI:1vPggw:TfTy30by4XpXESzLLGK_mDTU9LJw9niiLf2wGpdx_1Y	2025-12-14 19:38:14.99951+07
zfspztpm6etih8jgc8459q56w8msc4o2	.eJxVi70OwiAQgN-F2TRQhANHX0AXZ3K9O4Ix0qSUyfjutomDrt_PSyXsa0m9yZLurE7KqMMvm5AeUneBRHOvaxt2OVzLXOWy3Lam4lPO3-zvLdjKNoYRNUU0DrQDCgFCnsDb6MFkIdES2ZDXbEdE5_hos8sWOEQjLOhFvT-9JzaI:1vPyQi:AGfFE4tVG3pGJ-q3Ymulqv11AlXBsu7H19XFFkJlepk	2025-12-15 14:34:40.781498+07
zs8m4fkx5g6x4wrz0kn2y2qkapgciyjb	.eJxVi70OwiAQgN-F2TRQhANHX0AXZ3K9O4Ix0qSUyfjutomDrt_PSyXsa0m9yZLurE7KqMMvm5AeUneBRHOvaxt2OVzLXOWy3Lam4lPO3-zvLdjKNoYRNUU0DrQDCgFCnsDb6MFkIdES2ZDXbEdE5_hos8sWOEQjLOhFvT-9JzaI:1vQLLS:uxzEciTC6_FoMVr4SwbfKVzV7r3JQUF4ZVHFcjkO1PQ	2025-12-16 15:02:46.85899+07
nipea7ftx677ruszwwcwzwncys4reeer	.eJxVi70OwiAQgN-F2TRQhANHX0AXZ3K9O4Ix0qSUyfjutomDrt_PSyXsa0m9yZLurE7KqMMvm5AeUneBRHOvaxt2OVzLXOWy3Lam4lPO3-zvLdjKNoYRNUU0DrQDCgFCnsDb6MFkIdES2ZDXbEdE5_hos8sWOEQjLOhFvT-9JzaI:1vQMCF:SigYF01gwX4rxiBSEjTEpjIwEx68Ykg4gJNJGQBBebg	2025-12-16 15:57:19.693622+07
hc8hsbuq7wifam6e65ev8i43baxcnby1	.eJxVi70OwiAQgN-F2TRQhANHX0AXZ3K9O4Ix0qSUyfjutomDrt_PSyXsa0m9yZLurE7KqMMvm5AeUneBRHOvaxt2OVzLXOWy3Lam4lPO3-zvLdjKNoYRNUU0DrQDCgFCnsDb6MFkIdES2ZDXbEdE5_hos8sWOEQjLOhFvT-9JzaI:1vRUzK:1-36sCqr654PM64V0GupXOIQ8h5joIzyoZIF0ZPEkYw	2025-12-19 19:32:42.676001+07
j2orwau0ydzm7covwodv2l08v3ptppue	.eJxVi70OwiAQgN-F2TRQhANHX0AXZ3K9O4Ix0qSUyfjutomDrt_PSyXsa0m9yZLurE7KqMMvm5AeUneBRHOvaxt2OVzLXOWy3Lam4lPO3-zvLdjKNoYRNUU0DrQDCgFCnsDb6MFkIdES2ZDXbEdE5_hos8sWOEQjLOhFvT-9JzaI:1vScUN:QBNqbRhtnuoUXzFnsodyFnC-xJ_FVlpSvuTXRUh77FA	2025-12-22 21:45:23.743382+07
gidok7fp4r0f3fetirk0x8lpjo7mdh8v	.eJxVi70OwiAQgN-F2TRQhANHX0AXZ3K9O4Ix0qSUyfjutomDrt_PSyXsa0m9yZLurE7KqMMvm5AeUneBRHOvaxt2OVzLXOWy3Lam4lPO3-zvLdjKNoYRNUU0DrQDCgFCnsDb6MFkIdES2ZDXbEdE5_hos8sWOEQjLOhFvT-9JzaI:1vSkAv:UXrSlLrw0qW7gYx3U5flfMPLrXmEr3U7NNNWk6RJu1k	2025-12-23 05:57:49.461453+07
y7i4l1cugzbk83runj9olos8erebfow3	.eJxVi70OwiAQgN-F2TRQhANHX0AXZ3K9O4Ix0qSUyfjutomDrt_PSyXsa0m9yZLurE7KqMMvm5AeUneBRHOvaxt2OVzLXOWy3Lam4lPO3-zvLdjKNoYRNUU0DrQDCgFCnsDb6MFkIdES2ZDXbEdE5_hos8sWOEQjLOhFvT-9JzaI:1vdTVF:DRFxyRLHw5XWb0BkFA_mRGYTHXK_phDlOH9VHrPpamk	2026-01-21 20:23:09.468345+07
4a7pwmf955l2raathvxn5kxt2p6rstvz	.eJxVi70OwiAQgN-F2TRQhANHX0AXZ3K9O4Ix0qSUyfjutomDrt_PSyXsa0m9yZLurE7KqMMvm5AeUneBRHOvaxt2OVzLXOWy3Lam4lPO3-zvLdjKNoYRNUU0DrQDCgFCnsDb6MFkIdES2ZDXbEdE5_hos8sWOEQjLOhFvT-9JzaI:1vemC2:e7fhMfFZ6II7bV7J9v8TcmUJFxCdy1a7n-ezaJXWoRg	2026-01-25 10:32:42.121992+07
ps4brkiz4t4oyuf3x2pe4g7y5xoqq89i	.eJxVi70OwiAQgN-F2TRQhANHX0AXZ3K9O4Ix0qSUyfjutomDrt_PSyXsa0m9yZLurE7KqMMvm5AeUneBRHOvaxt2OVzLXOWy3Lam4lPO3-zvLdjKNoYRNUU0DrQDCgFCnsDb6MFkIdES2ZDXbEdE5_hos8sWOEQjLOhFvT-9JzaI:1vex3g:T1EU5FuiTfyloi2p-r6jBexJt3zYqUqcjrsLKFEU0Kk	2026-01-25 22:08:48.656298+07
36ozyh853zvj3j7bi5rvxbh5igi0jblf	.eJxVi70OwiAQgN-F2TRQhANHX0AXZ3K9O4Ix0qSUyfjutomDrt_PSyXsa0m9yZLurE7KqMMvm5AeUneBRHOvaxt2OVzLXOWy3Lam4lPO3-zvLdjKNoYRNUU0DrQDCgFCnsDb6MFkIdES2ZDXbEdE5_hos8sWOEQjLOhFvT-9JzaI:1vfudw:2ExbNHYkG9jYV_bU5NrNc8CyC7nIluPcntJDxkBn7cY	2026-01-28 13:46:12.219773+07
ycwgfwp6if3ll605unxn4nfwa3d91vlz	.eJxVjEEOwiAQRe_C2hAowoBL9z0DGZhBqoYmpV0Z765NutDtf-_9l4i4rTVunZc4kbgILU6_W8L84LYDumO7zTLPbV2mJHdFHrTLcSZ-Xg_376Bir9_aD6hyQG1BWcjegy8JnAkOdOHMigPp7BSZAdFaOptiiwHyQTMxOhbvD9VYOBk:1vjLMD:LEli8l8xoNIkRYcXben4s2MxPJ4FYmIKlNmRw_hzZa0	2026-02-07 00:54:05.320935+07
wk8b6c61vd6lz5ikrbvj6y1ftden6zxt	.eJxVjEEOwiAQRe_C2hAowoBL9z0DGZhBqoYmpV0Z765NutDtf-_9l4i4rTVunZc4kbgILU6_W8L84LYDumO7zTLPbV2mJHdFHrTLcSZ-Xg_376Bir9_aD6hyQG1BWcjegy8JnAkOdOHMigPp7BSZAdFaOptiiwHyQTMxOhbvD9VYOBk:1vjZ2s:Vf3b744ZIlIB0ZLsYwkyYG-wcrUGU1k6k7e8EMmYvlc	2026-02-07 15:31:02.849721+07
6y3zj1d4qp7tmexbaqoop53p9277k15s	.eJxVjEEOwiAQRe_C2hAowoBL9z0DGZhBqoYmpV0Z765NutDtf-_9l4i4rTVunZc4kbgILU6_W8L84LYDumO7zTLPbV2mJHdFHrTLcSZ-Xg_376Bir9_aD6hyQG1BWcjegy8JnAkOdOHMigPp7BSZAdFaOptiiwHyQTMxOhbvD9VYOBk:1vjfn4:LA3LYm8AM0l-DCMzteMIqYvbEw5gF6-H0MLewj4A_Fg	2026-02-07 22:43:10.546932+07
slpulf5qzwa2f9kegg3c89a58jjhelym	.eJxVjEEOwiAQRe_C2hAowoBL9z0DGZhBqoYmpV0Z765NutDtf-_9l4i4rTVunZc4kbgILU6_W8L84LYDumO7zTLPbV2mJHdFHrTLcSZ-Xg_376Bir9_aD6hyQG1BWcjegy8JnAkOdOHMigPp7BSZAdFaOptiiwHyQTMxOhbvD9VYOBk:1vqRuF:mAzgCwOm-MKh0cZ9koPkInM-ld5WZBi__7dVDoi8lmQ	2026-02-26 15:18:35.004654+07
gzpqlqz2k1zqi3obemamhx9tie4iul29	.eJxVjEEOwiAQRe_C2hAowoBL9z0DGZhBqoYmpV0Z765NutDtf-_9l4i4rTVunZc4kbgILU6_W8L84LYDumO7zTLPbV2mJHdFHrTLcSZ-Xg_376Bir9_aD6hyQG1BWcjegy8JnAkOdOHMigPp7BSZAdFaOptiiwHyQTMxOhbvD9VYOBk:1vrWAD:2i8aCLwWQQ8SdE_RGnv3FffKkeFknAMR5NYP5O3wS2Y	2026-03-01 14:03:29.659533+07
b3l39c16jsnz8nluonyq5hcz4vm186t1	.eJxVjEEOwiAQRe_C2hAowoBL9z0DGZhBqoYmpV0Z765NutDtf-_9l4i4rTVunZc4kbgILU6_W8L84LYDumO7zTLPbV2mJHdFHrTLcSZ-Xg_376Bir9_aD6hyQG1BWcjegy8JnAkOdOHMigPp7BSZAdFaOptiiwHyQTMxOhbvD9VYOBk:1vsK8F:gMcuGG9U_yZoe5Ipiu-EXcU-y8SjcGJmHaCdpli1edo	2026-03-03 19:24:47.039591+07
h3ajch2qgr88h7syznyb8gshiwpf4h8k	.eJxVjEEOwiAQRe_C2hAowoBL9z0DGZhBqoYmpV0Z765NutDtf-_9l4i4rTVunZc4kbgILU6_W8L84LYDumO7zTLPbV2mJHdFHrTLcSZ-Xg_376Bir9_aD6hyQG1BWcjegy8JnAkOdOHMigPp7BSZAdFaOptiiwHyQTMxOhbvD9VYOBk:1vsZT7:1vbTGDzNm-VKQ1zKJfLtwjZWjKGNLChn6IdhbgEy-vs	2026-03-04 11:47:21.81458+07
ents55z3jba4h8zy4jpsed9w0n7f87sk	.eJxVjEEOwiAQRe_C2hAowoBL9z0DGZhBqoYmpV0Z765NutDtf-_9l4i4rTVunZc4kbgILU6_W8L84LYDumO7zTLPbV2mJHdFHrTLcSZ-Xg_376Bir9_aD6hyQG1BWcjegy8JnAkOdOHMigPp7BSZAdFaOptiiwHyQTMxOhbvD9VYOBk:1vx70N:deLZu9IR2H-wc9mw4yrQW_dXW6wmleDW8oibYxms3jc	2026-03-17 00:24:27.497658+07
fixfo9sn2v4o21ud1p8953y9g7bhmfpc	.eJxVjEEOwiAQRe_C2hAowoBL9z0DGZhBqoYmpV0Z765NutDtf-_9l4i4rTVunZc4kbgILU6_W8L84LYDumO7zTLPbV2mJHdFHrTLcSZ-Xg_376Bir9_aD6hyQG1BWcjegy8JnAkOdOHMigPp7BSZAdFaOptiiwHyQTMxOhbvD9VYOBk:1vxgoV:XxzAi4kXWLciGOt3LXt22R_QQqG66xzy5K3GZ1jRlXk	2026-03-18 14:38:35.306686+07
pdf2n4hkbtmofwb74vejaptkcmp2by2j	.eJxVjEEOwiAQRe_C2hAowoBL9z0DGZhBqoYmpV0Z765NutDtf-_9l4i4rTVunZc4kbgILU6_W8L84LYDumO7zTLPbV2mJHdFHrTLcSZ-Xg_376Bir9_aD6hyQG1BWcjegy8JnAkOdOHMigPp7BSZAdFaOptiiwHyQTMxOhbvD9VYOBk:1vxzoI:XoTw3cGLMONRs820wVxstkfdXXuMpTi2fRnKwng6H7k	2026-03-19 10:55:38.741042+07
tixbh6w5i4capy2715zcxdmucml7xvyt	.eJxVjEEOwiAQRe_C2hAowoBL9z0DGZhBqoYmpV0Z765NutDtf-_9l4i4rTVunZc4kbgILU6_W8L84LYDumO7zTLPbV2mJHdFHrTLcSZ-Xg_376Bir9_aD6hyQG1BWcjegy8JnAkOdOHMigPp7BSZAdFaOptiiwHyQTMxOhbvD9VYOBk:1vy2mx:j9pMvsc-c_EsLDBgJIWauY0Ch4Mibzl3_G981xJeVbY	2026-03-19 14:06:27.832036+07
\.


--
-- Data for Name: investments; Type: TABLE DATA; Schema: public; Owner: postgres
--

COPY public.investments (id, quantity, total_amount, profit_type, profit_rate, profit_method, claim_reset_mode, duration_days, remaining_days, expires_at, last_claim_time, next_claim_time, total_claimed_profit, status, created_at, updated_at, product_id, transaction_id, user_id, claims_count, claims_remaining, first_claim_time, last_claim_amount, total_claimed_amount, profit_random_max, profit_random_min, principal_returned) FROM stdin;
219	1	80000.00	percentage	63.00	auto	after_purchase	2	1	2026-03-10 00:18:08.15192+07	2026-03-09 00:18:32.380268+07	2026-03-10 00:18:32.380268+07	50400.00	ACTIVE	2026-03-08 00:18:08.152438+07	2026-03-09 00:18:32.380268+07	53	2319	149	1	1	2026-03-09 00:18:32.380268+07	50400.00	50400.00	\N	\N	f
197	1	100000.00	percentage	10.00	auto	after_purchase	55	53	2026-05-01 01:58:50.006831+07	2026-03-08 16:44:45.84014+07	2026-03-09 16:44:45.84014+07	10000.00	ACTIVE	2026-03-07 01:58:50.008392+07	2026-03-08 16:44:45.841569+07	53	2202	147	1	54	2026-03-08 16:44:45.84014+07	10000.00	10000.00	\N	\N	f
213	1	58000.00	percentage	30.00	auto	after_purchase	55	54	2026-05-01 18:52:26.293634+07	2026-03-08 18:57:21.141098+07	2026-03-09 18:57:21.141098+07	17400.00	ACTIVE	2026-03-07 18:52:26.294645+07	2026-03-08 18:57:21.142658+07	25	2280	154	1	54	2026-03-08 18:57:21.141098+07	17400.00	17400.00	0.00	0.00	f
195	1	10000.00	percentage	5.00	auto	after_purchase	40	38	2026-04-15 16:44:13.845157+07	2026-03-08 16:44:45.888741+07	2026-03-09 16:44:45.888741+07	500.00	ACTIVE	2026-03-06 16:44:13.845157+07	2026-03-08 16:44:45.888741+07	25	2189	145	1	39	2026-03-08 16:44:45.888741+07	500.00	500.00	0.00	0.00	f
194	1	10000.00	percentage	5.00	auto	after_purchase	40	38	2026-04-15 15:50:23.834049+07	2026-03-08 16:44:45.904085+07	2026-03-09 16:44:45.904085+07	500.00	ACTIVE	2026-03-06 15:50:23.835599+07	2026-03-08 16:44:45.904085+07	25	2183	143	1	39	2026-03-08 16:44:45.904085+07	500.00	500.00	0.00	0.00	f
210	1	58000.00	percentage	30.00	auto	after_purchase	55	54	2026-05-01 18:46:37.154404+07	2026-03-08 18:47:20.48013+07	2026-03-09 18:47:20.48013+07	17400.00	ACTIVE	2026-03-07 18:46:37.154404+07	2026-03-08 18:47:20.481667+07	25	2265	151	1	54	2026-03-08 18:47:20.48013+07	17400.00	17400.00	0.00	0.00	f
191	1	10000.00	percentage	5.00	auto	after_purchase	40	37	2026-04-14 22:22:27.280129+07	2026-03-08 16:44:45.948866+07	2026-03-09 16:44:45.948866+07	500.00	ACTIVE	2026-03-05 22:22:27.280129+07	2026-03-08 16:44:45.949874+07	25	2173	2	1	39	2026-03-08 16:44:45.948866+07	500.00	500.00	0.00	0.00	f
199	1	100000.00	percentage	10.00	auto	after_purchase	55	53	2026-05-01 03:11:39.985712+07	2026-03-08 16:44:45.810646+07	2026-03-09 16:44:45.810646+07	10000.00	ACTIVE	2026-03-07 03:11:39.98622+07	2026-03-08 16:44:45.812193+07	53	2212	147	1	54	2026-03-08 16:44:45.810646+07	10000.00	10000.00	\N	\N	f
202	1	300000.00	percentage	6.00	auto	after_purchase	55	53	2026-05-01 03:32:08.721424+07	2026-03-08 16:44:45.748671+07	2026-03-09 16:44:45.748671+07	18000.00	ACTIVE	2026-03-07 03:32:08.721424+07	2026-03-08 16:44:45.749197+07	55	2225	147	1	54	2026-03-08 16:44:45.748671+07	18000.00	18000.00	\N	\N	f
193	1	100000.00	percentage	10.00	auto	after_purchase	55	53	2026-04-30 12:06:28.732235+07	2026-03-08 16:44:45.917303+07	2026-03-09 16:44:45.917303+07	10000.00	ACTIVE	2026-03-06 12:06:28.733787+07	2026-03-08 16:44:45.917826+07	53	2180	2	1	54	2026-03-08 16:44:45.917303+07	10000.00	10000.00	\N	\N	f
218	1	58000.00	percentage	30.00	hold	after_purchase	55	54	2026-05-02 00:16:59.244108+07	2026-03-09 00:18:32.393113+07	2026-03-10 00:18:32.393113+07	17400.00	ACTIVE	2026-03-08 00:16:59.244632+07	2026-03-09 00:18:32.393113+07	25	2314	149	1	54	2026-03-09 00:18:32.393113+07	17400.00	17400.00	0.00	0.00	f
196	1	10000.00	percentage	5.00	auto	after_purchase	40	38	2026-04-16 00:17:30.094086+07	2026-03-08 16:44:45.865166+07	2026-03-09 16:44:45.865166+07	500.00	ACTIVE	2026-03-07 00:17:30.094086+07	2026-03-08 16:44:45.868867+07	25	2196	147	1	39	2026-03-08 16:44:45.865166+07	500.00	500.00	0.00	0.00	f
212	1	58000.00	percentage	30.00	auto	after_purchase	55	54	2026-05-01 18:51:19.111121+07	2026-03-08 18:52:20.726208+07	2026-03-09 18:52:20.726208+07	17400.00	ACTIVE	2026-03-07 18:51:19.111121+07	2026-03-08 18:52:20.727775+07	25	2275	153	1	54	2026-03-08 18:52:20.726208+07	17400.00	17400.00	0.00	0.00	f
216	1	58000.00	percentage	30.00	auto	after_purchase	55	54	2026-05-01 19:11:16.258619+07	2026-03-08 19:12:21.910227+07	2026-03-09 19:12:21.910227+07	17400.00	ACTIVE	2026-03-07 19:11:16.259125+07	2026-03-08 19:12:21.912832+07	25	2295	157	1	54	2026-03-08 19:12:21.910227+07	17400.00	17400.00	0.00	0.00	f
214	1	58000.00	percentage	30.00	auto	after_purchase	55	54	2026-05-01 18:54:27.473352+07	2026-03-08 18:57:21.102687+07	2026-03-09 18:57:21.102687+07	17400.00	ACTIVE	2026-03-07 18:54:27.473352+07	2026-03-08 18:57:21.105253+07	25	2285	155	1	54	2026-03-08 18:57:21.103694+07	17400.00	17400.00	0.00	0.00	f
221	1	125000.00	percentage	45.00	hold	after_purchase	30	29	2026-04-07 00:19:20.968387+07	2026-03-09 00:23:32.54336+07	2026-03-10 00:23:32.54336+07	56250.00	ACTIVE	2026-03-08 00:19:20.968913+07	2026-03-09 00:23:32.54336+07	66	2327	149	1	29	2026-03-09 00:23:32.54336+07	56250.00	56250.00	\N	\N	f
201	1	200000.00	percentage	6.00	auto	after_purchase	55	53	2026-05-01 03:31:57.716317+07	2026-03-08 16:44:45.767552+07	2026-03-09 16:44:45.767552+07	12000.00	ACTIVE	2026-03-07 03:31:57.716317+07	2026-03-08 16:44:45.76909+07	54	2221	147	1	54	2026-03-08 16:44:45.767552+07	12000.00	12000.00	\N	\N	f
206	1	111000.00	percentage	5.00	auto	after_purchase	55	53	2026-05-01 04:04:59.160467+07	2026-03-08 16:44:45.660072+07	2026-03-09 16:44:45.660072+07	5550.00	ACTIVE	2026-03-07 04:04:59.161472+07	2026-03-08 16:44:45.660584+07	66	2244	148	1	54	2026-03-08 16:44:45.660072+07	5550.00	5550.00	\N	\N	f
205	1	110000.00	percentage	6.00	auto	after_purchase	55	53	2026-05-01 04:04:40.793198+07	2026-03-08 16:44:45.676741+07	2026-03-09 16:44:45.676741+07	6600.00	ACTIVE	2026-03-07 04:04:40.794712+07	2026-03-08 16:44:45.676741+07	60	2240	148	1	54	2026-03-08 16:44:45.676741+07	6600.00	6600.00	\N	\N	f
204	1	10000.00	percentage	5.00	auto	after_purchase	40	38	2026-04-16 04:04:31.239876+07	2026-03-08 16:44:45.697198+07	2026-03-09 16:44:45.697198+07	500.00	ACTIVE	2026-03-07 04:04:31.239876+07	2026-03-08 16:44:45.697198+07	25	2236	148	1	39	2026-03-08 16:44:45.697198+07	500.00	500.00	0.00	0.00	f
203	1	100000.00	percentage	10.00	auto	after_purchase	55	53	2026-05-01 04:04:20.512665+07	2026-03-08 16:44:45.731856+07	2026-03-09 16:44:45.731856+07	10000.00	ACTIVE	2026-03-07 04:04:20.512665+07	2026-03-08 16:44:45.733404+07	53	2232	148	1	54	2026-03-08 16:44:45.731856+07	10000.00	10000.00	\N	\N	f
200	1	200000.00	percentage	6.00	auto	after_purchase	55	53	2026-05-01 03:18:23.348853+07	2026-03-08 16:44:45.789534+07	2026-03-09 16:44:45.789534+07	12000.00	ACTIVE	2026-03-07 03:18:23.349882+07	2026-03-08 16:44:45.790781+07	54	2217	147	1	54	2026-03-08 16:44:45.789534+07	12000.00	12000.00	\N	\N	f
211	1	58000.00	percentage	30.00	auto	after_purchase	55	54	2026-05-01 18:49:03.614005+07	2026-03-08 18:52:20.764519+07	2026-03-09 18:52:20.764519+07	17400.00	ACTIVE	2026-03-07 18:49:03.614005+07	2026-03-08 18:52:20.766061+07	25	2270	152	1	54	2026-03-08 18:52:20.764519+07	17400.00	17400.00	0.00	0.00	f
215	1	58000.00	percentage	30.00	auto	after_purchase	55	54	2026-05-01 18:59:06.750445+07	2026-03-08 19:02:21.441315+07	2026-03-09 19:02:21.441315+07	17400.00	ACTIVE	2026-03-07 18:59:06.752006+07	2026-03-08 19:02:21.442892+07	25	2290	156	1	54	2026-03-08 19:02:21.441315+07	17400.00	17400.00	0.00	0.00	f
217	1	58000.00	percentage	30.00	auto	after_purchase	55	54	2026-05-02 00:12:43.853157+07	2026-03-09 00:13:32.204885+07	2026-03-10 00:13:32.204885+07	17400.00	ACTIVE	2026-03-08 00:12:43.853157+07	2026-03-09 00:13:32.204885+07	25	2308	158	1	54	2026-03-09 00:13:32.204885+07	17400.00	17400.00	0.00	0.00	f
209	1	80000.00	percentage	63.00	auto	after_purchase	2	1	2026-03-09 18:40:13.406328+07	2026-03-08 18:42:20.219268+07	2026-03-09 18:42:20.219268+07	50400.00	ACTIVE	2026-03-07 18:40:13.406328+07	2026-03-08 18:42:20.220282+07	53	2259	150	1	1	2026-03-08 18:42:20.219268+07	50400.00	50400.00	\N	\N	f
222	1	58000.00	percentage	30.00	hold	after_purchase	70	70	2026-05-17 17:06:47.574443+07	\N	2026-03-09 17:06:47.576028+07	0.00	ACTIVE	2026-03-08 17:06:47.576028+07	2026-03-08 17:06:47.597547+07	25	2351	159	0	70	\N	0.00	0.00	0.00	0.00	f
192	1	10000.00	percentage	5.00	auto	after_purchase	40	37	2026-04-15 02:31:00.247725+07	2026-03-08 16:44:45.934215+07	2026-03-09 16:44:45.934215+07	500.00	ACTIVE	2026-03-06 02:31:00.24825+07	2026-03-08 16:44:45.934215+07	25	2177	143	1	39	2026-03-08 16:44:45.934215+07	500.00	500.00	0.00	0.00	f
198	1	10000.00	percentage	5.00	auto	after_purchase	40	38	2026-04-16 02:03:01.734029+07	2026-03-08 16:44:45.82626+07	2026-03-09 16:44:45.82626+07	500.00	ACTIVE	2026-03-07 02:03:01.735586+07	2026-03-08 16:44:45.82626+07	25	2206	147	1	39	2026-03-08 16:44:45.82626+07	500.00	500.00	0.00	0.00	f
190	1	20000.00	percentage	5.00	auto	after_purchase	40	37	2026-04-14 16:57:14.937725+07	2026-03-08 16:44:45.965531+07	2026-03-09 16:44:45.965531+07	1000.00	ACTIVE	2026-03-05 16:57:14.939263+07	2026-03-08 16:44:45.965531+07	26	2168	2	1	39	2026-03-08 16:44:45.965531+07	1000.00	1000.00	0.00	0.00	f
220	1	88000.00	percentage	20.00	hold	after_purchase	30	29	2026-04-07 00:19:09.28008+07	2026-03-09 00:23:32.557289+07	2026-03-10 00:23:32.557289+07	17600.00	ACTIVE	2026-03-08 00:19:09.281655+07	2026-03-09 00:23:32.557289+07	60	2323	149	1	29	2026-03-09 00:23:32.557289+07	17600.00	17600.00	\N	\N	f
207	1	58000.00	percentage	30.00	auto	after_purchase	55	54	2026-05-01 16:04:26.965327+07	2026-03-08 16:44:45.599532+07	2026-03-09 16:44:45.599532+07	17400.00	ACTIVE	2026-03-07 16:04:26.965327+07	2026-03-08 16:44:45.599532+07	25	2248	148	1	54	2026-03-08 16:44:45.599532+07	17400.00	17400.00	0.00	0.00	f
223	1	88000.00	percentage	20.00	hold	after_purchase	30	30	2026-04-07 17:07:52.865682+07	\N	2026-03-09 17:07:52.866786+07	0.00	ACTIVE	2026-03-08 17:07:52.866786+07	2026-03-08 17:07:52.866786+07	60	2355	159	0	30	\N	0.00	0.00	\N	\N	f
224	1	125000.00	percentage	45.00	hold	after_purchase	30	30	2026-04-07 17:08:00.702779+07	\N	2026-03-09 17:08:00.703304+07	0.00	ACTIVE	2026-03-08 17:08:00.703304+07	2026-03-08 17:08:00.704823+07	66	2359	159	0	30	\N	0.00	0.00	\N	\N	f
225	1	80000.00	percentage	63.00	auto	after_purchase	2	2	2026-03-10 17:09:45.143322+07	\N	2026-03-09 17:09:45.144924+07	0.00	ACTIVE	2026-03-08 17:09:45.144924+07	2026-03-08 17:09:45.14819+07	53	2364	159	0	2	\N	0.00	0.00	\N	\N	f
208	1	58000.00	percentage	30.00	auto	after_purchase	55	54	2026-05-01 18:34:57.881178+07	2026-03-08 18:37:19.938631+07	2026-03-09 18:37:19.938631+07	17400.00	ACTIVE	2026-03-07 18:34:57.881178+07	2026-03-08 18:37:19.940174+07	25	2254	150	1	54	2026-03-08 18:37:19.938631+07	17400.00	17400.00	0.00	0.00	f
\.


--
-- Data for Name: mission_user_states; Type: TABLE DATA; Schema: public; Owner: postgres
--

COPY public.mission_user_states (id, claimed_count, last_claimed_at, created_at, updated_at, mission_id, user_id) FROM stdin;
24	1	2026-03-07 23:35:54.625249+07	2026-03-07 23:35:54.588548+07	2026-03-07 23:35:54.625249+07	69	149
25	1	2026-03-08 00:13:25.933516+07	2026-03-08 00:13:25.9271+07	2026-03-08 00:13:25.933516+07	70	149
\.


--
-- Data for Name: missions; Type: TABLE DATA; Schema: public; Owner: postgres
--

COPY public.missions (id, description, is_active, is_repeatable, level, type, requirement, reward, reward_balance_type, referral_levels, created_at, updated_at, title) FROM stdin;
70	Tingkatkan 15 anggota tingkat pertama yang aktif berinvestasi untuk mendapatkan bonus ini.	t	f	2	active_downline	15	100000.00	balance	[1]	2026-03-05 16:45:27.221245+07	2026-03-08 00:13:44.37715+07	Tugas Undangan
69	Tingkatkan 6 anggota tingkat pertama yang aktif berinvestasi untuk mendapatkan bonus ini.	t	f	1	active_downline	6	30000.00	balance	[1]	2026-03-05 16:44:50.110919+07	2026-03-07 14:56:11.980804+07	Tugas Undangan
71	Tingkatkan 35 anggota tingkat pertama yang aktif berinvestasi untuk mendapatkan bonus ini.	t	f	1	active_downline	35	300000.00	balance	[1]	2026-03-05 22:29:36.255356+07	2026-03-07 14:59:22.439105+07	Tugas Undangan
72	Tingkatkan 60 anggota tingkat pertama yang aktif berinvestasi untuk mendapatkan bonus ini.	t	f	4	active_downline	60	750000.00	balance	[1]	2026-03-07 15:00:17.081773+07	2026-03-07 15:00:17.083367+07	Tugas Undangan
73	Tingkatkan 150 anggota tingkat pertama yang aktif berinvestasi untuk mendapatkan bonus ini.	t	f	5	active_downline	150	1500000.00	balance	[1]	2026-03-07 15:00:47.712536+07	2026-03-07 15:00:47.714124+07	Tugas Undangan
74	Tingkatkan 300 anggota tingkat pertama yang aktif berinvestasi untuk mendapatkan bonus ini.	t	f	6	active_downline	300	3000000.00	balance	[1]	2026-03-07 15:01:25.625025+07	2026-03-07 15:01:25.626577+07	Tugas Undangan
75	Tingkatkan 500 anggota tingkat pertama yang aktif berinvestasi untuk mendapatkan bonus ini.	t	f	6	active_downline	500	5500000.00	balance	[1]	2026-03-07 15:02:01.322524+07	2026-03-07 15:02:01.324085+07	Tugas Undangan
76	Tingkatkan 1000 anggota tingkat pertama yang aktif berinvestasi untuk mendapatkan bonus ini.	t	f	7	active_downline	1000	12000000.00	balance	[1]	2026-03-07 15:02:37.244449+07	2026-03-07 15:02:42.056513+07	Tugas Undangan
77	Tingkatkan 2000 anggota tingkat pertama yang aktif berinvestasi untuk mendapatkan bonus ini.	t	f	8	active_downline	2000	25000000.00	balance	[1]	2026-03-07 15:03:23.271031+07	2026-03-07 15:03:23.272552+07	Tugas Undangan
78	Tingkatkan 5000 anggota tingkat pertama yang aktif berinvestasi untuk mendapatkan bonus ini.	t	f	9	active_downline	5000	50000000.00	balance	[1]	2026-03-07 15:04:09.120789+07	2026-03-07 15:04:09.122358+07	Tugas Undangan
\.


--
-- Data for Name: news_news; Type: TABLE DATA; Schema: public; Owner: postgres
--

COPY public.news_news (id, title, slug, body, is_published, published_at, updated_at, image) FROM stdin;
\.


--
-- Data for Name: products; Type: TABLE DATA; Schema: public; Owner: postgres
--

COPY public.products (id, name, description, price, status, purchase_limit, stock, stock_enabled, profit_type, profit_rate, profit_method, duration, balance_source, claim_reset_mode, claim_reset_hours, image, specifications, created_at, updated_at, cashback_enabled, cashback_percentage, custom_field_10_content, custom_field_10_title, custom_field_1_content, custom_field_1_title, custom_field_2_content, custom_field_2_title, custom_field_3_content, custom_field_3_title, custom_field_4_content, custom_field_4_title, custom_field_5_content, custom_field_5_title, custom_field_6_content, custom_field_6_title, custom_field_7_content, custom_field_7_title, custom_field_8_content, custom_field_8_title, custom_field_9_content, custom_field_9_title, max_purchase_count, profit_rebate_level_1, profit_rebate_level_2, profit_rebate_level_3, profit_rebate_level_4, profit_rebate_level_5, purchase_rebate_level_1, purchase_rebate_level_2, purchase_rebate_level_3, purchase_rebate_level_4, purchase_rebate_level_5, require_upline_ownership_for_commissions, profit_random_max, profit_random_min, return_principal_on_completion, qualify_as_active_investment, require_min_rank_enabled, min_required_rank) FROM stdin;
62	Kesejahteraan III	Capital Back	580000.00	1	10	0	t	percentage	20.00	hold	30	balance_deposit	after_purchase	\N			2026-03-06 00:53:07.946028+07	2026-03-08 16:44:21.685818+07	f	0.00		\N		\N		\N		\N		\N		\N		\N		\N		\N		\N	10	0.00	0.00	0.00	0.00	0.00	33.00	2.00	1.00	0.00	0.00	f	\N	\N	f	t	f	\N
63	Kesejahteraan IV	Capital Back	1080000.00	1	10	0	t	percentage	20.00	hold	30	balance_deposit	after_purchase	\N			2026-03-06 00:53:46.124775+07	2026-03-08 16:44:35.859632+07	f	0.00		\N		\N		\N		\N		\N		\N		\N		\N		\N		\N	10	0.00	0.00	0.00	0.00	0.00	33.00	2.00	1.00	0.00	0.00	f	\N	\N	f	t	f	\N
69	Aset Pilihan IV	Limited Stock	5050000.00	1	5	0	t	percentage	45.00	hold	30	balance_deposit	after_purchase	\N			2026-03-06 00:59:54.492988+07	2026-03-08 16:46:03.066095+07	f	0.00		\N		\N		\N		\N		\N		\N		\N		\N		\N		\N	5	0.00	0.00	0.00	0.00	0.00	33.00	2.00	1.00	0.00	0.00	f	\N	\N	f	t	f	\N
57	Prioritas V	Hanya untuk pengguna VIP 5	7200000.00	1	1	1250	t	percentage	25.00	auto	5	balance_deposit	after_purchase	\N		-	2026-03-06 00:37:48.09927+07	2026-03-07 18:20:35.916689+07	f	0.00		\N		\N		\N		\N		\N		\N		\N		\N		\N		\N	1	0.00	0.00	0.00	0.00	0.00	33.00	2.00	1.00	0.00	0.00	f	\N	\N	f	t	t	6
25	Aset Standar I	Dikelola oleh Aset Finansial Nusantara	58000.00	1	10	1231	t	percentage	30.00	hold	70	balance_deposit	after_purchase	\N		-	2026-03-05 11:40:38.599337+07	2026-03-08 17:06:47.571198+07	f	0.00		\N		\N		\N		\N		\N		\N		\N		\N		\N		\N	10	0.00	0.00	0.00	0.00	0.00	33.00	2.00	1.00	0.00	0.00	f	0.00	0.00	f	t	f	\N
50	Aset Standar VIII	Dikelola oleh Aset Finansial Nusantara	6880000.00	1	10	1250	t	percentage	30.00	hold	70	balance_deposit	after_purchase	\N		-	2026-03-06 00:31:11.693434+07	2026-03-08 16:42:36.027459+07	f	0.00		\N		\N		\N		\N		\N		\N		\N		\N		\N		\N	10	0.00	0.00	0.00	0.00	0.00	33.00	2.00	1.00	0.00	0.00	f	\N	\N	f	t	f	\N
51	Aset Standar IX	Dikelola oleh Aset Finansial Nusantara	10880000.00	1	10	1250	t	percentage	30.00	hold	70	balance_deposit	after_purchase	\N		-	2026-03-06 00:32:08.689862+07	2026-03-08 16:43:05.76313+07	f	0.00		\N		\N		\N		\N		\N		\N		\N		\N		\N		\N	10	0.00	0.00	0.00	0.00	0.00	33.00	2.00	1.00	0.00	0.00	f	\N	\N	f	t	f	\N
64	Kesejahteraan V	Capital Back	4080000.00	1	10	0	t	percentage	20.00	hold	30	balance_deposit	after_purchase	\N			2026-03-06 00:54:23.662348+07	2026-03-08 16:44:46.123024+07	f	0.00		\N		\N		\N		\N		\N		\N		\N		\N		\N		\N	10	0.00	0.00	0.00	0.00	0.00	33.00	2.00	1.00	0.00	0.00	f	\N	\N	f	t	f	\N
65	Kesejahteraan VI	Capital Back	7080000.00	1	10	0	t	percentage	20.00	hold	30	balance_deposit	after_purchase	\N			2026-03-06 00:55:07.263637+07	2026-03-08 16:45:06.918852+07	f	0.00		\N		\N		\N		\N		\N		\N		\N		\N		\N		\N	10	0.00	0.00	0.00	0.00	0.00	33.00	2.00	1.00	0.00	0.00	f	\N	\N	f	t	f	\N
70	Aset Pilihan V	Limited Stock	10050000.00	1	5	0	t	percentage	45.00	hold	30	balance_deposit	after_purchase	\N			2026-03-06 01:00:57.735122+07	2026-03-08 16:46:17.601848+07	f	0.00		\N		\N		\N		\N		\N		\N		\N		\N		\N		\N	5	0.00	0.00	0.00	0.00	0.00	33.00	2.00	1.00	0.00	0.00	f	\N	\N	f	t	f	\N
58	Prioritas VI	Hanya untuk pengguna VIP 6	13000000.00	1	1	1250	t	percentage	26.00	auto	5	balance_deposit	after_purchase	\N		-	2026-03-06 00:41:44.894325+07	2026-03-07 18:20:44.690958+07	f	0.00		\N		\N		\N		\N		\N		\N		\N		\N		\N		\N	1	0.00	0.00	0.00	0.00	0.00	33.00	2.00	1.00	0.00	0.00	f	\N	\N	f	t	t	7
26	Aset Standar II	Dikelola oleh Aset Finansial Nusantara	118000.00	1	10	1249	t	percentage	30.00	hold	70	balance_deposit	after_purchase	\N		-	2026-03-05 11:42:04.337803+07	2026-03-08 16:39:16.336278+07	f	0.00		\N		\N		\N		\N		\N		\N		\N		\N		\N		\N	10	0.00	0.00	0.00	0.00	0.00	33.00	2.00	1.00	0.00	0.00	f	0.00	0.00	f	t	f	\N
27	Aset Standar III	Dikelola oleh Aset Finansial Nusantara	228000.00	1	10	1250	t	percentage	30.00	hold	70	balance_deposit	after_purchase	\N		-	2026-03-05 11:42:54.981429+07	2026-03-08 16:39:27.381292+07	f	0.00		\N		\N		\N		\N		\N		\N		\N		\N		\N		\N	10	0.00	0.00	0.00	0.00	0.00	33.00	2.00	1.00	0.00	0.00	f	0.00	0.00	f	t	f	\N
52	Aset Standar X	Dikelola oleh Aset Finansial Nusantara	25880000.00	1	10	1250	t	percentage	30.00	hold	70	balance_deposit	after_purchase	\N		-	2026-03-06 00:32:57.963118+07	2026-03-08 16:43:24.004995+07	f	0.00		\N		\N		\N		\N		\N		\N		\N		\N		\N		\N	10	0.00	0.00	0.00	0.00	0.00	33.00	2.00	1.00	0.00	0.00	f	\N	\N	f	t	f	\N
54	Prioritas II	Hanya untuk pengguna VIP 2	290000.00	1	1	1248	t	percentage	39.00	auto	3	balance_deposit	after_purchase	\N		-	2026-03-06 00:35:48.476506+07	2026-03-07 18:19:25.639682+07	f	0.00		\N		\N		\N		\N		\N		\N		\N		\N		\N		\N	1	0.00	0.00	0.00	0.00	0.00	33.00	2.00	1.00	0.00	0.00	f	\N	\N	f	t	t	3
59	Prioritas VII	Hanya untuk pengguna VIP 7	20100000.00	1	1	1250	t	percentage	27.00	auto	5	balance_deposit	after_purchase	\N		-	2026-03-06 00:48:58.656031+07	2026-03-07 18:20:55.404271+07	f	0.00		\N		\N		\N		\N		\N		\N		\N		\N		\N		\N	1	0.00	0.00	0.00	0.00	0.00	33.00	2.00	1.00	0.00	0.00	f	\N	\N	f	t	t	8
66	Aset Pilihan I	Limited Stock	125000.00	1	5	0	t	percentage	45.00	hold	30	balance_deposit	after_purchase	\N		-	2026-03-06 00:56:06.067382+07	2026-03-08 17:08:00.699202+07	f	0.00		\N		\N		\N		\N		\N		\N		\N		\N		\N		\N	5	0.00	0.00	0.00	0.00	0.00	33.00	2.00	1.00	0.00	0.00	f	\N	\N	f	t	f	\N
53	Prioritas I	Hanya untuk pengguna VIP 1	80000.00	1	1	1243	t	percentage	63.00	auto	2	balance_deposit	after_purchase	\N		-	2026-03-06 00:34:58.615523+07	2026-03-08 17:09:45.140113+07	f	0.00		\N		\N		\N		\N		\N		\N		\N		\N		\N		\N	1	0.00	0.00	0.00	0.00	0.00	33.00	2.00	1.00	0.00	0.00	f	\N	\N	f	t	t	2
28	Aset Standar IV	Dikelola oleh Aset Finansial Nusantara	580000.00	1	10	1250	t	percentage	30.00	hold	70	balance_deposit	after_purchase	\N		-	2026-03-05 11:44:27.385412+07	2026-03-08 16:41:35.923514+07	f	0.00		\N		\N		\N		\N		\N		\N		\N		\N		\N		\N	10	0.00	0.00	0.00	0.00	0.00	33.00	2.00	1.00	0.00	0.00	f	\N	\N	f	t	f	\N
29	Aset Standar V	Dikelola oleh Aset Finansial Nusantara	980000.00	1	10	1250	t	percentage	30.00	hold	70	balance_deposit	after_purchase	\N		-	2026-03-05 11:45:11.413175+07	2026-03-08 16:41:48.257562+07	f	0.00		\N		\N		\N		\N		\N		\N		\N		\N		\N		\N	10	0.00	0.00	0.00	0.00	0.00	33.00	2.00	1.00	0.00	0.00	f	\N	\N	f	t	f	\N
55	Prioritas III	Hanya untuk pengguna VIP 3	770000.00	1	1	1249	t	percentage	40.00	auto	3	balance_deposit	after_purchase	\N		-	2026-03-06 00:36:32.785293+07	2026-03-07 18:19:31.788639+07	f	0.00		\N		\N		\N		\N		\N		\N		\N		\N		\N		\N	1	0.00	0.00	0.00	0.00	0.00	33.00	2.00	1.00	0.00	0.00	f	\N	\N	f	t	t	4
67	Aset Pilihan II	Limited Stock	650000.00	1	5	0	t	percentage	45.00	hold	30	balance	after_purchase	\N			2026-03-06 00:56:51.067088+07	2026-03-08 16:45:36.194608+07	f	0.00		\N		\N		\N		\N		\N		\N		\N		\N		\N		\N	5	0.00	0.00	0.00	0.00	0.00	33.00	2.00	1.00	0.00	0.00	f	\N	\N	f	t	f	\N
60	Kesejahteraan I	Capital Back	88000.00	1	10	0	t	percentage	20.00	hold	30	balance_deposit	after_purchase	\N		-	2026-03-06 00:50:18.203423+07	2026-03-08 17:07:52.864055+07	f	0.00		\N		\N		\N		\N		\N		\N		\N		\N		\N		\N	10	0.00	0.00	0.00	0.00	0.00	33.00	2.00	1.00	0.00	0.00	f	\N	\N	f	t	f	\N
30	Aset Standar VI	Dikelola oleh Aset Finansial Nusantara	1580000.00	1	10	1250	t	percentage	30.00	hold	70	balance_deposit	after_purchase	\N		-	2026-03-05 11:56:31.03293+07	2026-03-08 16:42:07.455339+07	f	0.00		\N		\N		\N		\N		\N		\N		\N		\N		\N		\N	10	0.00	0.00	0.00	0.00	0.00	33.00	2.00	1.00	0.00	0.00	f	0.00	0.00	f	t	f	\N
61	Kesejahteraan II	Capital Back	280000.00	1	10	0	t	percentage	20.00	hold	30	balance_deposit	after_purchase	\N			2026-03-06 00:51:47.750708+07	2026-03-08 16:44:11.278687+07	f	0.00		\N		\N		\N		\N		\N		\N		\N		\N		\N		\N	10	0.00	0.00	0.00	0.00	0.00	33.00	2.00	1.00	0.00	0.00	f	\N	\N	f	t	f	\N
68	Aset Pilihan III	Limited Stock	1950000.00	1	5	0	t	percentage	45.00	hold	30	balance_deposit	after_purchase	\N			2026-03-06 00:58:50.177677+07	2026-03-08 16:45:46.141846+07	f	0.00		\N		\N		\N		\N		\N		\N		\N		\N		\N		\N	5	0.00	0.00	0.00	0.00	0.00	33.00	2.00	1.00	0.00	0.00	f	\N	\N	f	t	f	\N
56	Prioritas IV	Hanya untuk pengguna VIP 4	2850000.00	1	1	1250	t	percentage	41.00	auto	3	balance_deposit	after_purchase	\N		-	2026-03-06 00:37:13.211695+07	2026-03-07 18:19:41.116197+07	f	0.00		\N		\N		\N		\N		\N		\N		\N		\N		\N		\N	1	0.00	0.00	0.00	0.00	0.00	33.00	2.00	1.00	0.00	0.00	f	\N	\N	f	t	t	5
31	Aset Standar VII	Dikelola oleh Aset Finansial Nusantara	3880000.00	1	10	1250	t	percentage	30.00	hold	70	balance_deposit	after_purchase	\N		-	2026-03-05 12:33:16.426163+07	2026-03-08 16:42:26.143489+07	f	0.00		\N		\N		\N		\N		\N		\N		\N		\N		\N		\N	10	0.00	0.00	0.00	0.00	0.00	33.00	2.00	1.00	0.00	0.00	f	\N	0.00	f	t	f	\N
\.


--
-- Data for Name: rank_levels; Type: TABLE DATA; Schema: public; Owner: postgres
--

COPY public.rank_levels (id, rank, title, missions_required_total, created_at, updated_at) FROM stdin;
4	1	VIP 0	0	2026-01-11 21:01:57.59057+07	2026-03-05 13:27:33.924826+07
5	2	VIP 1	100000	2026-01-11 21:01:57.591577+07	2026-03-07 12:03:14.91901+07
6	3	VIP 2	500000	2026-01-11 21:08:06.762072+07	2026-03-07 12:03:14.938042+07
7	4	VIP 3	1000000	2026-01-11 21:08:34.825044+07	2026-03-07 12:03:14.939632+07
8	5	VIP 4	3000000	2026-01-11 21:08:54.391141+07	2026-03-07 12:03:14.942748+07
9	6	VIP 5	7000000	2026-01-11 21:09:05.135833+07	2026-03-07 12:03:14.944278+07
10	7	VIP 6	10000000	2026-01-11 21:09:16.348057+07	2026-03-07 12:03:14.945399+07
11	8	VIP 7	18000000	2026-01-11 21:09:26.40826+07	2026-03-07 12:03:14.945399+07
12	9	VIP 8	45000000	2026-01-11 21:09:36.949229+07	2026-03-07 12:03:14.947481+07
\.


--
-- Data for Name: support_supportchatmessage; Type: TABLE DATA; Schema: public; Owner: postgres
--

COPY public.support_supportchatmessage (id, sender_type, message, created_at, sender_user_id, thread_id) FROM stdin;
46	USER	Pagi	2026-03-07 16:17:50.430742+07	149	27
47	ADMIN	Halo	2026-03-07 16:18:12.804987+07	1	27
48	USER	Tidak	2026-03-07 16:18:40.463361+07	149	27
\.


--
-- Data for Name: support_supportchatthread; Type: TABLE DATA; Schema: public; Owner: postgres
--

COPY public.support_supportchatthread (id, is_closed, created_at, updated_at, user_id) FROM stdin;
25	f	2026-03-07 03:54:56.888524+07	2026-03-07 03:54:56.888524+07	148
26	f	2026-03-07 03:54:56.890089+07	2026-03-07 03:54:56.890089+07	148
27	f	2026-03-07 16:17:46.278243+07	2026-03-07 16:18:12.802395+07	149
28	f	2026-03-07 22:26:41.263104+07	2026-03-07 22:26:41.264629+07	2
29	f	2026-03-07 22:26:41.264629+07	2026-03-07 22:26:41.264629+07	2
30	f	2026-03-07 22:42:36.688966+07	2026-03-07 22:42:36.688966+07	153
31	f	2026-03-07 22:42:36.688966+07	2026-03-07 22:42:36.688966+07	153
\.


--
-- Data for Name: support_supportlink; Type: TABLE DATA; Schema: public; Owner: postgres
--

COPY public.support_supportlink (id, title, url, platform, description, is_active, created_at, updated_at, icon) FROM stdin;
4	Hubungi Halo ASFina	https://t.me/AsetNusaOfficial	other	Hubungi Halo ASFina	t	2026-02-19 15:26:40.338255+07	2026-03-07 23:53:16.079321+07	
1	Saluran Telegram Resmi	https://t.me/Asetfinansial	telegram	Saluran Telegram Resmi	t	2025-11-10 09:19:22.230154+07	2026-03-07 23:53:47.156276+07	
\.


--
-- Data for Name: transactions; Type: TABLE DATA; Schema: public; Owner: postgres
--

COPY public.transactions (id, trx_id, type, amount, description, status, wallet_type, investment_quantity, commission_level, voucher_id, voucher_code, created_at, product_id, related_transaction_id, upline_user_id, user_id) FROM stdin;
1	ATT-20251109170040-C7BCB0	ATTENDANCE	1204.19	Daily attendance claim	COMPLETED	BALANCE	\N	\N	\N	\N	2025-11-10 00:00:40.840372+07	\N	\N	\N	2
2	VCH-20251109170418-420A2D	VOUCHER	5000.00	Voucher claim bebekdungu	COMPLETED	BALANCE	\N	\N	8	bebekdungu	2025-11-10 00:04:18.80315+07	\N	\N	\N	2
3	ADM-BALANCE_DEPOSIT-2-1762707923	CREDIT	500000.00	Admin increased balance_deposit by 500000	COMPLETED	BALANCE_DEPOSIT	\N	\N	\N	\N	2025-11-10 00:05:23.11076+07	\N	\N	\N	2
2175	ATT-20260305164013-D95DA5	ATTENDANCE	1000.00	Daily attendance claim	COMPLETED	BALANCE	\N	\N	\N	\N	2026-03-05 23:40:13.448332+07	\N	\N	\N	143
2327	PUR-20260307171920-01BD2E	INVESTMENTS	125000.00	Purchase Aset Pilihan I (x1)	COMPLETED	BALANCE_DEPOSIT	1	\N	\N	\N	2026-03-08 00:19:20.962321+07	66	\N	\N	149
2328	REB-20260307171920-E0E6AC	PURCHASE_COMMISSION	41250.00	Purchase rebate L1 from +6281123456789 - Aset Pilihan I	COMPLETED	BALANCE	\N	1	\N	\N	2026-03-08 00:19:20.978107+07	66	2327	149	148
7	ADM-BALANCE-2-1762708045	CREDIT	50000.00	Admin increased balance by 50000	COMPLETED	BALANCE	\N	\N	\N	\N	2025-11-10 00:07:25.146731+07	\N	\N	\N	2
2165	ATT-20260302101728-EFD7D2	ATTENDANCE	345.65	Daily attendance claim	COMPLETED	BALANCE	\N	\N	\N	\N	2026-03-02 17:17:28.21709+07	\N	\N	\N	2
2168	PUR-20260305095714-1D9EA1	INVESTMENTS	20000.00	Purchase Aset Standar II (x1)	COMPLETED	BALANCE_DEPOSIT	1	\N	\N	\N	2026-03-05 16:57:14.926987+07	26	\N	\N	2
2169	REB-20260305095714-2D43BC	PURCHASE_COMMISSION	6600.00	Purchase rebate L1 from +6289595959595 - Aset Standar II	COMPLETED	BALANCE	\N	1	\N	\N	2026-03-05 16:57:14.95002+07	26	2168	2	1
2329	REB-20260307171920-705E69	PURCHASE_COMMISSION	2500.00	Purchase rebate L2 from +6281123456789 - Aset Pilihan I	COMPLETED	BALANCE	\N	2	\N	\N	2026-03-08 00:19:20.983733+07	66	2327	149	147
2330	REB-20260307171920-DCAF6C	PURCHASE_COMMISSION	1250.00	Purchase rebate L3 from +6281123456789 - Aset Pilihan I	COMPLETED	BALANCE	\N	3	\N	\N	2026-03-08 00:19:20.987937+07	66	2327	149	145
18	MSN-20251109175930-2-7	MISSIONS	5000.00	Mission reward: Saatnya memiliki kontribusi mengajak teman memiliki proyek medis sebanyak 1 anggota dan dapatkan kemenangan Rp5.000. (x1)	COMPLETED	BALANCE	\N	\N	\N	\N	2025-11-10 00:59:30.865209+07	\N	\N	\N	2
19	DEP-20251109183643-9C2497	DEPOSIT	10000.00	Deposit via Jayapay (BALANCE_DEPOSIT)	COMPLETED	BALANCE_DEPOSIT	\N	\N	\N	\N	2025-11-10 01:36:43.663643+07	\N	\N	\N	2
1606	AUTO-20260124232231-0FC04A	INTEREST	7520.00	Automatic profit from Cloud AI investment	COMPLETED	BALANCE	\N	\N	\N	\N	2026-01-24 23:22:31.330605+07	\N	\N	\N	2
1765	AUTO-20260212000049-464E8C	INTEREST	7520.00	Automatic profit from Cloud AI investment	COMPLETED	BALANCE	\N	\N	\N	\N	2026-02-12 00:00:49.856079+07	\N	\N	\N	2
10	PUR-20251109173951-3B2B88	INVESTMENTS	299880.00	Purchase Sistem Omnisurg (x1)	COMPLETED	BALANCE_DEPOSIT	1	\N	\N	\N	2025-11-10 00:39:51.476979+07	\N	\N	\N	2
2176	ADM-BALANCE_DEPOSIT-143-1772738241	CREDIT	150000000.00	Admin increased balance_deposit by 150000000	COMPLETED	BALANCE_DEPOSIT	\N	\N	\N	\N	2026-03-06 02:17:21.161164+07	\N	\N	\N	143
2331	AUTO-20260308164445-3681C4	INTEREST	17400.00	Hold profit (accrual) from Aset Standar I investment	COMPLETED	BALANCE_HOLD	\N	\N	\N	\N	2026-03-08 16:44:45.57234+07	25	\N	\N	148
2170	ATT-20260305132905-C726B0	ATTENDANCE	1000.00	Daily attendance claim	COMPLETED	BALANCE	\N	\N	\N	\N	2026-03-05 20:29:05.03621+07	\N	\N	\N	2
2332	AUTO-20260308164445-90687D	INTEREST	5550.00	Automatic profit from Aset Pilihan I investment	COMPLETED	BALANCE	\N	\N	\N	\N	2026-03-08 16:44:45.64961+07	66	\N	\N	148
1672	WD-367CE8875E	WITHDRAW	35000.00	Withdrawal request	PENDING	BALANCE	\N	\N	\N	\N	2026-01-25 03:14:17.963148+07	\N	\N	\N	2
1673	WD-EB66E074DB	WITHDRAW	35000.00	Withdrawal request	PENDING	BALANCE	\N	\N	\N	\N	2026-01-25 03:14:30.444516+07	\N	\N	\N	2
2333	AUTO-20260308164445-952C50	INTEREST	6600.00	Hold profit (accrual) from Kesejahteraan I investment	COMPLETED	BALANCE_HOLD	\N	\N	\N	\N	2026-03-08 16:44:45.670936+07	60	\N	\N	148
692	VCH-20251130144846-15F4A0	VOUCHER	5000.00	Voucher claim 000000	COMPLETED	BALANCE	\N	\N	2	000000	2025-11-30 21:48:46.199704+07	\N	\N	\N	2
2334	AUTO-20260308164445-B5A707	INTEREST	500.00	Hold profit (accrual) from Aset Standar I investment	COMPLETED	BALANCE_HOLD	\N	\N	\N	\N	2026-03-08 16:44:45.687618+07	25	\N	\N	148
2335	AUTO-20260308164445-0B4F37	INTEREST	10000.00	Automatic profit from Prioritas I investment	COMPLETED	BALANCE	\N	\N	\N	\N	2026-03-08 16:44:45.710285+07	53	\N	\N	148
2336	AUTO-20260308164445-A58849	INTEREST	18000.00	Automatic profit from Prioritas III investment	COMPLETED	BALANCE	\N	\N	\N	\N	2026-03-08 16:44:45.742797+07	55	\N	\N	147
2337	AUTO-20260308164445-EC2B7E	INTEREST	12000.00	Automatic profit from Prioritas II investment	COMPLETED	BALANCE	\N	\N	\N	\N	2026-03-08 16:44:45.761331+07	54	\N	\N	147
2338	AUTO-20260308164445-88A6EF	INTEREST	12000.00	Automatic profit from Prioritas II investment	COMPLETED	BALANCE	\N	\N	\N	\N	2026-03-08 16:44:45.78332+07	54	\N	\N	147
2339	AUTO-20260308164445-B5659C	INTEREST	10000.00	Automatic profit from Prioritas I investment	COMPLETED	BALANCE	\N	\N	\N	\N	2026-03-08 16:44:45.802767+07	53	\N	\N	147
2166	ADM-BALANCE-2-1772552221	CREDIT	1234.00	Admin increased balance by 1234	COMPLETED	BALANCE	\N	\N	\N	\N	2026-03-03 22:37:01.249716+07	\N	\N	\N	2
2340	AUTO-20260308164445-9C077B	INTEREST	500.00	Hold profit (accrual) from Aset Standar I investment	COMPLETED	BALANCE_HOLD	\N	\N	\N	\N	2026-03-08 16:44:45.820009+07	25	\N	\N	147
2341	AUTO-20260308164445-6B4711	INTEREST	10000.00	Automatic profit from Prioritas I investment	COMPLETED	BALANCE	\N	\N	\N	\N	2026-03-08 16:44:45.835605+07	53	\N	\N	147
2342	AUTO-20260308164445-484E28	INTEREST	500.00	Hold profit (accrual) from Aset Standar I investment	COMPLETED	BALANCE_HOLD	\N	\N	\N	\N	2026-03-08 16:44:45.855802+07	25	\N	\N	147
687	WD-68662892D6	WITHDRAW	100000.00	Withdrawal request	PENDING	BALANCE	\N	\N	\N	\N	2025-11-30 21:45:34.822054+07	\N	\N	\N	2
2343	AUTO-20260308164445-BC3CA6	INTEREST	500.00	Hold profit (accrual) from Aset Standar I investment	COMPLETED	BALANCE_HOLD	\N	\N	\N	\N	2026-03-08 16:44:45.884127+07	25	\N	\N	145
2344	AUTO-20260308164445-5C5D49	INTEREST	500.00	Hold profit (accrual) from Aset Standar I investment	COMPLETED	BALANCE_HOLD	\N	\N	\N	\N	2026-03-08 16:44:45.899547+07	25	\N	\N	143
2345	AUTO-20260308164445-201C64	INTEREST	10000.00	Automatic profit from Prioritas I investment	COMPLETED	BALANCE	\N	\N	\N	\N	2026-03-08 16:44:45.91524+07	53	\N	\N	2
2346	AUTO-20260308164445-8D3BED	INTEREST	500.00	Hold profit (accrual) from Aset Standar I investment	COMPLETED	BALANCE_HOLD	\N	\N	\N	\N	2026-03-08 16:44:45.929509+07	25	\N	\N	143
2347	AUTO-20260308164445-78E8C0	INTEREST	500.00	Hold profit (accrual) from Aset Standar I investment	COMPLETED	BALANCE_HOLD	\N	\N	\N	\N	2026-03-08 16:44:45.946784+07	25	\N	\N	2
2348	AUTO-20260308164445-F89351	INTEREST	1000.00	Hold profit (accrual) from Aset Standar II investment	COMPLETED	BALANCE_HOLD	\N	\N	\N	\N	2026-03-08 16:44:45.962436+07	26	\N	\N	2
1859	REB-20260217095638-E2B663	PURCHASE_COMMISSION	10000.00	Purchase rebate L1 from +6289494949494 - Proyek Konservasi-Penyu Laut	COMPLETED	BALANCE	\N	1	\N	\N	2026-02-17 16:56:38.031175+07	\N	\N	\N	2
1860	REB-20260217095638-9E7AB6	PURCHASE_COMMISSION	5000.00	Purchase rebate L2 from +6289494949494 - Proyek Konservasi-Penyu Laut	COMPLETED	BALANCE	\N	2	\N	\N	2026-02-17 16:56:38.032709+07	\N	\N	\N	1
2171	WD-05C6BF407D	WITHDRAW	50000.00	Withdrawal request	PENDING	BALANCE	\N	\N	\N	\N	2026-03-05 22:13:05.276299+07	\N	\N	\N	2
2177	PUR-20260305193100-7421D7	INVESTMENTS	10000.00	Purchase Aset Standar I (x1)	COMPLETED	BALANCE_DEPOSIT	1	\N	\N	\N	2026-03-06 02:31:00.220807+07	25	\N	\N	143
2178	REB-20260305193100-9B25C0	PURCHASE_COMMISSION	3300.00	Purchase rebate L1 from +6287123456789 - Aset Standar I	COMPLETED	BALANCE	\N	1	\N	\N	2026-03-06 02:31:00.267095+07	25	2177	143	2
2179	REB-20260305193100-6090DC	PURCHASE_COMMISSION	200.00	Purchase rebate L2 from +6287123456789 - Aset Standar I	COMPLETED	BALANCE	\N	2	\N	\N	2026-03-06 02:31:00.270158+07	25	2177	143	1
2349	WD-A3CB94FE9F	WITHDRAW	259120.00	Withdrawal request	PENDING	BALANCE	\N	\N	\N	\N	2026-03-08 17:02:41.332811+07	\N	\N	\N	149
1927	REB-20260218160403-363104	PURCHASE_COMMISSION	1800.00	Purchase rebate L2 from +62812345678902 - Proyek Konservasi-Uji Coba Biota	COMPLETED	BALANCE	\N	2	\N	\N	2026-02-18 23:04:03.044427+07	\N	\N	\N	2
2167	ATT-20260303183720-D1D5B4	ATTENDANCE	364.68	Daily attendance claim	COMPLETED	BALANCE	\N	\N	\N	\N	2026-03-04 01:37:20.635877+07	\N	\N	\N	2
1674	WD-DD2A9F01FC	WITHDRAW	35000.00	Withdrawal request	PENDING	BALANCE	\N	\N	\N	\N	2026-01-25 03:17:57.480032+07	\N	\N	\N	2
8	WD-1A948089C1	WITHDRAW	50000.00	Withdrawal request	REJECTED	BALANCE	\N	\N	\N	\N	2025-11-10 00:09:21.327296+07	\N	\N	\N	2
170	WDREF-DF0B901828	REJECT	50000.00	Withdrawal rejected - refund	COMPLETED	BALANCE	\N	\N	\N	\N	2025-11-10 12:52:29.250887+07	\N	8	\N	2
172	WDREF-F2DC9A57F7	REJECT	50000.00	Withdrawal rejected - refund	COMPLETED	BALANCE	\N	\N	\N	\N	2025-11-10 12:53:55.646198+07	\N	171	\N	2
173	ADM-BALANCE_DEPOSIT-2-1762754218	CREDIT	150000.00	Admin increased balance_deposit by 150000	COMPLETED	BALANCE_DEPOSIT	\N	\N	\N	\N	2025-11-10 12:56:58.210895+07	\N	\N	\N	2
171	WD-33625F0256	WITHDRAW	50000.00	Withdrawal request	COMPLETED	BALANCE	\N	\N	\N	\N	2025-11-10 12:53:36.008394+07	\N	\N	\N	2
180	WD-F0F7B1B55A	WITHDRAW	50000.00	Withdrawal request	COMPLETED	BALANCE	\N	\N	\N	\N	2025-11-10 15:28:00.500638+07	\N	\N	\N	2
181	WD-DFCA4909BF	WITHDRAW	50000.00	Withdrawal request	REJECTED	BALANCE	\N	\N	\N	\N	2025-11-10 16:12:00.666151+07	\N	\N	\N	2
182	WDREF-8C62A618C7	REJECT	50000.00	Withdrawal rejected - refund	COMPLETED	BALANCE	\N	\N	\N	\N	2025-11-10 16:55:00.243299+07	\N	181	\N	2
2180	PUR-20260306050628-7CE5CB	INVESTMENTS	100000.00	Purchase Prioritas I (x1)	COMPLETED	BALANCE_DEPOSIT	1	\N	\N	\N	2026-03-06 12:06:28.728096+07	53	\N	\N	2
2172	DEP-20260305221343-AAEEDC	DEPOSIT	35000.00	Deposit via Jayapay (BALANCE_DEPOSIT)	FAILED	BALANCE_DEPOSIT	\N	\N	\N	\N	2026-03-05 22:13:43.390671+07	\N	\N	\N	2
2181	REB-20260306050628-558275	PURCHASE_COMMISSION	33000.00	Purchase rebate L1 from +6289595959595 - Prioritas I	COMPLETED	BALANCE	\N	1	\N	\N	2026-03-06 12:06:28.739938+07	53	2180	2	1
2350	ADM-BALANCE_DEPOSIT-159-1772964400	CREDIT	10000000.00	Admin increased balance_deposit by 10000000	COMPLETED	BALANCE_DEPOSIT	\N	\N	\N	\N	2026-03-08 17:06:40.873625+07	\N	\N	\N	159
1930	REB-20260218160501-40FC45	PURCHASE_COMMISSION	1800.00	Purchase rebate L2 from +62812345678902 - Proyek Konservasi-Uji Coba Biota	COMPLETED	BALANCE	\N	2	\N	\N	2026-02-18 23:05:01.71171+07	\N	\N	\N	2
213	PRB-20251126134655-A1E6A6	PROFIT_COMMISSION	905.92	Profit rebate L2 from 0800123456789 - Sistem Lyvion	COMPLETED	BALANCE	\N	2	\N	\N	2025-11-26 20:46:55.322237+07	\N	\N	\N	2
214	PRB-20251126134655-0861D9	PROFIT_COMMISSION	452.96	Profit rebate L3 from 0800123456789 - Sistem Lyvion	COMPLETED	BALANCE	\N	3	\N	\N	2025-11-26 20:46:55.393825+07	\N	\N	\N	1
2173	PUR-20260305152227-575EF8	INVESTMENTS	10000.00	Purchase Aset Standar I (x1)	COMPLETED	BALANCE_DEPOSIT	1	\N	\N	\N	2026-03-05 22:22:27.27555+07	25	\N	\N	2
2174	REB-20260305152227-CEE9DC	PURCHASE_COMMISSION	3300.00	Purchase rebate L1 from +6289595959595 - Aset Standar I	COMPLETED	BALANCE	\N	1	\N	\N	2026-03-05 22:22:27.292335+07	25	2173	2	1
2182	ADM-BALANCE-143-1772786954	CREDIT	500000.00	Admin increased balance by 500000	COMPLETED	BALANCE	\N	\N	\N	\N	2026-03-06 15:49:14.635431+07	\N	\N	\N	143
2351	PUR-20260308100647-793941	INVESTMENTS	58000.00	Purchase Aset Standar I (x1)	COMPLETED	BALANCE_DEPOSIT	1	\N	\N	\N	2026-03-08 17:06:47.563444+07	25	\N	\N	159
2352	REB-20260308100647-73DB81	PURCHASE_COMMISSION	19140.00	Purchase rebate L1 from +6281808368211 - Aset Standar I	COMPLETED	BALANCE	\N	1	\N	\N	2026-03-08 17:06:47.605404+07	25	2351	159	149
2353	REB-20260308100647-75DCCB	PURCHASE_COMMISSION	1160.00	Purchase rebate L2 from +6281808368211 - Aset Standar I	COMPLETED	BALANCE	\N	2	\N	\N	2026-03-08 17:06:47.612882+07	25	2351	159	148
2354	REB-20260308100647-BB0485	PURCHASE_COMMISSION	580.00	Purchase rebate L3 from +6281808368211 - Aset Standar I	COMPLETED	BALANCE	\N	3	\N	\N	2026-03-08 17:06:47.617495+07	25	2351	159	147
1933	REB-20260218160545-B9C1DF	PURCHASE_COMMISSION	1800.00	Purchase rebate L2 from +62812345678902 - Proyek Konservasi-Uji Coba Biota	COMPLETED	BALANCE	\N	2	\N	\N	2026-02-18 23:05:45.493117+07	\N	\N	\N	2
1863	PUR-20260217123106-709DCB	INVESTMENTS	100000.00	Purchase Proyek Konservasi-Penyu Laut (x1)	COMPLETED	BALANCE	1	\N	\N	\N	2026-02-17 19:31:06.969639+07	\N	\N	\N	2
1864	REB-20260217123106-81598B	PURCHASE_COMMISSION	10000.00	Purchase rebate L1 from +6289595959595 - Proyek Konservasi-Penyu Laut	COMPLETED	BALANCE	\N	1	\N	\N	2026-02-17 19:31:06.983788+07	\N	1863	2	1
2183	PUR-20260306085023-967903	INVESTMENTS	10000.00	Purchase Aset Standar I (x1)	COMPLETED	BALANCE_DEPOSIT	1	\N	\N	\N	2026-03-06 15:50:23.829453+07	25	\N	\N	143
2184	REB-20260306085023-AEDC41	PURCHASE_COMMISSION	3300.00	Purchase rebate L1 from +6287123456789 - Aset Standar I	COMPLETED	BALANCE	\N	1	\N	\N	2026-03-06 15:50:23.860601+07	25	2183	143	2
2185	REB-20260306085023-0210A1	PURCHASE_COMMISSION	200.00	Purchase rebate L2 from +6287123456789 - Aset Standar I	COMPLETED	BALANCE	\N	2	\N	\N	2026-03-06 15:50:23.865275+07	25	2183	143	1
2355	PUR-20260308100752-918759	INVESTMENTS	88000.00	Purchase Kesejahteraan I (x1)	COMPLETED	BALANCE_DEPOSIT	1	\N	\N	\N	2026-03-08 17:07:52.85958+07	60	\N	\N	159
2356	REB-20260308100752-D24911	PURCHASE_COMMISSION	29040.00	Purchase rebate L1 from +6281808368211 - Kesejahteraan I	COMPLETED	BALANCE	\N	1	\N	\N	2026-03-08 17:07:52.871435+07	60	2355	159	149
2357	REB-20260308100752-8E1DDF	PURCHASE_COMMISSION	1760.00	Purchase rebate L2 from +6281808368211 - Kesejahteraan I	COMPLETED	BALANCE	\N	2	\N	\N	2026-03-08 17:07:52.874074+07	60	2355	159	148
2358	REB-20260308100752-12B992	PURCHASE_COMMISSION	880.00	Purchase rebate L3 from +6281808368211 - Kesejahteraan I	COMPLETED	BALANCE	\N	3	\N	\N	2026-03-08 17:07:52.894112+07	60	2355	159	147
1777	VCH-20260212191244-370A8B	VOUCHER	10000.00	Voucher claim auto	COMPLETED	BALANCE_DEPOSIT	\N	\N	8	auto	2026-02-12 19:12:44.446682+07	\N	\N	\N	2
1865	WD-313E7DB733	WITHDRAW	50000.00	Withdrawal request	PENDING	BALANCE	\N	\N	\N	\N	2026-02-17 19:42:13.915052+07	\N	\N	\N	2
1936	REB-20260218160653-D9006D	PURCHASE_COMMISSION	7900.00	Purchase rebate L2 from +62812345678902 - Proyek Konservasi-Kuda Laut	COMPLETED	BALANCE	\N	2	\N	\N	2026-02-18 23:06:53.258226+07	\N	\N	\N	2
1913	REB-20260218122937-3BB99B	PURCHASE_COMMISSION	3000.00	Purchase rebate L2 from +6285770404473 - Proyek Konservasi-Uji Coba Biota	COMPLETED	BALANCE	\N	2	\N	\N	2026-02-18 19:29:37.940998+07	\N	\N	\N	2
2186	WD-9684139EFD	WITHDRAW	100000.00	Withdrawal request	PENDING	BALANCE	\N	\N	\N	\N	2026-03-06 16:06:42.309535+07	\N	\N	\N	2
2359	PUR-20260308100800-A59C86	INVESTMENTS	125000.00	Purchase Aset Pilihan I (x1)	COMPLETED	BALANCE_DEPOSIT	1	\N	\N	\N	2026-03-08 17:08:00.693127+07	66	\N	\N	159
2360	REB-20260308100800-1AA880	PURCHASE_COMMISSION	41250.00	Purchase rebate L1 from +6281808368211 - Aset Pilihan I	COMPLETED	BALANCE	\N	1	\N	\N	2026-03-08 17:08:00.71267+07	66	2359	159	149
2361	REB-20260308100800-585CDA	PURCHASE_COMMISSION	2500.00	Purchase rebate L2 from +6281808368211 - Aset Pilihan I	COMPLETED	BALANCE	\N	2	\N	\N	2026-03-08 17:08:00.718657+07	66	2359	159	148
2362	REB-20260308100800-F970FB	PURCHASE_COMMISSION	1250.00	Purchase rebate L3 from +6281808368211 - Aset Pilihan I	COMPLETED	BALANCE	\N	3	\N	\N	2026-03-08 17:08:00.723326+07	66	2359	159	147
1939	REB-20260218160942-9FBA49	PURCHASE_COMMISSION	7900.00	Purchase rebate L2 from +62812345678902 - Proyek Konservasi-Kuda Laut	COMPLETED	BALANCE	\N	2	\N	\N	2026-02-18 23:09:42.901039+07	\N	\N	\N	2
1778	PUR-20260212132705-D19FD5	INVESTMENTS	348000.00	Purchase InsightAi-10382 (x1)	COMPLETED	BALANCE_DEPOSIT	1	\N	\N	\N	2026-02-12 20:27:05.428957+07	\N	\N	\N	2
1779	REB-20260212132705-EC9474	PURCHASE_COMMISSION	69600.00	Purchase rebate L1 from +6289595959595 - InsightAi-10382	COMPLETED	BALANCE	\N	1	\N	\N	2026-02-12 20:27:05.456098+07	\N	1778	2	1
1866	WD-5F411CCEA1	WITHDRAW	50000.00	Withdrawal request	PENDING	BALANCE	\N	\N	\N	\N	2026-02-17 19:42:22.680318+07	\N	\N	\N	2
564	PRB-20251129135224-836CAB	PROFIT_COMMISSION	1491.60	Profit rebate L3 from 0800123456789 - Sistem Vitaris	COMPLETED	BALANCE	\N	3	\N	\N	2025-11-29 20:52:24.545664+07	\N	\N	\N	1
567	PRB-20251129135225-3BEA5A	PROFIT_COMMISSION	1580.80	Profit rebate L2 from 0800123456789 - Sistem Hermis	COMPLETED	BALANCE	\N	2	\N	\N	2025-11-29 20:52:25.092083+07	\N	\N	\N	2
568	PRB-20251129135225-969120	PROFIT_COMMISSION	790.40	Profit rebate L3 from 0800123456789 - Sistem Hermis	COMPLETED	BALANCE	\N	3	\N	\N	2025-11-29 20:52:25.211111+07	\N	\N	\N	1
2187	ADM-BALANCE_DEPOSIT-145-1772790009	CREDIT	100000000.00	Admin increased balance_deposit by 100000000	COMPLETED	BALANCE_DEPOSIT	\N	\N	\N	\N	2026-03-06 16:40:09.770196+07	\N	\N	\N	145
2363	DEP-20260308170819-BC1614	DEPOSIT	100000.00	Deposit via Jayapay (BALANCE_DEPOSIT)	FAILED	BALANCE_DEPOSIT	\N	\N	\N	\N	2026-03-08 17:08:19.525431+07	\N	\N	\N	159
1920	REB-20260218125330-EF0002	PURCHASE_COMMISSION	3000.00	Purchase rebate L2 from +6285770404473 - Proyek Konservasi-Uji Coba Biota	COMPLETED	BALANCE	\N	2	\N	\N	2026-02-18 19:53:30.476661+07	\N	\N	\N	2
552	DEP-20251129093849-B1AE66	DEPOSIT	100000.00	Deposit via Jayapay (BALANCE_DEPOSIT)	PENDING	BALANCE_DEPOSIT	\N	\N	\N	\N	2025-11-29 16:38:49.678749+07	\N	\N	\N	2
1685	AUTO-20260126000342-B324D5	INTEREST	7520.00	Automatic profit from Cloud AI investment	COMPLETED	BALANCE	\N	\N	\N	\N	2026-01-26 00:03:42.549674+07	\N	\N	\N	2
1782	AUTO-20260212203638-5F1AEB	INTEREST	8800.00	Automatic profit from Cloud AI investment	COMPLETED	BALANCE	\N	\N	\N	\N	2026-02-12 20:36:38.87295+07	\N	\N	\N	2
1867	VCH-20260217195746-244076	VOUCHER	10000.00	Voucher claim auto	COMPLETED	BALANCE	\N	\N	8	auto	2026-02-17 19:57:46.139796+07	\N	\N	\N	2
660	ATT-20251129200202-6E2664	ATTENDANCE	472.40	Daily attendance claim	COMPLETED	BALANCE	\N	\N	\N	\N	2025-11-30 03:02:02.717392+07	\N	\N	\N	2
661	DEP-20251130031220-E61609	DEPOSIT	30000.00	Deposit via Jayapay (BALANCE_DEPOSIT)	PENDING	BALANCE_DEPOSIT	\N	\N	\N	\N	2025-11-30 10:12:20.822687+07	\N	\N	\N	2
664	WD-861A13481A	WITHDRAW	100000.00	Withdrawal request	PENDING	BALANCE	\N	\N	\N	\N	2025-11-30 17:32:42.986899+07	\N	\N	\N	2
665	WD-484EB56D88	WITHDRAW	100000.00	Withdrawal request	PENDING	BALANCE	\N	\N	\N	\N	2025-11-30 17:39:21.800122+07	\N	\N	\N	2
11	REB-20251109173951-99333E	PURCHASE_COMMISSION	20991.60	Purchase rebate L1 from 89595959595 - Sistem Omnisurg	COMPLETED	BALANCE	\N	1	\N	\N	2025-11-10 00:39:51.482608+07	\N	10	2	1
17	CBK-20251109175906-B8E27A	CASHBACK	5997.60	Manual cashback claim 2.00% from Sistem Omnisurg purchase	COMPLETED	BALANCE	\N	\N	\N	\N	2025-11-10 00:59:06.477258+07	\N	10	\N	2
2188	ATT-20260306094157-0A432F	ATTENDANCE	1000.00	Daily attendance claim	COMPLETED	BALANCE	\N	\N	\N	\N	2026-03-06 16:41:57.161381+07	\N	\N	\N	145
2364	PUR-20260308100945-3D102F	INVESTMENTS	80000.00	Purchase Prioritas I (x1)	COMPLETED	BALANCE_DEPOSIT	1	\N	\N	\N	2026-03-08 17:09:45.137007+07	53	\N	\N	159
2365	REB-20260308100945-E78696	PURCHASE_COMMISSION	26400.00	Purchase rebate L1 from +6281808368211 - Prioritas I	COMPLETED	BALANCE	\N	1	\N	\N	2026-03-08 17:09:45.156695+07	53	2364	159	149
2366	REB-20260308100945-41F62F	PURCHASE_COMMISSION	1600.00	Purchase rebate L2 from +6281808368211 - Prioritas I	COMPLETED	BALANCE	\N	2	\N	\N	2026-03-08 17:09:45.166974+07	53	2364	159	148
2367	REB-20260308100945-CC9C7C	PURCHASE_COMMISSION	800.00	Purchase rebate L3 from +6281808368211 - Prioritas I	COMPLETED	BALANCE	\N	3	\N	\N	2026-03-08 17:09:45.174903+07	53	2364	159	147
2189	PUR-20260306094413-615BCC	INVESTMENTS	10000.00	Purchase Aset Standar I (x1)	COMPLETED	BALANCE_DEPOSIT	1	\N	\N	\N	2026-03-06 16:44:13.837883+07	25	\N	\N	145
2190	REB-20260306094413-1814E2	PURCHASE_COMMISSION	3300.00	Purchase rebate L1 from +6288123456789 - Aset Standar I	COMPLETED	BALANCE	\N	1	\N	\N	2026-03-06 16:44:13.856099+07	25	2189	145	143
2191	REB-20260306094413-483125	PURCHASE_COMMISSION	200.00	Purchase rebate L2 from +6288123456789 - Aset Standar I	COMPLETED	BALANCE	\N	2	\N	\N	2026-03-06 16:44:13.861916+07	25	2189	145	2
2192	REB-20260306094413-FDFDC0	PURCHASE_COMMISSION	100.00	Purchase rebate L3 from +6288123456789 - Aset Standar I	COMPLETED	BALANCE	\N	3	\N	\N	2026-03-06 16:44:13.867655+07	25	2189	145	1
2368	AUTO-20260308183719-F33CC7	INTEREST	17400.00	Hold profit (accrual) from Aset Standar I investment	COMPLETED	BALANCE_HOLD	\N	\N	\N	\N	2026-03-08 18:37:19.890271+07	25	\N	\N	150
2193	ADM-BALANCE_DEPOSIT-147-1772813495	CREDIT	100000.00	Admin increased balance_deposit by 100000	COMPLETED	BALANCE_DEPOSIT	\N	\N	\N	\N	2026-03-06 23:11:35.223011+07	\N	\N	\N	147
2369	AUTO-20260308184220-91CD4D	INTEREST	50400.00	Automatic profit from Prioritas I investment	COMPLETED	BALANCE	\N	\N	\N	\N	2026-03-08 18:42:20.197594+07	53	\N	\N	150
174	PUR-20251110055739-B9F7EF	INVESTMENTS	566200.00	Purchase Sistem Lyvion (x1)	COMPLETED	BALANCE_DEPOSIT	1	\N	\N	\N	2025-11-10 12:57:39.116594+07	\N	\N	\N	2
175	REB-20251110055739-A08808	PURCHASE_COMMISSION	56620.00	Purchase rebate L1 from 89595959595 - Sistem Lyvion	COMPLETED	BALANCE	\N	1	\N	\N	2025-11-10 12:57:39.120044+07	\N	174	2	1
176	CBK-20251110055747-20CE33	CASHBACK	16986.00	Manual cashback claim 3.00% from Sistem Lyvion purchase	COMPLETED	BALANCE	\N	\N	\N	\N	2025-11-10 12:57:47.07323+07	\N	174	\N	2
177	PUR-20251110055834-478B45	INVESTMENTS	988000.00	Purchase Sistem Hermis (x1)	COMPLETED	BALANCE_DEPOSIT	1	\N	\N	\N	2025-11-10 12:58:34.574433+07	\N	\N	\N	2
178	REB-20251110055834-D25AA4	PURCHASE_COMMISSION	98800.00	Purchase rebate L1 from 89595959595 - Sistem Hermis	COMPLETED	BALANCE	\N	1	\N	\N	2025-11-10 12:58:34.577576+07	\N	177	2	1
179	CBK-20251110055845-09F735	CASHBACK	39520.00	Manual cashback claim 4.00% from Sistem Hermis purchase	COMPLETED	BALANCE	\N	\N	\N	\N	2025-11-10 12:58:45.713608+07	\N	177	\N	2
183	AUTO-20251126134651-16C28D	INTEREST	39520.00	Automatic profit from Sistem Hermis investment	COMPLETED	BALANCE	\N	\N	\N	\N	2025-11-26 20:46:51.101377+07	\N	\N	\N	2
184	PRB-20251126134651-1A4B36	PROFIT_COMMISSION	2766.40	Profit rebate L1 from 89595959595 - Sistem Hermis	COMPLETED	BALANCE	\N	1	\N	\N	2025-11-26 20:46:51.205841+07	\N	183	2	1
185	AUTO-20251126134651-AF6A00	INTEREST	22648.00	Automatic profit from Sistem Lyvion investment	COMPLETED	BALANCE	\N	\N	\N	\N	2025-11-26 20:46:51.397513+07	\N	\N	\N	2
186	PRB-20251126134651-F7E454	PROFIT_COMMISSION	1585.36	Profit rebate L1 from 89595959595 - Sistem Lyvion	COMPLETED	BALANCE	\N	1	\N	\N	2025-11-26 20:46:51.458526+07	\N	185	2	1
1311	DEP-20260111110233-3C1224	DEPOSIT	50000.00	Deposit via Jayapay (BALANCE_DEPOSIT)	FAILED	BALANCE_DEPOSIT	\N	\N	\N	\N	2026-01-11 11:02:33.510409+07	\N	\N	\N	2
2194	ATT-20260306161254-1B2806	ATTENDANCE	1000.00	Daily attendance claim	COMPLETED	BALANCE	\N	\N	\N	\N	2026-03-06 23:12:54.818638+07	\N	\N	\N	147
2370	AUTO-20260308184720-14BA03	INTEREST	17400.00	Hold profit (accrual) from Aset Standar I investment	COMPLETED	BALANCE_HOLD	\N	\N	\N	\N	2026-03-08 18:47:20.46926+07	25	\N	\N	151
2195	ATT-20260306171000-9E183A	ATTENDANCE	1000.00	Daily attendance claim	COMPLETED	BALANCE	\N	\N	\N	\N	2026-03-07 00:10:00.751498+07	\N	\N	\N	147
2371	AUTO-20260308185220-4CD327	INTEREST	17400.00	Hold profit (accrual) from Aset Standar I investment	COMPLETED	BALANCE_HOLD	\N	\N	\N	\N	2026-03-08 18:52:20.709972+07	25	\N	\N	153
2372	AUTO-20260308185220-667041	INTEREST	17400.00	Hold profit (accrual) from Aset Standar I investment	COMPLETED	BALANCE_HOLD	\N	\N	\N	\N	2026-03-08 18:52:20.75488+07	25	\N	\N	152
334	AUTO-20251126134718-EBD169	INTEREST	11995.20	Automatic profit from Sistem Omnisurg investment	COMPLETED	BALANCE	\N	\N	\N	\N	2025-11-26 20:47:18.277914+07	\N	\N	\N	2
335	PRB-20251126134718-95F072	PROFIT_COMMISSION	839.66	Profit rebate L1 from 89595959595 - Sistem Omnisurg	COMPLETED	BALANCE	\N	1	\N	\N	2025-11-26 20:47:18.364546+07	\N	334	2	1
338	AUTO-20251127134701-A95E31	INTEREST	39520.00	Automatic profit from Sistem Hermis investment	COMPLETED	BALANCE	\N	\N	\N	\N	2025-11-27 20:47:01.039837+07	\N	\N	\N	2
339	PRB-20251127134701-351027	PROFIT_COMMISSION	2766.40	Profit rebate L1 from 89595959595 - Sistem Hermis	COMPLETED	BALANCE	\N	1	\N	\N	2025-11-27 20:47:01.123165+07	\N	338	2	1
340	AUTO-20251127134701-7883C9	INTEREST	22648.00	Automatic profit from Sistem Lyvion investment	COMPLETED	BALANCE	\N	\N	\N	\N	2025-11-27 20:47:01.318989+07	\N	\N	\N	2
341	PRB-20251127134701-F22731	PROFIT_COMMISSION	1585.36	Profit rebate L1 from 89595959595 - Sistem Lyvion	COMPLETED	BALANCE	\N	1	\N	\N	2025-11-27 20:47:01.372157+07	\N	340	2	1
2196	PUR-20260306171730-BD8540	INVESTMENTS	10000.00	Purchase Aset Standar I (x1)	COMPLETED	BALANCE_DEPOSIT	1	\N	\N	\N	2026-03-07 00:17:30.075254+07	25	\N	\N	147
2197	REB-20260306171730-163073	PURCHASE_COMMISSION	3300.00	Purchase rebate L1 from +62883123456789 - Aset Standar I	COMPLETED	BALANCE	\N	1	\N	\N	2026-03-07 00:17:30.114256+07	25	2196	147	145
2198	REB-20260306171730-B46A98	PURCHASE_COMMISSION	200.00	Purchase rebate L2 from +62883123456789 - Aset Standar I	COMPLETED	BALANCE	\N	2	\N	\N	2026-03-07 00:17:30.117342+07	25	2196	147	143
2199	REB-20260306171730-C97FF4	PURCHASE_COMMISSION	100.00	Purchase rebate L3 from +62883123456789 - Aset Standar I	COMPLETED	BALANCE	\N	3	\N	\N	2026-03-07 00:17:30.121511+07	25	2196	147	2
2373	AUTO-20260308185721-FA2600	INTEREST	17400.00	Hold profit (accrual) from Aset Standar I investment	COMPLETED	BALANCE_HOLD	\N	\N	\N	\N	2026-03-08 18:57:21.092739+07	25	\N	\N	155
2374	AUTO-20260308185721-FC07E4	INTEREST	17400.00	Hold profit (accrual) from Aset Standar I investment	COMPLETED	BALANCE_HOLD	\N	\N	\N	\N	2026-03-08 18:57:21.130547+07	25	\N	\N	154
1948	PRB-20260218163821-DB0C65	PROFIT_COMMISSION	316.00	Profit rebate L2 from +62812345678902 - Proyek Konservasi-Kuda Laut	COMPLETED	BALANCE	\N	2	\N	\N	2026-02-18 23:38:21.635513+07	\N	\N	\N	2
1949	PRB-20260218163821-9EFDF7	PROFIT_COMMISSION	63.20	Profit rebate L3 from +62812345678902 - Proyek Konservasi-Kuda Laut	COMPLETED	BALANCE	\N	3	\N	\N	2026-02-18 23:38:21.638585+07	\N	\N	\N	1
2200	DEP-20260307001928-18F323	DEPOSIT	35000.00	Deposit via Jayapay (BALANCE_DEPOSIT)	FAILED	BALANCE_DEPOSIT	\N	\N	\N	\N	2026-03-07 00:19:28.574495+07	\N	\N	\N	147
2375	AUTO-20260308190221-7F2F2B	INTEREST	17400.00	Hold profit (accrual) from Aset Standar I investment	COMPLETED	BALANCE_HOLD	\N	\N	\N	\N	2026-03-08 19:02:21.425162+07	25	\N	\N	156
441	AUTO-20251127135213-77B17A	INTEREST	11995.20	Automatic profit from Sistem Omnisurg investment	COMPLETED	BALANCE	\N	\N	\N	\N	2025-11-27 20:52:13.952275+07	\N	\N	\N	2
442	PRB-20251127135214-3D41B7	PROFIT_COMMISSION	839.66	Profit rebate L1 from 89595959595 - Sistem Omnisurg	COMPLETED	BALANCE	\N	1	\N	\N	2025-11-27 20:52:14.017837+07	\N	441	2	1
445	AUTO-20251128135054-B2B915	INTEREST	39520.00	Automatic profit from Sistem Hermis investment	COMPLETED	BALANCE	\N	\N	\N	\N	2025-11-28 20:50:54.833349+07	\N	\N	\N	2
446	PRB-20251128135055-012D0C	PROFIT_COMMISSION	2766.40	Profit rebate L1 from 89595959595 - Sistem Hermis	COMPLETED	BALANCE	\N	1	\N	\N	2025-11-28 20:50:55.055041+07	\N	445	2	1
447	AUTO-20251128135055-7347BA	INTEREST	22648.00	Automatic profit from Sistem Lyvion investment	COMPLETED	BALANCE	\N	\N	\N	\N	2025-11-28 20:50:55.341337+07	\N	\N	\N	2
448	PRB-20251128135055-E54614	PROFIT_COMMISSION	1585.36	Profit rebate L1 from 89595959595 - Sistem Lyvion	COMPLETED	BALANCE	\N	1	\N	\N	2025-11-28 20:50:55.429543+07	\N	447	2	1
2201	ADM-BALANCE_DEPOSIT-147-1772823515	CREDIT	100000.00	Admin increased balance_deposit by 100000	COMPLETED	BALANCE_DEPOSIT	\N	\N	\N	\N	2026-03-07 01:58:35.438947+07	\N	\N	\N	147
2376	AUTO-20260308191221-F2631D	INTEREST	17400.00	Hold profit (accrual) from Aset Standar I investment	COMPLETED	BALANCE_HOLD	\N	\N	\N	\N	2026-03-08 19:12:21.889947+07	25	\N	\N	157
1954	PRB-20260218164256-CFC901	PROFIT_COMMISSION	316.00	Profit rebate L2 from +62812345678902 - Proyek Konservasi-Kuda Laut	COMPLETED	BALANCE	\N	2	\N	\N	2026-02-18 23:42:56.47534+07	\N	\N	\N	2
1955	PRB-20260218164256-40F20A	PROFIT_COMMISSION	63.20	Profit rebate L3 from +62812345678902 - Proyek Konservasi-Kuda Laut	COMPLETED	BALANCE	\N	3	\N	\N	2026-02-18 23:42:56.482083+07	\N	\N	\N	1
2202	PUR-20260306185849-F39C19	INVESTMENTS	100000.00	Purchase Prioritas I (x1)	COMPLETED	BALANCE_DEPOSIT	1	\N	\N	\N	2026-03-07 01:58:49.999174+07	53	\N	\N	147
2203	REB-20260306185850-13B132	PURCHASE_COMMISSION	33000.00	Purchase rebate L1 from +62883123456789 - Prioritas I	COMPLETED	BALANCE	\N	1	\N	\N	2026-03-07 01:58:50.029346+07	53	2202	147	145
2204	REB-20260306185850-5727CE	PURCHASE_COMMISSION	2000.00	Purchase rebate L2 from +62883123456789 - Prioritas I	COMPLETED	BALANCE	\N	2	\N	\N	2026-03-07 01:58:50.032433+07	53	2202	147	143
2205	REB-20260306185850-809A61	PURCHASE_COMMISSION	1000.00	Purchase rebate L3 from +62883123456789 - Prioritas I	COMPLETED	BALANCE	\N	3	\N	\N	2026-03-07 01:58:50.037181+07	53	2202	147	2
2377	AUTO-20260309001332-011D91	INTEREST	17400.00	Hold profit (accrual) from Aset Standar I investment	COMPLETED	BALANCE_HOLD	\N	\N	\N	\N	2026-03-09 00:13:32.180887+07	25	\N	\N	158
548	AUTO-20251128135615-A287A6	INTEREST	11995.20	Automatic profit from Sistem Omnisurg investment	COMPLETED	BALANCE	\N	\N	\N	\N	2025-11-28 20:56:15.922531+07	\N	\N	\N	2
549	PRB-20251128135615-3B8F6D	PROFIT_COMMISSION	839.66	Profit rebate L1 from 89595959595 - Sistem Omnisurg	COMPLETED	BALANCE	\N	1	\N	\N	2025-11-28 20:56:15.986349+07	\N	548	2	1
553	AUTO-20251129135223-35D472	INTEREST	39520.00	Automatic profit from Sistem Hermis investment	COMPLETED	BALANCE	\N	\N	\N	\N	2025-11-29 20:52:23.008659+07	\N	\N	\N	2
554	PRB-20251129135223-2CEBD5	PROFIT_COMMISSION	2766.40	Profit rebate L1 from 89595959595 - Sistem Hermis	COMPLETED	BALANCE	\N	1	\N	\N	2025-11-29 20:52:23.08227+07	\N	553	2	1
555	AUTO-20251129135223-5325CD	INTEREST	22648.00	Automatic profit from Sistem Lyvion investment	COMPLETED	BALANCE	\N	\N	\N	\N	2025-11-29 20:52:23.372843+07	\N	\N	\N	2
556	PRB-20251129135223-448426	PROFIT_COMMISSION	1585.36	Profit rebate L1 from 89595959595 - Sistem Lyvion	COMPLETED	BALANCE	\N	1	\N	\N	2025-11-29 20:52:23.442012+07	\N	555	2	1
2206	PUR-20260306190301-CFA63E	INVESTMENTS	10000.00	Purchase Aset Standar I (x1)	COMPLETED	BALANCE_DEPOSIT	1	\N	\N	\N	2026-03-07 02:03:01.718301+07	25	\N	\N	147
2207	REB-20260306190301-0144E6	PURCHASE_COMMISSION	3300.00	Purchase rebate L1 from +62883123456789 - Aset Standar I	COMPLETED	BALANCE	\N	1	\N	\N	2026-03-07 02:03:01.741796+07	25	2206	147	145
2208	REB-20260306190301-5A92D0	PURCHASE_COMMISSION	200.00	Purchase rebate L2 from +62883123456789 - Aset Standar I	COMPLETED	BALANCE	\N	2	\N	\N	2026-03-07 02:03:01.744919+07	25	2206	147	143
2209	REB-20260306190301-2924CE	PURCHASE_COMMISSION	100.00	Purchase rebate L3 from +62883123456789 - Aset Standar I	COMPLETED	BALANCE	\N	3	\N	\N	2026-03-07 02:03:01.74805+07	25	2206	147	2
2378	AUTO-20260309001832-0888FD	INTEREST	50400.00	Automatic profit from Prioritas I investment	COMPLETED	BALANCE	\N	\N	\N	\N	2026-03-09 00:18:32.374181+07	53	\N	\N	149
2379	AUTO-20260309001832-73ED1A	INTEREST	17400.00	Hold profit (accrual) from Aset Standar I investment	COMPLETED	BALANCE_HOLD	\N	\N	\N	\N	2026-03-09 00:18:32.388542+07	25	\N	\N	149
2210	ADM-BALANCE_DEPOSIT-147-1772823921	CREDIT	200000.00	Admin increased balance_deposit by 200000	COMPLETED	BALANCE_DEPOSIT	\N	\N	\N	\N	2026-03-07 02:05:21.22364+07	\N	\N	\N	147
2380	AUTO-20260309002332-3A4A6C	INTEREST	56250.00	Hold profit (accrual) from Aset Pilihan I investment	COMPLETED	BALANCE_HOLD	\N	\N	\N	\N	2026-03-09 00:23:32.538768+07	66	\N	\N	149
2381	AUTO-20260309002332-5911C7	INTEREST	17600.00	Hold profit (accrual) from Kesejahteraan I investment	COMPLETED	BALANCE_HOLD	\N	\N	\N	\N	2026-03-09 00:23:32.552595+07	60	\N	\N	149
656	AUTO-20251129135736-410473	INTEREST	11995.20	Automatic profit from Sistem Omnisurg investment	COMPLETED	BALANCE	\N	\N	\N	\N	2025-11-29 20:57:36.176398+07	\N	\N	\N	2
657	PRB-20251129135736-473288	PROFIT_COMMISSION	839.66	Profit rebate L1 from 89595959595 - Sistem Omnisurg	COMPLETED	BALANCE	\N	1	\N	\N	2025-11-29 20:57:36.242919+07	\N	656	2	1
662	PUR-20251130032010-397A44	INVESTMENTS	1864500.00	Purchase Sistem Vitaris (x1)	COMPLETED	BALANCE_DEPOSIT	1	\N	\N	\N	2025-11-30 10:20:10.204504+07	\N	\N	\N	2
663	REB-20251130032010-FB0970	PURCHASE_COMMISSION	186450.00	Purchase rebate L1 from 89595959595 - Sistem Vitaris	COMPLETED	BALANCE	\N	1	\N	\N	2025-11-30 10:20:10.371139+07	\N	662	2	1
2211	DEP-20260307031017-F1832C	DEPOSIT	35000.00	Deposit via Jayapay (BALANCE_DEPOSIT)	FAILED	BALANCE_DEPOSIT	\N	\N	\N	\N	2026-03-07 03:10:17.553013+07	\N	\N	\N	147
1690	AUTO-20260126004344-7C8AB1	INTEREST	8800.00	Automatic profit from Cloud AI investment	COMPLETED	BALANCE	\N	\N	\N	\N	2026-01-26 00:43:44.682139+07	\N	\N	\N	2
1788	AUTO-20260213000145-13B00B	INTEREST	7520.00	Automatic profit from Cloud AI investment	COMPLETED	BALANCE	\N	\N	\N	\N	2026-02-13 00:01:45.49226+07	\N	\N	\N	2
2212	PUR-20260306201139-7C1441	INVESTMENTS	100000.00	Purchase Prioritas I (x1)	COMPLETED	BALANCE_DEPOSIT	1	\N	\N	\N	2026-03-07 03:11:39.966698+07	53	\N	\N	147
2213	REB-20260306201139-696981	PURCHASE_COMMISSION	33000.00	Purchase rebate L1 from +62883123456789 - Prioritas I	COMPLETED	BALANCE	\N	1	\N	\N	2026-03-07 03:11:39.99382+07	53	2212	147	145
2214	REB-20260306201139-29CDF8	PURCHASE_COMMISSION	2000.00	Purchase rebate L2 from +62883123456789 - Prioritas I	COMPLETED	BALANCE	\N	2	\N	\N	2026-03-07 03:11:39.998365+07	53	2212	147	143
1792	DEP-20260213001144-B59D54	DEPOSIT	123444.00	Deposit via Jayapay (BALANCE_DEPOSIT)	FAILED	BALANCE_DEPOSIT	\N	\N	\N	\N	2026-02-13 00:11:44.765063+07	\N	\N	\N	2
1794	VCH-20260213140932-E1C688	VOUCHER	10000.00	Voucher claim auto	COMPLETED	BALANCE_DEPOSIT	\N	\N	8	auto	2026-02-13 14:09:32.867465+07	\N	\N	\N	2
2215	REB-20260306201140-879EC6	PURCHASE_COMMISSION	1000.00	Purchase rebate L3 from +62883123456789 - Prioritas I	COMPLETED	BALANCE	\N	3	\N	\N	2026-03-07 03:11:40.00139+07	53	2212	147	2
2157	PRB-20260219170200-7B725E	PROFIT_COMMISSION	316.00	Profit rebate L2 from +62812345678902 - Proyek Konservasi-Kuda Laut	COMPLETED	BALANCE	\N	2	\N	\N	2026-02-20 00:02:00.122619+07	\N	\N	\N	2
1804	AUTO-20260214000058-60E477	INTEREST	7520.00	Automatic profit from Cloud AI investment	COMPLETED	BALANCE	\N	\N	\N	\N	2026-02-14 00:00:58.288505+07	\N	\N	\N	2
1871	REB-20260217192257-F55E55	PURCHASE_COMMISSION	3000.00	Purchase rebate L2 from +6285770404473 - Proyek Konservasi-Penyu Laut	COMPLETED	BALANCE	\N	2	\N	\N	2026-02-18 02:22:57.891473+07	\N	\N	\N	2
2158	PRB-20260219170200-C19421	PROFIT_COMMISSION	63.20	Profit rebate L3 from +62812345678902 - Proyek Konservasi-Kuda Laut	COMPLETED	BALANCE	\N	3	\N	\N	2026-02-20 00:02:00.127208+07	\N	\N	\N	1
931	ATT-20251206154157-3159CF	ATTENDANCE	500.00	Daily attendance claim	COMPLETED	BALANCE	\N	\N	\N	\N	2025-12-06 22:41:57.385139+07	\N	\N	\N	2
932	DEP-20251206165728-6F37A8	DEPOSIT	2000000.00	Deposit via Jayapay (BALANCE_DEPOSIT)	FAILED	BALANCE_DEPOSIT	\N	\N	\N	\N	2025-12-06 23:57:28.686553+07	\N	\N	\N	2
934	WD-7C24AD35EC	WITHDRAW	70000.00	Withdrawal request	PENDING	BALANCE	\N	\N	\N	\N	2025-12-06 23:59:58.559111+07	\N	\N	\N	2
935	ATT-20251206175821-3E5679	ATTENDANCE	500.00	Daily attendance claim	COMPLETED	BALANCE	\N	\N	\N	\N	2025-12-07 00:58:21.69913+07	\N	\N	\N	2
936	DEP-20251207162945-437066	DEPOSIT	500000.00	Deposit via Jayapay (BALANCE_DEPOSIT)	FAILED	BALANCE_DEPOSIT	\N	\N	\N	\N	2025-12-07 16:29:45.293058+07	\N	\N	\N	2
937	WD-951868BD5D	WITHDRAW	100000.00	Withdrawal request	PENDING	BALANCE	\N	\N	\N	\N	2025-12-07 16:29:58.913305+07	\N	\N	\N	2
944	WD-7E18AD3148	WITHDRAW	100000.00	Withdrawal request	PENDING	BALANCE	\N	\N	\N	\N	2025-12-07 16:47:31.796473+07	\N	\N	\N	2
945	WD-458E362D1A	WITHDRAW	100000.00	Withdrawal request	PENDING	BALANCE	\N	\N	\N	\N	2025-12-07 16:50:35.918984+07	\N	\N	\N	2
1653	REB-20260124175246-F69483	PURCHASE_COMMISSION	1760.00	Purchase rebate L2 from +6286565656565 - Cloud AI	COMPLETED	BALANCE	\N	2	\N	\N	2026-01-25 00:52:46.249779+07	\N	\N	\N	1
1967	ATT-20260218184119-639518	ATTENDANCE	201.09	Daily attendance claim	COMPLETED	BALANCE	\N	\N	\N	\N	2026-02-19 01:41:19.93567+07	\N	\N	\N	2
2216	ADM-BALANCE_DEPOSIT-147-1772828252	CREDIT	1000000.00	Admin increased balance_deposit by 1000000	COMPLETED	BALANCE_DEPOSIT	\N	\N	\N	\N	2026-03-07 03:17:32.481342+07	\N	\N	\N	147
1793	WD-E1A8F9A115	WITHDRAW	50000.00	Withdrawal request	PENDING	BALANCE	\N	\N	\N	\N	2026-02-13 00:12:51.735682+07	\N	\N	\N	2
1872	PUR-20260218060755-74CE31	INVESTMENTS	2966000.00	Purchase Proyek Konservasi-Padang Lamun (x1)	COMPLETED	BALANCE	1	\N	\N	\N	2026-02-18 13:07:55.629075+07	\N	\N	\N	2
1873	REB-20260218060755-389E57	PURCHASE_COMMISSION	355920.00	Purchase rebate L1 from +6289595959595 - Proyek Konservasi-Padang Lamun	COMPLETED	BALANCE	\N	1	\N	\N	2026-02-18 13:07:55.668716+07	\N	1872	2	1
2162	PRB-20260219170240-BF245A	PROFIT_COMMISSION	316.00	Profit rebate L2 from +62812345678902 - Proyek Konservasi-Kuda Laut	COMPLETED	BALANCE	\N	2	\N	\N	2026-02-20 00:02:40.846414+07	\N	\N	\N	2
2163	PRB-20260219170240-F76162	PROFIT_COMMISSION	63.20	Profit rebate L3 from +62812345678902 - Proyek Konservasi-Kuda Laut	COMPLETED	BALANCE	\N	3	\N	\N	2026-02-20 00:02:40.849473+07	\N	\N	\N	1
988	DEP-20251208003517-964A55	DEPOSIT	50000.00	Deposit via Jayapay (BALANCE_DEPOSIT)	FAILED	BALANCE_DEPOSIT	\N	\N	\N	\N	2025-12-08 00:35:17.616703+07	\N	\N	\N	2
989	DEP-20251208003538-754F05	DEPOSIT	50000.00	Deposit via Jayapay (BALANCE_DEPOSIT)	FAILED	BALANCE_DEPOSIT	\N	\N	\N	\N	2025-12-08 00:35:38.850699+07	\N	\N	\N	2
1798	AUTO-20260213220248-1F53E4	INTEREST	8800.00	Automatic profit from Cloud AI investment	COMPLETED	BALANCE	\N	\N	\N	\N	2026-02-13 22:02:48.390917+07	\N	\N	\N	2
1000	ATT-20251208024751-82498D	ATTENDANCE	1000.00	Daily attendance claim	COMPLETED	BALANCE	\N	\N	\N	\N	2025-12-08 09:47:51.801006+07	\N	\N	\N	2
1968	WD-0C80452407	WITHDRAW	90000.00	Withdrawal request	PENDING	BALANCE	\N	\N	\N	\N	2026-02-19 01:51:35.439536+07	\N	\N	\N	2
1874	PUR-20260218060854-FFB6CB	INVESTMENTS	2966000.00	Purchase Proyek Konservasi-Padang Lamun (x1)	COMPLETED	BALANCE	1	\N	\N	\N	2026-02-18 13:08:54.614758+07	\N	\N	\N	2
1875	REB-20260218060854-E2714E	PURCHASE_COMMISSION	355920.00	Purchase rebate L1 from +6289595959595 - Proyek Konservasi-Padang Lamun	COMPLETED	BALANCE	\N	1	\N	\N	2026-02-18 13:08:54.619379+07	\N	1874	2	1
1876	PUR-20260218060904-869018	INVESTMENTS	2966000.00	Purchase Proyek Konservasi-Padang Lamun (x1)	COMPLETED	BALANCE	1	\N	\N	\N	2026-02-18 13:09:04.605225+07	\N	\N	\N	2
1877	REB-20260218060904-64B978	PURCHASE_COMMISSION	355920.00	Purchase rebate L1 from +6289595959595 - Proyek Konservasi-Padang Lamun	COMPLETED	BALANCE	\N	1	\N	\N	2026-02-18 13:09:04.609793+07	\N	1876	2	1
1878	PUR-20260218060919-0071EE	INVESTMENTS	60000.00	Purchase Proyek Konservasi-Uji Coba Biota (x1)	COMPLETED	BALANCE	1	\N	\N	\N	2026-02-18 13:09:19.731267+07	\N	\N	\N	2
1879	REB-20260218060919-3B63CD	PURCHASE_COMMISSION	4800.00	Purchase rebate L1 from +6289595959595 - Proyek Konservasi-Uji Coba Biota	COMPLETED	BALANCE	\N	1	\N	\N	2026-02-18 13:09:19.734334+07	\N	1878	2	1
1880	PUR-20260218060933-C232E0	INVESTMENTS	60000.00	Purchase Proyek Konservasi-Uji Coba Biota (x1)	COMPLETED	BALANCE	1	\N	\N	\N	2026-02-18 13:09:33.807409+07	\N	\N	\N	2
1881	REB-20260218060933-FEA4FB	PURCHASE_COMMISSION	4800.00	Purchase rebate L1 from +6289595959595 - Proyek Konservasi-Uji Coba Biota	COMPLETED	BALANCE	\N	1	\N	\N	2026-02-18 13:09:33.812641+07	\N	1880	2	1
2217	PUR-20260306201823-D6B466	INVESTMENTS	200000.00	Purchase Prioritas II (x1)	COMPLETED	BALANCE_DEPOSIT	1	\N	\N	\N	2026-03-07 03:18:23.34281+07	54	\N	\N	147
2218	REB-20260306201823-0B61D0	PURCHASE_COMMISSION	66000.00	Purchase rebate L1 from +62883123456789 - Prioritas II	COMPLETED	BALANCE	\N	1	\N	\N	2026-03-07 03:18:23.357769+07	54	2217	147	145
2219	REB-20260306201823-5171DD	PURCHASE_COMMISSION	4000.00	Purchase rebate L2 from +62883123456789 - Prioritas II	COMPLETED	BALANCE	\N	2	\N	\N	2026-03-07 03:18:23.36237+07	54	2217	147	143
2220	REB-20260306201823-7DB9B1	PURCHASE_COMMISSION	2000.00	Purchase rebate L3 from +62883123456789 - Prioritas II	COMPLETED	BALANCE	\N	3	\N	\N	2026-03-07 03:18:23.365521+07	54	2217	147	2
1821	PUR-20260215075812-59F956	INVESTMENTS	5770000.00	Purchase DevAi-27491 (x1)	COMPLETED	BALANCE_DEPOSIT	1	\N	\N	\N	2026-02-15 14:58:12.145768+07	\N	\N	\N	2
1822	REB-20260215075812-321AF6	PURCHASE_COMMISSION	1154000.00	Purchase rebate L1 from +6289595959595 - DevAi-27491	COMPLETED	BALANCE	\N	1	\N	\N	2026-02-15 14:58:12.177408+07	\N	1821	2	1
2221	PUR-20260306203157-476A38	INVESTMENTS	200000.00	Purchase Prioritas II (x1)	COMPLETED	BALANCE_DEPOSIT	1	\N	\N	\N	2026-03-07 03:31:57.711693+07	54	\N	\N	147
1882	PUR-20260218061610-14AB03	INVESTMENTS	350000.00	Purchase Proyek Konservasi-Kerang Laut (x1)	COMPLETED	BALANCE	1	\N	\N	\N	2026-02-18 13:16:10.116413+07	\N	\N	\N	2
1883	REB-20260218061610-6F2F0A	PURCHASE_COMMISSION	42000.00	Purchase rebate L1 from +6289595959595 - Proyek Konservasi-Kerang Laut	COMPLETED	BALANCE	\N	1	\N	\N	2026-02-18 13:16:10.122516+07	\N	1882	2	1
2222	REB-20260306203157-F2EC29	PURCHASE_COMMISSION	66000.00	Purchase rebate L1 from +62883123456789 - Prioritas II	COMPLETED	BALANCE	\N	1	\N	\N	2026-03-07 03:31:57.722252+07	54	2221	147	145
2223	REB-20260306203157-0A3099	PURCHASE_COMMISSION	4000.00	Purchase rebate L2 from +62883123456789 - Prioritas II	COMPLETED	BALANCE	\N	2	\N	\N	2026-03-07 03:31:57.726971+07	54	2221	147	143
2224	REB-20260306203157-E33CCA	PURCHASE_COMMISSION	2000.00	Purchase rebate L3 from +62883123456789 - Prioritas II	COMPLETED	BALANCE	\N	3	\N	\N	2026-03-07 03:31:57.731688+07	54	2221	147	2
1049	AUTO-20251208223302-F0A52B	INTEREST	4680.00	Automatic profit from RBR A100 investment	COMPLETED	BALANCE	\N	\N	\N	\N	2025-12-08 22:33:02.198114+07	\N	\N	\N	2
1051	AUTO-20251209001314-55ECF5	INTEREST	20000.00	Automatic profit from RBB B100 investment	COMPLETED	BALANCE	\N	\N	\N	\N	2025-12-09 00:13:14.36921+07	\N	\N	\N	2
1697	AUTO-20260127000132-E666EF	INTEREST	7520.00	Automatic profit from Cloud AI investment	COMPLETED	BALANCE	\N	\N	\N	\N	2026-01-27 00:01:32.202217+07	\N	\N	\N	2
1823	PUR-20260215080015-0D1C7E	INVESTMENTS	5770000.00	Purchase DevAi-27491 (x1)	COMPLETED	BALANCE_DEPOSIT	1	\N	\N	\N	2026-02-15 15:00:15.191494+07	\N	\N	\N	2
1824	REB-20260215080015-E14B28	PURCHASE_COMMISSION	1154000.00	Purchase rebate L1 from +6289595959595 - DevAi-27491	COMPLETED	BALANCE	\N	1	\N	\N	2026-02-15 15:00:15.19558+07	\N	1823	2	1
2225	PUR-20260306203208-90A8DD	INVESTMENTS	300000.00	Purchase Prioritas III (x1)	COMPLETED	BALANCE_DEPOSIT	1	\N	\N	\N	2026-03-07 03:32:08.716819+07	55	\N	\N	147
2226	REB-20260306203208-CADC53	PURCHASE_COMMISSION	99000.00	Purchase rebate L1 from +62883123456789 - Prioritas III	COMPLETED	BALANCE	\N	1	\N	\N	2026-03-07 03:32:08.729302+07	55	2225	147	145
2227	REB-20260306203208-143CDF	PURCHASE_COMMISSION	6000.00	Purchase rebate L2 from +62883123456789 - Prioritas III	COMPLETED	BALANCE	\N	2	\N	\N	2026-03-07 03:32:08.732419+07	55	2225	147	143
2228	REB-20260306203208-687868	PURCHASE_COMMISSION	3000.00	Purchase rebate L3 from +62883123456789 - Prioritas III	COMPLETED	BALANCE	\N	3	\N	\N	2026-03-07 03:32:08.737067+07	55	2225	147	2
1972	REB-20260219032134-21F6FB	PURCHASE_COMMISSION	43300.00	Purchase rebate L2 from +62812345678902 - Proyek Konservasi-Penyu Laut	COMPLETED	BALANCE	\N	2	\N	\N	2026-02-19 10:21:34.679913+07	\N	\N	\N	2
1636	AUTO-20260125000233-700253	INTEREST	7520.00	Automatic profit from Cloud AI investment	COMPLETED	BALANCE	\N	\N	\N	\N	2026-01-25 00:02:33.166323+07	\N	\N	\N	2
1826	AUTO-20260216005036-D6249E	INTEREST	7520.00	Automatic profit from Cloud AI investment	COMPLETED	BALANCE	\N	\N	\N	\N	2026-02-16 00:50:36.827353+07	\N	\N	\N	2
1884	WD-6BCACD21C8	WITHDRAW	60000.00	Withdrawal request	PENDING	BALANCE	\N	\N	\N	\N	2026-02-18 13:34:31.713104+07	\N	\N	\N	2
1312	DEP-20260111110234-135EC5	DEPOSIT	50000.00	Deposit via Jayapay (BALANCE_DEPOSIT)	FAILED	BALANCE_DEPOSIT	\N	\N	\N	\N	2026-01-11 11:02:34.240178+07	\N	\N	\N	2
1404	MSN-20260112154640-2-35	MISSIONS	50000.00	Mission reward: Ketika Anda sudah mencapai target seorang agen kerja, Anda dapat klaim penghasilan tetap 3 kali dalam satu bulan IDR 50.000 (x1)	COMPLETED	BALANCE	\N	\N	\N	\N	2026-01-12 22:46:40.878261+07	\N	\N	\N	2
144	REB-20251110024753-35FE15	PURCHASE_COMMISSION	8996.40	Purchase rebate L2 from 0800123456789 - Sistem Omnisurg	COMPLETED	BALANCE	\N	2	\N	\N	2025-11-10 09:47:53.247684+07	\N	\N	\N	2
145	REB-20251110024753-F94C59	PURCHASE_COMMISSION	5997.60	Purchase rebate L3 from 0800123456789 - Sistem Omnisurg	COMPLETED	BALANCE	\N	3	\N	\N	2025-11-10 09:47:53.249119+07	\N	\N	\N	1
148	REB-20251110024755-43CE16	PURCHASE_COMMISSION	16986.00	Purchase rebate L2 from 0800123456789 - Sistem Lyvion	COMPLETED	BALANCE	\N	2	\N	\N	2025-11-10 09:47:55.845199+07	\N	\N	\N	2
149	REB-20251110024755-A5940B	PURCHASE_COMMISSION	11324.00	Purchase rebate L3 from 0800123456789 - Sistem Lyvion	COMPLETED	BALANCE	\N	3	\N	\N	2025-11-10 09:47:55.846899+07	\N	\N	\N	1
152	REB-20251110024758-AC12F1	PURCHASE_COMMISSION	29640.00	Purchase rebate L2 from 0800123456789 - Sistem Hermis	COMPLETED	BALANCE	\N	2	\N	\N	2025-11-10 09:47:58.124932+07	\N	\N	\N	2
153	REB-20251110024758-55B85B	PURCHASE_COMMISSION	19760.00	Purchase rebate L3 from 0800123456789 - Sistem Hermis	COMPLETED	BALANCE	\N	3	\N	\N	2025-11-10 09:47:58.126532+07	\N	\N	\N	1
2229	ATT-20260306205519-17EA43	ATTENDANCE	1000.00	Daily attendance claim	COMPLETED	BALANCE	\N	\N	\N	\N	2026-03-07 03:55:19.411864+07	\N	\N	\N	148
1702	AUTO-20260127004634-926C96	INTEREST	8800.00	Automatic profit from Cloud AI investment	COMPLETED	BALANCE	\N	\N	\N	\N	2026-01-27 00:46:34.446661+07	\N	\N	\N	2
1833	AUTO-20260216015334-7030D7	INTEREST	8800.00	Automatic profit from Cloud AI investment	COMPLETED	BALANCE	\N	\N	\N	\N	2026-02-16 01:53:34.476781+07	\N	\N	\N	2
1830	AUTO-20260216015334-F39374	INTEREST	34800.00	Automatic profit from InsightAi-10382 investment	COMPLETED	BALANCE	\N	\N	\N	\N	2026-02-16 01:53:34.38755+07	\N	\N	\N	2
1885	WD-68F7436AC7	WITHDRAW	60000.00	Withdrawal request	PENDING	BALANCE	\N	\N	\N	\N	2026-02-18 13:35:22.318458+07	\N	\N	\N	2
161	REB-20251110024802-A8CFDD	PURCHASE_COMMISSION	55540.00	Purchase rebate L3 from 0800123456789 - Sistem Surgena	COMPLETED	BALANCE	\N	3	\N	\N	2025-11-10 09:48:02.767907+07	\N	\N	\N	1
933	WD-CD4E534FB0	WITHDRAW	700000.00	Withdrawal request	COMPLETED	BALANCE	\N	\N	\N	\N	2025-12-06 23:59:23.87113+07	\N	\N	\N	2
189	PRB-20251126134651-DBDDE8	PROFIT_COMMISSION	4443.20	Profit rebate L2 from 0800123456789 - Sistem Surgena	COMPLETED	BALANCE	\N	2	\N	\N	2025-11-26 20:46:51.832941+07	\N	\N	\N	2
190	PRB-20251126134651-FB2511	PROFIT_COMMISSION	2221.60	Profit rebate L3 from 0800123456789 - Sistem Surgena	COMPLETED	BALANCE	\N	3	\N	\N	2025-11-26 20:46:51.892645+07	\N	\N	\N	1
197	PRB-20251126134653-6D62A2	PROFIT_COMMISSION	2983.20	Profit rebate L2 from 0800123456789 - Sistem Vitaris	COMPLETED	BALANCE	\N	2	\N	\N	2025-11-26 20:46:53.219768+07	\N	\N	\N	2
198	PRB-20251126134653-B08666	PROFIT_COMMISSION	1491.60	Profit rebate L3 from 0800123456789 - Sistem Vitaris	COMPLETED	BALANCE	\N	3	\N	\N	2025-11-26 20:46:53.316446+07	\N	\N	\N	1
205	PRB-20251126134654-944834	PROFIT_COMMISSION	1580.80	Profit rebate L2 from 0800123456789 - Sistem Hermis	COMPLETED	BALANCE	\N	2	\N	\N	2025-11-26 20:46:54.299176+07	\N	\N	\N	2
1091	ATT-20251223220514-3B4CB0	ATTENDANCE	1000.00	Daily attendance claim	COMPLETED	BALANCE	\N	\N	\N	\N	2025-12-24 05:05:14.213931+07	\N	\N	\N	2
2230	DEP-20260307040302-8B9655	DEPOSIT	35000.00	Deposit via Jayapay (BALANCE_DEPOSIT)	FAILED	BALANCE_DEPOSIT	\N	\N	\N	\N	2026-03-07 04:03:02.410374+07	\N	\N	\N	148
1838	AUTO-20260216150312-6D94BC	INTEREST	577700.00	Automatic profit from DevAi-27491 investment	COMPLETED	BALANCE	\N	\N	\N	\N	2026-02-16 15:03:12.21879+07	\N	\N	\N	2
1839	AUTO-20260216150312-EA2CA1	INTEREST	577700.00	Automatic profit from DevAi-27491 investment	COMPLETED	BALANCE	\N	\N	\N	\N	2026-02-16 15:03:12.321551+07	\N	\N	\N	2
1886	DEP-20260218133607-99FD68	DEPOSIT	75000.00	Deposit via Jayapay (BALANCE_DEPOSIT)	FAILED	BALANCE_DEPOSIT	\N	\N	\N	\N	2026-02-18 13:36:07.982491+07	\N	\N	\N	2
1976	PRB-20260219032825-1EC869	PROFIT_COMMISSION	1818.60	Profit rebate L2 from +62812345678902 - Proyek Konservasi-Penyu Laut	COMPLETED	BALANCE	\N	2	\N	\N	2026-02-19 10:28:25.838309+07	\N	\N	\N	2
1977	PRB-20260219032825-130333	PROFIT_COMMISSION	363.72	Profit rebate L3 from +62812345678902 - Proyek Konservasi-Penyu Laut	COMPLETED	BALANCE	\N	3	\N	\N	2026-02-19 10:28:25.839841+07	\N	\N	\N	1
2231	ADM-BALANCE_DEPOSIT-148-1772830996	CREDIT	10000000.00	Admin increased balance_deposit by 10000000	COMPLETED	BALANCE_DEPOSIT	\N	\N	\N	\N	2026-03-07 04:03:16.975827+07	\N	\N	\N	148
1840	ATT-20260216100221-FE0D25	ATTENDANCE	1123.14	Daily attendance claim	COMPLETED	BALANCE	\N	\N	\N	\N	2026-02-16 17:02:21.218289+07	\N	\N	\N	2
1887	VCH-20260218134529-7F8B40	VOUCHER	10000.00	Voucher claim auto	COMPLETED	BALANCE	\N	\N	8	auto	2026-02-18 13:45:29.407693+07	\N	\N	\N	2
1542	DEP-20260121160756-1ADE4C	DEPOSIT	150000.00	Deposit via Jayapay (BALANCE_DEPOSIT)	FAILED	BALANCE_DEPOSIT	\N	\N	\N	\N	2026-01-21 16:07:56.748055+07	\N	\N	\N	2
1557	ATT-20260124062203-60F280	ATTENDANCE	100.00	Daily attendance claim	COMPLETED	BALANCE	\N	\N	\N	\N	2026-01-24 13:22:03.703251+07	\N	\N	\N	2
2232	PUR-20260306210420-D900A4	INVESTMENTS	100000.00	Purchase Prioritas I (x1)	COMPLETED	BALANCE_DEPOSIT	1	\N	\N	\N	2026-03-07 04:04:20.508467+07	53	\N	\N	148
2233	REB-20260306210420-7761F2	PURCHASE_COMMISSION	33000.00	Purchase rebate L1 from +6289123456789 - Prioritas I	COMPLETED	BALANCE	\N	1	\N	\N	2026-03-07 04:04:20.517821+07	53	2232	148	147
2234	REB-20260306210420-501A1E	PURCHASE_COMMISSION	2000.00	Purchase rebate L2 from +6289123456789 - Prioritas I	COMPLETED	BALANCE	\N	2	\N	\N	2026-03-07 04:04:20.522298+07	53	2232	148	145
2235	REB-20260306210420-046B03	PURCHASE_COMMISSION	1000.00	Purchase rebate L3 from +6289123456789 - Prioritas I	COMPLETED	BALANCE	\N	3	\N	\N	2026-03-07 04:04:20.527533+07	53	2232	148	143
1842	AUTO-20260217000024-A9A909	INTEREST	7520.00	Automatic profit from Cloud AI investment	COMPLETED	BALANCE	\N	\N	\N	\N	2026-02-17 00:00:24.46799+07	\N	\N	\N	2
1131	AUTO-20251225083113-915EC6	INTEREST	1125000.00	Automatic profit from RBB B500 investment	COMPLETED	BALANCE	\N	\N	\N	\N	2025-12-25 08:31:13.240104+07	\N	\N	\N	2
2236	PUR-20260306210431-00021A	INVESTMENTS	10000.00	Purchase Aset Standar I (x1)	COMPLETED	BALANCE_DEPOSIT	1	\N	\N	\N	2026-03-07 04:04:31.233362+07	25	\N	\N	148
1647	DEP-20260125002943-92A228	DEPOSIT	50000.00	Deposit via Jayapay (BALANCE_DEPOSIT)	FAILED	BALANCE_DEPOSIT	\N	\N	\N	\N	2026-01-25 00:29:43.786837+07	\N	\N	\N	2
2237	REB-20260306210431-B0F970	PURCHASE_COMMISSION	3300.00	Purchase rebate L1 from +6289123456789 - Aset Standar I	COMPLETED	BALANCE	\N	1	\N	\N	2026-03-07 04:04:31.246129+07	25	2236	148	147
1648	DEP-20260125002949-6A2B14	DEPOSIT	150000.00	Deposit via Jayapay (BALANCE_DEPOSIT)	FAILED	BALANCE_DEPOSIT	\N	\N	\N	\N	2026-01-25 00:29:49.97533+07	\N	\N	\N	2
2238	REB-20260306210431-F52674	PURCHASE_COMMISSION	200.00	Purchase rebate L2 from +6289123456789 - Aset Standar I	COMPLETED	BALANCE	\N	2	\N	\N	2026-03-07 04:04:31.25261+07	25	2236	148	145
2239	REB-20260306210431-866B31	PURCHASE_COMMISSION	100.00	Purchase rebate L3 from +6289123456789 - Aset Standar I	COMPLETED	BALANCE	\N	3	\N	\N	2026-03-07 04:04:31.25851+07	25	2236	148	143
1846	ATT-20260216184708-3A2E07	ATTENDANCE	1025.49	Daily attendance claim	COMPLETED	BALANCE	\N	\N	\N	\N	2026-02-17 01:47:08.899924+07	\N	\N	\N	2
1708	AUTO-20260128154146-5AFB62	INTEREST	8800.00	Automatic profit from Cloud AI investment	COMPLETED	BALANCE	\N	\N	\N	\N	2026-01-28 15:41:46.944497+07	\N	\N	\N	2
1712	AUTO-20260128154147-CF9993	INTEREST	7520.00	Automatic profit from Cloud AI investment	COMPLETED	BALANCE	\N	\N	\N	\N	2026-01-28 15:41:47.014108+07	\N	\N	\N	2
2240	PUR-20260306210440-EFF27A	INVESTMENTS	110000.00	Purchase Kesejahteraan I (x1)	COMPLETED	BALANCE_DEPOSIT	1	\N	\N	\N	2026-03-07 04:04:40.787025+07	60	\N	\N	148
1254	DEP-20260110151041-0B5AFB	DEPOSIT	100000.00	Deposit via Jayapay (BALANCE_DEPOSIT)	FAILED	BALANCE_DEPOSIT	\N	\N	\N	\N	2026-01-10 15:10:41.304883+07	\N	\N	\N	2
2241	REB-20260306210440-A344B2	PURCHASE_COMMISSION	36300.00	Purchase rebate L1 from +6289123456789 - Kesejahteraan I	COMPLETED	BALANCE	\N	1	\N	\N	2026-03-07 04:04:40.802297+07	60	2240	148	147
1255	DEP-20260110151042-BD0C00	DEPOSIT	100000.00	Deposit via Jayapay (BALANCE_DEPOSIT)	FAILED	BALANCE_DEPOSIT	\N	\N	\N	\N	2026-01-10 15:10:42.252471+07	\N	\N	\N	2
2242	REB-20260306210440-26FD36	PURCHASE_COMMISSION	2200.00	Purchase rebate L2 from +6289123456789 - Kesejahteraan I	COMPLETED	BALANCE	\N	2	\N	\N	2026-03-07 04:04:40.806836+07	60	2240	148	145
2243	REB-20260306210440-6E00C9	PURCHASE_COMMISSION	1100.00	Purchase rebate L3 from +6289123456789 - Kesejahteraan I	COMPLETED	BALANCE	\N	3	\N	\N	2026-03-07 04:04:40.811377+07	60	2240	148	143
1649	PUR-20260124173929-D70DA5	INVESTMENTS	88000.00	Purchase Cloud AI (x1)	COMPLETED	BALANCE_DEPOSIT	1	\N	\N	\N	2026-01-25 00:39:29.652492+07	\N	\N	\N	2
1650	REB-20260124173929-517D5A	PURCHASE_COMMISSION	17600.00	Purchase rebate L1 from +6289595959595 - Cloud AI	COMPLETED	BALANCE	\N	1	\N	\N	2026-01-25 00:39:29.673789+07	\N	1649	2	1
1502	MSN-20260113082110-2-1	MISSIONS	2000.00	Mission reward: Bagikan tautan undangan Anda dan dapatkan anggota untuk membuka manfaat IDR 2.000 (x1)	COMPLETED	BALANCE	\N	\N	\N	\N	2026-01-13 15:21:10.656033+07	\N	\N	\N	2
1521	WD-E131879501	WITHDRAW	50000.00	Withdrawal request	PENDING	BALANCE	\N	\N	\N	\N	2026-01-14 00:00:13.56786+07	\N	\N	\N	2
1543	DEP-20260121161355-0D5C69	DEPOSIT	50000.00	Deposit via Jayapay (BALANCE_DEPOSIT)	FAILED	BALANCE_DEPOSIT	\N	\N	\N	\N	2026-01-21 16:13:55.054791+07	\N	\N	\N	2
1558	DEP-20260124154307-D39222	DEPOSIT	50000.00	Deposit via Jayapay (BALANCE_DEPOSIT)	FAILED	BALANCE_DEPOSIT	\N	\N	\N	\N	2026-01-24 15:43:07.681875+07	\N	\N	\N	2
336	AUTO-20251126134718-2D6839	INTEREST	4680.00	Automatic profit from Sistem Celenix investment	COMPLETED	BALANCE	\N	\N	\N	\N	2025-11-26 20:47:18.556357+07	\N	\N	\N	2
337	PRB-20251126134718-C98DE9	PROFIT_COMMISSION	327.60	Profit rebate L1 from 89595959595 - Sistem Celenix	COMPLETED	BALANCE	\N	1	\N	\N	2025-11-26 20:47:18.62068+07	\N	336	2	1
2244	PUR-20260306210459-8A7513	INVESTMENTS	111000.00	Purchase Aset Pilihan I (x1)	COMPLETED	BALANCE_DEPOSIT	1	\N	\N	\N	2026-03-07 04:04:59.155337+07	66	\N	\N	148
1256	DEP-20260110151046-DEC9D9	DEPOSIT	50000.00	Deposit via Jayapay (BALANCE_DEPOSIT)	FAILED	BALANCE_DEPOSIT	\N	\N	\N	\N	2026-01-10 15:10:46.661658+07	\N	\N	\N	2
2245	REB-20260306210459-8CEBDB	PURCHASE_COMMISSION	36630.00	Purchase rebate L1 from +6289123456789 - Aset Pilihan I	COMPLETED	BALANCE	\N	1	\N	\N	2026-03-07 04:04:59.166088+07	66	2244	148	147
1257	DEP-20260110151050-A78441	DEPOSIT	50000.00	Deposit via Jayapay (BALANCE_DEPOSIT)	FAILED	BALANCE_DEPOSIT	\N	\N	\N	\N	2026-01-10 15:10:50.670498+07	\N	\N	\N	2
2246	REB-20260306210459-5BE535	PURCHASE_COMMISSION	2220.00	Purchase rebate L2 from +6289123456789 - Aset Pilihan I	COMPLETED	BALANCE	\N	2	\N	\N	2026-03-07 04:04:59.168632+07	66	2244	148	145
1258	DEP-20260110151057-846C2F	DEPOSIT	50000.00	Deposit via Jayapay (BALANCE_DEPOSIT)	FAILED	BALANCE_DEPOSIT	\N	\N	\N	\N	2026-01-10 15:10:57.511826+07	\N	\N	\N	2
2247	REB-20260306210459-2BC75D	PURCHASE_COMMISSION	1110.00	Purchase rebate L3 from +6289123456789 - Aset Pilihan I	COMPLETED	BALANCE	\N	3	\N	\N	2026-03-07 04:04:59.170686+07	66	2244	148	143
1559	DEP-20260124154308-D72A29	DEPOSIT	50000.00	Deposit via Jayapay (BALANCE_DEPOSIT)	FAILED	BALANCE_DEPOSIT	\N	\N	\N	\N	2026-01-24 15:43:08.253671+07	\N	\N	\N	2
1522	CLM-20260113170848-AAD34B	INTEREST	1000.00	Profit claim from PowerVault AA investment	COMPLETED	BALANCE	\N	\N	\N	\N	2026-01-14 00:08:48.298572+07	\N	\N	\N	2
1259	ATT-20260110085350-43EB2B	ATTENDANCE	1000.00	Daily attendance claim	COMPLETED	BALANCE	\N	\N	\N	\N	2026-01-10 15:53:50.877568+07	\N	\N	\N	2
2248	PUR-20260307090426-85C31C	INVESTMENTS	58000.00	Purchase Aset Standar I (x1)	COMPLETED	BALANCE_DEPOSIT	1	\N	\N	\N	2026-03-07 16:04:26.942758+07	25	\N	\N	148
2249	REB-20260307090426-EC5426	PURCHASE_COMMISSION	19140.00	Purchase rebate L1 from +6289123456789 - Aset Standar I	COMPLETED	BALANCE	\N	1	\N	\N	2026-03-07 16:04:26.98572+07	25	2248	148	147
2250	REB-20260307090426-109744	PURCHASE_COMMISSION	1160.00	Purchase rebate L2 from +6289123456789 - Aset Standar I	COMPLETED	BALANCE	\N	2	\N	\N	2026-03-07 16:04:26.991393+07	25	2248	148	145
2251	REB-20260307090426-423479	PURCHASE_COMMISSION	580.00	Purchase rebate L3 from +6289123456789 - Aset Standar I	COMPLETED	BALANCE	\N	3	\N	\N	2026-03-07 16:04:26.994957+07	25	2248	148	143
1546	MSN-20260121094937-2-36	MISSIONS	95000.00	Mission reward: Ketika Anda sudah mencapai target seorang agen kerja, Anda dapat klaim penghasilan tetap 3 kali dalam satu bulan IDR 95.000 (x1)	COMPLETED	BALANCE	\N	\N	\N	\N	2026-01-21 16:49:37.995509+07	\N	\N	\N	2
1560	DEP-20260124154308-47784B	DEPOSIT	50000.00	Deposit via Jayapay (BALANCE_DEPOSIT)	FAILED	BALANCE_DEPOSIT	\N	\N	\N	\N	2026-01-24 15:43:08.496334+07	\N	\N	\N	2
4	PUR-20251109170532-173620	INVESTMENTS	117000.00	Purchase Sistem Celenix (x1)	COMPLETED	BALANCE_DEPOSIT	1	\N	\N	\N	2025-11-10 00:05:32.133433+07	\N	\N	\N	2
5	REB-20251109170532-5839C2	PURCHASE_COMMISSION	11700.00	Purchase rebate L1 from 89595959595 - Sistem Celenix	COMPLETED	BALANCE	\N	1	\N	\N	2025-11-10 00:05:32.137672+07	\N	4	2	1
6	CBK-20251109170539-857541	CASHBACK	2340.00	Manual cashback claim 2.00% from Sistem Celenix purchase	COMPLETED	BALANCE	\N	\N	\N	\N	2025-11-10 00:05:39.815023+07	\N	4	\N	2
2252	ATT-20260307093120-40E64C	ATTENDANCE	1000.00	Daily attendance claim	COMPLETED	BALANCE	\N	\N	\N	\N	2026-03-07 16:31:20.331646+07	\N	\N	\N	149
1811	AUTO-20260215015303-4B8897	INTEREST	8800.00	Automatic profit from Cloud AI investment	COMPLETED	BALANCE	\N	\N	\N	\N	2026-02-15 01:53:03.066407+07	\N	\N	\N	2
1547	DEP-20260123183736-0403F2	DEPOSIT	50000.00	Deposit via Jayapay (BALANCE_DEPOSIT)	FAILED	BALANCE_DEPOSIT	\N	\N	\N	\N	2026-01-23 18:37:36.287203+07	\N	\N	\N	2
1561	DEP-20260124154308-0FA7A3	DEPOSIT	50000.00	Deposit via Jayapay (BALANCE_DEPOSIT)	FAILED	BALANCE_DEPOSIT	\N	\N	\N	\N	2026-01-24 15:43:08.678465+07	\N	\N	\N	2
1817	AUTO-20260215015303-A7D641	INTEREST	7520.00	Automatic profit from Cloud AI investment	COMPLETED	BALANCE	\N	\N	\N	\N	2026-02-15 01:53:03.13592+07	\N	\N	\N	2
1260	PUR-20260110121200-0D3FB5	INVESTMENTS	97000.00	Purchase RBB B100 (x1)	COMPLETED	BALANCE_DEPOSIT	1	\N	\N	\N	2026-01-10 19:12:00.193921+07	\N	\N	\N	2
1261	REB-20260110121200-E6C8A0	PURCHASE_COMMISSION	23280.00	Purchase rebate L1 from 89595959595 - RBB B100	COMPLETED	BALANCE	\N	1	\N	\N	2026-01-10 19:12:00.214968+07	\N	1260	2	1
1262	PUR-20260110121212-30EAD0	INVESTMENTS	97000.00	Purchase RBB B100 (x1)	COMPLETED	BALANCE_DEPOSIT	1	\N	\N	\N	2026-01-10 19:12:12.421545+07	\N	\N	\N	2
1263	REB-20260110121212-C917B0	PURCHASE_COMMISSION	23280.00	Purchase rebate L1 from 89595959595 - RBB B100	COMPLETED	BALANCE	\N	1	\N	\N	2026-01-10 19:12:12.426145+07	\N	1262	2	1
1264	PUR-20260110121225-F3C8E2	INVESTMENTS	97000.00	Purchase RBB B100 (x1)	COMPLETED	BALANCE_DEPOSIT	1	\N	\N	\N	2026-01-10 19:12:25.609975+07	\N	\N	\N	2
1989	WD-98412A94E5	WITHDRAW	50000.00	Withdrawal request	PENDING	BALANCE	\N	\N	\N	\N	2026-02-19 14:10:19.522204+07	\N	\N	\N	2
2253	ADM-BALANCE_DEPOSIT-150-1772883285	CREDIT	10000000.00	Admin increased balance_deposit by 10000000	COMPLETED	BALANCE_DEPOSIT	\N	\N	\N	\N	2026-03-07 18:34:45.293434+07	\N	\N	\N	150
1850	AUTO-20260217015528-FB5477	INTEREST	8800.00	Automatic profit from Cloud AI investment	COMPLETED	BALANCE	\N	\N	\N	\N	2026-02-17 01:55:28.283144+07	\N	\N	\N	2
1720	AUTO-20260129000207-94A34F	INTEREST	7520.00	Automatic profit from Cloud AI investment	COMPLETED	BALANCE	\N	\N	\N	\N	2026-01-29 00:02:07.128252+07	\N	\N	\N	2
1725	AUTO-20260129190737-AAD2B4	INTEREST	8800.00	Automatic profit from Cloud AI investment	COMPLETED	BALANCE	\N	\N	\N	\N	2026-01-29 19:07:37.791954+07	\N	\N	\N	2
1730	AUTO-20260209194413-76779E	INTEREST	8800.00	Automatic profit from Cloud AI investment	COMPLETED	BALANCE	\N	\N	\N	\N	2026-02-09 19:44:13.929939+07	\N	\N	\N	2
1736	AUTO-20260209194414-2563A2	INTEREST	7520.00	Automatic profit from Cloud AI investment	COMPLETED	BALANCE	\N	\N	\N	\N	2026-02-09 19:44:14.017481+07	\N	\N	\N	2
1304	WD-C02AD48A0F	WITHDRAW	50000.00	Withdrawal request	PENDING	BALANCE	\N	\N	\N	\N	2026-01-11 00:42:18.52688+07	\N	\N	\N	2
2254	PUR-20260307113457-A7406D	INVESTMENTS	58000.00	Purchase Aset Standar I (x1)	COMPLETED	BALANCE_DEPOSIT	1	\N	\N	\N	2026-03-07 18:34:57.876559+07	25	\N	\N	150
2255	REB-20260307113457-3D1E17	PURCHASE_COMMISSION	19140.00	Purchase rebate L1 from +6281223456789 - Aset Standar I	COMPLETED	BALANCE	\N	1	\N	\N	2026-03-07 18:34:57.900841+07	25	2254	150	149
2256	REB-20260307113457-2BED80	PURCHASE_COMMISSION	1160.00	Purchase rebate L2 from +6281223456789 - Aset Standar I	COMPLETED	BALANCE	\N	2	\N	\N	2026-03-07 18:34:57.904881+07	25	2254	150	148
2257	REB-20260307113457-557184	PURCHASE_COMMISSION	580.00	Purchase rebate L3 from +6281223456789 - Aset Standar I	COMPLETED	BALANCE	\N	3	\N	\N	2026-03-07 18:34:57.909008+07	25	2254	150	147
1548	DEP-20260123183736-32D59A	DEPOSIT	50000.00	Deposit via Jayapay (BALANCE_DEPOSIT)	FAILED	BALANCE_DEPOSIT	\N	\N	\N	\N	2026-01-23 18:37:36.822144+07	\N	\N	\N	2
685	AUTO-20251130140034-3DF916	INTEREST	4680.00	Automatic profit from Sistem Celenix investment	COMPLETED	BALANCE	\N	\N	\N	\N	2025-11-30 21:00:34.873127+07	\N	\N	\N	2
686	PRB-20251130140034-DE8694	PROFIT_COMMISSION	327.60	Profit rebate L1 from 89595959595 - Sistem Celenix	COMPLETED	BALANCE	\N	1	\N	\N	2025-11-30 21:00:34.940178+07	\N	685	2	1
688	PUR-20251130144716-0116F0	INVESTMENTS	2600000.00	Purchase Exx 08 (x1)	COMPLETED	BALANCE_DEPOSIT	1	\N	\N	\N	2025-11-30 21:47:16.211329+07	\N	\N	\N	2
689	REB-20251130144716-31227B	PURCHASE_COMMISSION	650000.00	Purchase rebate L1 from 89595959595 - Exx 08	COMPLETED	BALANCE	\N	1	\N	\N	2025-11-30 21:47:16.372426+07	\N	688	2	1
690	PUR-20251130144741-292F0C	INVESTMENTS	1500000.00	Purchase Exx 07 (x1)	COMPLETED	BALANCE_DEPOSIT	1	\N	\N	\N	2025-11-30 21:47:41.14354+07	\N	\N	\N	2
691	REB-20251130144741-A18A39	PURCHASE_COMMISSION	375000.00	Purchase rebate L1 from 89595959595 - Exx 07	COMPLETED	BALANCE	\N	1	\N	\N	2025-11-30 21:47:41.283549+07	\N	690	2	1
1305	WD-7608E7292A	WITHDRAW	50000.00	Withdrawal request	PENDING	BALANCE	\N	\N	\N	\N	2026-01-11 00:45:30.105472+07	\N	\N	\N	2
2258	DEP-20260307183815-769DE1	DEPOSIT	100000.00	Deposit via Jayapay (BALANCE_DEPOSIT)	FAILED	BALANCE_DEPOSIT	\N	\N	\N	\N	2026-03-07 18:38:15.52258+07	\N	\N	\N	150
1992	REB-20260219072155-40458A	PURCHASE_COMMISSION	4800.00	Purchase rebate L1 from +6289696969696 - Proyek Konservasi-Uji Coba Biota	COMPLETED	BALANCE	\N	1	\N	\N	2026-02-19 14:21:55.76684+07	\N	\N	\N	2
1993	REB-20260219072155-E1B3C7	PURCHASE_COMMISSION	1800.00	Purchase rebate L2 from +6289696969696 - Proyek Konservasi-Uji Coba Biota	COMPLETED	BALANCE	\N	2	\N	\N	2026-02-19 14:21:55.768406+07	\N	\N	\N	1
1741	AUTO-20260210000128-5335AA	INTEREST	7520.00	Automatic profit from Cloud AI investment	COMPLETED	BALANCE	\N	\N	\N	\N	2026-02-10 00:01:28.632295+07	\N	\N	\N	2
1538	PUR-20260121090527-28871A	INVESTMENTS	188000.00	Purchase PowerVault S (x1)	COMPLETED	BALANCE_DEPOSIT	1	\N	\N	\N	2026-01-21 16:05:27.114422+07	\N	\N	\N	2
1539	REB-20260121090527-417698	PURCHASE_COMMISSION	18800.00	Purchase rebate L1 from +6289595959595 - PowerVault S	COMPLETED	BALANCE	\N	1	\N	\N	2026-01-21 16:05:27.131589+07	\N	1538	2	1
779	AUTO-20251201140229-0610AC	INTEREST	4680.00	Automatic profit from Exx 01 investment	COMPLETED	BALANCE	\N	\N	\N	\N	2025-12-01 21:02:29.877338+07	\N	\N	\N	2
1379	CLM-20260112033116-6AB024	INTEREST	1000.00	Profit claim from Produk Test 01 investment	COMPLETED	BALANCE	\N	\N	\N	\N	2026-01-12 10:31:16.231798+07	\N	\N	\N	2
1306	ATT-20260110195447-5C01C6	ATTENDANCE	1000.00	Daily attendance claim	COMPLETED	BALANCE	\N	\N	\N	\N	2026-01-11 02:54:47.565486+07	\N	\N	\N	2
2259	PUR-20260307114013-B14F90	INVESTMENTS	80000.00	Purchase Prioritas I (x1)	COMPLETED	BALANCE_DEPOSIT	1	\N	\N	\N	2026-03-07 18:40:13.38819+07	53	\N	\N	150
2260	REB-20260307114013-FAE570	PURCHASE_COMMISSION	26400.00	Purchase rebate L1 from +6281223456789 - Prioritas I	COMPLETED	BALANCE	\N	1	\N	\N	2026-03-07 18:40:13.412537+07	53	2259	150	149
1380	ATT-20260112045938-24A8C8	ATTENDANCE	300.00	Daily attendance claim	COMPLETED	BALANCE	\N	\N	\N	\N	2026-01-12 11:59:38.224677+07	\N	\N	\N	2
1996	REB-20260219072520-23EAEB	PURCHASE_COMMISSION	4800.00	Purchase rebate L1 from +6289696969696 - Proyek Konservasi-Uji Coba Biota	COMPLETED	BALANCE	\N	1	\N	\N	2026-02-19 14:25:20.377992+07	\N	\N	\N	2
2261	REB-20260307114013-68034F	PURCHASE_COMMISSION	1600.00	Purchase rebate L2 from +6281223456789 - Prioritas I	COMPLETED	BALANCE	\N	2	\N	\N	2026-03-07 18:40:13.41844+07	53	2259	150	148
2262	REB-20260307114013-052765	PURCHASE_COMMISSION	800.00	Purchase rebate L3 from +6281223456789 - Prioritas I	COMPLETED	BALANCE	\N	3	\N	\N	2026-03-07 18:40:13.423068+07	53	2259	150	147
1997	REB-20260219072520-4EACA9	PURCHASE_COMMISSION	1800.00	Purchase rebate L2 from +6289696969696 - Proyek Konservasi-Uji Coba Biota	COMPLETED	BALANCE	\N	2	\N	\N	2026-02-19 14:25:20.380893+07	\N	\N	\N	1
1747	AUTO-20260210194529-7A7023	INTEREST	8800.00	Automatic profit from Cloud AI investment	COMPLETED	BALANCE	\N	\N	\N	\N	2026-02-10 19:45:29.423108+07	\N	\N	\N	2
2263	ATT-20260307114116-FAA816	ATTENDANCE	1000.00	Daily attendance claim	COMPLETED	BALANCE	\N	\N	\N	\N	2026-03-07 18:41:16.131004+07	\N	\N	\N	150
1753	AUTO-20260211000039-D69FD2	INTEREST	7520.00	Automatic profit from Cloud AI investment	COMPLETED	BALANCE	\N	\N	\N	\N	2026-02-11 00:00:39.854459+07	\N	\N	\N	2
1540	DEP-20260121160739-3DD937	DEPOSIT	150000.00	Deposit via Jayapay (BALANCE_DEPOSIT)	FAILED	BALANCE_DEPOSIT	\N	\N	\N	\N	2026-01-21 16:07:39.324632+07	\N	\N	\N	2
780	AUTO-20251201144840-3188E8	INTEREST	300000.00	Automatic profit from Exx 07 investment	COMPLETED	BALANCE	\N	\N	\N	\N	2025-12-01 21:48:40.867263+07	\N	\N	\N	2
781	AUTO-20251201144841-E5744B	INTEREST	520000.00	Automatic profit from Exx 08 investment	COMPLETED	BALANCE	\N	\N	\N	\N	2025-12-01 21:48:41.13906+07	\N	\N	\N	2
1307	PUR-20260111040143-D1DD0B	INVESTMENTS	20000.00	Purchase Produk Test 02 (x1)	COMPLETED	BALANCE_DEPOSIT	1	\N	\N	\N	2026-01-11 11:01:43.276491+07	\N	\N	\N	2
1308	REB-20260111040143-A8A571	PURCHASE_COMMISSION	2000.00	Purchase rebate L1 from 89595959595 - Produk Test 02	COMPLETED	BALANCE	\N	1	\N	\N	2026-01-11 11:01:43.291611+07	\N	1307	2	1
2264	ADM-BALANCE_DEPOSIT-151-1772883982	CREDIT	100000.00	Admin increased balance_deposit by 100000	COMPLETED	BALANCE_DEPOSIT	\N	\N	\N	\N	2026-03-07 18:46:22.580819+07	\N	\N	\N	151
1541	DEP-20260121160741-A754DA	DEPOSIT	150000.00	Deposit via Jayapay (BALANCE_DEPOSIT)	FAILED	BALANCE_DEPOSIT	\N	\N	\N	\N	2026-01-21 16:07:41.04445+07	\N	\N	\N	2
1309	PUR-20260111040144-F9CB5C	INVESTMENTS	20000.00	Purchase Produk Test 02 (x1)	COMPLETED	BALANCE_DEPOSIT	1	\N	\N	\N	2026-01-11 11:01:44.069058+07	\N	\N	\N	2
1310	REB-20260111040144-5D7A9C	PURCHASE_COMMISSION	2000.00	Purchase rebate L1 from 89595959595 - Produk Test 02	COMPLETED	BALANCE	\N	1	\N	\N	2026-01-11 11:01:44.077617+07	\N	1309	2	1
2265	PUR-20260307114637-5FF8EB	INVESTMENTS	58000.00	Purchase Aset Standar I (x1)	COMPLETED	BALANCE_DEPOSIT	1	\N	\N	\N	2026-03-07 18:46:37.147688+07	25	\N	\N	151
2266	REB-20260307114637-4EAEA5	PURCHASE_COMMISSION	19140.00	Purchase rebate L1 from +6281233456789 - Aset Standar I	COMPLETED	BALANCE	\N	1	\N	\N	2026-03-07 18:46:37.161882+07	25	2265	151	150
2267	REB-20260307114637-6978FD	PURCHASE_COMMISSION	1160.00	Purchase rebate L2 from +6281233456789 - Aset Standar I	COMPLETED	BALANCE	\N	2	\N	\N	2026-03-07 18:46:37.166552+07	25	2265	151	149
2268	REB-20260307114637-FF9F36	PURCHASE_COMMISSION	580.00	Purchase rebate L3 from +6281233456789 - Aset Standar I	COMPLETED	BALANCE	\N	3	\N	\N	2026-03-07 18:46:37.172241+07	25	2265	151	148
2002	REB-20260219074838-98B6C8	PURCHASE_COMMISSION	1800.00	Purchase rebate L2 from +6289797979797 - Proyek Konservasi-Uji Coba Biota	COMPLETED	BALANCE	\N	2	\N	\N	2026-02-19 14:48:38.776021+07	\N	\N	\N	2
443	AUTO-20251127135214-1DAD5A	INTEREST	4680.00	Automatic profit from Sistem Celenix investment	COMPLETED	BALANCE	\N	\N	\N	\N	2025-11-27 20:52:14.200775+07	\N	\N	\N	2
444	PRB-20251127135214-ACE409	PROFIT_COMMISSION	327.60	Profit rebate L1 from 89595959595 - Sistem Celenix	COMPLETED	BALANCE	\N	1	\N	\N	2025-11-27 20:52:14.269338+07	\N	443	2	1
2269	ADM-BALANCE_DEPOSIT-152-1772884132	CREDIT	100000.00	Admin increased balance_deposit by 100000	COMPLETED	BALANCE_DEPOSIT	\N	\N	\N	\N	2026-03-07 18:48:52.218105+07	\N	\N	\N	152
846	AUTO-20251202140407-887C77	INTEREST	4680.00	Automatic profit from Exx 01 investment	COMPLETED	BALANCE	\N	\N	\N	\N	2025-12-02 21:04:07.547886+07	\N	\N	\N	2
550	AUTO-20251128135616-7BCBC2	INTEREST	4680.00	Automatic profit from Sistem Celenix investment	COMPLETED	BALANCE	\N	\N	\N	\N	2025-11-28 20:56:16.321945+07	\N	\N	\N	2
551	PRB-20251128135616-1CF0ED	PROFIT_COMMISSION	327.60	Profit rebate L1 from 89595959595 - Sistem Celenix	COMPLETED	BALANCE	\N	1	\N	\N	2025-11-28 20:56:16.404148+07	\N	550	2	1
847	AUTO-20251202144931-536C9D	INTEREST	300000.00	Automatic profit from Exx 07 investment	COMPLETED	BALANCE	\N	\N	\N	\N	2025-12-02 21:49:31.365936+07	\N	\N	\N	2
848	AUTO-20251202144931-ED7EAB	INTEREST	520000.00	Automatic profit from Exx 08 investment	COMPLETED	BALANCE	\N	\N	\N	\N	2025-12-02 21:49:31.655447+07	\N	\N	\N	2
2270	PUR-20260307114903-93D588	INVESTMENTS	58000.00	Purchase Aset Standar I (x1)	COMPLETED	BALANCE_DEPOSIT	1	\N	\N	\N	2026-03-07 18:49:03.609872+07	25	\N	\N	152
2271	REB-20260307114903-ECA7D9	PURCHASE_COMMISSION	19140.00	Purchase rebate L1 from +6281234456789 - Aset Standar I	COMPLETED	BALANCE	\N	1	\N	\N	2026-03-07 18:49:03.620797+07	25	2270	152	151
2272	REB-20260307114903-EB9586	PURCHASE_COMMISSION	1160.00	Purchase rebate L2 from +6281234456789 - Aset Standar I	COMPLETED	BALANCE	\N	2	\N	\N	2026-03-07 18:49:03.626494+07	25	2270	152	150
2273	REB-20260307114903-63D422	PURCHASE_COMMISSION	580.00	Purchase rebate L3 from +6281234456789 - Aset Standar I	COMPLETED	BALANCE	\N	3	\N	\N	2026-03-07 18:49:03.629634+07	25	2270	152	149
2006	REB-20260219074950-F4254D	PURCHASE_COMMISSION	1800.00	Purchase rebate L2 from +6289797979797 - Proyek Konservasi-Uji Coba Biota	COMPLETED	BALANCE	\N	2	\N	\N	2026-02-19 14:49:50.583671+07	\N	\N	\N	2
658	AUTO-20251129135736-66A6A9	INTEREST	4680.00	Automatic profit from Sistem Celenix investment	COMPLETED	BALANCE	\N	\N	\N	\N	2025-11-29 20:57:36.434613+07	\N	\N	\N	2
659	PRB-20251129135736-04E7FC	PROFIT_COMMISSION	327.60	Profit rebate L1 from 89595959595 - Sistem Celenix	COMPLETED	BALANCE	\N	1	\N	\N	2025-11-29 20:57:36.498116+07	\N	658	2	1
873	AUTO-20251204152252-DC7AF6	INTEREST	300000.00	Automatic profit from Exx 07 investment	COMPLETED	BALANCE	\N	\N	\N	\N	2025-12-04 22:22:52.328093+07	\N	\N	\N	2
874	AUTO-20251204152252-1D8EDB	INTEREST	520000.00	Automatic profit from Exx 08 investment	COMPLETED	BALANCE	\N	\N	\N	\N	2025-12-04 22:22:52.56384+07	\N	\N	\N	2
880	AUTO-20251204152254-415408	INTEREST	4680.00	Automatic profit from Exx 01 investment	COMPLETED	BALANCE	\N	\N	\N	\N	2025-12-04 22:22:54.370945+07	\N	\N	\N	2
2274	ADM-BALANCE_DEPOSIT-153-1772884248	CREDIT	100000.00	Admin increased balance_deposit by 100000	COMPLETED	BALANCE_DEPOSIT	\N	\N	\N	\N	2026-03-07 18:50:48.821175+07	\N	\N	\N	153
898	AUTO-20251205152538-733111	INTEREST	300000.00	Automatic profit from Exx 07 investment	COMPLETED	BALANCE	\N	\N	\N	\N	2025-12-05 22:25:38.760305+07	\N	\N	\N	2
899	AUTO-20251205152539-198986	INTEREST	520000.00	Automatic profit from Exx 08 investment	COMPLETED	BALANCE	\N	\N	\N	\N	2025-12-05 22:25:39.045419+07	\N	\N	\N	2
905	AUTO-20251205152541-19C653	INTEREST	4680.00	Automatic profit from Exx 01 investment	COMPLETED	BALANCE	\N	\N	\N	\N	2025-12-05 22:25:41.026069+07	\N	\N	\N	2
923	AUTO-20251206152758-425B77	INTEREST	300000.00	Automatic profit from Exx 07 investment	COMPLETED	BALANCE	\N	\N	\N	\N	2025-12-06 22:27:58.559856+07	\N	\N	\N	2
924	AUTO-20251206152758-6EBB8E	INTEREST	520000.00	Automatic profit from Exx 08 investment	COMPLETED	BALANCE	\N	\N	\N	\N	2025-12-06 22:27:58.786335+07	\N	\N	\N	2
930	AUTO-20251206152800-DB6A67	INTEREST	4680.00	Automatic profit from Exx 01 investment	COMPLETED	BALANCE	\N	\N	\N	\N	2025-12-06 22:28:00.541091+07	\N	\N	\N	2
938	PUR-20251207093138-92C2A3	INVESTMENTS	470000.00	Purchase Exx 05 (x1)	COMPLETED	BALANCE_DEPOSIT	1	\N	\N	\N	2025-12-07 16:31:38.909389+07	\N	\N	\N	2
939	REB-20251207093139-C59786	PURCHASE_COMMISSION	117500.00	Purchase rebate L1 from 89595959595 - Exx 05	COMPLETED	BALANCE	\N	1	\N	\N	2025-12-07 16:31:39.105418+07	\N	938	2	1
940	PUR-20251207093144-46A69C	INVESTMENTS	700000.00	Purchase Exx 06 (x1)	COMPLETED	BALANCE_DEPOSIT	1	\N	\N	\N	2025-12-07 16:31:44.9628+07	\N	\N	\N	2
941	REB-20251207093145-43849F	PURCHASE_COMMISSION	175000.00	Purchase rebate L1 from 89595959595 - Exx 06	COMPLETED	BALANCE	\N	1	\N	\N	2025-12-07 16:31:45.101494+07	\N	940	2	1
942	PUR-20251207094041-66A22A	INVESTMENTS	300000.00	Purchase Exx 04 (x1)	COMPLETED	BALANCE_DEPOSIT	1	\N	\N	\N	2025-12-07 16:40:41.953445+07	\N	\N	\N	2
943	REB-20251207094042-77690E	PURCHASE_COMMISSION	75000.00	Purchase rebate L1 from 89595959595 - Exx 04	COMPLETED	BALANCE	\N	1	\N	\N	2025-12-07 16:40:42.100805+07	\N	942	2	1
2275	PUR-20260307115119-424D20	INVESTMENTS	58000.00	Purchase Aset Standar I (x1)	COMPLETED	BALANCE_DEPOSIT	1	\N	\N	\N	2026-03-07 18:51:19.104823+07	25	\N	\N	153
2276	REB-20260307115119-C7C354	PURCHASE_COMMISSION	19140.00	Purchase rebate L1 from +62811123456789 - Aset Standar I	COMPLETED	BALANCE	\N	1	\N	\N	2026-03-07 18:51:19.117388+07	25	2275	153	149
2277	REB-20260307115119-876254	PURCHASE_COMMISSION	1160.00	Purchase rebate L2 from +62811123456789 - Aset Standar I	COMPLETED	BALANCE	\N	2	\N	\N	2026-03-07 18:51:19.122012+07	25	2275	153	148
2278	REB-20260307115119-695E75	PURCHASE_COMMISSION	580.00	Purchase rebate L3 from +62811123456789 - Aset Standar I	COMPLETED	BALANCE	\N	3	\N	\N	2026-03-07 18:51:19.125118+07	25	2275	153	147
2010	REB-20260219082953-224C82	PURCHASE_COMMISSION	17500.00	Purchase rebate L2 from +62812345678902 - Proyek Konservasi-Kerang Laut	COMPLETED	BALANCE	\N	2	\N	\N	2026-02-19 15:29:53.731292+07	\N	\N	\N	2
978	AUTO-20251207223111-46B655	INTEREST	300000.00	Automatic profit from Exx 07 investment	COMPLETED	BALANCE	\N	\N	\N	\N	2025-12-07 22:31:11.59091+07	\N	\N	\N	2
979	AUTO-20251207223111-64245C	INTEREST	520000.00	Automatic profit from Exx 08 investment	COMPLETED	BALANCE	\N	\N	\N	\N	2025-12-07 22:31:11.819737+07	\N	\N	\N	2
985	AUTO-20251207223116-DEDA26	INTEREST	4680.00	Automatic profit from Exx 01 investment	COMPLETED	BALANCE	\N	\N	\N	\N	2025-12-07 22:31:16.591122+07	\N	\N	\N	2
986	PUR-20251207171137-1CE803	INVESTMENTS	100000.00	Purchase Exx 02 (x1)	COMPLETED	BALANCE_DEPOSIT	1	\N	\N	\N	2025-12-08 00:11:38.000137+07	\N	\N	\N	2
987	REB-20251207171138-437ADA	PURCHASE_COMMISSION	25000.00	Purchase rebate L1 from 89595959595 - Exx 02	COMPLETED	BALANCE	\N	1	\N	\N	2025-12-08 00:11:38.217273+07	\N	986	2	1
1003	AUTO-20251208163419-9113BE	INTEREST	140000.00	Automatic profit from RBB B300 investment	COMPLETED	BALANCE	\N	\N	\N	\N	2025-12-08 16:34:19.005824+07	\N	\N	\N	2
1004	AUTO-20251208163419-E24E22	INTEREST	94000.00	Automatic profit from RBR A300 investment	COMPLETED	BALANCE	\N	\N	\N	\N	2025-12-08 16:34:19.360715+07	\N	\N	\N	2
1005	AUTO-20251208164421-284B0C	INTEREST	60000.00	Automatic profit from RBB B200 investment	COMPLETED	BALANCE	\N	\N	\N	\N	2025-12-08 16:44:21.072112+07	\N	\N	\N	2
2279	ADM-BALANCE_DEPOSIT-154-1772884336	CREDIT	100000.00	Admin increased balance_deposit by 100000	COMPLETED	BALANCE_DEPOSIT	\N	\N	\N	\N	2026-03-07 18:52:16.389103+07	\N	\N	\N	154
1042	AUTO-20251208223259-2E0134	INTEREST	300000.00	Automatic profit from RBR A400 investment	COMPLETED	BALANCE	\N	\N	\N	\N	2025-12-08 22:32:59.376411+07	\N	\N	\N	2
1043	AUTO-20251208223259-1DE417	INTEREST	520000.00	Automatic profit from RBB B400 investment	COMPLETED	BALANCE	\N	\N	\N	\N	2025-12-08 22:32:59.711788+07	\N	\N	\N	2
1057	AUTO-20251223114547-1166DE	INTEREST	20000.00	Automatic profit from RBB B100 investment	COMPLETED	BALANCE	\N	\N	\N	\N	2025-12-23 11:45:47.453278+07	\N	\N	\N	2
1061	AUTO-20251223114547-8F51BC	INTEREST	60000.00	Automatic profit from RBB B200 investment	COMPLETED	BALANCE	\N	\N	\N	\N	2025-12-23 11:45:47.492746+07	\N	\N	\N	2
1062	AUTO-20251223114547-1F950E	INTEREST	140000.00	Automatic profit from RBB B300 investment	COMPLETED	BALANCE	\N	\N	\N	\N	2025-12-23 11:45:47.50163+07	\N	\N	\N	2
1063	AUTO-20251223114547-FFA5EA	INTEREST	94000.00	Automatic profit from RBR A300 investment	COMPLETED	BALANCE	\N	\N	\N	\N	2025-12-23 11:45:47.512133+07	\N	\N	\N	2
2280	PUR-20260307115226-5F628A	INVESTMENTS	58000.00	Purchase Aset Standar I (x1)	COMPLETED	BALANCE_DEPOSIT	1	\N	\N	\N	2026-03-07 18:52:26.288507+07	25	\N	\N	154
2281	REB-20260307115226-F01B95	PURCHASE_COMMISSION	19140.00	Purchase rebate L1 from +62811113456789 - Aset Standar I	COMPLETED	BALANCE	\N	1	\N	\N	2026-03-07 18:52:26.300404+07	25	2280	154	149
2282	REB-20260307115226-08D4AF	PURCHASE_COMMISSION	1160.00	Purchase rebate L2 from +62811113456789 - Aset Standar I	COMPLETED	BALANCE	\N	2	\N	\N	2026-03-07 18:52:26.305476+07	25	2280	154	148
2283	REB-20260307115226-25972C	PURCHASE_COMMISSION	580.00	Purchase rebate L3 from +62811113456789 - Aset Standar I	COMPLETED	BALANCE	\N	3	\N	\N	2026-03-07 18:52:26.31036+07	25	2280	154	147
1081	AUTO-20251223114547-48233C	INTEREST	300000.00	Automatic profit from RBR A400 investment	COMPLETED	BALANCE	\N	\N	\N	\N	2025-12-23 11:45:47.752367+07	\N	\N	\N	2
1082	AUTO-20251223114547-914E26	INTEREST	520000.00	Automatic profit from RBB B400 investment	COMPLETED	BALANCE	\N	\N	\N	\N	2025-12-23 11:45:47.762378+07	\N	\N	\N	2
1088	AUTO-20251223114547-5C0119	INTEREST	4680.00	Automatic profit from RBR A100 investment	COMPLETED	BALANCE	\N	\N	\N	\N	2025-12-23 11:45:47.818759+07	\N	\N	\N	2
1089	PUR-20251223212947-DE2CD3	INVESTMENTS	7500000.00	Purchase RBB B500 (x1)	COMPLETED	BALANCE_DEPOSIT	1	\N	\N	\N	2025-12-24 04:29:47.512402+07	\N	\N	\N	2
1090	REB-20251223212947-2507ED	PURCHASE_COMMISSION	1800000.00	Purchase rebate L1 from 89595959595 - RBB B500	COMPLETED	BALANCE	\N	1	\N	\N	2025-12-24 04:29:47.551533+07	\N	1089	2	1
1092	PUR-20251224012824-394008	INVESTMENTS	7500000.00	Purchase RBB B500 (x1)	COMPLETED	BALANCE_DEPOSIT	1	\N	\N	\N	2025-12-24 08:28:24.667693+07	\N	\N	\N	2
1093	REB-20251224012824-3C2BBA	PURCHASE_COMMISSION	1800000.00	Purchase rebate L1 from 89595959595 - RBB B500	COMPLETED	BALANCE	\N	1	\N	\N	2025-12-24 08:28:24.707154+07	\N	1092	2	1
1132	AUTO-20260107115346-2A04DF	INTEREST	1125000.00	Automatic profit from RBB B500 investment	COMPLETED	BALANCE	\N	\N	\N	\N	2026-01-07 18:53:46.94355+07	\N	\N	\N	2
1133	AUTO-20260107115346-C5DEA7	INTEREST	1125000.00	Automatic profit from RBB B500 investment	COMPLETED	BALANCE	\N	\N	\N	\N	2026-01-07 18:53:46.97892+07	\N	\N	\N	2
1138	AUTO-20260107115347-AA362A	INTEREST	20000.00	Automatic profit from RBB B100 investment	COMPLETED	BALANCE	\N	\N	\N	\N	2026-01-07 18:53:47.027068+07	\N	\N	\N	2
1142	AUTO-20260107115347-70E1B0	INTEREST	60000.00	Automatic profit from RBB B200 investment	COMPLETED	BALANCE	\N	\N	\N	\N	2026-01-07 18:53:47.062138+07	\N	\N	\N	2
1143	AUTO-20260107115347-73486A	INTEREST	140000.00	Automatic profit from RBB B300 investment	COMPLETED	BALANCE	\N	\N	\N	\N	2026-01-07 18:53:47.070316+07	\N	\N	\N	2
1144	AUTO-20260107115347-5DF031	INTEREST	94000.00	Automatic profit from RBR A300 investment	COMPLETED	BALANCE	\N	\N	\N	\N	2026-01-07 18:53:47.076987+07	\N	\N	\N	2
2284	ADM-BALANCE_DEPOSIT-155-1772884456	CREDIT	100000.00	Admin increased balance_deposit by 100000	COMPLETED	BALANCE_DEPOSIT	\N	\N	\N	\N	2026-03-07 18:54:16.120249+07	\N	\N	\N	155
1162	AUTO-20260107115347-C74F14	INTEREST	300000.00	Automatic profit from RBR A400 investment	COMPLETED	BALANCE	\N	\N	\N	\N	2026-01-07 18:53:47.251424+07	\N	\N	\N	2
1163	AUTO-20260107115347-E8D3CE	INTEREST	520000.00	Automatic profit from RBB B400 investment	COMPLETED	BALANCE	\N	\N	\N	\N	2026-01-07 18:53:47.25909+07	\N	\N	\N	2
1169	AUTO-20260107115347-D5C530	INTEREST	4680.00	Automatic profit from RBR A100 investment	COMPLETED	BALANCE	\N	\N	\N	\N	2026-01-07 18:53:47.315738+07	\N	\N	\N	2
1098	AUTO-20251224222115-7B7E34	INTEREST	20000.00	Automatic profit from RBB B100 investment	COMPLETED	BALANCE	\N	\N	\N	\N	2025-12-24 22:21:15.220828+07	\N	\N	\N	2
1102	AUTO-20251224222115-9D2439	INTEREST	60000.00	Automatic profit from RBB B200 investment	COMPLETED	BALANCE	\N	\N	\N	\N	2025-12-24 22:21:15.273094+07	\N	\N	\N	2
1103	AUTO-20251224222115-B9881D	INTEREST	140000.00	Automatic profit from RBB B300 investment	COMPLETED	BALANCE	\N	\N	\N	\N	2025-12-24 22:21:15.285848+07	\N	\N	\N	2
1104	AUTO-20251224222115-FA3E07	INTEREST	94000.00	Automatic profit from RBR A300 investment	COMPLETED	BALANCE	\N	\N	\N	\N	2025-12-24 22:21:15.299634+07	\N	\N	\N	2
2285	PUR-20260307115427-09FDC6	INVESTMENTS	58000.00	Purchase Aset Standar I (x1)	COMPLETED	BALANCE_DEPOSIT	1	\N	\N	\N	2026-03-07 18:54:27.466784+07	25	\N	\N	155
1122	AUTO-20251224222115-978178	INTEREST	300000.00	Automatic profit from RBR A400 investment	COMPLETED	BALANCE	\N	\N	\N	\N	2025-12-24 22:21:15.495767+07	\N	\N	\N	2
1123	AUTO-20251224222115-76D036	INTEREST	520000.00	Automatic profit from RBB B400 investment	COMPLETED	BALANCE	\N	\N	\N	\N	2025-12-24 22:21:15.495767+07	\N	\N	\N	2
2286	REB-20260307115427-6A7565	PURCHASE_COMMISSION	19140.00	Purchase rebate L1 from +62811111456789 - Aset Standar I	COMPLETED	BALANCE	\N	1	\N	\N	2026-03-07 18:54:27.484537+07	25	2285	155	149
2287	REB-20260307115427-98FF3B	PURCHASE_COMMISSION	1160.00	Purchase rebate L2 from +62811111456789 - Aset Standar I	COMPLETED	BALANCE	\N	2	\N	\N	2026-03-07 18:54:27.489191+07	25	2285	155	148
2288	REB-20260307115427-7EBBE5	PURCHASE_COMMISSION	580.00	Purchase rebate L3 from +62811111456789 - Aset Standar I	COMPLETED	BALANCE	\N	3	\N	\N	2026-03-07 18:54:27.492423+07	25	2285	155	147
1129	AUTO-20251224222115-3CD10C	INTEREST	4680.00	Automatic profit from RBR A100 investment	COMPLETED	BALANCE	\N	\N	\N	\N	2025-12-24 22:21:15.562579+07	\N	\N	\N	2
1170	AUTO-20260108204737-C3F3C2	INTEREST	1125000.00	Automatic profit from RBB B500 investment	COMPLETED	BALANCE	\N	\N	\N	\N	2026-01-08 20:47:37.151465+07	\N	\N	\N	2
1171	AUTO-20260108204737-221E4F	INTEREST	1125000.00	Automatic profit from RBB B500 investment	COMPLETED	BALANCE	\N	\N	\N	\N	2026-01-08 20:47:37.178614+07	\N	\N	\N	2
1176	AUTO-20260108204737-1E734E	INTEREST	20000.00	Automatic profit from RBB B100 investment	COMPLETED	BALANCE	\N	\N	\N	\N	2026-01-08 20:47:37.248871+07	\N	\N	\N	2
1130	AUTO-20251225065107-9B950B	INTEREST	1125000.00	Automatic profit from RBB B500 investment	COMPLETED	BALANCE	\N	\N	\N	\N	2025-12-25 06:51:07.861205+07	\N	\N	\N	2
1180	AUTO-20260108204737-228255	INTEREST	60000.00	Automatic profit from RBB B200 investment	COMPLETED	BALANCE	\N	\N	\N	\N	2026-01-08 20:47:37.282801+07	\N	\N	\N	2
1181	AUTO-20260108204737-C6D550	INTEREST	140000.00	Automatic profit from RBB B300 investment	COMPLETED	BALANCE	\N	\N	\N	\N	2026-01-08 20:47:37.290137+07	\N	\N	\N	2
1182	AUTO-20260108204737-D21011	INTEREST	94000.00	Automatic profit from RBR A300 investment	COMPLETED	BALANCE	\N	\N	\N	\N	2026-01-08 20:47:37.296997+07	\N	\N	\N	2
1200	AUTO-20260108204737-7F190B	INTEREST	300000.00	Automatic profit from RBR A400 investment	COMPLETED	BALANCE	\N	\N	\N	\N	2026-01-08 20:47:37.530386+07	\N	\N	\N	2
1201	AUTO-20260108204737-06A221	INTEREST	520000.00	Automatic profit from RBB B400 investment	COMPLETED	BALANCE	\N	\N	\N	\N	2026-01-08 20:47:37.540851+07	\N	\N	\N	2
1207	AUTO-20260108204737-406FF6	INTEREST	4680.00	Automatic profit from RBR A100 investment	COMPLETED	BALANCE	\N	\N	\N	\N	2026-01-08 20:47:37.607953+07	\N	\N	\N	2
1313	AUTO-20260111184148-994C8F	INTEREST	7500.00	Automatic profit from RBR A100 investment	COMPLETED	BALANCE	\N	\N	\N	\N	2026-01-11 18:41:48.856198+07	\N	\N	\N	2
1314	AUTO-20260111184148-BB3FEE	INTEREST	7500.00	Automatic profit from RBR A100 investment	COMPLETED	BALANCE	\N	\N	\N	\N	2026-01-11 18:41:48.879269+07	\N	\N	\N	2
1315	AUTO-20260111184148-B1B24B	INTEREST	7500.00	Automatic profit from RBR A100 investment	COMPLETED	BALANCE	\N	\N	\N	\N	2026-01-11 18:41:48.888063+07	\N	\N	\N	2
1316	AUTO-20260111184148-4FB59E	INTEREST	7500.00	Automatic profit from RBR A100 investment	COMPLETED	BALANCE	\N	\N	\N	\N	2026-01-11 18:41:48.89575+07	\N	\N	\N	2
2289	ADM-BALANCE_DEPOSIT-156-1772884681	CREDIT	100000.00	Admin increased balance_deposit by 100000	COMPLETED	BALANCE_DEPOSIT	\N	\N	\N	\N	2026-03-07 18:58:01.244578+07	\N	\N	\N	156
2018	REB-20260219084227-E104E6	PURCHASE_COMMISSION	4800.00	Purchase rebate L1 from +62812345678901 - Proyek Konservasi-Uji Coba Biota	COMPLETED	BALANCE	\N	1	\N	\N	2026-02-19 15:42:27.414117+07	\N	\N	\N	2
1208	AUTO-20260109205030-5A8ACE	INTEREST	1125000.00	Automatic profit from RBB B500 investment	COMPLETED	BALANCE	\N	\N	\N	\N	2026-01-09 20:50:30.096727+07	\N	\N	\N	2
1209	AUTO-20260109205030-A0C405	INTEREST	1125000.00	Automatic profit from RBB B500 investment	COMPLETED	BALANCE	\N	\N	\N	\N	2026-01-09 20:50:30.138849+07	\N	\N	\N	2
2019	REB-20260219084227-A7FEE4	PURCHASE_COMMISSION	1800.00	Purchase rebate L2 from +62812345678901 - Proyek Konservasi-Uji Coba Biota	COMPLETED	BALANCE	\N	2	\N	\N	2026-02-19 15:42:27.415658+07	\N	\N	\N	1
1214	AUTO-20260109205030-EE195D	INTEREST	20000.00	Automatic profit from RBB B100 investment	COMPLETED	BALANCE	\N	\N	\N	\N	2026-01-09 20:50:30.18636+07	\N	\N	\N	2
1218	AUTO-20260109205030-E73747	INTEREST	60000.00	Automatic profit from RBB B200 investment	COMPLETED	BALANCE	\N	\N	\N	\N	2026-01-09 20:50:30.223836+07	\N	\N	\N	2
1219	AUTO-20260109205030-AD5F2B	INTEREST	140000.00	Automatic profit from RBB B300 investment	COMPLETED	BALANCE	\N	\N	\N	\N	2026-01-09 20:50:30.232517+07	\N	\N	\N	2
1220	AUTO-20260109205030-9645D6	INTEREST	94000.00	Automatic profit from RBR A300 investment	COMPLETED	BALANCE	\N	\N	\N	\N	2026-01-09 20:50:30.24023+07	\N	\N	\N	2
1238	AUTO-20260109205030-F59C9A	INTEREST	300000.00	Automatic profit from RBR A400 investment	COMPLETED	BALANCE	\N	\N	\N	\N	2026-01-09 20:50:30.421361+07	\N	\N	\N	2
1239	AUTO-20260109205030-3D1597	INTEREST	520000.00	Automatic profit from RBB B400 investment	COMPLETED	BALANCE	\N	\N	\N	\N	2026-01-09 20:50:30.430668+07	\N	\N	\N	2
1245	AUTO-20260109205030-1FCCB2	INTEREST	4680.00	Automatic profit from RBR A100 investment	COMPLETED	BALANCE	\N	\N	\N	\N	2026-01-09 20:50:30.515598+07	\N	\N	\N	2
1317	PUR-20260111121556-2E27C3	INVESTMENTS	10000.00	Purchase Produk Test 01 (x1)	COMPLETED	BALANCE_DEPOSIT	1	\N	\N	\N	2026-01-11 19:15:56.77043+07	\N	\N	\N	2
1318	REB-20260111121556-AB0BF4	PURCHASE_COMMISSION	1000.00	Purchase rebate L1 from 89595959595 - Produk Test 01	COMPLETED	BALANCE	\N	1	\N	\N	2026-01-11 19:15:56.783202+07	\N	1317	2	1
2290	PUR-20260307115906-758C23	INVESTMENTS	58000.00	Purchase Aset Standar I (x1)	COMPLETED	BALANCE_DEPOSIT	1	\N	\N	\N	2026-03-07 18:59:06.745743+07	25	\N	\N	156
2291	REB-20260307115906-A8B97C	PURCHASE_COMMISSION	19140.00	Purchase rebate L1 from +6281111111789 - Aset Standar I	COMPLETED	BALANCE	\N	1	\N	\N	2026-03-07 18:59:06.761193+07	25	2290	156	149
1246	PUR-20260110074522-9F474D	INVESTMENTS	50000.00	Purchase RBR A100 (x1)	COMPLETED	BALANCE_DEPOSIT	1	\N	\N	\N	2026-01-10 14:45:22.520021+07	\N	\N	\N	2
1247	REB-20260110074522-BDFBC8	PURCHASE_COMMISSION	12000.00	Purchase rebate L1 from 89595959595 - RBR A100	COMPLETED	BALANCE	\N	1	\N	\N	2026-01-10 14:45:22.538406+07	\N	1246	2	1
1248	PUR-20260110074523-01C444	INVESTMENTS	50000.00	Purchase RBR A100 (x1)	COMPLETED	BALANCE_DEPOSIT	1	\N	\N	\N	2026-01-10 14:45:23.698838+07	\N	\N	\N	2
1249	REB-20260110074523-E5A13B	PURCHASE_COMMISSION	12000.00	Purchase rebate L1 from 89595959595 - RBR A100	COMPLETED	BALANCE	\N	1	\N	\N	2026-01-10 14:45:23.703428+07	\N	1248	2	1
1250	PUR-20260110074524-46CEA9	INVESTMENTS	50000.00	Purchase RBR A100 (x1)	COMPLETED	BALANCE_DEPOSIT	1	\N	\N	\N	2026-01-10 14:45:24.499289+07	\N	\N	\N	2
1251	REB-20260110074524-104689	PURCHASE_COMMISSION	12000.00	Purchase rebate L1 from 89595959595 - RBR A100	COMPLETED	BALANCE	\N	1	\N	\N	2026-01-10 14:45:24.503871+07	\N	1250	2	1
1252	PUR-20260110074528-3EBDF3	INVESTMENTS	50000.00	Purchase RBR A100 (x1)	COMPLETED	BALANCE_DEPOSIT	1	\N	\N	\N	2026-01-10 14:45:28.3973+07	\N	\N	\N	2
1253	REB-20260110074528-194FE6	PURCHASE_COMMISSION	12000.00	Purchase rebate L1 from 89595959595 - RBR A100	COMPLETED	BALANCE	\N	1	\N	\N	2026-01-10 14:45:28.401878+07	\N	1252	2	1
2292	REB-20260307115906-C702DA	PURCHASE_COMMISSION	1160.00	Purchase rebate L2 from +6281111111789 - Aset Standar I	COMPLETED	BALANCE	\N	2	\N	\N	2026-03-07 18:59:06.765843+07	25	2290	156	148
2293	REB-20260307115906-EC428D	PURCHASE_COMMISSION	580.00	Purchase rebate L3 from +6281111111789 - Aset Standar I	COMPLETED	BALANCE	\N	3	\N	\N	2026-03-07 18:59:06.768468+07	25	2290	156	147
2294	ADM-BALANCE_DEPOSIT-157-1772885420	CREDIT	100000.00	Admin increased balance_deposit by 100000	COMPLETED	BALANCE_DEPOSIT	\N	\N	\N	\N	2026-03-07 19:10:20.396048+07	\N	\N	\N	157
1544	PUR-20260121091726-B6FB49	INVESTMENTS	390465.00	Purchase PowerVault M (x1)	COMPLETED	BALANCE_DEPOSIT	1	\N	\N	\N	2026-01-21 16:17:26.470355+07	\N	\N	\N	2
1545	REB-20260121091726-531DEC	PURCHASE_COMMISSION	39046.50	Purchase rebate L1 from +6289595959595 - PowerVault M	COMPLETED	BALANCE	\N	1	\N	\N	2026-01-21 16:17:26.484337+07	\N	1544	2	1
1265	REB-20260110121225-1ACC40	PURCHASE_COMMISSION	23280.00	Purchase rebate L1 from 89595959595 - RBB B100	COMPLETED	BALANCE	\N	1	\N	\N	2026-01-10 19:12:25.615562+07	\N	1264	2	1
1266	AUTO-20260110205036-4B2D45	INTEREST	1125000.00	Automatic profit from RBB B500 investment	COMPLETED	BALANCE	\N	\N	\N	\N	2026-01-10 20:50:36.552287+07	\N	\N	\N	2
1267	AUTO-20260110205036-10F2B7	INTEREST	1125000.00	Automatic profit from RBB B500 investment	COMPLETED	BALANCE	\N	\N	\N	\N	2026-01-10 20:50:36.583484+07	\N	\N	\N	2
1272	AUTO-20260110205036-B70D6C	INTEREST	20000.00	Automatic profit from RBB B100 investment	COMPLETED	BALANCE	\N	\N	\N	\N	2026-01-10 20:50:36.64367+07	\N	\N	\N	2
1276	AUTO-20260110205036-3CA2CE	INTEREST	60000.00	Automatic profit from RBB B200 investment	COMPLETED	BALANCE	\N	\N	\N	\N	2026-01-10 20:50:36.701988+07	\N	\N	\N	2
1277	AUTO-20260110205036-A8D721	INTEREST	140000.00	Automatic profit from RBB B300 investment	COMPLETED	BALANCE	\N	\N	\N	\N	2026-01-10 20:50:36.714519+07	\N	\N	\N	2
1278	AUTO-20260110205036-4DFC4B	INTEREST	94000.00	Automatic profit from RBR A300 investment	COMPLETED	BALANCE	\N	\N	\N	\N	2026-01-10 20:50:36.726313+07	\N	\N	\N	2
2295	PUR-20260307121116-EBCFF9	INVESTMENTS	58000.00	Purchase Aset Standar I (x1)	COMPLETED	BALANCE_DEPOSIT	1	\N	\N	\N	2026-03-07 19:11:16.254079+07	25	\N	\N	157
2296	REB-20260307121116-418F45	PURCHASE_COMMISSION	19140.00	Purchase rebate L1 from +6281111111189 - Aset Standar I	COMPLETED	BALANCE	\N	1	\N	\N	2026-03-07 19:11:16.265183+07	25	2295	157	149
1296	AUTO-20260110205036-C9A256	INTEREST	300000.00	Automatic profit from RBR A400 investment	COMPLETED	BALANCE	\N	\N	\N	\N	2026-01-10 20:50:36.976376+07	\N	\N	\N	2
1297	AUTO-20260110205036-C7F8DF	INTEREST	520000.00	Automatic profit from RBB B400 investment	COMPLETED	BALANCE	\N	\N	\N	\N	2026-01-10 20:50:36.985707+07	\N	\N	\N	2
2297	REB-20260307121116-771496	PURCHASE_COMMISSION	1160.00	Purchase rebate L2 from +6281111111189 - Aset Standar I	COMPLETED	BALANCE	\N	2	\N	\N	2026-03-07 19:11:16.269222+07	25	2295	157	148
2298	REB-20260307121116-013353	PURCHASE_COMMISSION	580.00	Purchase rebate L3 from +6281111111189 - Aset Standar I	COMPLETED	BALANCE	\N	3	\N	\N	2026-03-07 19:11:16.272274+07	25	2295	157	147
1303	AUTO-20260110205037-F53534	INTEREST	4680.00	Automatic profit from RBR A100 investment	COMPLETED	BALANCE	\N	\N	\N	\N	2026-01-10 20:50:37.059624+07	\N	\N	\N	2
1536	PUR-20260121090021-124529	INVESTMENTS	115500.00	Purchase PowerVault AA (x1)	COMPLETED	BALANCE_DEPOSIT	1	\N	\N	\N	2026-01-21 16:00:21.258545+07	\N	\N	\N	2
1537	REB-20260121090021-3B5426	PURCHASE_COMMISSION	11550.00	Purchase rebate L1 from +6289595959595 - PowerVault AA	COMPLETED	BALANCE	\N	1	\N	\N	2026-01-21 16:00:21.31683+07	\N	1536	2	1
1549	PUR-20260123113828-E8C9BB	INVESTMENTS	390465.00	Purchase PowerVault M (x1)	COMPLETED	BALANCE_DEPOSIT	1	\N	\N	\N	2026-01-23 18:38:28.447596+07	\N	\N	\N	2
1550	REB-20260123113828-A1FE43	PURCHASE_COMMISSION	39046.50	Purchase rebate L1 from +6289595959595 - PowerVault M	COMPLETED	BALANCE	\N	1	\N	\N	2026-01-23 18:38:28.473538+07	\N	1549	2	1
1551	PUR-20260123113830-505D79	INVESTMENTS	593700.00	Purchase PowerVault L (x1)	COMPLETED	BALANCE_DEPOSIT	1	\N	\N	\N	2026-01-23 18:38:30.947973+07	\N	\N	\N	2
1552	REB-20260123113830-F3DB14	PURCHASE_COMMISSION	59370.00	Purchase rebate L1 from +6289595959595 - PowerVault L	COMPLETED	BALANCE	\N	1	\N	\N	2026-01-23 18:38:30.959086+07	\N	1551	2	1
2299	DEP-20260307222057-FFBDA4	DEPOSIT	500000.00	Deposit via Jayapay (BALANCE_DEPOSIT)	FAILED	BALANCE_DEPOSIT	\N	\N	\N	\N	2026-03-07 22:20:57.206587+07	\N	\N	\N	2
1553	PUR-20260123113833-2182AD	INVESTMENTS	1564250.00	Purchase PowerVault Secure (x1)	COMPLETED	BALANCE_DEPOSIT	1	\N	\N	\N	2026-01-23 18:38:33.910414+07	\N	\N	\N	2
1554	REB-20260123113833-729AE3	PURCHASE_COMMISSION	156425.00	Purchase rebate L1 from +6289595959595 - PowerVault Secure	COMPLETED	BALANCE	\N	1	\N	\N	2026-01-23 18:38:33.923545+07	\N	1553	2	1
1555	PUR-20260123114111-AB55F9	INVESTMENTS	45103555.00	Purchase GridStorage Pro (x1)	COMPLETED	BALANCE_DEPOSIT	1	\N	\N	\N	2026-01-23 18:41:11.187658+07	\N	\N	\N	2
1556	REB-20260123114111-DB2F16	PURCHASE_COMMISSION	4510355.50	Purchase rebate L1 from +6289595959595 - GridStorage Pro	COMPLETED	BALANCE	\N	1	\N	\N	2026-01-23 18:41:11.19965+07	\N	1555	2	1
1759	AUTO-20260211203542-921C06	INTEREST	8800.00	Automatic profit from Cloud AI investment	COMPLETED	BALANCE	\N	\N	\N	\N	2026-02-11 20:35:42.18175+07	\N	\N	\N	2
1795	AUTO-20260213220248-886315	INTEREST	34800.00	Automatic profit from InsightAi-10382 investment	COMPLETED	BALANCE	\N	\N	\N	\N	2026-02-13 22:02:48.332651+07	\N	\N	\N	2
1808	AUTO-20260215015302-9DDEC9	INTEREST	34800.00	Automatic profit from InsightAi-10382 investment	COMPLETED	BALANCE	\N	\N	\N	\N	2026-02-15 01:53:02.995238+07	\N	\N	\N	2
1847	AUTO-20260217015528-CB09E4	INTEREST	34800.00	Automatic profit from InsightAi-10382 investment	COMPLETED	BALANCE	\N	\N	\N	\N	2026-02-17 01:55:28.241501+07	\N	\N	\N	2
1855	PUR-20260216191310-037B4B	INVESTMENTS	5770000.00	Purchase DevAi-27491 (x1)	COMPLETED	BALANCE_DEPOSIT	1	\N	\N	\N	2026-02-17 02:13:10.838966+07	\N	\N	\N	2
1856	REB-20260216191310-25173C	PURCHASE_COMMISSION	1154000.00	Purchase rebate L1 from +6289595959595 - DevAi-27491	COMPLETED	BALANCE	\N	1	\N	\N	2026-02-17 02:13:10.868251+07	\N	1855	2	1
2300	DEP-20260307222104-A06748	DEPOSIT	500000.00	Deposit via Jayapay (BALANCE_DEPOSIT)	FAILED	BALANCE_DEPOSIT	\N	\N	\N	\N	2026-03-07 22:21:04.786559+07	\N	\N	\N	2
2301	ATT-20260307152810-4E7623	ATTENDANCE	1000.00	Daily attendance claim	COMPLETED	BALANCE	\N	\N	\N	\N	2026-03-07 22:28:10.690721+07	\N	\N	\N	2
2302	MSN-20260307163554-149-69	MISSIONS	30000.00	Mission reward: Tingkatkan 6 anggota tingkat pertama yang aktif berinvestasi untuk mendapatkan bonus ini. (x1)	COMPLETED	BALANCE	\N	\N	\N	\N	2026-03-07 23:35:54.60617+07	\N	\N	\N	149
2303	WD-C4F41C6011	WITHDRAW	35000.00	Withdrawal request	COMPLETED	BALANCE	\N	\N	\N	\N	2026-03-07 23:59:30.321601+07	\N	\N	\N	149
467	PRB-20251128135102-4CFE40	PROFIT_COMMISSION	479.81	Profit rebate L2 from 0800123456789 - Sistem Omnisurg	COMPLETED	BALANCE	\N	2	\N	\N	2025-11-28 20:51:02.064964+07	\N	\N	\N	2
468	PRB-20251128135102-AEBD48	PROFIT_COMMISSION	239.90	Profit rebate L3 from 0800123456789 - Sistem Omnisurg	COMPLETED	BALANCE	\N	3	\N	\N	2025-11-28 20:51:02.150041+07	\N	\N	\N	1
2304	WD-68B8116673	WITHDRAW	38000.00	Withdrawal request	REJECTED	BALANCE	\N	\N	\N	\N	2026-03-08 00:04:03.448329+07	\N	\N	\N	149
1916	REB-20260218122952-C866D2	PURCHASE_COMMISSION	3000.00	Purchase rebate L2 from +6285770404473 - Proyek Konservasi-Uji Coba Biota	COMPLETED	BALANCE	\N	2	\N	\N	2026-02-18 19:29:52.589314+07	\N	\N	\N	2
524	PRB-20251128135613-56E9FA	PROFIT_COMMISSION	2221.60	Profit rebate L3 from 80123456789 - Sistem Surgena	COMPLETED	BALANCE	\N	3	\N	\N	2025-11-28 20:56:13.366453+07	\N	\N	\N	2
528	PRB-20251128135613-A82FFB	PROFIT_COMMISSION	1491.60	Profit rebate L3 from 80123456789 - Sistem Vitaris	COMPLETED	BALANCE	\N	3	\N	\N	2025-11-28 20:56:13.756316+07	\N	\N	\N	2
532	PRB-20251128135614-F7512B	PROFIT_COMMISSION	790.40	Profit rebate L3 from 80123456789 - Sistem Hermis	COMPLETED	BALANCE	\N	3	\N	\N	2025-11-28 20:56:14.144019+07	\N	\N	\N	2
536	PRB-20251128135614-E045E0	PROFIT_COMMISSION	452.96	Profit rebate L3 from 80123456789 - Sistem Lyvion	COMPLETED	BALANCE	\N	3	\N	\N	2025-11-28 20:56:14.538965+07	\N	\N	\N	2
540	PRB-20251128135614-C80F98	PROFIT_COMMISSION	239.90	Profit rebate L3 from 80123456789 - Sistem Omnisurg	COMPLETED	BALANCE	\N	3	\N	\N	2025-11-28 20:56:14.983699+07	\N	\N	\N	2
2305	WDREF-6D628DC5CF	REJECT	38000.00	Withdrawal rejected - refund	COMPLETED	BALANCE	\N	\N	\N	\N	2026-03-08 00:04:19.100767+07	\N	2304	\N	149
559	PRB-20251129135223-F130AA	PROFIT_COMMISSION	4443.20	Profit rebate L2 from 0800123456789 - Sistem Surgena	COMPLETED	BALANCE	\N	2	\N	\N	2025-11-29 20:52:23.831233+07	\N	\N	\N	2
560	PRB-20251129135223-819BC1	PROFIT_COMMISSION	2221.60	Profit rebate L3 from 0800123456789 - Sistem Surgena	COMPLETED	BALANCE	\N	3	\N	\N	2025-11-29 20:52:23.926569+07	\N	\N	\N	1
563	PRB-20251129135224-D75261	PROFIT_COMMISSION	2983.20	Profit rebate L2 from 0800123456789 - Sistem Vitaris	COMPLETED	BALANCE	\N	2	\N	\N	2025-11-29 20:52:24.463145+07	\N	\N	\N	2
571	PRB-20251129135225-77B347	PROFIT_COMMISSION	905.92	Profit rebate L2 from 0800123456789 - Sistem Lyvion	COMPLETED	BALANCE	\N	2	\N	\N	2025-11-29 20:52:25.699676+07	\N	\N	\N	2
572	PRB-20251129135225-9F17E9	PROFIT_COMMISSION	452.96	Profit rebate L3 from 0800123456789 - Sistem Lyvion	COMPLETED	BALANCE	\N	3	\N	\N	2025-11-29 20:52:25.778262+07	\N	\N	\N	1
575	PRB-20251129135226-6BA870	PROFIT_COMMISSION	479.81	Profit rebate L2 from 0800123456789 - Sistem Omnisurg	COMPLETED	BALANCE	\N	2	\N	\N	2025-11-29 20:52:26.175592+07	\N	\N	\N	2
576	PRB-20251129135226-1A5871	PROFIT_COMMISSION	239.90	Profit rebate L3 from 0800123456789 - Sistem Omnisurg	COMPLETED	BALANCE	\N	3	\N	\N	2025-11-29 20:52:26.254874+07	\N	\N	\N	1
632	PRB-20251129135733-903CA0	PROFIT_COMMISSION	2221.60	Profit rebate L3 from 80123456789 - Sistem Surgena	COMPLETED	BALANCE	\N	3	\N	\N	2025-11-29 20:57:33.504578+07	\N	\N	\N	2
636	PRB-20251129135733-94A84E	PROFIT_COMMISSION	1491.60	Profit rebate L3 from 80123456789 - Sistem Vitaris	COMPLETED	BALANCE	\N	3	\N	\N	2025-11-29 20:57:33.919141+07	\N	\N	\N	2
640	PRB-20251129135734-701FB5	PROFIT_COMMISSION	790.40	Profit rebate L3 from 80123456789 - Sistem Hermis	COMPLETED	BALANCE	\N	3	\N	\N	2025-11-29 20:57:34.323988+07	\N	\N	\N	2
644	PRB-20251129135734-AB8B1E	PROFIT_COMMISSION	452.96	Profit rebate L3 from 80123456789 - Sistem Lyvion	COMPLETED	BALANCE	\N	3	\N	\N	2025-11-29 20:57:34.774413+07	\N	\N	\N	2
648	PRB-20251129135735-DA7596	PROFIT_COMMISSION	239.90	Profit rebate L3 from 80123456789 - Sistem Omnisurg	COMPLETED	BALANCE	\N	3	\N	\N	2025-11-29 20:57:35.198832+07	\N	\N	\N	2
2306	ATT-20260307170806-1A7669	ATTENDANCE	1000.00	Daily attendance claim	COMPLETED	BALANCE	\N	\N	\N	\N	2026-03-08 00:08:06.517295+07	\N	\N	\N	149
333	PRB-20251126134717-ED1F2C	PROFIT_COMMISSION	187.20	Profit rebate L2 from 88585858585 - Sistem Celenix	COMPLETED	BALANCE	\N	2	\N	\N	2025-11-26 20:47:17.995788+07	\N	\N	\N	1
1652	REB-20260124175246-46C52D	PURCHASE_COMMISSION	17600.00	Purchase rebate L1 from +6286565656565 - Cloud AI	COMPLETED	BALANCE	\N	1	\N	\N	2026-01-25 00:52:46.245625+07	\N	\N	\N	2
364	PRB-20251127134705-BCC92C	PROFIT_COMMISSION	187.20	Profit rebate L2 from 0800123456789 - Sistem Celenix	COMPLETED	BALANCE	\N	2	\N	\N	2025-11-27 20:47:05.11113+07	\N	\N	\N	2
365	PRB-20251127134705-0CC021	PROFIT_COMMISSION	93.60	Profit rebate L3 from 0800123456789 - Sistem Celenix	COMPLETED	BALANCE	\N	3	\N	\N	2025-11-27 20:47:05.175652+07	\N	\N	\N	1
754	REB-20251201102830-74D1AF	PURCHASE_COMMISSION	450.00	Purchase rebate L3 from 082122425470 - Exx 01	COMPLETED	BALANCE	\N	3	\N	\N	2025-12-01 17:28:30.795939+07	\N	\N	\N	2
1350	REB-20260111153212-20E1F9	PURCHASE_COMMISSION	1000.00	Purchase rebate L1 from 85770404123 - Produk Test 01	COMPLETED	BALANCE	\N	1	\N	\N	2026-01-11 22:32:12.509658+07	\N	\N	\N	2
1351	REB-20260111153212-988591	PURCHASE_COMMISSION	100.00	Purchase rebate L2 from 85770404123 - Produk Test 01	COMPLETED	BALANCE	\N	2	\N	\N	2026-01-11 22:32:12.512722+07	\N	\N	\N	1
38	REB-20251110022347-0C240D	PURCHASE_COMMISSION	5997.60	Purchase rebate L3 from 80123456789 - Sistem Omnisurg	COMPLETED	BALANCE	\N	3	\N	\N	2025-11-10 09:23:47.260175+07	\N	\N	\N	2
42	REB-20251110022349-45D7ED	PURCHASE_COMMISSION	11324.00	Purchase rebate L3 from 80123456789 - Sistem Lyvion	COMPLETED	BALANCE	\N	3	\N	\N	2025-11-10 09:23:49.924255+07	\N	\N	\N	2
46	REB-20251110022354-AAAF7A	PURCHASE_COMMISSION	19760.00	Purchase rebate L3 from 80123456789 - Sistem Hermis	COMPLETED	BALANCE	\N	3	\N	\N	2025-11-10 09:23:54.767883+07	\N	\N	\N	2
50	REB-20251110022357-B5F6F5	PURCHASE_COMMISSION	37290.00	Purchase rebate L3 from 80123456789 - Sistem Vitaris	COMPLETED	BALANCE	\N	3	\N	\N	2025-11-10 09:23:57.692006+07	\N	\N	\N	2
54	REB-20251110022400-B93E56	PURCHASE_COMMISSION	55540.00	Purchase rebate L3 from 80123456789 - Sistem Surgena	COMPLETED	BALANCE	\N	3	\N	\N	2025-11-10 09:24:00.289547+07	\N	\N	\N	2
2307	ADM-BALANCE_DEPOSIT-158-1772903496	CREDIT	100000.00	Admin increased balance_deposit by 100000	COMPLETED	BALANCE_DEPOSIT	\N	\N	\N	\N	2026-03-08 00:11:36.551637+07	\N	\N	\N	158
156	REB-20251110024800-0BB790	PURCHASE_COMMISSION	55935.00	Purchase rebate L2 from 0800123456789 - Sistem Vitaris	COMPLETED	BALANCE	\N	2	\N	\N	2025-11-10 09:48:00.499549+07	\N	\N	\N	2
157	REB-20251110024800-2FBC11	PURCHASE_COMMISSION	37290.00	Purchase rebate L3 from 0800123456789 - Sistem Vitaris	COMPLETED	BALANCE	\N	3	\N	\N	2025-11-10 09:48:00.500925+07	\N	\N	\N	1
160	REB-20251110024802-27773A	PURCHASE_COMMISSION	83310.00	Purchase rebate L2 from 0800123456789 - Sistem Surgena	COMPLETED	BALANCE	\N	2	\N	\N	2025-11-10 09:48:02.76614+07	\N	\N	\N	2
206	PRB-20251126134654-952880	PROFIT_COMMISSION	790.40	Profit rebate L3 from 0800123456789 - Sistem Hermis	COMPLETED	BALANCE	\N	3	\N	\N	2025-11-26 20:46:54.392545+07	\N	\N	\N	1
221	PRB-20251126134656-273625	PROFIT_COMMISSION	479.81	Profit rebate L2 from 0800123456789 - Sistem Omnisurg	COMPLETED	BALANCE	\N	2	\N	\N	2025-11-26 20:46:56.081586+07	\N	\N	\N	2
222	PRB-20251126134656-229B41	PROFIT_COMMISSION	239.90	Profit rebate L3 from 0800123456789 - Sistem Omnisurg	COMPLETED	BALANCE	\N	3	\N	\N	2025-11-26 20:46:56.142526+07	\N	\N	\N	1
2308	PUR-20260307171243-BDBC9D	INVESTMENTS	58000.00	Purchase Aset Standar I (x1)	COMPLETED	BALANCE_DEPOSIT	1	\N	\N	\N	2026-03-08 00:12:43.845233+07	25	\N	\N	158
310	PRB-20251126134715-64FF68	PROFIT_COMMISSION	2221.60	Profit rebate L3 from 80123456789 - Sistem Surgena	COMPLETED	BALANCE	\N	3	\N	\N	2025-11-26 20:47:15.312616+07	\N	\N	\N	2
2309	REB-20260307171243-CF99D1	PURCHASE_COMMISSION	19140.00	Purchase rebate L1 from +62857319731843 - Aset Standar I	COMPLETED	BALANCE	\N	1	\N	\N	2026-03-08 00:12:43.872902+07	25	2308	158	149
2310	REB-20260307171243-0F74C2	PURCHASE_COMMISSION	1160.00	Purchase rebate L2 from +62857319731843 - Aset Standar I	COMPLETED	BALANCE	\N	2	\N	\N	2026-03-08 00:12:43.87599+07	25	2308	158	148
314	PRB-20251126134715-25082B	PROFIT_COMMISSION	1491.60	Profit rebate L3 from 80123456789 - Sistem Vitaris	COMPLETED	BALANCE	\N	3	\N	\N	2025-11-26 20:47:15.721434+07	\N	\N	\N	2
2311	REB-20260307171243-59D1A9	PURCHASE_COMMISSION	580.00	Purchase rebate L3 from +62857319731843 - Aset Standar I	COMPLETED	BALANCE	\N	3	\N	\N	2026-03-08 00:12:43.878544+07	25	2308	158	147
318	PRB-20251126134716-402A8C	PROFIT_COMMISSION	790.40	Profit rebate L3 from 80123456789 - Sistem Hermis	COMPLETED	BALANCE	\N	3	\N	\N	2025-11-26 20:47:16.146717+07	\N	\N	\N	2
322	PRB-20251126134716-E34BDE	PROFIT_COMMISSION	452.96	Profit rebate L3 from 80123456789 - Sistem Lyvion	COMPLETED	BALANCE	\N	3	\N	\N	2025-11-26 20:47:16.552075+07	\N	\N	\N	2
326	PRB-20251126134716-3778A0	PROFIT_COMMISSION	239.90	Profit rebate L3 from 80123456789 - Sistem Omnisurg	COMPLETED	BALANCE	\N	3	\N	\N	2025-11-26 20:47:16.949386+07	\N	\N	\N	2
344	PRB-20251127134701-F6DCD2	PROFIT_COMMISSION	4443.20	Profit rebate L2 from 0800123456789 - Sistem Surgena	COMPLETED	BALANCE	\N	2	\N	\N	2025-11-27 20:47:01.695139+07	\N	\N	\N	2
345	PRB-20251127134701-968675	PROFIT_COMMISSION	2221.60	Profit rebate L3 from 0800123456789 - Sistem Surgena	COMPLETED	BALANCE	\N	3	\N	\N	2025-11-27 20:47:01.758053+07	\N	\N	\N	1
348	PRB-20251127134702-6917F1	PROFIT_COMMISSION	2983.20	Profit rebate L2 from 0800123456789 - Sistem Vitaris	COMPLETED	BALANCE	\N	2	\N	\N	2025-11-27 20:47:02.078254+07	\N	\N	\N	2
349	PRB-20251127134702-EDACC1	PROFIT_COMMISSION	1491.60	Profit rebate L3 from 0800123456789 - Sistem Vitaris	COMPLETED	BALANCE	\N	3	\N	\N	2025-11-27 20:47:02.12993+07	\N	\N	\N	1
352	PRB-20251127134702-5E7A54	PROFIT_COMMISSION	1580.80	Profit rebate L2 from 0800123456789 - Sistem Hermis	COMPLETED	BALANCE	\N	2	\N	\N	2025-11-27 20:47:02.454489+07	\N	\N	\N	2
353	PRB-20251127134702-0A25A1	PROFIT_COMMISSION	790.40	Profit rebate L3 from 0800123456789 - Sistem Hermis	COMPLETED	BALANCE	\N	3	\N	\N	2025-11-27 20:47:02.519227+07	\N	\N	\N	1
356	PRB-20251127134704-B5275B	PROFIT_COMMISSION	905.92	Profit rebate L2 from 0800123456789 - Sistem Lyvion	COMPLETED	BALANCE	\N	2	\N	\N	2025-11-27 20:47:04.3576+07	\N	\N	\N	2
357	PRB-20251127134704-AB5B9B	PROFIT_COMMISSION	452.96	Profit rebate L3 from 0800123456789 - Sistem Lyvion	COMPLETED	BALANCE	\N	3	\N	\N	2025-11-27 20:47:04.422993+07	\N	\N	\N	1
360	PRB-20251127134704-88366C	PROFIT_COMMISSION	479.81	Profit rebate L2 from 0800123456789 - Sistem Omnisurg	COMPLETED	BALANCE	\N	2	\N	\N	2025-11-27 20:47:04.738953+07	\N	\N	\N	2
361	PRB-20251127134704-215148	PROFIT_COMMISSION	239.90	Profit rebate L3 from 0800123456789 - Sistem Omnisurg	COMPLETED	BALANCE	\N	3	\N	\N	2025-11-27 20:47:04.80176+07	\N	\N	\N	1
2312	MSN-20260307171325-149-70	MISSIONS	100000.00	Mission reward: Tingkatkan 15 anggota tingkat pertama yang aktif berinvestasi untuk mendapatkan bonus ini. (x1)	COMPLETED	BALANCE	\N	\N	\N	\N	2026-03-08 00:13:25.930195+07	\N	\N	\N	149
417	PRB-20251127135211-43A553	PROFIT_COMMISSION	2221.60	Profit rebate L3 from 80123456789 - Sistem Surgena	COMPLETED	BALANCE	\N	3	\N	\N	2025-11-27 20:52:11.385106+07	\N	\N	\N	2
421	PRB-20251127135211-6629C2	PROFIT_COMMISSION	1491.60	Profit rebate L3 from 80123456789 - Sistem Vitaris	COMPLETED	BALANCE	\N	3	\N	\N	2025-11-27 20:52:11.822046+07	\N	\N	\N	2
425	PRB-20251127135212-71FF5F	PROFIT_COMMISSION	790.40	Profit rebate L3 from 80123456789 - Sistem Hermis	COMPLETED	BALANCE	\N	3	\N	\N	2025-11-27 20:52:12.217155+07	\N	\N	\N	2
429	PRB-20251127135212-E93EAA	PROFIT_COMMISSION	452.96	Profit rebate L3 from 80123456789 - Sistem Lyvion	COMPLETED	BALANCE	\N	3	\N	\N	2025-11-27 20:52:12.617056+07	\N	\N	\N	2
433	PRB-20251127135213-83152E	PROFIT_COMMISSION	239.90	Profit rebate L3 from 80123456789 - Sistem Omnisurg	COMPLETED	BALANCE	\N	3	\N	\N	2025-11-27 20:52:13.002589+07	\N	\N	\N	2
451	PRB-20251128135057-770D23	PROFIT_COMMISSION	4443.20	Profit rebate L2 from 0800123456789 - Sistem Surgena	COMPLETED	BALANCE	\N	2	\N	\N	2025-11-28 20:50:57.416949+07	\N	\N	\N	2
452	PRB-20251128135058-273F36	PROFIT_COMMISSION	2221.60	Profit rebate L3 from 0800123456789 - Sistem Surgena	COMPLETED	BALANCE	\N	3	\N	\N	2025-11-28 20:50:58.106967+07	\N	\N	\N	1
455	PRB-20251128135059-D15984	PROFIT_COMMISSION	2983.20	Profit rebate L2 from 0800123456789 - Sistem Vitaris	COMPLETED	BALANCE	\N	2	\N	\N	2025-11-28 20:50:59.545485+07	\N	\N	\N	2
456	PRB-20251128135059-96241F	PROFIT_COMMISSION	1491.60	Profit rebate L3 from 0800123456789 - Sistem Vitaris	COMPLETED	BALANCE	\N	3	\N	\N	2025-11-28 20:50:59.660202+07	\N	\N	\N	1
459	PRB-20251128135100-83252F	PROFIT_COMMISSION	1580.80	Profit rebate L2 from 0800123456789 - Sistem Hermis	COMPLETED	BALANCE	\N	2	\N	\N	2025-11-28 20:51:00.369326+07	\N	\N	\N	2
460	PRB-20251128135100-2CAFD3	PROFIT_COMMISSION	790.40	Profit rebate L3 from 0800123456789 - Sistem Hermis	COMPLETED	BALANCE	\N	3	\N	\N	2025-11-28 20:51:00.483261+07	\N	\N	\N	1
14	REB-20251109174259-5146A6	PURCHASE_COMMISSION	8190.00	Purchase rebate L1 from 88585858585 - Sistem Celenix	COMPLETED	BALANCE	\N	1	\N	\N	2025-11-10 00:42:59.20934+07	\N	\N	\N	2
15	REB-20251109174259-A454F0	PURCHASE_COMMISSION	3510.00	Purchase rebate L2 from 88585858585 - Sistem Celenix	COMPLETED	BALANCE	\N	2	\N	\N	2025-11-10 00:42:59.210999+07	\N	\N	\N	1
668	PRB-20251130135531-EF9BFF	PROFIT_COMMISSION	187.20	Profit rebate L2 from 0800123456789 - Sistem Celenix	COMPLETED	BALANCE	\N	2	\N	\N	2025-11-30 20:55:31.707472+07	\N	\N	\N	2
2313	ADM-BALANCE_DEPOSIT-149-1772903811	CREDIT	1000000.00	Admin increased balance_deposit by 1000000	COMPLETED	BALANCE_DEPOSIT	\N	\N	\N	\N	2026-03-08 00:16:51.31454+07	\N	\N	\N	149
1359	REB-20260111172552-A5FF32	PURCHASE_COMMISSION	100.00	Purchase rebate L2 from 86565656565 - Produk Test 01	COMPLETED	BALANCE	\N	2	\N	\N	2026-01-12 00:25:52.241889+07	\N	\N	\N	2
140	REB-20251110024750-9851DA	PURCHASE_COMMISSION	3510.00	Purchase rebate L2 from 0800123456789 - Sistem Celenix	COMPLETED	BALANCE	\N	2	\N	\N	2025-11-10 09:47:50.997416+07	\N	\N	\N	2
141	REB-20251110024750-0FC251	PURCHASE_COMMISSION	2340.00	Purchase rebate L3 from 0800123456789 - Sistem Celenix	COMPLETED	BALANCE	\N	3	\N	\N	2025-11-10 09:47:50.998722+07	\N	\N	\N	1
707	REB-20251130154237-79C781	PURCHASE_COMMISSION	900.00	Purchase rebate L2 from 85764846494 - Exx 01	COMPLETED	BALANCE	\N	2	\N	\N	2025-11-30 22:42:37.492073+07	\N	\N	\N	2
708	REB-20251130154237-3131A3	PURCHASE_COMMISSION	450.00	Purchase rebate L3 from 85764846494 - Exx 01	COMPLETED	BALANCE	\N	3	\N	\N	2025-11-30 22:42:37.558732+07	\N	\N	\N	1
710	REB-20251130154358-5C24B6	PURCHASE_COMMISSION	11250.00	Purchase rebate L1 from 081808368210 - Exx 01	COMPLETED	BALANCE	\N	1	\N	\N	2025-11-30 22:43:58.494693+07	\N	\N	\N	2
711	REB-20251130154358-08F9C3	PURCHASE_COMMISSION	900.00	Purchase rebate L2 from 081808368210 - Exx 01	COMPLETED	BALANCE	\N	2	\N	\N	2025-11-30 22:43:58.557271+07	\N	\N	\N	1
714	REB-20251130154649-C1B029	PURCHASE_COMMISSION	25000.00	Purchase rebate L1 from 081808368210 - Exx 02	COMPLETED	BALANCE	\N	1	\N	\N	2025-11-30 22:46:49.412632+07	\N	\N	\N	2
715	REB-20251130154649-05BBEC	PURCHASE_COMMISSION	2000.00	Purchase rebate L2 from 081808368210 - Exx 02	COMPLETED	BALANCE	\N	2	\N	\N	2025-11-30 22:46:49.483567+07	\N	\N	\N	1
717	REB-20251130154706-EBABB6	PURCHASE_COMMISSION	45000.00	Purchase rebate L1 from 081808368210 - Exx 03	COMPLETED	BALANCE	\N	1	\N	\N	2025-11-30 22:47:06.656336+07	\N	\N	\N	2
734	REB-20251201075627-24134F	PURCHASE_COMMISSION	2000.00	Purchase rebate L2 from 081808368211 - Exx 02	COMPLETED	BALANCE	\N	2	\N	\N	2025-12-01 14:56:27.536795+07	\N	\N	\N	2
735	REB-20251201075627-14FA49	PURCHASE_COMMISSION	1000.00	Purchase rebate L3 from 081808368211 - Exx 02	COMPLETED	BALANCE	\N	3	\N	\N	2025-12-01 14:56:27.689352+07	\N	\N	\N	1
229	PRB-20251126134656-A928E4	PROFIT_COMMISSION	187.20	Profit rebate L2 from 0800123456789 - Sistem Celenix	COMPLETED	BALANCE	\N	2	\N	\N	2025-11-26 20:46:56.713136+07	\N	\N	\N	2
230	PRB-20251126134656-203096	PROFIT_COMMISSION	93.60	Profit rebate L3 from 0800123456789 - Sistem Celenix	COMPLETED	BALANCE	\N	3	\N	\N	2025-11-26 20:46:56.793896+07	\N	\N	\N	1
463	PRB-20251128135101-9318AE	PROFIT_COMMISSION	905.92	Profit rebate L2 from 0800123456789 - Sistem Lyvion	COMPLETED	BALANCE	\N	2	\N	\N	2025-11-28 20:51:01.477003+07	\N	\N	\N	2
464	PRB-20251128135101-AFE2E8	PROFIT_COMMISSION	452.96	Profit rebate L3 from 0800123456789 - Sistem Lyvion	COMPLETED	BALANCE	\N	3	\N	\N	2025-11-28 20:51:01.595223+07	\N	\N	\N	1
34	REB-20251110022338-CFDC58	PURCHASE_COMMISSION	2340.00	Purchase rebate L3 from 80123456789 - Sistem Celenix	COMPLETED	BALANCE	\N	3	\N	\N	2025-11-10 09:23:38.120118+07	\N	\N	\N	2
669	PRB-20251130135531-7E95AE	PROFIT_COMMISSION	93.60	Profit rebate L3 from 0800123456789 - Sistem Celenix	COMPLETED	BALANCE	\N	3	\N	\N	2025-11-30 20:55:31.780897+07	\N	\N	\N	1
2314	PUR-20260307171659-D09557	INVESTMENTS	58000.00	Purchase Aset Standar I (x1)	COMPLETED	BALANCE_DEPOSIT	1	\N	\N	\N	2026-03-08 00:16:59.237745+07	25	\N	\N	149
2315	REB-20260307171659-7D484B	PURCHASE_COMMISSION	19140.00	Purchase rebate L1 from +6281123456789 - Aset Standar I	COMPLETED	BALANCE	\N	1	\N	\N	2026-03-08 00:16:59.250873+07	25	2314	149	148
1353	REB-20260111153418-1C0D4F	PURCHASE_COMMISSION	2000.00	Purchase rebate L1 from 85770404123 - Produk Test 02	COMPLETED	BALANCE	\N	1	\N	\N	2026-01-11 22:34:18.391091+07	\N	\N	\N	2
1354	REB-20260111153418-2917D0	PURCHASE_COMMISSION	200.00	Purchase rebate L2 from 85770404123 - Produk Test 02	COMPLETED	BALANCE	\N	2	\N	\N	2026-01-11 22:34:18.39524+07	\N	\N	\N	1
681	PRB-20251130140034-B8DAC9	PROFIT_COMMISSION	93.60	Profit rebate L3 from 80123456789 - Sistem Celenix	COMPLETED	BALANCE	\N	3	\N	\N	2025-11-30 21:00:34.299492+07	\N	\N	\N	2
683	PRB-20251130140034-ABFF91	PROFIT_COMMISSION	327.60	Profit rebate L1 from 88585858585 - Sistem Celenix	COMPLETED	BALANCE	\N	1	\N	\N	2025-11-30 21:00:34.615368+07	\N	\N	\N	2
684	PRB-20251130140034-6A8572	PROFIT_COMMISSION	187.20	Profit rebate L2 from 88585858585 - Sistem Celenix	COMPLETED	BALANCE	\N	2	\N	\N	2025-11-30 21:00:34.673774+07	\N	\N	\N	1
2316	REB-20260307171659-6E8443	PURCHASE_COMMISSION	1160.00	Purchase rebate L2 from +6281123456789 - Aset Standar I	COMPLETED	BALANCE	\N	2	\N	\N	2026-03-08 00:16:59.255566+07	25	2314	149	147
2317	REB-20260307171659-0DF47C	PURCHASE_COMMISSION	580.00	Purchase rebate L3 from +6281123456789 - Aset Standar I	COMPLETED	BALANCE	\N	3	\N	\N	2026-03-08 00:16:59.257084+07	25	2314	149	145
700	REB-20251130153742-FD7780	PURCHASE_COMMISSION	900.00	Purchase rebate L2 from 857649464994 - Exx 01	COMPLETED	BALANCE	\N	2	\N	\N	2025-11-30 22:37:42.558151+07	\N	\N	\N	2
701	REB-20251130153742-F8F8AB	PURCHASE_COMMISSION	450.00	Purchase rebate L3 from 857649464994 - Exx 01	COMPLETED	BALANCE	\N	3	\N	\N	2025-11-30 22:37:42.631807+07	\N	\N	\N	1
718	REB-20251130154706-AD4DFA	PURCHASE_COMMISSION	3600.00	Purchase rebate L2 from 081808368210 - Exx 03	COMPLETED	BALANCE	\N	2	\N	\N	2025-11-30 22:47:06.724312+07	\N	\N	\N	1
730	REB-20251201075228-361943	PURCHASE_COMMISSION	900.00	Purchase rebate L2 from 081808368211 - Exx 01	COMPLETED	BALANCE	\N	2	\N	\N	2025-12-01 14:52:28.396541+07	\N	\N	\N	2
731	REB-20251201075228-E26E7B	PURCHASE_COMMISSION	450.00	Purchase rebate L3 from 081808368211 - Exx 01	COMPLETED	BALANCE	\N	3	\N	\N	2025-12-01 14:52:28.488046+07	\N	\N	\N	1
330	PRB-20251126134717-5AB205	PROFIT_COMMISSION	93.60	Profit rebate L3 from 80123456789 - Sistem Celenix	COMPLETED	BALANCE	\N	3	\N	\N	2025-11-26 20:47:17.479331+07	\N	\N	\N	2
332	PRB-20251126134717-91EECE	PROFIT_COMMISSION	327.60	Profit rebate L1 from 88585858585 - Sistem Celenix	COMPLETED	BALANCE	\N	1	\N	\N	2025-11-26 20:47:17.92509+07	\N	\N	\N	2
437	PRB-20251127135213-1530BA	PROFIT_COMMISSION	93.60	Profit rebate L3 from 80123456789 - Sistem Celenix	COMPLETED	BALANCE	\N	3	\N	\N	2025-11-27 20:52:13.419555+07	\N	\N	\N	2
439	PRB-20251127135213-EC05F1	PROFIT_COMMISSION	327.60	Profit rebate L1 from 88585858585 - Sistem Celenix	COMPLETED	BALANCE	\N	1	\N	\N	2025-11-27 20:52:13.689078+07	\N	\N	\N	2
440	PRB-20251127135213-EA92A4	PROFIT_COMMISSION	187.20	Profit rebate L2 from 88585858585 - Sistem Celenix	COMPLETED	BALANCE	\N	2	\N	\N	2025-11-27 20:52:13.753219+07	\N	\N	\N	1
2318	DEP-20260308001711-8FBAFE	DEPOSIT	100000.00	Deposit via Jayapay (BALANCE_DEPOSIT)	FAILED	BALANCE_DEPOSIT	\N	\N	\N	\N	2026-03-08 00:17:11.091582+07	\N	\N	\N	149
471	PRB-20251128135103-D43B61	PROFIT_COMMISSION	187.20	Profit rebate L2 from 0800123456789 - Sistem Celenix	COMPLETED	BALANCE	\N	2	\N	\N	2025-11-28 20:51:03.057841+07	\N	\N	\N	2
472	PRB-20251128135103-0BCE39	PROFIT_COMMISSION	93.60	Profit rebate L3 from 0800123456789 - Sistem Celenix	COMPLETED	BALANCE	\N	3	\N	\N	2025-11-28 20:51:03.176811+07	\N	\N	\N	1
544	PRB-20251128135615-71308D	PROFIT_COMMISSION	93.60	Profit rebate L3 from 80123456789 - Sistem Celenix	COMPLETED	BALANCE	\N	3	\N	\N	2025-11-28 20:56:15.373876+07	\N	\N	\N	2
546	PRB-20251128135615-EB4828	PROFIT_COMMISSION	327.60	Profit rebate L1 from 88585858585 - Sistem Celenix	COMPLETED	BALANCE	\N	1	\N	\N	2025-11-28 20:56:15.63729+07	\N	\N	\N	2
547	PRB-20251128135615-CD0A46	PROFIT_COMMISSION	187.20	Profit rebate L2 from 88585858585 - Sistem Celenix	COMPLETED	BALANCE	\N	2	\N	\N	2025-11-28 20:56:15.741672+07	\N	\N	\N	1
579	PRB-20251129135226-CD2875	PROFIT_COMMISSION	187.20	Profit rebate L2 from 0800123456789 - Sistem Celenix	COMPLETED	BALANCE	\N	2	\N	\N	2025-11-29 20:52:26.629281+07	\N	\N	\N	2
580	PRB-20251129135226-9302EC	PROFIT_COMMISSION	93.60	Profit rebate L3 from 0800123456789 - Sistem Celenix	COMPLETED	BALANCE	\N	3	\N	\N	2025-11-29 20:52:26.726393+07	\N	\N	\N	1
652	PRB-20251129135735-985DAD	PROFIT_COMMISSION	93.60	Profit rebate L3 from 80123456789 - Sistem Celenix	COMPLETED	BALANCE	\N	3	\N	\N	2025-11-29 20:57:35.640752+07	\N	\N	\N	2
654	PRB-20251129135735-201C48	PROFIT_COMMISSION	327.60	Profit rebate L1 from 88585858585 - Sistem Celenix	COMPLETED	BALANCE	\N	1	\N	\N	2025-11-29 20:57:35.921034+07	\N	\N	\N	2
655	PRB-20251129135735-1DDFBA	PROFIT_COMMISSION	187.20	Profit rebate L2 from 88585858585 - Sistem Celenix	COMPLETED	BALANCE	\N	2	\N	\N	2025-11-29 20:57:35.986757+07	\N	\N	\N	1
950	REB-20251207104511-770ACE	PURCHASE_COMMISSION	75000.00	Purchase rebate L1 from 81808368210 - Exx 04	COMPLETED	BALANCE	\N	1	\N	\N	2025-12-07 17:45:11.854536+07	\N	\N	\N	2
951	REB-20251207104511-67310E	PURCHASE_COMMISSION	6000.00	Purchase rebate L2 from 81808368210 - Exx 04	COMPLETED	BALANCE	\N	2	\N	\N	2025-12-07 17:45:11.922925+07	\N	\N	\N	1
953	REB-20251207104557-078047	PURCHASE_COMMISSION	117500.00	Purchase rebate L1 from 81808368210 - Exx 05	COMPLETED	BALANCE	\N	1	\N	\N	2025-12-07 17:45:57.299357+07	\N	\N	\N	2
954	REB-20251207104557-18F0A1	PURCHASE_COMMISSION	9400.00	Purchase rebate L2 from 81808368210 - Exx 05	COMPLETED	BALANCE	\N	2	\N	\N	2025-12-07 17:45:57.368492+07	\N	\N	\N	1
959	REB-20251207105344-203225	PURCHASE_COMMISSION	900.00	Purchase rebate L2 from 887648454349 - Exx 01	COMPLETED	BALANCE	\N	2	\N	\N	2025-12-07 17:53:44.498966+07	\N	\N	\N	2
960	REB-20251207105344-6B1E2F	PURCHASE_COMMISSION	450.00	Purchase rebate L3 from 887648454349 - Exx 01	COMPLETED	BALANCE	\N	3	\N	\N	2025-12-07 17:53:44.57289+07	\N	\N	\N	1
995	REB-20251208000655-EF4FF9	PURCHASE_COMMISSION	11250.00	Purchase rebate L1 from 81808368210 - Exx 01	COMPLETED	BALANCE	\N	1	\N	\N	2025-12-08 07:06:55.517462+07	\N	\N	\N	2
996	REB-20251208000655-7D2B71	PURCHASE_COMMISSION	900.00	Purchase rebate L2 from 81808368210 - Exx 01	COMPLETED	BALANCE	\N	2	\N	\N	2025-12-08 07:06:55.603738+07	\N	\N	\N	1
2319	PUR-20260307171808-CD9AF8	INVESTMENTS	80000.00	Purchase Prioritas I (x1)	COMPLETED	BALANCE_DEPOSIT	1	\N	\N	\N	2026-03-08 00:18:08.145012+07	53	\N	\N	149
1014	REB-20251208113152-EEFF57	PURCHASE_COMMISSION	500.00	Purchase rebate L2 from 87123456789 - RBR A100	COMPLETED	BALANCE	\N	2	\N	\N	2025-12-08 18:31:52.939967+07	\N	\N	\N	2
1015	REB-20251208113153-D5E62C	PURCHASE_COMMISSION	500.00	Purchase rebate L3 from 87123456789 - RBR A100	COMPLETED	BALANCE	\N	3	\N	\N	2025-12-08 18:31:53.01351+07	\N	\N	\N	1
2320	REB-20260307171808-9F1747	PURCHASE_COMMISSION	26400.00	Purchase rebate L1 from +6281123456789 - Prioritas I	COMPLETED	BALANCE	\N	1	\N	\N	2026-03-08 00:18:08.158706+07	53	2319	149	148
1018	REB-20251208113200-470E05	PURCHASE_COMMISSION	500.00	Purchase rebate L2 from 87123456789 - RBR A100	COMPLETED	BALANCE	\N	2	\N	\N	2025-12-08 18:32:00.894105+07	\N	\N	\N	2
1019	REB-20251208113200-9EE98C	PURCHASE_COMMISSION	500.00	Purchase rebate L3 from 87123456789 - RBR A100	COMPLETED	BALANCE	\N	3	\N	\N	2025-12-08 18:32:00.985269+07	\N	\N	\N	1
2321	REB-20260307171808-44BAD3	PURCHASE_COMMISSION	1600.00	Purchase rebate L2 from +6281123456789 - Prioritas I	COMPLETED	BALANCE	\N	2	\N	\N	2026-03-08 00:18:08.161372+07	53	2319	149	147
2322	REB-20260307171808-17FF32	PURCHASE_COMMISSION	800.00	Purchase rebate L3 from +6281123456789 - Prioritas I	COMPLETED	BALANCE	\N	3	\N	\N	2026-03-08 00:18:08.162919+07	53	2319	149	145
1024	REB-20251208113317-CD9BAC	PURCHASE_COMMISSION	500.00	Purchase rebate L3 from 87558825888 - RBR A100	COMPLETED	BALANCE	\N	3	\N	\N	2025-12-08 18:33:17.690995+07	\N	\N	\N	2
1602	REB-20260124115352-11C9CF	PURCHASE_COMMISSION	11550.00	Purchase rebate L1 from +6286565656565 - PowerVault AA	COMPLETED	BALANCE	\N	1	\N	\N	2026-01-24 18:53:52.56204+07	\N	\N	\N	2
1603	REB-20260124115352-D751D5	PURCHASE_COMMISSION	1155.00	Purchase rebate L2 from +6286565656565 - PowerVault AA	COMPLETED	BALANCE	\N	2	\N	\N	2026-01-24 18:53:52.568202+07	\N	\N	\N	1
1360	REB-20260111172552-C03B43	PURCHASE_COMMISSION	100.00	Purchase rebate L3 from 86565656565 - Produk Test 01	COMPLETED	BALANCE	\N	3	\N	\N	2026-01-12 00:25:52.244471+07	\N	\N	\N	1
2323	PUR-20260307171909-9633F5	INVESTMENTS	88000.00	Purchase Kesejahteraan I (x1)	COMPLETED	BALANCE_DEPOSIT	1	\N	\N	\N	2026-03-08 00:19:09.25965+07	60	\N	\N	149
2324	REB-20260307171909-D231D6	PURCHASE_COMMISSION	29040.00	Purchase rebate L1 from +6281123456789 - Kesejahteraan I	COMPLETED	BALANCE	\N	1	\N	\N	2026-03-08 00:19:09.291329+07	60	2323	149	148
2325	REB-20260307171909-23D9C6	PURCHASE_COMMISSION	1760.00	Purchase rebate L2 from +6281123456789 - Kesejahteraan I	COMPLETED	BALANCE	\N	2	\N	\N	2026-03-08 00:19:09.296038+07	60	2323	149	147
2326	REB-20260307171909-A07BEF	PURCHASE_COMMISSION	880.00	Purchase rebate L3 from +6281123456789 - Kesejahteraan I	COMPLETED	BALANCE	\N	3	\N	\N	2026-03-08 00:19:09.299155+07	60	2323	149	145
\.


--
-- Data for Name: user_banks; Type: TABLE DATA; Schema: public; Owner: postgres
--

COPY public.user_banks (id, account_name, account_number, is_default, created_at, updated_at, bank_id, user_id) FROM stdin;
54	Yaya	7372727	t	2026-03-08 09:46:23.575952+07	2026-03-08 09:46:23.580704+07	14	149
\.


--
-- Data for Name: voucher_usages; Type: TABLE DATA; Schema: public; Owner: postgres
--

COPY public.voucher_usages (id, voucher_code, amount_credited, amount_received, balance_type, used_at, transaction_id, user_id, voucher_id) FROM stdin;
38	auto	10000.00	10000.00	BALANCE_DEPOSIT	2026-02-12 19:12:44.456+07	1777	2	8
39	auto	10000.00	10000.00	BALANCE_DEPOSIT	2026-02-13 14:09:32.888829+07	1794	2	8
41	auto	10000.00	10000.00	BALANCE	2026-02-17 19:57:46.141342+07	1867	2	8
42	auto	10000.00	10000.00	BALANCE	2026-02-18 13:45:29.409238+07	1887	2	8
\.


--
-- Data for Name: vouchers; Type: TABLE DATA; Schema: public; Owner: postgres
--

COPY public.vouchers (id, code, type, amount, max_amount, balance_type, usage_limit, used_count, is_active, expires_at, created_at, updated_at, min_amount, rank_rewards, start_at, claim_mode, is_daily_claim) FROM stdin;
8	auto	fixed	10000.00	0.00	BALANCE	1000	18	f	2026-02-20 22:17:48+07	2026-02-12 15:54:05.354128+07	2026-03-05 22:32:05.205579+07	0.00	{}	2026-02-19 14:55:56+07	automatic	f
\.


--
-- Data for Name: withdrawal_jayapay; Type: TABLE DATA; Schema: public; Owner: postgres
--

COPY public.withdrawal_jayapay (id, request_params, response_payload, created_at, updated_at, withdrawal_id) FROM stdin;
\.


--
-- Data for Name: withdrawal_services; Type: TABLE DATA; Schema: public; Owner: postgres
--

COPY public.withdrawal_services (id, name, description, duration_hours, fee_percent, is_active, sort_order, created_at, updated_at) FROM stdin;
\.


--
-- Data for Name: withdrawal_settings; Type: TABLE DATA; Schema: public; Owner: postgres
--

COPY public.withdrawal_settings (id, is_active, require_bank_account, minimum_product_quantity, created_at, updated_at, required_product_id, balance_source, require_pin, require_active_investment, require_withdraw_service) FROM stdin;
1	t	t	0	2025-10-05 15:24:34.149825+07	2026-03-07 23:26:03.499973+07	\N	balance	f	f	f
\.


--
-- Data for Name: withdrawals; Type: TABLE DATA; Schema: public; Owner: postgres
--

COPY public.withdrawals (id, amount, fee, net_amount, status, note, created_at, updated_at, bank_account_id, user_id, transaction_id, withdrawal_service_id) FROM stdin;
59	38000.00	3800.00	34200.00	REJECTED		2026-03-08 00:04:03.462284+07	2026-03-08 00:04:19.089924+07	\N	149	2304	\N
57	100000.00	10000.00	90000.00	PENDING		2026-03-06 16:06:42.318407+07	2026-03-06 16:06:42.319949+07	\N	2	2186	\N
58	35000.00	3500.00	31500.00	COMPLETED		2026-03-07 23:59:30.342269+07	2026-03-08 00:03:24.205108+07	\N	149	2303	\N
60	259120.00	25912.00	233208.00	PENDING		2026-03-08 17:02:41.34413+07	2026-03-08 17:02:41.345178+07	54	149	2349	\N
\.


--
-- Name: accounts_generalsetting_id_seq; Type: SEQUENCE SET; Schema: public; Owner: postgres
--

SELECT pg_catalog.setval('public.accounts_generalsetting_id_seq', 1, false);


--
-- Name: accounts_phoneotp_id_seq; Type: SEQUENCE SET; Schema: public; Owner: postgres
--

SELECT pg_catalog.setval('public.accounts_phoneotp_id_seq', 10, true);


--
-- Name: accounts_user_groups_id_seq; Type: SEQUENCE SET; Schema: public; Owner: postgres
--

SELECT pg_catalog.setval('public.accounts_user_groups_id_seq', 1, false);


--
-- Name: accounts_user_id_seq; Type: SEQUENCE SET; Schema: public; Owner: postgres
--

SELECT pg_catalog.setval('public.accounts_user_id_seq', 159, true);


--
-- Name: accounts_user_user_permissions_id_seq; Type: SEQUENCE SET; Schema: public; Owner: postgres
--

SELECT pg_catalog.setval('public.accounts_user_user_permissions_id_seq', 1, false);


--
-- Name: accounts_useraddress_id_seq; Type: SEQUENCE SET; Schema: public; Owner: postgres
--

SELECT pg_catalog.setval('public.accounts_useraddress_id_seq', 5, true);


--
-- Name: attendance_logs_id_seq; Type: SEQUENCE SET; Schema: public; Owner: postgres
--

SELECT pg_catalog.setval('public.attendance_logs_id_seq', 74, true);


--
-- Name: attendance_settings_id_seq; Type: SEQUENCE SET; Schema: public; Owner: postgres
--

SELECT pg_catalog.setval('public.attendance_settings_id_seq', 3, true);


--
-- Name: auth_group_id_seq; Type: SEQUENCE SET; Schema: public; Owner: postgres
--

SELECT pg_catalog.setval('public.auth_group_id_seq', 1, false);


--
-- Name: auth_group_permissions_id_seq; Type: SEQUENCE SET; Schema: public; Owner: postgres
--

SELECT pg_catalog.setval('public.auth_group_permissions_id_seq', 1, false);


--
-- Name: auth_permission_id_seq; Type: SEQUENCE SET; Schema: public; Owner: postgres
--

SELECT pg_catalog.setval('public.auth_permission_id_seq', 152, true);


--
-- Name: bank_settings_id_seq; Type: SEQUENCE SET; Schema: public; Owner: postgres
--

SELECT pg_catalog.setval('public.bank_settings_id_seq', 1, true);


--
-- Name: banks_id_seq; Type: SEQUENCE SET; Schema: public; Owner: postgres
--

SELECT pg_catalog.setval('public.banks_id_seq', 63, true);


--
-- Name: claim_history_id_seq; Type: SEQUENCE SET; Schema: public; Owner: postgres
--

SELECT pg_catalog.setval('public.claim_history_id_seq', 795, true);


--
-- Name: deposits_gatewaysettings_id_seq; Type: SEQUENCE SET; Schema: public; Owner: postgres
--

SELECT pg_catalog.setval('public.deposits_gatewaysettings_id_seq', 1, true);


--
-- Name: deposits_id_seq; Type: SEQUENCE SET; Schema: public; Owner: postgres
--

SELECT pg_catalog.setval('public.deposits_id_seq', 105, true);


--
-- Name: django_admin_log_id_seq; Type: SEQUENCE SET; Schema: public; Owner: postgres
--

SELECT pg_catalog.setval('public.django_admin_log_id_seq', 1287, true);


--
-- Name: django_content_type_id_seq; Type: SEQUENCE SET; Schema: public; Owner: postgres
--

SELECT pg_catalog.setval('public.django_content_type_id_seq', 38, true);


--
-- Name: django_migrations_id_seq; Type: SEQUENCE SET; Schema: public; Owner: postgres
--

SELECT pg_catalog.setval('public.django_migrations_id_seq', 108, true);


--
-- Name: investments_id_seq; Type: SEQUENCE SET; Schema: public; Owner: postgres
--

SELECT pg_catalog.setval('public.investments_id_seq', 225, true);


--
-- Name: mission_user_states_id_seq; Type: SEQUENCE SET; Schema: public; Owner: postgres
--

SELECT pg_catalog.setval('public.mission_user_states_id_seq', 25, true);


--
-- Name: missions_id_seq; Type: SEQUENCE SET; Schema: public; Owner: postgres
--

SELECT pg_catalog.setval('public.missions_id_seq', 78, true);


--
-- Name: news_news_id_seq; Type: SEQUENCE SET; Schema: public; Owner: postgres
--

SELECT pg_catalog.setval('public.news_news_id_seq', 20, true);


--
-- Name: products_id_seq; Type: SEQUENCE SET; Schema: public; Owner: postgres
--

SELECT pg_catalog.setval('public.products_id_seq', 70, true);


--
-- Name: rank_levels_id_seq; Type: SEQUENCE SET; Schema: public; Owner: postgres
--

SELECT pg_catalog.setval('public.rank_levels_id_seq', 13, true);


--
-- Name: support_supportchatmessage_id_seq; Type: SEQUENCE SET; Schema: public; Owner: postgres
--

SELECT pg_catalog.setval('public.support_supportchatmessage_id_seq', 48, true);


--
-- Name: support_supportchatthread_id_seq; Type: SEQUENCE SET; Schema: public; Owner: postgres
--

SELECT pg_catalog.setval('public.support_supportchatthread_id_seq', 31, true);


--
-- Name: support_supportlink_id_seq; Type: SEQUENCE SET; Schema: public; Owner: postgres
--

SELECT pg_catalog.setval('public.support_supportlink_id_seq', 4, true);


--
-- Name: transactions_id_seq; Type: SEQUENCE SET; Schema: public; Owner: postgres
--

SELECT pg_catalog.setval('public.transactions_id_seq', 2381, true);


--
-- Name: user_banks_id_seq; Type: SEQUENCE SET; Schema: public; Owner: postgres
--

SELECT pg_catalog.setval('public.user_banks_id_seq', 54, true);


--
-- Name: voucher_usages_id_seq; Type: SEQUENCE SET; Schema: public; Owner: postgres
--

SELECT pg_catalog.setval('public.voucher_usages_id_seq', 55, true);


--
-- Name: vouchers_id_seq; Type: SEQUENCE SET; Schema: public; Owner: postgres
--

SELECT pg_catalog.setval('public.vouchers_id_seq', 14, true);


--
-- Name: withdrawal_jayapay_id_seq; Type: SEQUENCE SET; Schema: public; Owner: postgres
--

SELECT pg_catalog.setval('public.withdrawal_jayapay_id_seq', 1, false);


--
-- Name: withdrawal_services_id_seq; Type: SEQUENCE SET; Schema: public; Owner: postgres
--

SELECT pg_catalog.setval('public.withdrawal_services_id_seq', 3, true);


--
-- Name: withdrawal_settings_id_seq; Type: SEQUENCE SET; Schema: public; Owner: postgres
--

SELECT pg_catalog.setval('public.withdrawal_settings_id_seq', 1, false);


--
-- Name: withdrawals_id_seq; Type: SEQUENCE SET; Schema: public; Owner: postgres
--

SELECT pg_catalog.setval('public.withdrawals_id_seq', 60, true);


--
-- Name: accounts_generalsetting accounts_generalsetting_pkey; Type: CONSTRAINT; Schema: public; Owner: postgres
--

ALTER TABLE ONLY public.accounts_generalsetting
    ADD CONSTRAINT accounts_generalsetting_pkey PRIMARY KEY (id);


--
-- Name: accounts_phoneotp accounts_phoneotp_phone_key; Type: CONSTRAINT; Schema: public; Owner: postgres
--

ALTER TABLE ONLY public.accounts_phoneotp
    ADD CONSTRAINT accounts_phoneotp_phone_key UNIQUE (phone);


--
-- Name: accounts_phoneotp accounts_phoneotp_pkey; Type: CONSTRAINT; Schema: public; Owner: postgres
--

ALTER TABLE ONLY public.accounts_phoneotp
    ADD CONSTRAINT accounts_phoneotp_pkey PRIMARY KEY (id);


--
-- Name: accounts_user accounts_user_email_key; Type: CONSTRAINT; Schema: public; Owner: postgres
--

ALTER TABLE ONLY public.accounts_user
    ADD CONSTRAINT accounts_user_email_key UNIQUE (email);


--
-- Name: accounts_user_groups accounts_user_groups_pkey; Type: CONSTRAINT; Schema: public; Owner: postgres
--

ALTER TABLE ONLY public.accounts_user_groups
    ADD CONSTRAINT accounts_user_groups_pkey PRIMARY KEY (id);


--
-- Name: accounts_user_groups accounts_user_groups_user_id_group_id_59c0b32f_uniq; Type: CONSTRAINT; Schema: public; Owner: postgres
--

ALTER TABLE ONLY public.accounts_user_groups
    ADD CONSTRAINT accounts_user_groups_user_id_group_id_59c0b32f_uniq UNIQUE (user_id, group_id);


--
-- Name: accounts_user accounts_user_phone_key; Type: CONSTRAINT; Schema: public; Owner: postgres
--

ALTER TABLE ONLY public.accounts_user
    ADD CONSTRAINT accounts_user_phone_key UNIQUE (phone);


--
-- Name: accounts_user accounts_user_pkey; Type: CONSTRAINT; Schema: public; Owner: postgres
--

ALTER TABLE ONLY public.accounts_user
    ADD CONSTRAINT accounts_user_pkey PRIMARY KEY (id);


--
-- Name: accounts_user accounts_user_referral_code_key; Type: CONSTRAINT; Schema: public; Owner: postgres
--

ALTER TABLE ONLY public.accounts_user
    ADD CONSTRAINT accounts_user_referral_code_key UNIQUE (referral_code);


--
-- Name: accounts_user_user_permissions accounts_user_user_permi_user_id_permission_id_2ab516c2_uniq; Type: CONSTRAINT; Schema: public; Owner: postgres
--

ALTER TABLE ONLY public.accounts_user_user_permissions
    ADD CONSTRAINT accounts_user_user_permi_user_id_permission_id_2ab516c2_uniq UNIQUE (user_id, permission_id);


--
-- Name: accounts_user_user_permissions accounts_user_user_permissions_pkey; Type: CONSTRAINT; Schema: public; Owner: postgres
--

ALTER TABLE ONLY public.accounts_user_user_permissions
    ADD CONSTRAINT accounts_user_user_permissions_pkey PRIMARY KEY (id);


--
-- Name: accounts_user accounts_user_username_key; Type: CONSTRAINT; Schema: public; Owner: postgres
--

ALTER TABLE ONLY public.accounts_user
    ADD CONSTRAINT accounts_user_username_key UNIQUE (username);


--
-- Name: accounts_useraddress accounts_useraddress_pkey; Type: CONSTRAINT; Schema: public; Owner: postgres
--

ALTER TABLE ONLY public.accounts_useraddress
    ADD CONSTRAINT accounts_useraddress_pkey PRIMARY KEY (id);


--
-- Name: attendance_logs attendance_logs_pkey; Type: CONSTRAINT; Schema: public; Owner: postgres
--

ALTER TABLE ONLY public.attendance_logs
    ADD CONSTRAINT attendance_logs_pkey PRIMARY KEY (id);


--
-- Name: attendance_settings attendance_settings_pkey; Type: CONSTRAINT; Schema: public; Owner: postgres
--

ALTER TABLE ONLY public.attendance_settings
    ADD CONSTRAINT attendance_settings_pkey PRIMARY KEY (id);


--
-- Name: auth_group auth_group_name_key; Type: CONSTRAINT; Schema: public; Owner: postgres
--

ALTER TABLE ONLY public.auth_group
    ADD CONSTRAINT auth_group_name_key UNIQUE (name);


--
-- Name: auth_group_permissions auth_group_permissions_group_id_permission_id_0cd325b0_uniq; Type: CONSTRAINT; Schema: public; Owner: postgres
--

ALTER TABLE ONLY public.auth_group_permissions
    ADD CONSTRAINT auth_group_permissions_group_id_permission_id_0cd325b0_uniq UNIQUE (group_id, permission_id);


--
-- Name: auth_group_permissions auth_group_permissions_pkey; Type: CONSTRAINT; Schema: public; Owner: postgres
--

ALTER TABLE ONLY public.auth_group_permissions
    ADD CONSTRAINT auth_group_permissions_pkey PRIMARY KEY (id);


--
-- Name: auth_group auth_group_pkey; Type: CONSTRAINT; Schema: public; Owner: postgres
--

ALTER TABLE ONLY public.auth_group
    ADD CONSTRAINT auth_group_pkey PRIMARY KEY (id);


--
-- Name: auth_permission auth_permission_content_type_id_codename_01ab375a_uniq; Type: CONSTRAINT; Schema: public; Owner: postgres
--

ALTER TABLE ONLY public.auth_permission
    ADD CONSTRAINT auth_permission_content_type_id_codename_01ab375a_uniq UNIQUE (content_type_id, codename);


--
-- Name: auth_permission auth_permission_pkey; Type: CONSTRAINT; Schema: public; Owner: postgres
--

ALTER TABLE ONLY public.auth_permission
    ADD CONSTRAINT auth_permission_pkey PRIMARY KEY (id);


--
-- Name: authtoken_token authtoken_token_pkey; Type: CONSTRAINT; Schema: public; Owner: postgres
--

ALTER TABLE ONLY public.authtoken_token
    ADD CONSTRAINT authtoken_token_pkey PRIMARY KEY (key);


--
-- Name: authtoken_token authtoken_token_user_id_key; Type: CONSTRAINT; Schema: public; Owner: postgres
--

ALTER TABLE ONLY public.authtoken_token
    ADD CONSTRAINT authtoken_token_user_id_key UNIQUE (user_id);


--
-- Name: bank_settings bank_settings_pkey; Type: CONSTRAINT; Schema: public; Owner: postgres
--

ALTER TABLE ONLY public.bank_settings
    ADD CONSTRAINT bank_settings_pkey PRIMARY KEY (id);


--
-- Name: banks banks_code_key; Type: CONSTRAINT; Schema: public; Owner: postgres
--

ALTER TABLE ONLY public.banks
    ADD CONSTRAINT banks_code_key UNIQUE (code);


--
-- Name: banks banks_pkey; Type: CONSTRAINT; Schema: public; Owner: postgres
--

ALTER TABLE ONLY public.banks
    ADD CONSTRAINT banks_pkey PRIMARY KEY (id);


--
-- Name: claim_history claim_history_investment_id_claim_number_a73b2e06_uniq; Type: CONSTRAINT; Schema: public; Owner: postgres
--

ALTER TABLE ONLY public.claim_history
    ADD CONSTRAINT claim_history_investment_id_claim_number_a73b2e06_uniq UNIQUE (investment_id, claim_number);


--
-- Name: claim_history claim_history_pkey; Type: CONSTRAINT; Schema: public; Owner: postgres
--

ALTER TABLE ONLY public.claim_history
    ADD CONSTRAINT claim_history_pkey PRIMARY KEY (id);


--
-- Name: deposits_gatewaysettings deposits_gatewaysettings_pkey; Type: CONSTRAINT; Schema: public; Owner: postgres
--

ALTER TABLE ONLY public.deposits_gatewaysettings
    ADD CONSTRAINT deposits_gatewaysettings_pkey PRIMARY KEY (id);


--
-- Name: deposits deposits_order_num_key; Type: CONSTRAINT; Schema: public; Owner: postgres
--

ALTER TABLE ONLY public.deposits
    ADD CONSTRAINT deposits_order_num_key UNIQUE (order_num);


--
-- Name: deposits deposits_pkey; Type: CONSTRAINT; Schema: public; Owner: postgres
--

ALTER TABLE ONLY public.deposits
    ADD CONSTRAINT deposits_pkey PRIMARY KEY (id);


--
-- Name: django_admin_log django_admin_log_pkey; Type: CONSTRAINT; Schema: public; Owner: postgres
--

ALTER TABLE ONLY public.django_admin_log
    ADD CONSTRAINT django_admin_log_pkey PRIMARY KEY (id);


--
-- Name: django_content_type django_content_type_app_label_model_76bd3d3b_uniq; Type: CONSTRAINT; Schema: public; Owner: postgres
--

ALTER TABLE ONLY public.django_content_type
    ADD CONSTRAINT django_content_type_app_label_model_76bd3d3b_uniq UNIQUE (app_label, model);


--
-- Name: django_content_type django_content_type_pkey; Type: CONSTRAINT; Schema: public; Owner: postgres
--

ALTER TABLE ONLY public.django_content_type
    ADD CONSTRAINT django_content_type_pkey PRIMARY KEY (id);


--
-- Name: django_migrations django_migrations_pkey; Type: CONSTRAINT; Schema: public; Owner: postgres
--

ALTER TABLE ONLY public.django_migrations
    ADD CONSTRAINT django_migrations_pkey PRIMARY KEY (id);


--
-- Name: django_session django_session_pkey; Type: CONSTRAINT; Schema: public; Owner: postgres
--

ALTER TABLE ONLY public.django_session
    ADD CONSTRAINT django_session_pkey PRIMARY KEY (session_key);


--
-- Name: investments investments_pkey; Type: CONSTRAINT; Schema: public; Owner: postgres
--

ALTER TABLE ONLY public.investments
    ADD CONSTRAINT investments_pkey PRIMARY KEY (id);


--
-- Name: mission_user_states mission_user_states_pkey; Type: CONSTRAINT; Schema: public; Owner: postgres
--

ALTER TABLE ONLY public.mission_user_states
    ADD CONSTRAINT mission_user_states_pkey PRIMARY KEY (id);


--
-- Name: mission_user_states mission_user_states_user_id_mission_id_3970c6ef_uniq; Type: CONSTRAINT; Schema: public; Owner: postgres
--

ALTER TABLE ONLY public.mission_user_states
    ADD CONSTRAINT mission_user_states_user_id_mission_id_3970c6ef_uniq UNIQUE (user_id, mission_id);


--
-- Name: missions missions_pkey; Type: CONSTRAINT; Schema: public; Owner: postgres
--

ALTER TABLE ONLY public.missions
    ADD CONSTRAINT missions_pkey PRIMARY KEY (id);


--
-- Name: news_news news_news_pkey; Type: CONSTRAINT; Schema: public; Owner: postgres
--

ALTER TABLE ONLY public.news_news
    ADD CONSTRAINT news_news_pkey PRIMARY KEY (id);


--
-- Name: news_news news_news_slug_key; Type: CONSTRAINT; Schema: public; Owner: postgres
--

ALTER TABLE ONLY public.news_news
    ADD CONSTRAINT news_news_slug_key UNIQUE (slug);


--
-- Name: products products_pkey; Type: CONSTRAINT; Schema: public; Owner: postgres
--

ALTER TABLE ONLY public.products
    ADD CONSTRAINT products_pkey PRIMARY KEY (id);


--
-- Name: rank_levels rank_levels_pkey; Type: CONSTRAINT; Schema: public; Owner: postgres
--

ALTER TABLE ONLY public.rank_levels
    ADD CONSTRAINT rank_levels_pkey PRIMARY KEY (id);


--
-- Name: rank_levels rank_levels_rank_key; Type: CONSTRAINT; Schema: public; Owner: postgres
--

ALTER TABLE ONLY public.rank_levels
    ADD CONSTRAINT rank_levels_rank_key UNIQUE (rank);


--
-- Name: support_supportchatmessage support_supportchatmessage_pkey; Type: CONSTRAINT; Schema: public; Owner: postgres
--

ALTER TABLE ONLY public.support_supportchatmessage
    ADD CONSTRAINT support_supportchatmessage_pkey PRIMARY KEY (id);


--
-- Name: support_supportchatthread support_supportchatthread_pkey; Type: CONSTRAINT; Schema: public; Owner: postgres
--

ALTER TABLE ONLY public.support_supportchatthread
    ADD CONSTRAINT support_supportchatthread_pkey PRIMARY KEY (id);


--
-- Name: support_supportlink support_supportlink_pkey; Type: CONSTRAINT; Schema: public; Owner: postgres
--

ALTER TABLE ONLY public.support_supportlink
    ADD CONSTRAINT support_supportlink_pkey PRIMARY KEY (id);


--
-- Name: transactions transactions_pkey; Type: CONSTRAINT; Schema: public; Owner: postgres
--

ALTER TABLE ONLY public.transactions
    ADD CONSTRAINT transactions_pkey PRIMARY KEY (id);


--
-- Name: transactions transactions_trx_id_key; Type: CONSTRAINT; Schema: public; Owner: postgres
--

ALTER TABLE ONLY public.transactions
    ADD CONSTRAINT transactions_trx_id_key UNIQUE (trx_id);


--
-- Name: user_banks unique_user_bank_combination; Type: CONSTRAINT; Schema: public; Owner: postgres
--

ALTER TABLE ONLY public.user_banks
    ADD CONSTRAINT unique_user_bank_combination UNIQUE (user_id, bank_id);


--
-- Name: attendance_logs unique_user_date_attendance; Type: CONSTRAINT; Schema: public; Owner: postgres
--

ALTER TABLE ONLY public.attendance_logs
    ADD CONSTRAINT unique_user_date_attendance UNIQUE (user_id, date);


--
-- Name: user_banks user_banks_pkey; Type: CONSTRAINT; Schema: public; Owner: postgres
--

ALTER TABLE ONLY public.user_banks
    ADD CONSTRAINT user_banks_pkey PRIMARY KEY (id);


--
-- Name: voucher_usages voucher_usages_pkey; Type: CONSTRAINT; Schema: public; Owner: postgres
--

ALTER TABLE ONLY public.voucher_usages
    ADD CONSTRAINT voucher_usages_pkey PRIMARY KEY (id);


--
-- Name: vouchers vouchers_code_key; Type: CONSTRAINT; Schema: public; Owner: postgres
--

ALTER TABLE ONLY public.vouchers
    ADD CONSTRAINT vouchers_code_key UNIQUE (code);


--
-- Name: vouchers vouchers_pkey; Type: CONSTRAINT; Schema: public; Owner: postgres
--

ALTER TABLE ONLY public.vouchers
    ADD CONSTRAINT vouchers_pkey PRIMARY KEY (id);


--
-- Name: withdrawal_jayapay withdrawal_jayapay_pkey; Type: CONSTRAINT; Schema: public; Owner: postgres
--

ALTER TABLE ONLY public.withdrawal_jayapay
    ADD CONSTRAINT withdrawal_jayapay_pkey PRIMARY KEY (id);


--
-- Name: withdrawal_jayapay withdrawal_jayapay_withdrawal_id_key; Type: CONSTRAINT; Schema: public; Owner: postgres
--

ALTER TABLE ONLY public.withdrawal_jayapay
    ADD CONSTRAINT withdrawal_jayapay_withdrawal_id_key UNIQUE (withdrawal_id);


--
-- Name: withdrawal_services withdrawal_services_pkey; Type: CONSTRAINT; Schema: public; Owner: postgres
--

ALTER TABLE ONLY public.withdrawal_services
    ADD CONSTRAINT withdrawal_services_pkey PRIMARY KEY (id);


--
-- Name: withdrawal_settings withdrawal_settings_pkey; Type: CONSTRAINT; Schema: public; Owner: postgres
--

ALTER TABLE ONLY public.withdrawal_settings
    ADD CONSTRAINT withdrawal_settings_pkey PRIMARY KEY (id);


--
-- Name: withdrawals withdrawals_pkey; Type: CONSTRAINT; Schema: public; Owner: postgres
--

ALTER TABLE ONLY public.withdrawals
    ADD CONSTRAINT withdrawals_pkey PRIMARY KEY (id);


--
-- Name: accounts_phoneotp_phone_edf50850_like; Type: INDEX; Schema: public; Owner: postgres
--

CREATE INDEX accounts_phoneotp_phone_edf50850_like ON public.accounts_phoneotp USING btree (phone varchar_pattern_ops);


--
-- Name: accounts_user_email_b2644a56_like; Type: INDEX; Schema: public; Owner: postgres
--

CREATE INDEX accounts_user_email_b2644a56_like ON public.accounts_user USING btree (email varchar_pattern_ops);


--
-- Name: accounts_user_groups_group_id_bd11a704; Type: INDEX; Schema: public; Owner: postgres
--

CREATE INDEX accounts_user_groups_group_id_bd11a704 ON public.accounts_user_groups USING btree (group_id);


--
-- Name: accounts_user_groups_user_id_52b62117; Type: INDEX; Schema: public; Owner: postgres
--

CREATE INDEX accounts_user_groups_user_id_52b62117 ON public.accounts_user_groups USING btree (user_id);


--
-- Name: accounts_user_phone_c603acdd_like; Type: INDEX; Schema: public; Owner: postgres
--

CREATE INDEX accounts_user_phone_c603acdd_like ON public.accounts_user USING btree (phone varchar_pattern_ops);


--
-- Name: accounts_user_referral_by_id_a5a4c579; Type: INDEX; Schema: public; Owner: postgres
--

CREATE INDEX accounts_user_referral_by_id_a5a4c579 ON public.accounts_user USING btree (referral_by_id);


--
-- Name: accounts_user_referral_code_3613e89e_like; Type: INDEX; Schema: public; Owner: postgres
--

CREATE INDEX accounts_user_referral_code_3613e89e_like ON public.accounts_user USING btree (referral_code varchar_pattern_ops);


--
-- Name: accounts_user_user_permissions_permission_id_113bb443; Type: INDEX; Schema: public; Owner: postgres
--

CREATE INDEX accounts_user_user_permissions_permission_id_113bb443 ON public.accounts_user_user_permissions USING btree (permission_id);


--
-- Name: accounts_user_user_permissions_user_id_e4f0a161; Type: INDEX; Schema: public; Owner: postgres
--

CREATE INDEX accounts_user_user_permissions_user_id_e4f0a161 ON public.accounts_user_user_permissions USING btree (user_id);


--
-- Name: accounts_user_username_6088629e_like; Type: INDEX; Schema: public; Owner: postgres
--

CREATE INDEX accounts_user_username_6088629e_like ON public.accounts_user USING btree (username varchar_pattern_ops);


--
-- Name: accounts_useraddress_user_id_5348f16c; Type: INDEX; Schema: public; Owner: postgres
--

CREATE INDEX accounts_useraddress_user_id_5348f16c ON public.accounts_useraddress USING btree (user_id);


--
-- Name: attendance_logs_user_id_6910cf35; Type: INDEX; Schema: public; Owner: postgres
--

CREATE INDEX attendance_logs_user_id_6910cf35 ON public.attendance_logs USING btree (user_id);


--
-- Name: auth_group_name_a6ea08ec_like; Type: INDEX; Schema: public; Owner: postgres
--

CREATE INDEX auth_group_name_a6ea08ec_like ON public.auth_group USING btree (name varchar_pattern_ops);


--
-- Name: auth_group_permissions_group_id_b120cbf9; Type: INDEX; Schema: public; Owner: postgres
--

CREATE INDEX auth_group_permissions_group_id_b120cbf9 ON public.auth_group_permissions USING btree (group_id);


--
-- Name: auth_group_permissions_permission_id_84c5c92e; Type: INDEX; Schema: public; Owner: postgres
--

CREATE INDEX auth_group_permissions_permission_id_84c5c92e ON public.auth_group_permissions USING btree (permission_id);


--
-- Name: auth_permission_content_type_id_2f476e4b; Type: INDEX; Schema: public; Owner: postgres
--

CREATE INDEX auth_permission_content_type_id_2f476e4b ON public.auth_permission USING btree (content_type_id);


--
-- Name: authtoken_token_key_10f0b77e_like; Type: INDEX; Schema: public; Owner: postgres
--

CREATE INDEX authtoken_token_key_10f0b77e_like ON public.authtoken_token USING btree (key varchar_pattern_ops);


--
-- Name: banks_code_91603e83_like; Type: INDEX; Schema: public; Owner: postgres
--

CREATE INDEX banks_code_91603e83_like ON public.banks USING btree (code varchar_pattern_ops);


--
-- Name: claim_history_investment_id_097f58b7; Type: INDEX; Schema: public; Owner: postgres
--

CREATE INDEX claim_history_investment_id_097f58b7 ON public.claim_history USING btree (investment_id);


--
-- Name: claim_history_transaction_id_b73db819; Type: INDEX; Schema: public; Owner: postgres
--

CREATE INDEX claim_history_transaction_id_b73db819 ON public.claim_history USING btree (transaction_id);


--
-- Name: claim_history_user_id_7d5c22fc; Type: INDEX; Schema: public; Owner: postgres
--

CREATE INDEX claim_history_user_id_7d5c22fc ON public.claim_history USING btree (user_id);


--
-- Name: deposits_order_num_e1e24968_like; Type: INDEX; Schema: public; Owner: postgres
--

CREATE INDEX deposits_order_num_e1e24968_like ON public.deposits USING btree (order_num varchar_pattern_ops);


--
-- Name: deposits_transaction_id_0c0da442; Type: INDEX; Schema: public; Owner: postgres
--

CREATE INDEX deposits_transaction_id_0c0da442 ON public.deposits USING btree (transaction_id);


--
-- Name: deposits_user_id_437dc111; Type: INDEX; Schema: public; Owner: postgres
--

CREATE INDEX deposits_user_id_437dc111 ON public.deposits USING btree (user_id);


--
-- Name: django_admin_log_content_type_id_c4bce8eb; Type: INDEX; Schema: public; Owner: postgres
--

CREATE INDEX django_admin_log_content_type_id_c4bce8eb ON public.django_admin_log USING btree (content_type_id);


--
-- Name: django_admin_log_user_id_c564eba6; Type: INDEX; Schema: public; Owner: postgres
--

CREATE INDEX django_admin_log_user_id_c564eba6 ON public.django_admin_log USING btree (user_id);


--
-- Name: django_session_expire_date_a5c62663; Type: INDEX; Schema: public; Owner: postgres
--

CREATE INDEX django_session_expire_date_a5c62663 ON public.django_session USING btree (expire_date);


--
-- Name: django_session_session_key_c0390e0f_like; Type: INDEX; Schema: public; Owner: postgres
--

CREATE INDEX django_session_session_key_c0390e0f_like ON public.django_session USING btree (session_key varchar_pattern_ops);


--
-- Name: investments_product_id_ccbd4c74; Type: INDEX; Schema: public; Owner: postgres
--

CREATE INDEX investments_product_id_ccbd4c74 ON public.investments USING btree (product_id);


--
-- Name: investments_transaction_id_28987300; Type: INDEX; Schema: public; Owner: postgres
--

CREATE INDEX investments_transaction_id_28987300 ON public.investments USING btree (transaction_id);


--
-- Name: investments_user_id_c642b863; Type: INDEX; Schema: public; Owner: postgres
--

CREATE INDEX investments_user_id_c642b863 ON public.investments USING btree (user_id);


--
-- Name: mission_user_states_mission_id_9c88bc39; Type: INDEX; Schema: public; Owner: postgres
--

CREATE INDEX mission_user_states_mission_id_9c88bc39 ON public.mission_user_states USING btree (mission_id);


--
-- Name: mission_user_states_user_id_55e31f2f; Type: INDEX; Schema: public; Owner: postgres
--

CREATE INDEX mission_user_states_user_id_55e31f2f ON public.mission_user_states USING btree (user_id);


--
-- Name: news_news_slug_2b9132f1_like; Type: INDEX; Schema: public; Owner: postgres
--

CREATE INDEX news_news_slug_2b9132f1_like ON public.news_news USING btree (slug varchar_pattern_ops);


--
-- Name: support_supportchatmessage_sender_user_id_3f4f5dd3; Type: INDEX; Schema: public; Owner: postgres
--

CREATE INDEX support_supportchatmessage_sender_user_id_3f4f5dd3 ON public.support_supportchatmessage USING btree (sender_user_id);


--
-- Name: support_supportchatmessage_thread_id_80d96895; Type: INDEX; Schema: public; Owner: postgres
--

CREATE INDEX support_supportchatmessage_thread_id_80d96895 ON public.support_supportchatmessage USING btree (thread_id);


--
-- Name: support_supportchatthread_user_id_ed2cdead; Type: INDEX; Schema: public; Owner: postgres
--

CREATE INDEX support_supportchatthread_user_id_ed2cdead ON public.support_supportchatthread USING btree (user_id);


--
-- Name: transactions_created_at_3143a260; Type: INDEX; Schema: public; Owner: postgres
--

CREATE INDEX transactions_created_at_3143a260 ON public.transactions USING btree (created_at);


--
-- Name: transactions_product_id_b82fbdba; Type: INDEX; Schema: public; Owner: postgres
--

CREATE INDEX transactions_product_id_b82fbdba ON public.transactions USING btree (product_id);


--
-- Name: transactions_related_transaction_id_f6dce13d; Type: INDEX; Schema: public; Owner: postgres
--

CREATE INDEX transactions_related_transaction_id_f6dce13d ON public.transactions USING btree (related_transaction_id);


--
-- Name: transactions_trx_id_1160859c_like; Type: INDEX; Schema: public; Owner: postgres
--

CREATE INDEX transactions_trx_id_1160859c_like ON public.transactions USING btree (trx_id varchar_pattern_ops);


--
-- Name: transactions_upline_user_id_0de0709a; Type: INDEX; Schema: public; Owner: postgres
--

CREATE INDEX transactions_upline_user_id_0de0709a ON public.transactions USING btree (upline_user_id);


--
-- Name: transactions_user_id_766cc893; Type: INDEX; Schema: public; Owner: postgres
--

CREATE INDEX transactions_user_id_766cc893 ON public.transactions USING btree (user_id);


--
-- Name: trx_type_idx; Type: INDEX; Schema: public; Owner: postgres
--

CREATE INDEX trx_type_idx ON public.transactions USING btree (type);


--
-- Name: trx_upline_type_idx; Type: INDEX; Schema: public; Owner: postgres
--

CREATE INDEX trx_upline_type_idx ON public.transactions USING btree (upline_user_id, type);


--
-- Name: trx_user_type_stat_cr_idx; Type: INDEX; Schema: public; Owner: postgres
--

CREATE INDEX trx_user_type_stat_cr_idx ON public.transactions USING btree (user_id, type, status, created_at);


--
-- Name: trx_wallet_type_idx; Type: INDEX; Schema: public; Owner: postgres
--

CREATE INDEX trx_wallet_type_idx ON public.transactions USING btree (wallet_type);


--
-- Name: unique_default_bank_per_user; Type: INDEX; Schema: public; Owner: postgres
--

CREATE UNIQUE INDEX unique_default_bank_per_user ON public.user_banks USING btree (user_id) WHERE is_default;


--
-- Name: user_banks_bank_id_02ef65ce; Type: INDEX; Schema: public; Owner: postgres
--

CREATE INDEX user_banks_bank_id_02ef65ce ON public.user_banks USING btree (bank_id);


--
-- Name: user_banks_user_id_f462cb60; Type: INDEX; Schema: public; Owner: postgres
--

CREATE INDEX user_banks_user_id_f462cb60 ON public.user_banks USING btree (user_id);


--
-- Name: voucher_usages_transaction_id_db1862fb; Type: INDEX; Schema: public; Owner: postgres
--

CREATE INDEX voucher_usages_transaction_id_db1862fb ON public.voucher_usages USING btree (transaction_id);


--
-- Name: voucher_usages_user_id_77b95d1c; Type: INDEX; Schema: public; Owner: postgres
--

CREATE INDEX voucher_usages_user_id_77b95d1c ON public.voucher_usages USING btree (user_id);


--
-- Name: voucher_usages_voucher_id_717e9ac6; Type: INDEX; Schema: public; Owner: postgres
--

CREATE INDEX voucher_usages_voucher_id_717e9ac6 ON public.voucher_usages USING btree (voucher_id);


--
-- Name: vouchers_code_55f32f4c_like; Type: INDEX; Schema: public; Owner: postgres
--

CREATE INDEX vouchers_code_55f32f4c_like ON public.vouchers USING btree (code varchar_pattern_ops);


--
-- Name: withdrawal_settings_required_product_id_b3a97a5a; Type: INDEX; Schema: public; Owner: postgres
--

CREATE INDEX withdrawal_settings_required_product_id_b3a97a5a ON public.withdrawal_settings USING btree (required_product_id);


--
-- Name: withdrawals_bank_account_id_08139113; Type: INDEX; Schema: public; Owner: postgres
--

CREATE INDEX withdrawals_bank_account_id_08139113 ON public.withdrawals USING btree (bank_account_id);


--
-- Name: withdrawals_transaction_id_8c683100; Type: INDEX; Schema: public; Owner: postgres
--

CREATE INDEX withdrawals_transaction_id_8c683100 ON public.withdrawals USING btree (transaction_id);


--
-- Name: withdrawals_user_id_2bbaba4d; Type: INDEX; Schema: public; Owner: postgres
--

CREATE INDEX withdrawals_user_id_2bbaba4d ON public.withdrawals USING btree (user_id);


--
-- Name: withdrawals_withdrawal_service_id_6b45f209; Type: INDEX; Schema: public; Owner: postgres
--

CREATE INDEX withdrawals_withdrawal_service_id_6b45f209 ON public.withdrawals USING btree (withdrawal_service_id);


--
-- Name: accounts_user_groups accounts_user_groups_group_id_bd11a704_fk_auth_group_id; Type: FK CONSTRAINT; Schema: public; Owner: postgres
--

ALTER TABLE ONLY public.accounts_user_groups
    ADD CONSTRAINT accounts_user_groups_group_id_bd11a704_fk_auth_group_id FOREIGN KEY (group_id) REFERENCES public.auth_group(id) DEFERRABLE INITIALLY DEFERRED;


--
-- Name: accounts_user_groups accounts_user_groups_user_id_52b62117_fk_accounts_user_id; Type: FK CONSTRAINT; Schema: public; Owner: postgres
--

ALTER TABLE ONLY public.accounts_user_groups
    ADD CONSTRAINT accounts_user_groups_user_id_52b62117_fk_accounts_user_id FOREIGN KEY (user_id) REFERENCES public.accounts_user(id) DEFERRABLE INITIALLY DEFERRED;


--
-- Name: accounts_user accounts_user_referral_by_id_a5a4c579_fk_accounts_user_id; Type: FK CONSTRAINT; Schema: public; Owner: postgres
--

ALTER TABLE ONLY public.accounts_user
    ADD CONSTRAINT accounts_user_referral_by_id_a5a4c579_fk_accounts_user_id FOREIGN KEY (referral_by_id) REFERENCES public.accounts_user(id) DEFERRABLE INITIALLY DEFERRED;


--
-- Name: accounts_user_user_permissions accounts_user_user_p_permission_id_113bb443_fk_auth_perm; Type: FK CONSTRAINT; Schema: public; Owner: postgres
--

ALTER TABLE ONLY public.accounts_user_user_permissions
    ADD CONSTRAINT accounts_user_user_p_permission_id_113bb443_fk_auth_perm FOREIGN KEY (permission_id) REFERENCES public.auth_permission(id) DEFERRABLE INITIALLY DEFERRED;


--
-- Name: accounts_user_user_permissions accounts_user_user_p_user_id_e4f0a161_fk_accounts_; Type: FK CONSTRAINT; Schema: public; Owner: postgres
--

ALTER TABLE ONLY public.accounts_user_user_permissions
    ADD CONSTRAINT accounts_user_user_p_user_id_e4f0a161_fk_accounts_ FOREIGN KEY (user_id) REFERENCES public.accounts_user(id) DEFERRABLE INITIALLY DEFERRED;


--
-- Name: accounts_useraddress accounts_useraddress_user_id_5348f16c_fk_accounts_user_id; Type: FK CONSTRAINT; Schema: public; Owner: postgres
--

ALTER TABLE ONLY public.accounts_useraddress
    ADD CONSTRAINT accounts_useraddress_user_id_5348f16c_fk_accounts_user_id FOREIGN KEY (user_id) REFERENCES public.accounts_user(id) DEFERRABLE INITIALLY DEFERRED;


--
-- Name: attendance_logs attendance_logs_user_id_6910cf35_fk_accounts_user_id; Type: FK CONSTRAINT; Schema: public; Owner: postgres
--

ALTER TABLE ONLY public.attendance_logs
    ADD CONSTRAINT attendance_logs_user_id_6910cf35_fk_accounts_user_id FOREIGN KEY (user_id) REFERENCES public.accounts_user(id) DEFERRABLE INITIALLY DEFERRED;


--
-- Name: auth_group_permissions auth_group_permissio_permission_id_84c5c92e_fk_auth_perm; Type: FK CONSTRAINT; Schema: public; Owner: postgres
--

ALTER TABLE ONLY public.auth_group_permissions
    ADD CONSTRAINT auth_group_permissio_permission_id_84c5c92e_fk_auth_perm FOREIGN KEY (permission_id) REFERENCES public.auth_permission(id) DEFERRABLE INITIALLY DEFERRED;


--
-- Name: auth_group_permissions auth_group_permissions_group_id_b120cbf9_fk_auth_group_id; Type: FK CONSTRAINT; Schema: public; Owner: postgres
--

ALTER TABLE ONLY public.auth_group_permissions
    ADD CONSTRAINT auth_group_permissions_group_id_b120cbf9_fk_auth_group_id FOREIGN KEY (group_id) REFERENCES public.auth_group(id) DEFERRABLE INITIALLY DEFERRED;


--
-- Name: auth_permission auth_permission_content_type_id_2f476e4b_fk_django_co; Type: FK CONSTRAINT; Schema: public; Owner: postgres
--

ALTER TABLE ONLY public.auth_permission
    ADD CONSTRAINT auth_permission_content_type_id_2f476e4b_fk_django_co FOREIGN KEY (content_type_id) REFERENCES public.django_content_type(id) DEFERRABLE INITIALLY DEFERRED;


--
-- Name: authtoken_token authtoken_token_user_id_35299eff_fk_accounts_user_id; Type: FK CONSTRAINT; Schema: public; Owner: postgres
--

ALTER TABLE ONLY public.authtoken_token
    ADD CONSTRAINT authtoken_token_user_id_35299eff_fk_accounts_user_id FOREIGN KEY (user_id) REFERENCES public.accounts_user(id) DEFERRABLE INITIALLY DEFERRED;


--
-- Name: claim_history claim_history_investment_id_097f58b7_fk_investments_id; Type: FK CONSTRAINT; Schema: public; Owner: postgres
--

ALTER TABLE ONLY public.claim_history
    ADD CONSTRAINT claim_history_investment_id_097f58b7_fk_investments_id FOREIGN KEY (investment_id) REFERENCES public.investments(id) DEFERRABLE INITIALLY DEFERRED;


--
-- Name: claim_history claim_history_transaction_id_b73db819_fk_transactions_id; Type: FK CONSTRAINT; Schema: public; Owner: postgres
--

ALTER TABLE ONLY public.claim_history
    ADD CONSTRAINT claim_history_transaction_id_b73db819_fk_transactions_id FOREIGN KEY (transaction_id) REFERENCES public.transactions(id) DEFERRABLE INITIALLY DEFERRED;


--
-- Name: claim_history claim_history_user_id_7d5c22fc_fk_accounts_user_id; Type: FK CONSTRAINT; Schema: public; Owner: postgres
--

ALTER TABLE ONLY public.claim_history
    ADD CONSTRAINT claim_history_user_id_7d5c22fc_fk_accounts_user_id FOREIGN KEY (user_id) REFERENCES public.accounts_user(id) DEFERRABLE INITIALLY DEFERRED;


--
-- Name: deposits deposits_transaction_id_0c0da442_fk_transactions_id; Type: FK CONSTRAINT; Schema: public; Owner: postgres
--

ALTER TABLE ONLY public.deposits
    ADD CONSTRAINT deposits_transaction_id_0c0da442_fk_transactions_id FOREIGN KEY (transaction_id) REFERENCES public.transactions(id) DEFERRABLE INITIALLY DEFERRED;


--
-- Name: deposits deposits_user_id_437dc111_fk_accounts_user_id; Type: FK CONSTRAINT; Schema: public; Owner: postgres
--

ALTER TABLE ONLY public.deposits
    ADD CONSTRAINT deposits_user_id_437dc111_fk_accounts_user_id FOREIGN KEY (user_id) REFERENCES public.accounts_user(id) DEFERRABLE INITIALLY DEFERRED;


--
-- Name: django_admin_log django_admin_log_content_type_id_c4bce8eb_fk_django_co; Type: FK CONSTRAINT; Schema: public; Owner: postgres
--

ALTER TABLE ONLY public.django_admin_log
    ADD CONSTRAINT django_admin_log_content_type_id_c4bce8eb_fk_django_co FOREIGN KEY (content_type_id) REFERENCES public.django_content_type(id) DEFERRABLE INITIALLY DEFERRED;


--
-- Name: django_admin_log django_admin_log_user_id_c564eba6_fk_accounts_user_id; Type: FK CONSTRAINT; Schema: public; Owner: postgres
--

ALTER TABLE ONLY public.django_admin_log
    ADD CONSTRAINT django_admin_log_user_id_c564eba6_fk_accounts_user_id FOREIGN KEY (user_id) REFERENCES public.accounts_user(id) DEFERRABLE INITIALLY DEFERRED;


--
-- Name: investments investments_product_id_ccbd4c74_fk_products_id; Type: FK CONSTRAINT; Schema: public; Owner: postgres
--

ALTER TABLE ONLY public.investments
    ADD CONSTRAINT investments_product_id_ccbd4c74_fk_products_id FOREIGN KEY (product_id) REFERENCES public.products(id) DEFERRABLE INITIALLY DEFERRED;


--
-- Name: investments investments_transaction_id_28987300_fk_transactions_id; Type: FK CONSTRAINT; Schema: public; Owner: postgres
--

ALTER TABLE ONLY public.investments
    ADD CONSTRAINT investments_transaction_id_28987300_fk_transactions_id FOREIGN KEY (transaction_id) REFERENCES public.transactions(id) DEFERRABLE INITIALLY DEFERRED;


--
-- Name: investments investments_user_id_c642b863_fk_accounts_user_id; Type: FK CONSTRAINT; Schema: public; Owner: postgres
--

ALTER TABLE ONLY public.investments
    ADD CONSTRAINT investments_user_id_c642b863_fk_accounts_user_id FOREIGN KEY (user_id) REFERENCES public.accounts_user(id) DEFERRABLE INITIALLY DEFERRED;


--
-- Name: mission_user_states mission_user_states_mission_id_9c88bc39_fk_missions_id; Type: FK CONSTRAINT; Schema: public; Owner: postgres
--

ALTER TABLE ONLY public.mission_user_states
    ADD CONSTRAINT mission_user_states_mission_id_9c88bc39_fk_missions_id FOREIGN KEY (mission_id) REFERENCES public.missions(id) DEFERRABLE INITIALLY DEFERRED;


--
-- Name: mission_user_states mission_user_states_user_id_55e31f2f_fk_accounts_user_id; Type: FK CONSTRAINT; Schema: public; Owner: postgres
--

ALTER TABLE ONLY public.mission_user_states
    ADD CONSTRAINT mission_user_states_user_id_55e31f2f_fk_accounts_user_id FOREIGN KEY (user_id) REFERENCES public.accounts_user(id) DEFERRABLE INITIALLY DEFERRED;


--
-- Name: support_supportchatmessage support_supportchatm_sender_user_id_3f4f5dd3_fk_accounts_; Type: FK CONSTRAINT; Schema: public; Owner: postgres
--

ALTER TABLE ONLY public.support_supportchatmessage
    ADD CONSTRAINT support_supportchatm_sender_user_id_3f4f5dd3_fk_accounts_ FOREIGN KEY (sender_user_id) REFERENCES public.accounts_user(id) DEFERRABLE INITIALLY DEFERRED;


--
-- Name: support_supportchatmessage support_supportchatm_thread_id_80d96895_fk_support_s; Type: FK CONSTRAINT; Schema: public; Owner: postgres
--

ALTER TABLE ONLY public.support_supportchatmessage
    ADD CONSTRAINT support_supportchatm_thread_id_80d96895_fk_support_s FOREIGN KEY (thread_id) REFERENCES public.support_supportchatthread(id) DEFERRABLE INITIALLY DEFERRED;


--
-- Name: support_supportchatthread support_supportchatthread_user_id_ed2cdead_fk_accounts_user_id; Type: FK CONSTRAINT; Schema: public; Owner: postgres
--

ALTER TABLE ONLY public.support_supportchatthread
    ADD CONSTRAINT support_supportchatthread_user_id_ed2cdead_fk_accounts_user_id FOREIGN KEY (user_id) REFERENCES public.accounts_user(id) DEFERRABLE INITIALLY DEFERRED;


--
-- Name: transactions transactions_product_id_b82fbdba_fk_products_id; Type: FK CONSTRAINT; Schema: public; Owner: postgres
--

ALTER TABLE ONLY public.transactions
    ADD CONSTRAINT transactions_product_id_b82fbdba_fk_products_id FOREIGN KEY (product_id) REFERENCES public.products(id) DEFERRABLE INITIALLY DEFERRED;


--
-- Name: transactions transactions_related_transaction_id_f6dce13d_fk_transactions_id; Type: FK CONSTRAINT; Schema: public; Owner: postgres
--

ALTER TABLE ONLY public.transactions
    ADD CONSTRAINT transactions_related_transaction_id_f6dce13d_fk_transactions_id FOREIGN KEY (related_transaction_id) REFERENCES public.transactions(id) DEFERRABLE INITIALLY DEFERRED;


--
-- Name: transactions transactions_upline_user_id_0de0709a_fk_accounts_user_id; Type: FK CONSTRAINT; Schema: public; Owner: postgres
--

ALTER TABLE ONLY public.transactions
    ADD CONSTRAINT transactions_upline_user_id_0de0709a_fk_accounts_user_id FOREIGN KEY (upline_user_id) REFERENCES public.accounts_user(id) DEFERRABLE INITIALLY DEFERRED;


--
-- Name: transactions transactions_user_id_766cc893_fk_accounts_user_id; Type: FK CONSTRAINT; Schema: public; Owner: postgres
--

ALTER TABLE ONLY public.transactions
    ADD CONSTRAINT transactions_user_id_766cc893_fk_accounts_user_id FOREIGN KEY (user_id) REFERENCES public.accounts_user(id) DEFERRABLE INITIALLY DEFERRED;


--
-- Name: user_banks user_banks_bank_id_02ef65ce_fk_banks_id; Type: FK CONSTRAINT; Schema: public; Owner: postgres
--

ALTER TABLE ONLY public.user_banks
    ADD CONSTRAINT user_banks_bank_id_02ef65ce_fk_banks_id FOREIGN KEY (bank_id) REFERENCES public.banks(id) DEFERRABLE INITIALLY DEFERRED;


--
-- Name: user_banks user_banks_user_id_f462cb60_fk_accounts_user_id; Type: FK CONSTRAINT; Schema: public; Owner: postgres
--

ALTER TABLE ONLY public.user_banks
    ADD CONSTRAINT user_banks_user_id_f462cb60_fk_accounts_user_id FOREIGN KEY (user_id) REFERENCES public.accounts_user(id) DEFERRABLE INITIALLY DEFERRED;


--
-- Name: voucher_usages voucher_usages_transaction_id_db1862fb_fk_transactions_id; Type: FK CONSTRAINT; Schema: public; Owner: postgres
--

ALTER TABLE ONLY public.voucher_usages
    ADD CONSTRAINT voucher_usages_transaction_id_db1862fb_fk_transactions_id FOREIGN KEY (transaction_id) REFERENCES public.transactions(id) DEFERRABLE INITIALLY DEFERRED;


--
-- Name: voucher_usages voucher_usages_user_id_77b95d1c_fk_accounts_user_id; Type: FK CONSTRAINT; Schema: public; Owner: postgres
--

ALTER TABLE ONLY public.voucher_usages
    ADD CONSTRAINT voucher_usages_user_id_77b95d1c_fk_accounts_user_id FOREIGN KEY (user_id) REFERENCES public.accounts_user(id) DEFERRABLE INITIALLY DEFERRED;


--
-- Name: voucher_usages voucher_usages_voucher_id_717e9ac6_fk_vouchers_id; Type: FK CONSTRAINT; Schema: public; Owner: postgres
--

ALTER TABLE ONLY public.voucher_usages
    ADD CONSTRAINT voucher_usages_voucher_id_717e9ac6_fk_vouchers_id FOREIGN KEY (voucher_id) REFERENCES public.vouchers(id) DEFERRABLE INITIALLY DEFERRED;


--
-- Name: withdrawal_jayapay withdrawal_jayapay_withdrawal_id_cda2e873_fk_withdrawals_id; Type: FK CONSTRAINT; Schema: public; Owner: postgres
--

ALTER TABLE ONLY public.withdrawal_jayapay
    ADD CONSTRAINT withdrawal_jayapay_withdrawal_id_cda2e873_fk_withdrawals_id FOREIGN KEY (withdrawal_id) REFERENCES public.withdrawals(id) DEFERRABLE INITIALLY DEFERRED;


--
-- Name: withdrawal_settings withdrawal_settings_required_product_id_b3a97a5a_fk_products_id; Type: FK CONSTRAINT; Schema: public; Owner: postgres
--

ALTER TABLE ONLY public.withdrawal_settings
    ADD CONSTRAINT withdrawal_settings_required_product_id_b3a97a5a_fk_products_id FOREIGN KEY (required_product_id) REFERENCES public.products(id) DEFERRABLE INITIALLY DEFERRED;


--
-- Name: withdrawals withdrawals_bank_account_id_08139113_fk_user_banks_id; Type: FK CONSTRAINT; Schema: public; Owner: postgres
--

ALTER TABLE ONLY public.withdrawals
    ADD CONSTRAINT withdrawals_bank_account_id_08139113_fk_user_banks_id FOREIGN KEY (bank_account_id) REFERENCES public.user_banks(id) DEFERRABLE INITIALLY DEFERRED;


--
-- Name: withdrawals withdrawals_transaction_id_8c683100_fk_transactions_id; Type: FK CONSTRAINT; Schema: public; Owner: postgres
--

ALTER TABLE ONLY public.withdrawals
    ADD CONSTRAINT withdrawals_transaction_id_8c683100_fk_transactions_id FOREIGN KEY (transaction_id) REFERENCES public.transactions(id) DEFERRABLE INITIALLY DEFERRED;


--
-- Name: withdrawals withdrawals_user_id_2bbaba4d_fk_accounts_user_id; Type: FK CONSTRAINT; Schema: public; Owner: postgres
--

ALTER TABLE ONLY public.withdrawals
    ADD CONSTRAINT withdrawals_user_id_2bbaba4d_fk_accounts_user_id FOREIGN KEY (user_id) REFERENCES public.accounts_user(id) DEFERRABLE INITIALLY DEFERRED;


--
-- Name: withdrawals withdrawals_withdrawal_service_i_6b45f209_fk_withdrawa; Type: FK CONSTRAINT; Schema: public; Owner: postgres
--

ALTER TABLE ONLY public.withdrawals
    ADD CONSTRAINT withdrawals_withdrawal_service_i_6b45f209_fk_withdrawa FOREIGN KEY (withdrawal_service_id) REFERENCES public.withdrawal_services(id) DEFERRABLE INITIALLY DEFERRED;


--
-- PostgreSQL database dump complete
--

\unrestrict wxodOITxq63uDm0Sh7PWyFdJSyMdGNpCoCpW0IG64w9Is4LWPyd2WRJkb0t2FVk

