--
-- PostgreSQL database dump
--

\restrict KeF9BVSabasIP6yQXDV7xxj3QXFj5YbgqvpnYuFYQK4kjXvwYwrRumm6ax6hvuK

-- Dumped from database version 18.0
-- Dumped by pg_dump version 18.0

SET statement_timeout = 0;
SET lock_timeout = 0;
SET idle_in_transaction_session_timeout = 0;
SET transaction_timeout = 0;
SET client_encoding = 'UTF8';
SET standard_conforming_strings = on;
SELECT pg_catalog.set_config('search_path', '', false);
SET check_function_bodies = false;
SET xmloption = content;
SET client_min_messages = warning;
SET row_security = off;

SET default_tablespace = '';

SET default_table_access_method = heap;

--
-- Name: accounts_generalsetting; Type: TABLE; Schema: public; Owner: postgres
--

CREATE TABLE public.accounts_generalsetting (
    id bigint NOT NULL,
    referral_code_length integer NOT NULL,
    referral_code_case character varying(20) NOT NULL,
    exclude_similar_chars boolean NOT NULL,
    created_at timestamp with time zone NOT NULL,
    updated_at timestamp with time zone NOT NULL,
    referral_code_pattern character varying(100),
    auto_login_on_register boolean NOT NULL,
    rank_basis character varying(20) NOT NULL,
    rank_count_levels_upto smallint NOT NULL,
    rank_use_missions boolean NOT NULL,
    rank_use_downlines_total boolean NOT NULL,
    rank_use_downlines_active boolean NOT NULL,
    registration_bonus_amount numeric(15,2) NOT NULL,
    registration_bonus_enabled boolean NOT NULL,
    registration_bonus_wallet character varying(20) NOT NULL,
    otp_enabled boolean NOT NULL,
    verifyway_api_key character varying(255) NOT NULL,
    whatsapp_check_enabled boolean NOT NULL,
    checknumber_api_key character varying(255) NOT NULL,
    verifynow_api_key character varying(255) NOT NULL,
    verifynow_customer_id character varying(255) NOT NULL,
    CONSTRAINT accounts_generalsetting_rank_count_levels_upto_check CHECK ((rank_count_levels_upto >= 0)),
    CONSTRAINT accounts_generalsetting_referral_code_length_check CHECK ((referral_code_length >= 0))
);


ALTER TABLE public.accounts_generalsetting OWNER TO postgres;

--
-- Name: accounts_generalsetting_id_seq; Type: SEQUENCE; Schema: public; Owner: postgres
--

ALTER TABLE public.accounts_generalsetting ALTER COLUMN id ADD GENERATED BY DEFAULT AS IDENTITY (
    SEQUENCE NAME public.accounts_generalsetting_id_seq
    START WITH 1
    INCREMENT BY 1
    NO MINVALUE
    NO MAXVALUE
    CACHE 1
);


--
-- Name: accounts_phoneotp; Type: TABLE; Schema: public; Owner: postgres
--

CREATE TABLE public.accounts_phoneotp (
    id bigint NOT NULL,
    phone character varying(20) NOT NULL,
    otp_code character varying(6),
    created_at timestamp with time zone NOT NULL,
    verified boolean NOT NULL,
    verification_id character varying(100)
);


ALTER TABLE public.accounts_phoneotp OWNER TO postgres;

--
-- Name: accounts_phoneotp_id_seq; Type: SEQUENCE; Schema: public; Owner: postgres
--

ALTER TABLE public.accounts_phoneotp ALTER COLUMN id ADD GENERATED BY DEFAULT AS IDENTITY (
    SEQUENCE NAME public.accounts_phoneotp_id_seq
    START WITH 1
    INCREMENT BY 1
    NO MINVALUE
    NO MAXVALUE
    CACHE 1
);


--
-- Name: accounts_user; Type: TABLE; Schema: public; Owner: postgres
--

CREATE TABLE public.accounts_user (
    id bigint NOT NULL,
    password character varying(128) NOT NULL,
    last_login timestamp with time zone,
    is_superuser boolean NOT NULL,
    username character varying(150) NOT NULL,
    first_name character varying(150) NOT NULL,
    last_name character varying(150) NOT NULL,
    is_staff boolean NOT NULL,
    is_active boolean NOT NULL,
    date_joined timestamp with time zone NOT NULL,
    email character varying(254) NOT NULL,
    full_name character varying(255) NOT NULL,
    phone character varying(15) NOT NULL,
    balance numeric(15,2) NOT NULL,
    balance_deposit numeric(15,2) NOT NULL,
    banned_status boolean NOT NULL,
    referral_code character varying(20),
    rank smallint,
    is_account_non_expired boolean NOT NULL,
    is_account_non_locked boolean NOT NULL,
    is_credentials_non_expired boolean NOT NULL,
    is_enabled boolean NOT NULL,
    created_at timestamp with time zone NOT NULL,
    updated_at timestamp with time zone NOT NULL,
    referral_by_id bigint,
    withdraw_pin character varying(128),
    last_login_ip inet,
    CONSTRAINT accounts_user_rank_56660d3c_check CHECK ((rank >= 0))
);


ALTER TABLE public.accounts_user OWNER TO postgres;

--
-- Name: accounts_user_groups; Type: TABLE; Schema: public; Owner: postgres
--

CREATE TABLE public.accounts_user_groups (
    id bigint NOT NULL,
    user_id bigint NOT NULL,
    group_id integer NOT NULL
);


ALTER TABLE public.accounts_user_groups OWNER TO postgres;

--
-- Name: accounts_user_groups_id_seq; Type: SEQUENCE; Schema: public; Owner: postgres
--

ALTER TABLE public.accounts_user_groups ALTER COLUMN id ADD GENERATED BY DEFAULT AS IDENTITY (
    SEQUENCE NAME public.accounts_user_groups_id_seq
    START WITH 1
    INCREMENT BY 1
    NO MINVALUE
    NO MAXVALUE
    CACHE 1
);


--
-- Name: accounts_user_id_seq; Type: SEQUENCE; Schema: public; Owner: postgres
--

ALTER TABLE public.accounts_user ALTER COLUMN id ADD GENERATED BY DEFAULT AS IDENTITY (
    SEQUENCE NAME public.accounts_user_id_seq
    START WITH 1
    INCREMENT BY 1
    NO MINVALUE
    NO MAXVALUE
    CACHE 1
);


--
-- Name: accounts_user_user_permissions; Type: TABLE; Schema: public; Owner: postgres
--

CREATE TABLE public.accounts_user_user_permissions (
    id bigint NOT NULL,
    user_id bigint NOT NULL,
    permission_id integer NOT NULL
);


ALTER TABLE public.accounts_user_user_permissions OWNER TO postgres;

--
-- Name: accounts_user_user_permissions_id_seq; Type: SEQUENCE; Schema: public; Owner: postgres
--

ALTER TABLE public.accounts_user_user_permissions ALTER COLUMN id ADD GENERATED BY DEFAULT AS IDENTITY (
    SEQUENCE NAME public.accounts_user_user_permissions_id_seq
    START WITH 1
    INCREMENT BY 1
    NO MINVALUE
    NO MAXVALUE
    CACHE 1
);


--
-- Name: accounts_useraddress; Type: TABLE; Schema: public; Owner: postgres
--

CREATE TABLE public.accounts_useraddress (
    id bigint NOT NULL,
    recipient_name character varying(255) NOT NULL,
    phone_number character varying(20) NOT NULL,
    address_details text NOT NULL,
    house_number character varying(50),
    is_primary boolean NOT NULL,
    created_at timestamp with time zone NOT NULL,
    updated_at timestamp with time zone NOT NULL,
    user_id bigint NOT NULL
);


ALTER TABLE public.accounts_useraddress OWNER TO postgres;

--
-- Name: accounts_useraddress_id_seq; Type: SEQUENCE; Schema: public; Owner: postgres
--

ALTER TABLE public.accounts_useraddress ALTER COLUMN id ADD GENERATED BY DEFAULT AS IDENTITY (
    SEQUENCE NAME public.accounts_useraddress_id_seq
    START WITH 1
    INCREMENT BY 1
    NO MINVALUE
    NO MAXVALUE
    CACHE 1
);


--
-- Name: attendance_logs; Type: TABLE; Schema: public; Owner: postgres
--

CREATE TABLE public.attendance_logs (
    id bigint NOT NULL,
    date date NOT NULL,
    streak_count integer NOT NULL,
    amount numeric(15,2) NOT NULL,
    created_at timestamp with time zone NOT NULL,
    user_id bigint NOT NULL
);


ALTER TABLE public.attendance_logs OWNER TO postgres;

--
-- Name: attendance_logs_id_seq; Type: SEQUENCE; Schema: public; Owner: postgres
--

ALTER TABLE public.attendance_logs ALTER COLUMN id ADD GENERATED BY DEFAULT AS IDENTITY (
    SEQUENCE NAME public.attendance_logs_id_seq
    START WITH 1
    INCREMENT BY 1
    NO MINVALUE
    NO MAXVALUE
    CACHE 1
);


--
-- Name: attendance_settings; Type: TABLE; Schema: public; Owner: postgres
--

CREATE TABLE public.attendance_settings (
    id bigint NOT NULL,
    balance_source character varying(20) NOT NULL,
    reward_type character varying(20) NOT NULL,
    fixed_amount numeric(15,2),
    min_amount numeric(15,2) NOT NULL,
    max_amount numeric(15,2) NOT NULL,
    consecutive_bonus_enabled boolean NOT NULL,
    bonus_7_days numeric(15,2) NOT NULL,
    bonus_30_days numeric(15,2) NOT NULL,
    is_active boolean NOT NULL,
    created_at timestamp with time zone NOT NULL,
    updated_at timestamp with time zone NOT NULL,
    rank_rewards jsonb NOT NULL,
    daily_cycle_days integer NOT NULL,
    daily_rewards jsonb NOT NULL
);


ALTER TABLE public.attendance_settings OWNER TO postgres;

--
-- Name: attendance_settings_id_seq; Type: SEQUENCE; Schema: public; Owner: postgres
--

ALTER TABLE public.attendance_settings ALTER COLUMN id ADD GENERATED BY DEFAULT AS IDENTITY (
    SEQUENCE NAME public.attendance_settings_id_seq
    START WITH 1
    INCREMENT BY 1
    NO MINVALUE
    NO MAXVALUE
    CACHE 1
);


--
-- Name: auth_group; Type: TABLE; Schema: public; Owner: postgres
--

CREATE TABLE public.auth_group (
    id integer NOT NULL,
    name character varying(150) NOT NULL
);


ALTER TABLE public.auth_group OWNER TO postgres;

--
-- Name: auth_group_id_seq; Type: SEQUENCE; Schema: public; Owner: postgres
--

ALTER TABLE public.auth_group ALTER COLUMN id ADD GENERATED BY DEFAULT AS IDENTITY (
    SEQUENCE NAME public.auth_group_id_seq
    START WITH 1
    INCREMENT BY 1
    NO MINVALUE
    NO MAXVALUE
    CACHE 1
);


--
-- Name: auth_group_permissions; Type: TABLE; Schema: public; Owner: postgres
--

CREATE TABLE public.auth_group_permissions (
    id bigint NOT NULL,
    group_id integer NOT NULL,
    permission_id integer NOT NULL
);


ALTER TABLE public.auth_group_permissions OWNER TO postgres;

--
-- Name: auth_group_permissions_id_seq; Type: SEQUENCE; Schema: public; Owner: postgres
--

ALTER TABLE public.auth_group_permissions ALTER COLUMN id ADD GENERATED BY DEFAULT AS IDENTITY (
    SEQUENCE NAME public.auth_group_permissions_id_seq
    START WITH 1
    INCREMENT BY 1
    NO MINVALUE
    NO MAXVALUE
    CACHE 1
);


--
-- Name: auth_permission; Type: TABLE; Schema: public; Owner: postgres
--

CREATE TABLE public.auth_permission (
    id integer NOT NULL,
    name character varying(255) NOT NULL,
    content_type_id integer NOT NULL,
    codename character varying(100) NOT NULL
);


ALTER TABLE public.auth_permission OWNER TO postgres;

--
-- Name: auth_permission_id_seq; Type: SEQUENCE; Schema: public; Owner: postgres
--

ALTER TABLE public.auth_permission ALTER COLUMN id ADD GENERATED BY DEFAULT AS IDENTITY (
    SEQUENCE NAME public.auth_permission_id_seq
    START WITH 1
    INCREMENT BY 1
    NO MINVALUE
    NO MAXVALUE
    CACHE 1
);


--
-- Name: authtoken_token; Type: TABLE; Schema: public; Owner: postgres
--

CREATE TABLE public.authtoken_token (
    key character varying(40) NOT NULL,
    created timestamp with time zone NOT NULL,
    user_id bigint NOT NULL
);


ALTER TABLE public.authtoken_token OWNER TO postgres;

--
-- Name: bank_settings; Type: TABLE; Schema: public; Owner: postgres
--

CREATE TABLE public.bank_settings (
    id bigint NOT NULL,
    max_banks_per_user smallint NOT NULL,
    created_at timestamp with time zone NOT NULL,
    updated_at timestamp with time zone NOT NULL,
    CONSTRAINT bank_settings_max_banks_per_user_check CHECK ((max_banks_per_user >= 0))
);


ALTER TABLE public.bank_settings OWNER TO postgres;

--
-- Name: bank_settings_id_seq; Type: SEQUENCE; Schema: public; Owner: postgres
--

ALTER TABLE public.bank_settings ALTER COLUMN id ADD GENERATED BY DEFAULT AS IDENTITY (
    SEQUENCE NAME public.bank_settings_id_seq
    START WITH 1
    INCREMENT BY 1
    NO MINVALUE
    NO MAXVALUE
    CACHE 1
);


--
-- Name: banks; Type: TABLE; Schema: public; Owner: postgres
--

CREATE TABLE public.banks (
    id bigint NOT NULL,
    code character varying(50) NOT NULL,
    name character varying(100) NOT NULL,
    is_active boolean NOT NULL,
    logo character varying(200),
    min_withdrawal numeric(15,2) NOT NULL,
    max_withdrawal numeric(15,2) NOT NULL,
    withdrawal_fee numeric(7,2) NOT NULL,
    processing_time smallint NOT NULL,
    created_at timestamp with time zone NOT NULL,
    updated_at timestamp with time zone NOT NULL,
    CONSTRAINT banks_processing_time_check CHECK ((processing_time >= 0))
);


ALTER TABLE public.banks OWNER TO postgres;

--
-- Name: banks_id_seq; Type: SEQUENCE; Schema: public; Owner: postgres
--

ALTER TABLE public.banks ALTER COLUMN id ADD GENERATED BY DEFAULT AS IDENTITY (
    SEQUENCE NAME public.banks_id_seq
    START WITH 1
    INCREMENT BY 1
    NO MINVALUE
    NO MAXVALUE
    CACHE 1
);


--
-- Name: claim_history; Type: TABLE; Schema: public; Owner: postgres
--

CREATE TABLE public.claim_history (
    id bigint NOT NULL,
    claim_amount numeric(15,2) NOT NULL,
    claim_type character varying(20) NOT NULL,
    status character varying(20) NOT NULL,
    claim_number integer NOT NULL,
    remaining_days_at_claim integer NOT NULL,
    total_claimed_before numeric(15,2) NOT NULL,
    notes text NOT NULL,
    created_at timestamp with time zone NOT NULL,
    investment_id bigint NOT NULL,
    transaction_id bigint,
    user_id bigint NOT NULL
);


ALTER TABLE public.claim_history OWNER TO postgres;

--
-- Name: claim_history_id_seq; Type: SEQUENCE; Schema: public; Owner: postgres
--

ALTER TABLE public.claim_history ALTER COLUMN id ADD GENERATED BY DEFAULT AS IDENTITY (
    SEQUENCE NAME public.claim_history_id_seq
    START WITH 1
    INCREMENT BY 1
    NO MINVALUE
    NO MAXVALUE
    CACHE 1
);


--
-- Name: deposits; Type: TABLE; Schema: public; Owner: postgres
--

CREATE TABLE public.deposits (
    id bigint NOT NULL,
    gateway character varying(20) NOT NULL,
    order_num character varying(60) NOT NULL,
    amount numeric(15,2) NOT NULL,
    wallet_type character varying(20) NOT NULL,
    status character varying(20) NOT NULL,
    payment_url character varying(500) NOT NULL,
    request_params jsonb NOT NULL,
    response_payload jsonb,
    callback_payload jsonb,
    callback_at timestamp with time zone,
    created_at timestamp with time zone NOT NULL,
    updated_at timestamp with time zone NOT NULL,
    transaction_id bigint,
    user_id bigint NOT NULL
);


ALTER TABLE public.deposits OWNER TO postgres;

--
-- Name: deposits_gatewaysettings; Type: TABLE; Schema: public; Owner: postgres
--

CREATE TABLE public.deposits_gatewaysettings (
    id bigint NOT NULL,
    default_wallet_type character varying(20) NOT NULL,
    app_domain character varying(255) NOT NULL,
    jayapay_enabled boolean NOT NULL,
    klikpay_enabled boolean NOT NULL,
    jayapay_merchant_code character varying(100) NOT NULL,
    jayapay_private_key text NOT NULL,
    jayapay_public_key text NOT NULL,
    klikpay_api_url character varying(255) NOT NULL,
    klikpay_merchant_code character varying(100) NOT NULL,
    klikpay_secret_key character varying(255) NOT NULL,
    klikpay_public_key text NOT NULL,
    updated_at timestamp with time zone NOT NULL,
    jayapay_api_url character varying(255) NOT NULL,
    jayapay_callback_path character varying(255) NOT NULL,
    jayapay_redirect_url character varying(255) NOT NULL,
    klikpay_private_key text NOT NULL,
    klikpay_callback_path character varying(255) NOT NULL,
    klikpay_redirect_url character varying(255) NOT NULL
);


ALTER TABLE public.deposits_gatewaysettings OWNER TO postgres;

--
-- Name: deposits_gatewaysettings_id_seq; Type: SEQUENCE; Schema: public; Owner: postgres
--

ALTER TABLE public.deposits_gatewaysettings ALTER COLUMN id ADD GENERATED BY DEFAULT AS IDENTITY (
    SEQUENCE NAME public.deposits_gatewaysettings_id_seq
    START WITH 1
    INCREMENT BY 1
    NO MINVALUE
    NO MAXVALUE
    CACHE 1
);


--
-- Name: deposits_id_seq; Type: SEQUENCE; Schema: public; Owner: postgres
--

ALTER TABLE public.deposits ALTER COLUMN id ADD GENERATED BY DEFAULT AS IDENTITY (
    SEQUENCE NAME public.deposits_id_seq
    START WITH 1
    INCREMENT BY 1
    NO MINVALUE
    NO MAXVALUE
    CACHE 1
);


--
-- Name: django_admin_log; Type: TABLE; Schema: public; Owner: postgres
--

CREATE TABLE public.django_admin_log (
    id integer NOT NULL,
    action_time timestamp with time zone NOT NULL,
    object_id text,
    object_repr character varying(200) NOT NULL,
    action_flag smallint NOT NULL,
    change_message text NOT NULL,
    content_type_id integer,
    user_id bigint NOT NULL,
    CONSTRAINT django_admin_log_action_flag_check CHECK ((action_flag >= 0))
);


ALTER TABLE public.django_admin_log OWNER TO postgres;

--
-- Name: django_admin_log_id_seq; Type: SEQUENCE; Schema: public; Owner: postgres
--

ALTER TABLE public.django_admin_log ALTER COLUMN id ADD GENERATED BY DEFAULT AS IDENTITY (
    SEQUENCE NAME public.django_admin_log_id_seq
    START WITH 1
    INCREMENT BY 1
    NO MINVALUE
    NO MAXVALUE
    CACHE 1
);


--
-- Name: django_content_type; Type: TABLE; Schema: public; Owner: postgres
--

CREATE TABLE public.django_content_type (
    id integer NOT NULL,
    app_label character varying(100) NOT NULL,
    model character varying(100) NOT NULL
);


ALTER TABLE public.django_content_type OWNER TO postgres;

--
-- Name: django_content_type_id_seq; Type: SEQUENCE; Schema: public; Owner: postgres
--

ALTER TABLE public.django_content_type ALTER COLUMN id ADD GENERATED BY DEFAULT AS IDENTITY (
    SEQUENCE NAME public.django_content_type_id_seq
    START WITH 1
    INCREMENT BY 1
    NO MINVALUE
    NO MAXVALUE
    CACHE 1
);


--
-- Name: django_migrations; Type: TABLE; Schema: public; Owner: postgres
--

CREATE TABLE public.django_migrations (
    id bigint NOT NULL,
    app character varying(255) NOT NULL,
    name character varying(255) NOT NULL,
    applied timestamp with time zone NOT NULL
);


ALTER TABLE public.django_migrations OWNER TO postgres;

--
-- Name: django_migrations_id_seq; Type: SEQUENCE; Schema: public; Owner: postgres
--

ALTER TABLE public.django_migrations ALTER COLUMN id ADD GENERATED BY DEFAULT AS IDENTITY (
    SEQUENCE NAME public.django_migrations_id_seq
    START WITH 1
    INCREMENT BY 1
    NO MINVALUE
    NO MAXVALUE
    CACHE 1
);


--
-- Name: django_session; Type: TABLE; Schema: public; Owner: postgres
--

CREATE TABLE public.django_session (
    session_key character varying(40) NOT NULL,
    session_data text NOT NULL,
    expire_date timestamp with time zone NOT NULL
);


ALTER TABLE public.django_session OWNER TO postgres;

--
-- Name: investments; Type: TABLE; Schema: public; Owner: postgres
--

CREATE TABLE public.investments (
    id bigint NOT NULL,
    quantity integer NOT NULL,
    total_amount numeric(15,2) NOT NULL,
    profit_type character varying(20) NOT NULL,
    profit_rate numeric(16,2) NOT NULL,
    profit_method character varying(20) NOT NULL,
    claim_reset_mode character varying(20) NOT NULL,
    duration_days integer NOT NULL,
    remaining_days integer NOT NULL,
    expires_at timestamp with time zone NOT NULL,
    last_claim_time timestamp with time zone,
    next_claim_time timestamp with time zone,
    total_claimed_profit numeric(15,2) NOT NULL,
    status character varying(20) NOT NULL,
    created_at timestamp with time zone NOT NULL,
    updated_at timestamp with time zone NOT NULL,
    product_id bigint NOT NULL,
    transaction_id bigint NOT NULL,
    user_id bigint NOT NULL,
    claims_count integer NOT NULL,
    claims_remaining integer NOT NULL,
    first_claim_time timestamp with time zone,
    last_claim_amount numeric(15,2) NOT NULL,
    total_claimed_amount numeric(15,2) NOT NULL,
    profit_random_max numeric(16,2),
    profit_random_min numeric(16,2)
);


ALTER TABLE public.investments OWNER TO postgres;

--
-- Name: investments_id_seq; Type: SEQUENCE; Schema: public; Owner: postgres
--

ALTER TABLE public.investments ALTER COLUMN id ADD GENERATED BY DEFAULT AS IDENTITY (
    SEQUENCE NAME public.investments_id_seq
    START WITH 1
    INCREMENT BY 1
    NO MINVALUE
    NO MAXVALUE
    CACHE 1
);


--
-- Name: mission_user_states; Type: TABLE; Schema: public; Owner: postgres
--

CREATE TABLE public.mission_user_states (
    id bigint NOT NULL,
    claimed_count integer NOT NULL,
    last_claimed_at timestamp with time zone,
    created_at timestamp with time zone NOT NULL,
    updated_at timestamp with time zone NOT NULL,
    mission_id bigint NOT NULL,
    user_id bigint NOT NULL,
    CONSTRAINT mission_user_states_claimed_count_check CHECK ((claimed_count >= 0))
);


ALTER TABLE public.mission_user_states OWNER TO postgres;

--
-- Name: mission_user_states_id_seq; Type: SEQUENCE; Schema: public; Owner: postgres
--

ALTER TABLE public.mission_user_states ALTER COLUMN id ADD GENERATED BY DEFAULT AS IDENTITY (
    SEQUENCE NAME public.mission_user_states_id_seq
    START WITH 1
    INCREMENT BY 1
    NO MINVALUE
    NO MAXVALUE
    CACHE 1
);


--
-- Name: missions; Type: TABLE; Schema: public; Owner: postgres
--

CREATE TABLE public.missions (
    id bigint NOT NULL,
    description character varying(255) NOT NULL,
    is_active boolean NOT NULL,
    is_repeatable boolean NOT NULL,
    level smallint,
    type character varying(20) NOT NULL,
    requirement integer NOT NULL,
    reward numeric(15,2) NOT NULL,
    reward_balance_type character varying(20) NOT NULL,
    referral_levels jsonb NOT NULL,
    created_at timestamp with time zone NOT NULL,
    updated_at timestamp with time zone NOT NULL,
    title character varying(100) NOT NULL,
    CONSTRAINT missions_level_check CHECK ((level >= 0)),
    CONSTRAINT missions_requirement_check CHECK ((requirement >= 0))
);


ALTER TABLE public.missions OWNER TO postgres;

--
-- Name: missions_id_seq; Type: SEQUENCE; Schema: public; Owner: postgres
--

ALTER TABLE public.missions ALTER COLUMN id ADD GENERATED BY DEFAULT AS IDENTITY (
    SEQUENCE NAME public.missions_id_seq
    START WITH 1
    INCREMENT BY 1
    NO MINVALUE
    NO MAXVALUE
    CACHE 1
);


--
-- Name: news_news; Type: TABLE; Schema: public; Owner: postgres
--

CREATE TABLE public.news_news (
    id bigint NOT NULL,
    title character varying(200) NOT NULL,
    slug character varying(220) NOT NULL,
    body text NOT NULL,
    is_published boolean NOT NULL,
    published_at timestamp with time zone NOT NULL,
    updated_at timestamp with time zone NOT NULL,
    image character varying(100)
);


ALTER TABLE public.news_news OWNER TO postgres;

--
-- Name: news_news_id_seq; Type: SEQUENCE; Schema: public; Owner: postgres
--

ALTER TABLE public.news_news ALTER COLUMN id ADD GENERATED BY DEFAULT AS IDENTITY (
    SEQUENCE NAME public.news_news_id_seq
    START WITH 1
    INCREMENT BY 1
    NO MINVALUE
    NO MAXVALUE
    CACHE 1
);


--
-- Name: products; Type: TABLE; Schema: public; Owner: postgres
--

CREATE TABLE public.products (
    id bigint NOT NULL,
    name character varying(255) NOT NULL,
    description text NOT NULL,
    price numeric(16,2) NOT NULL,
    status integer NOT NULL,
    purchase_limit integer NOT NULL,
    stock integer NOT NULL,
    stock_enabled boolean NOT NULL,
    profit_type character varying(20) NOT NULL,
    profit_rate numeric(16,2) NOT NULL,
    profit_method character varying(20) NOT NULL,
    duration integer NOT NULL,
    balance_source character varying(20) NOT NULL,
    claim_reset_mode character varying(20) NOT NULL,
    claim_reset_hours integer,
    image character varying(100),
    specifications text NOT NULL,
    created_at timestamp with time zone NOT NULL,
    updated_at timestamp with time zone NOT NULL,
    cashback_enabled boolean NOT NULL,
    cashback_percentage numeric(5,2) NOT NULL,
    custom_field_10_content text,
    custom_field_10_title character varying(255),
    custom_field_1_content text,
    custom_field_1_title character varying(255),
    custom_field_2_content text,
    custom_field_2_title character varying(255),
    custom_field_3_content text,
    custom_field_3_title character varying(255),
    custom_field_4_content text,
    custom_field_4_title character varying(255),
    custom_field_5_content text,
    custom_field_5_title character varying(255),
    custom_field_6_content text,
    custom_field_6_title character varying(255),
    custom_field_7_content text,
    custom_field_7_title character varying(255),
    custom_field_8_content text,
    custom_field_8_title character varying(255),
    custom_field_9_content text,
    custom_field_9_title character varying(255),
    max_purchase_count integer NOT NULL,
    profit_rebate_level_1 numeric(10,2) NOT NULL,
    profit_rebate_level_2 numeric(10,2) NOT NULL,
    profit_rebate_level_3 numeric(10,2) NOT NULL,
    profit_rebate_level_4 numeric(10,2) NOT NULL,
    profit_rebate_level_5 numeric(10,2) NOT NULL,
    purchase_rebate_level_1 numeric(10,2) NOT NULL,
    purchase_rebate_level_2 numeric(10,2) NOT NULL,
    purchase_rebate_level_3 numeric(10,2) NOT NULL,
    purchase_rebate_level_4 numeric(10,2) NOT NULL,
    purchase_rebate_level_5 numeric(10,2) NOT NULL,
    require_upline_ownership_for_commissions boolean NOT NULL,
    profit_random_max numeric(16,2),
    profit_random_min numeric(16,2)
);


ALTER TABLE public.products OWNER TO postgres;

--
-- Name: products_id_seq; Type: SEQUENCE; Schema: public; Owner: postgres
--

ALTER TABLE public.products ALTER COLUMN id ADD GENERATED BY DEFAULT AS IDENTITY (
    SEQUENCE NAME public.products_id_seq
    START WITH 1
    INCREMENT BY 1
    NO MINVALUE
    NO MAXVALUE
    CACHE 1
);


--
-- Name: rank_levels; Type: TABLE; Schema: public; Owner: postgres
--

CREATE TABLE public.rank_levels (
    id bigint NOT NULL,
    rank smallint NOT NULL,
    title character varying(100) NOT NULL,
    missions_required_total integer NOT NULL,
    created_at timestamp with time zone NOT NULL,
    updated_at timestamp with time zone NOT NULL,
    CONSTRAINT rank_levels_missions_required_total_check CHECK ((missions_required_total >= 0)),
    CONSTRAINT rank_levels_rank_check CHECK ((rank >= 0))
);


ALTER TABLE public.rank_levels OWNER TO postgres;

--
-- Name: rank_levels_id_seq; Type: SEQUENCE; Schema: public; Owner: postgres
--

ALTER TABLE public.rank_levels ALTER COLUMN id ADD GENERATED BY DEFAULT AS IDENTITY (
    SEQUENCE NAME public.rank_levels_id_seq
    START WITH 1
    INCREMENT BY 1
    NO MINVALUE
    NO MAXVALUE
    CACHE 1
);


--
-- Name: support_supportchatmessage; Type: TABLE; Schema: public; Owner: postgres
--

CREATE TABLE public.support_supportchatmessage (
    id bigint NOT NULL,
    sender_type character varying(10) NOT NULL,
    message text NOT NULL,
    created_at timestamp with time zone NOT NULL,
    sender_user_id bigint,
    thread_id bigint NOT NULL
);


ALTER TABLE public.support_supportchatmessage OWNER TO postgres;

--
-- Name: support_supportchatmessage_id_seq; Type: SEQUENCE; Schema: public; Owner: postgres
--

ALTER TABLE public.support_supportchatmessage ALTER COLUMN id ADD GENERATED BY DEFAULT AS IDENTITY (
    SEQUENCE NAME public.support_supportchatmessage_id_seq
    START WITH 1
    INCREMENT BY 1
    NO MINVALUE
    NO MAXVALUE
    CACHE 1
);


--
-- Name: support_supportchatthread; Type: TABLE; Schema: public; Owner: postgres
--

CREATE TABLE public.support_supportchatthread (
    id bigint NOT NULL,
    is_closed boolean NOT NULL,
    created_at timestamp with time zone NOT NULL,
    updated_at timestamp with time zone NOT NULL,
    user_id bigint NOT NULL
);


ALTER TABLE public.support_supportchatthread OWNER TO postgres;

--
-- Name: support_supportchatthread_id_seq; Type: SEQUENCE; Schema: public; Owner: postgres
--

ALTER TABLE public.support_supportchatthread ALTER COLUMN id ADD GENERATED BY DEFAULT AS IDENTITY (
    SEQUENCE NAME public.support_supportchatthread_id_seq
    START WITH 1
    INCREMENT BY 1
    NO MINVALUE
    NO MAXVALUE
    CACHE 1
);


--
-- Name: support_supportlink; Type: TABLE; Schema: public; Owner: postgres
--

CREATE TABLE public.support_supportlink (
    id bigint NOT NULL,
    title character varying(100) NOT NULL,
    url character varying(300) NOT NULL,
    platform character varying(20) NOT NULL,
    description text NOT NULL,
    is_active boolean NOT NULL,
    created_at timestamp with time zone NOT NULL,
    updated_at timestamp with time zone NOT NULL,
    icon character varying(100)
);


ALTER TABLE public.support_supportlink OWNER TO postgres;

--
-- Name: support_supportlink_id_seq; Type: SEQUENCE; Schema: public; Owner: postgres
--

ALTER TABLE public.support_supportlink ALTER COLUMN id ADD GENERATED BY DEFAULT AS IDENTITY (
    SEQUENCE NAME public.support_supportlink_id_seq
    START WITH 1
    INCREMENT BY 1
    NO MINVALUE
    NO MAXVALUE
    CACHE 1
);


--
-- Name: transactions; Type: TABLE; Schema: public; Owner: postgres
--

CREATE TABLE public.transactions (
    id bigint NOT NULL,
    trx_id character varying(50) NOT NULL,
    type character varying(20) NOT NULL,
    amount numeric(15,2) NOT NULL,
    description text NOT NULL,
    status character varying(20) NOT NULL,
    wallet_type character varying(20) NOT NULL,
    investment_quantity integer,
    commission_level integer,
    voucher_id integer,
    voucher_code character varying(50),
    created_at timestamp with time zone NOT NULL,
    product_id bigint,
    related_transaction_id bigint,
    upline_user_id bigint,
    user_id bigint NOT NULL
);


ALTER TABLE public.transactions OWNER TO postgres;

--
-- Name: transactions_id_seq; Type: SEQUENCE; Schema: public; Owner: postgres
--

ALTER TABLE public.transactions ALTER COLUMN id ADD GENERATED BY DEFAULT AS IDENTITY (
    SEQUENCE NAME public.transactions_id_seq
    START WITH 1
    INCREMENT BY 1
    NO MINVALUE
    NO MAXVALUE
    CACHE 1
);


--
-- Name: user_banks; Type: TABLE; Schema: public; Owner: postgres
--

CREATE TABLE public.user_banks (
    id bigint NOT NULL,
    account_name character varying(100) NOT NULL,
    account_number character varying(50) NOT NULL,
    is_default boolean NOT NULL,
    created_at timestamp with time zone NOT NULL,
    updated_at timestamp with time zone NOT NULL,
    bank_id bigint NOT NULL,
    user_id bigint NOT NULL
);


ALTER TABLE public.user_banks OWNER TO postgres;

--
-- Name: user_banks_id_seq; Type: SEQUENCE; Schema: public; Owner: postgres
--

ALTER TABLE public.user_banks ALTER COLUMN id ADD GENERATED BY DEFAULT AS IDENTITY (
    SEQUENCE NAME public.user_banks_id_seq
    START WITH 1
    INCREMENT BY 1
    NO MINVALUE
    NO MAXVALUE
    CACHE 1
);


--
-- Name: voucher_usages; Type: TABLE; Schema: public; Owner: postgres
--

CREATE TABLE public.voucher_usages (
    id bigint NOT NULL,
    voucher_code character varying(50) NOT NULL,
    amount_credited numeric(15,2) NOT NULL,
    amount_received numeric(15,2) NOT NULL,
    balance_type character varying(20) NOT NULL,
    used_at timestamp with time zone NOT NULL,
    transaction_id bigint,
    user_id bigint NOT NULL,
    voucher_id bigint NOT NULL
);


ALTER TABLE public.voucher_usages OWNER TO postgres;

--
-- Name: voucher_usages_id_seq; Type: SEQUENCE; Schema: public; Owner: postgres
--

ALTER TABLE public.voucher_usages ALTER COLUMN id ADD GENERATED BY DEFAULT AS IDENTITY (
    SEQUENCE NAME public.voucher_usages_id_seq
    START WITH 1
    INCREMENT BY 1
    NO MINVALUE
    NO MAXVALUE
    CACHE 1
);


--
-- Name: vouchers; Type: TABLE; Schema: public; Owner: postgres
--

CREATE TABLE public.vouchers (
    id bigint NOT NULL,
    code character varying(50) NOT NULL,
    type character varying(20) NOT NULL,
    amount numeric(15,2) NOT NULL,
    max_amount numeric(15,2) NOT NULL,
    balance_type character varying(20) NOT NULL,
    usage_limit integer NOT NULL,
    used_count integer NOT NULL,
    is_active boolean NOT NULL,
    expires_at timestamp with time zone,
    created_at timestamp with time zone NOT NULL,
    updated_at timestamp with time zone NOT NULL,
    min_amount numeric(15,2) NOT NULL,
    rank_rewards jsonb NOT NULL
);


ALTER TABLE public.vouchers OWNER TO postgres;

--
-- Name: vouchers_id_seq; Type: SEQUENCE; Schema: public; Owner: postgres
--

ALTER TABLE public.vouchers ALTER COLUMN id ADD GENERATED BY DEFAULT AS IDENTITY (
    SEQUENCE NAME public.vouchers_id_seq
    START WITH 1
    INCREMENT BY 1
    NO MINVALUE
    NO MAXVALUE
    CACHE 1
);


--
-- Name: withdrawal_jayapay; Type: TABLE; Schema: public; Owner: postgres
--

CREATE TABLE public.withdrawal_jayapay (
    id bigint NOT NULL,
    request_params jsonb NOT NULL,
    response_payload jsonb NOT NULL,
    created_at timestamp with time zone NOT NULL,
    updated_at timestamp with time zone NOT NULL,
    withdrawal_id bigint NOT NULL
);


ALTER TABLE public.withdrawal_jayapay OWNER TO postgres;

--
-- Name: withdrawal_jayapay_id_seq; Type: SEQUENCE; Schema: public; Owner: postgres
--

ALTER TABLE public.withdrawal_jayapay ALTER COLUMN id ADD GENERATED BY DEFAULT AS IDENTITY (
    SEQUENCE NAME public.withdrawal_jayapay_id_seq
    START WITH 1
    INCREMENT BY 1
    NO MINVALUE
    NO MAXVALUE
    CACHE 1
);


--
-- Name: withdrawal_settings; Type: TABLE; Schema: public; Owner: postgres
--

CREATE TABLE public.withdrawal_settings (
    id bigint NOT NULL,
    is_active boolean NOT NULL,
    require_bank_account boolean NOT NULL,
    minimum_product_quantity integer NOT NULL,
    created_at timestamp with time zone NOT NULL,
    updated_at timestamp with time zone NOT NULL,
    required_product_id bigint,
    balance_source character varying(20) NOT NULL,
    require_pin boolean NOT NULL,
    require_active_investment boolean NOT NULL,
    CONSTRAINT withdrawal_settings_minimum_product_quantity_check CHECK ((minimum_product_quantity >= 0))
);


ALTER TABLE public.withdrawal_settings OWNER TO postgres;

--
-- Name: withdrawal_settings_id_seq; Type: SEQUENCE; Schema: public; Owner: postgres
--

ALTER TABLE public.withdrawal_settings ALTER COLUMN id ADD GENERATED BY DEFAULT AS IDENTITY (
    SEQUENCE NAME public.withdrawal_settings_id_seq
    START WITH 1
    INCREMENT BY 1
    NO MINVALUE
    NO MAXVALUE
    CACHE 1
);


--
-- Name: withdrawals; Type: TABLE; Schema: public; Owner: postgres
--

CREATE TABLE public.withdrawals (
    id bigint NOT NULL,
    amount numeric(15,2) NOT NULL,
    fee numeric(15,2) NOT NULL,
    net_amount numeric(15,2) NOT NULL,
    status character varying(20) NOT NULL,
    note text NOT NULL,
    created_at timestamp with time zone NOT NULL,
    updated_at timestamp with time zone NOT NULL,
    bank_account_id bigint,
    user_id bigint NOT NULL,
    transaction_id bigint
);


ALTER TABLE public.withdrawals OWNER TO postgres;

--
-- Name: withdrawals_id_seq; Type: SEQUENCE; Schema: public; Owner: postgres
--

ALTER TABLE public.withdrawals ALTER COLUMN id ADD GENERATED BY DEFAULT AS IDENTITY (
    SEQUENCE NAME public.withdrawals_id_seq
    START WITH 1
    INCREMENT BY 1
    NO MINVALUE
    NO MAXVALUE
    CACHE 1
);


--
-- Data for Name: accounts_generalsetting; Type: TABLE DATA; Schema: public; Owner: postgres
--

COPY public.accounts_generalsetting (id, referral_code_length, referral_code_case, exclude_similar_chars, created_at, updated_at, referral_code_pattern, auto_login_on_register, rank_basis, rank_count_levels_upto, rank_use_missions, rank_use_downlines_total, rank_use_downlines_active, registration_bonus_amount, registration_bonus_enabled, registration_bonus_wallet, otp_enabled, verifyway_api_key, whatsapp_check_enabled, checknumber_api_key, verifynow_api_key, verifynow_customer_id) FROM stdin;
1	14	numbers_only	t	2025-11-02 06:18:27.670585+07	2026-01-14 10:29:11.48605+07	80157963045816	t	downlines_active	1	f	f	f	0.00	f	balance_deposit	t	1723$foKnjr3jv8g0P4u2Ap5ZeGiXRJX3tF2TdJGf	t	U8fuICmrcJ4HPOsSIhQueciAJHJGcSd7Nzpw6zebcmOu0qH6SxgzQny8VaWP	eyJhbGciOiJIUzUxMiJ9.eyJzdWIiOiJDLUMxMDg2QjY2RDM2MTRGOSIsImlhdCI6MTc2ODMyNDM0OSwiZXhwIjoxOTI2MDA0MzQ5fQ.uv2WVdz1bQI3Upnfet2Jn0q_Uj0W9KFh7WS_1RXSIiPr3K1x3BjO6OmdV_LR_COdBpcwNWxegHXp5e6pU-wjAg	C-C1086B66D3614F9
\.


--
-- Data for Name: accounts_phoneotp; Type: TABLE DATA; Schema: public; Owner: postgres
--

COPY public.accounts_phoneotp (id, phone, otp_code, created_at, verified, verification_id) FROM stdin;
5	+628123456789	\N	2026-01-14 01:29:52.017989+07	f	4275787
\.


--
-- Data for Name: accounts_user; Type: TABLE DATA; Schema: public; Owner: postgres
--

COPY public.accounts_user (id, password, last_login, is_superuser, username, first_name, last_name, is_staff, is_active, date_joined, email, full_name, phone, balance, balance_deposit, banned_status, referral_code, rank, is_account_non_expired, is_account_non_locked, is_credentials_non_expired, is_enabled, created_at, updated_at, referral_by_id, withdraw_pin, last_login_ip) FROM stdin;
15	pbkdf2_sha256$720000$O6IJNgK7m76HdqowbxGZsD$rRgf4W3K/Dukc9WDuWUY5df5H3ooQYc0BAJ0GbkgiGs=	\N	f	r8sga4n631q7ipketcyb			f	t	2025-12-01 16:44:18.493822+07	u6d95uowhwvn5eo0924p@example.com	Sarah Rodriguez	081808368212	0.00	10000.00	f	573636	1	t	t	t	t	2025-12-01 16:44:18.493822+07	2025-12-01 16:44:20.323551+07	14	\N	\N
8	pbkdf2_sha256$720000$xqCnn04nRQsiWvuQQ9d16a$cBF0BDI2E+ootDhXdvMT1Hr28eNTP/jGZM2ru1/jbEc=	\N	f	7gfsl18sda28toeq39t8			f	t	2025-11-30 22:13:33.889116+07	xx6oo1x5mh5nld73urmc@example.com	Emily Rodriguez	85454545454	0.00	0.00	f	872975	1	t	t	t	t	2025-11-30 22:13:33.889116+07	2025-11-30 22:13:34.335498+07	2	\N	\N
13	pbkdf2_sha256$720000$N6PdjKkpdUVweYdFFRQVvj$eZTb/GZPshICsb8LxWrV4CTGaoPIAk4Pgwxgyj4Umiw=	\N	f	7bp2v900sz6fpli193gn			f	t	2025-12-01 08:56:01.115086+07	xf8cghndrdy87shd1dp3@example.com	John Johnson	08123123123	500.00	0.00	f	892699	1	t	t	t	t	2025-12-01 08:56:01.115086+07	2025-12-01 08:59:04.717544+07	9	\N	\N
21	pbkdf2_sha256$720000$4uHPEwNPVIaSJ4eOI62kR2$r0HbKv4X86alXxyp9Z6TaduQED/YhP4txfuPFU+osXg=	\N	f	t5arlw4tldpmw9ozpk12			f	t	2025-12-01 20:06:32.293635+07	pi19c0osm5eqacjiuxd9@example.com	Olivia Miller	08565454524	500.00	10000.00	f	839983	1	t	t	t	t	2025-12-01 20:06:32.293635+07	2025-12-01 20:07:38.91672+07	2	\N	\N
22	pbkdf2_sha256$720000$Xa6GApdERsznvNV990lN0L$eqiJCnJvWA1ZPCqtqJEjMCXtXv1vOVJ6wFjDj2xwiPw=	\N	f	mose5bnstw4bncx54ivi			f	t	2025-12-02 12:30:43.677722+07	rw726uyc19fv1nto1bie@example.com	John Garcia	082122425474	500.00	10000.00	f	723263	1	t	t	t	t	2025-12-02 12:30:43.677722+07	2025-12-02 12:31:36.269429+07	16	\N	\N
12	pbkdf2_sha256$720000$GCHLIQGSZ7yGNKKl8DvpU5$olsRJ2jrcU688kNmuy2rViw9yiXolCO2BFH5F+y3bsI=	\N	f	qz8ca8njj44a45tmnx8j			f	t	2025-11-30 22:52:09.029956+07	m3nyn8w5h28wuvtl7riz@example.com	John Davis	8876484616	0.00	0.00	f	525787	1	t	t	t	t	2025-11-30 22:52:09.029956+07	2025-11-30 22:52:09.539224+07	9	\N	\N
20	pbkdf2_sha256$720000$1TqxXh0eV0fqDUnTksjPEX$JE8cRBXWde2EN4H8bzLNCxkgFm5Fs9k3V3GTLMRptFc=	\N	f	wfpu31ocepfcfrqo2xlr			f	t	2025-12-01 18:53:48.361079+07	urrbpr80zcvjj02c1t7s@example.com	Olivia Miller	085744572424	0.00	10000.00	f	634386	1	t	t	t	t	2025-12-01 18:53:48.361079+07	2025-12-01 18:53:48.812148+07	2	\N	\N
23	pbkdf2_sha256$720000$hJRYgFYf91vmVGlEIaa2ru$XcmmV5HeXwUDmEFx7S43kyN5u10j8wZL0mzjuoHMPHE=	\N	f	gydsymqazqni0nkwusgx			f	t	2025-12-02 17:53:34.347218+07	h9f4bg6jnt16c0nbslb6@example.com	Sarah Rodriguez	083812591985	84250.00	10000.00	f	44676792	3	t	t	t	t	2025-12-02 17:53:34.347218+07	2025-12-02 20:33:26.514175+07	19	\N	\N
27	pbkdf2_sha256$720000$2rObwkFLYeCieiv0JQn2fS$wW8t8Hze/wqhil/rw+M/nOeYf2Z9o9XeuxV48IOpXMs=	\N	f	owpp83s8imd4s2rzk9fc			f	t	2025-12-02 18:02:42.376133+07	jf5hysfglpmii9cr33il@example.com	Sarah Smith	85761846461916	0.00	10000.00	f	58964267	1	t	t	t	t	2025-12-02 18:02:42.376133+07	2025-12-02 18:02:42.799375+07	23	\N	\N
31	pbkdf2_sha256$720000$yhYySdf71yFMjs1T2AvqOj$xtiJ2HtEv+v3jrfftngaPF4nM3T3RGRwmwehx0FRdHY=	\N	f	fum6vitm7zdlyfoof0ox			f	t	2025-12-02 21:53:20.950321+07	j8ypp0gya2s3tcekjdzp@example.com	John Williams	875131846186	0.00	10000.00	f	45238734	1	t	t	t	t	2025-12-02 21:53:20.950321+07	2025-12-02 21:53:21.498545+07	23	\N	\N
18	pbkdf2_sha256$720000$u22l8y4RVQ9OSjntggvddb$DFR9HJzqZVwBE3g/o9vf1n+XrQMZwiKmWs35wLxG2tE=	\N	f	c9sepy64kyciw4osybmh			f	t	2025-12-01 17:37:08.675918+07	soplgjduljsrgp7b7l56@example.com	Sarah Brown	082122425472	117000.00	0.00	f	868355	1	t	t	t	t	2025-12-01 17:37:08.675918+07	2026-01-11 20:52:36.150772+07	16	\N	\N
24	pbkdf2_sha256$720000$87CTQl3VefB6dbhBtoSqXm$AvWPKiVj7aunDudbTrodSUc6qQe8fYr0plIMGwNE8MY=	\N	f	49of7c4nysjhe4xbtbg1			f	t	2025-12-02 17:55:18.131498+07	5fi8heux3d3zyhgnxm02@example.com	Emily Garcia	8543484618	108000.00	10000.00	f	63536829	1	t	t	t	t	2025-12-02 17:55:18.131498+07	2026-01-11 20:52:36.133884+07	23	\N	\N
11	pbkdf2_sha256$720000$L2pWyAWKT358LZTjhqAXJV$8E5T/orSusPmykHXOaWF6moPgNQ/D1y1K84V+134cjo=	\N	f	30fha44f9vhgixk9sz82			f	t	2025-11-30 22:41:09.083785+07	87zri3smztadaprvorbn@example.com	Sarah Rodriguez	85764846494	131000.00	9955000.00	f	829763	1	t	t	t	t	2025-11-30 22:41:09.083785+07	2026-01-11 20:52:36.20533+07	9	\N	\N
10	pbkdf2_sha256$720000$J4RwIArlOPMnoLg67nGE71$C0zLcriPuWRr65zabmxLVkhbTUYDHNwFUaLuSYaNdF4=	\N	f	8y5v1igroumr48gx3qhq			f	t	2025-11-30 22:32:07.998846+07	a6ttv1124duaq5qbt41u@example.com	Sarah Davis	857649464994	126500.00	9955000.00	f	228663	1	t	t	t	t	2025-11-30 22:32:07.998846+07	2026-01-11 20:52:36.21293+07	9	\N	\N
4	pbkdf2_sha256$600000$qLqzqU2GqGcvZDgiibvqdO$r66L8YMsfEzdiTvRMs+TMgvU637h2HaQO+RJgggrXHI=	\N	f	Yorobun			f	t	2025-11-10 09:00:48.077817+07	8scuhtkknw@example.com	Yorobunn Oneureun	0800123456789	1530751.44	412420.00	f	2agxtntp6v	3	t	t	t	t	2025-11-10 09:00:48.077913+07	2026-01-11 20:52:36.220593+07	3	\N	\N
7	pbkdf2_sha256$600000$QSTaDSqNnhqQZrxXYNJDpI$MEu5fYH92FfpOhOGRYOq9lZMhJ+I8msJqNM8q3F558Q=	\N	f	nabgyh2hx9f66byoq6vz			f	t	2025-11-10 09:33:10.731522+07	5i15tks11b@example.com		8223456789	1128212.80	397420.00	f	7e3e5c8s4j	1	t	t	t	t	2025-11-10 09:33:10.731541+07	2026-01-11 20:52:36.226703+07	6	\N	\N
6	pbkdf2_sha256$600000$wxQE3U81xcikiSdC1SUCL1$7UmnIRXEka+GyYrj5619xXlb/ES875wNbOe5BWo5uqU=	\N	f	utn6duydjnddxq0h5i5n			f	t	2025-11-10 09:27:10.832708+07	hc1bnzvf9q@example.com		81123456789	1863859.28	397420.00	f	ponmkburk7	1	t	t	t	t	2025-11-10 09:27:10.832741+07	2026-01-11 20:52:36.235988+07	5	\N	\N
5	pbkdf2_sha256$600000$BfGuQp6WqhKx6zbZQcBY7F$uCbtJX79sgrAGICU+OT9jTHiPIq1hxn/blvIESTflwA=	\N	f	os8ya3e0j5nreesocwbv			f	t	2025-11-10 09:21:32.815864+07	1j4qltvtnj@example.com		80123456789	2104744.40	397420.00	f	57aocrfpub	1	t	t	t	t	2025-11-10 09:21:32.815901+07	2026-01-11 20:52:36.243622+07	4	\N	\N
3	pbkdf2_sha256$600000$Tc1v9uEzm2UnxIuukcMumw$/PeXzdTvCdTMAnJ0TiUx9CHQjtfkYG5gCVBNzLsThe8=	\N	f	a7xvn7ldxst55hb22eaf			f	t	2025-11-10 00:41:20.772963+07	fkb8tiysht@example.com		88585858585	1219547.72	383000.00	f	rajp6y8k55	1	t	t	t	t	2025-11-10 00:41:20.773009+07	2026-01-11 20:52:36.252401+07	2	\N	\N
14	pbkdf2_sha256$720000$PL61ZYEu5iyYlfk3OtG1yG$v8GCImrXm6vPTYk9Whjk7X0Vp+LgCilovTZH8foQ0dM=	\N	f	go662ae965gvjo5jxn5m			f	t	2025-12-01 14:41:09.918634+07	cuniy3c6u7g46l4wd37l@example.com	Michael Brown	081808368211	396450.00	0.00	f	267558	1	t	t	t	t	2025-12-01 14:41:09.918634+07	2026-01-11 20:52:36.179683+07	9	\N	\N
29	pbkdf2_sha256$720000$c39aMcF5fRVmmPRgjphjdT$nfcVD47SGM63oUObnQNDrkZLy1KFZGzftamc16RPHW0=	\N	f	z9mzqoz6gb0pvqpkges8			f	t	2025-12-02 19:55:42.841977+07	xzvvsimnxe6yh8f1o8n7@example.com	Emily Garcia	8755484645	108000.00	0.00	f	49872627	1	t	t	t	t	2025-12-02 19:55:42.841977+07	2026-01-11 20:52:36.102044+07	23	\N	\N
28	pbkdf2_sha256$720000$TusmX7UxZHM8GncKeRmeJ5$7gMYf2+8cHHuP/593x1WMphNmttLA1Fh02qRrbYHvEE=	\N	f	pyw5g37qcriv2o0yqkhx			f	t	2025-12-02 19:54:18.077797+07	x78v65c758usdzyedbji@example.com	Alex Garcia	8576186464843	108000.00	0.00	f	95736558	1	t	t	t	t	2025-12-02 19:54:18.078807+07	2026-01-11 20:52:36.109771+07	23	\N	\N
26	pbkdf2_sha256$720000$kUrR0qNUrukeEnSRaso5sx$MBOc27e0HADNN5ViFAtlQzIXKX3Pss9NtxdeBHdTVlI=	\N	f	x4p0o7y2tgf8almgqsup			f	t	2025-12-02 18:00:40.376517+07	ni1izyqd8vx0fi0n65f1@example.com	Jane Davis	85731945734985	108000.00	0.00	f	85676236	1	t	t	t	t	2025-12-02 18:00:40.376517+07	2026-01-11 20:52:36.117023+07	23	\N	\N
25	pbkdf2_sha256$720000$vE43NfL69INBeHY41q1CK5$MgLkUwV4FYdtKEW7rivw40C/gynbhdt7c2/NIrlP7lA=	\N	f	kw320f2qxefarsupsklt			f	t	2025-12-02 17:58:48.187177+07	d01j27yis8jf9yh2p7pz@example.com	John Johnson	857468464646	108000.00	0.00	f	32944732	1	t	t	t	t	2025-12-02 17:58:48.187177+07	2026-01-11 20:52:36.126232+07	23	\N	\N
19	pbkdf2_sha256$720000$epeTmA96pEu6AFBxORxXCJ$jBPG2u3O2rVth5C2zDF84H5s/jcuN70mpg0Ea4KPxyg=	\N	f	xwkd5e6r1s0ny10b7rut			f	t	2025-12-01 17:40:55.54024+07	3l4edfmvm723x10ozgzi@example.com	Michael Brown	082122425473	122400.00	0.00	f	848657	1	t	t	t	t	2025-12-01 17:40:55.54024+07	2026-01-11 20:52:36.14309+07	16	\N	\N
1	pbkdf2_sha256$720000$NnNQaokpLkzdw3Ibaz1S9O$PBCF19P0O1VIDjpT/XspA2z9C0tosnFmQqpPxlXGIzA=	2026-01-14 13:46:12.216694+07	t	admin			t	t	2025-11-09 23:04:12.870917+07	admin@example.com	Admin User	085100000000	5722256.72	0.00	f	59SFN2	\N	t	t	t	t	2025-11-09 23:04:12.870942+07	2026-01-12 00:25:52.243966+07	\N	\N	\N
2	pbkdf2_sha256$720000$ei7DD71cu0JrQMx2Bii80h$JDMaxjqhOaHvAZnfbHRNk+CFcU+tDqyZQbgHBaSvmBo=	\N	f	vhtc695s6on396g7oxdo			f	t	2025-11-09 23:59:59.616716+07	k00rkthpl8@example.com		+6289595959595	23839581.55	475370300.00	f	dgj9yimajp	2	t	t	t	t	2025-11-09 23:59:59.616793+07	2026-01-14 13:46:35.727751+07	1	\N	\N
36	pbkdf2_sha256$720000$h8ivKy87p8xDuuee4EbK78$eOiS2ZA+EDdCq54SYRS4HbwcX6iQle1qAN+pL/iOm/c=	\N	f	p7261g3x2mbzkj7mty3d			f	t	2025-12-08 15:26:26.62855+07	jaxg841lrmidk14xkkh1@example.com	Michael Wilson	8856585368866	0.00	7000.00	f	44555454	1	t	t	t	t	2025-12-08 15:26:26.62855+07	2025-12-08 15:26:27.208766+07	34	\N	\N
35	pbkdf2_sha256$720000$6WsOS23LeKsZXGQLERchso$pDAgRPCLtpFp26AyTx1Dz47q+8WqxW20E7LV/7bfqWo=	\N	f	wjcrtg9qkewcgdcirxx7			f	t	2025-12-08 09:58:37.74026+07	gq75m9spbinhje8j08md@example.com	Michael Miller	82525252525	0.00	507000.00	f	77949428	1	t	t	t	t	2025-12-08 09:58:37.74026+07	2025-12-08 23:13:39.44852+07	2	\N	\N
34	pbkdf2_sha256$720000$44GftIb40cGrIwigTgSJyN$L1QUi4wgEUXIvEgZSzpUoZBEJZVohuUfGo6YyCRz+1w=	\N	f	4zcynvq51l3ad0c5tlji			f	t	2025-12-08 07:11:35.66435+07	sz8s0dxkivbkoilrlu7l@example.com	Olivia Jones	87123456789	127500.00	10000.00	f	47279236	1	t	t	t	t	2025-12-08 07:11:35.66435+07	2026-01-11 20:52:36.057167+07	32	\N	\N
33	pbkdf2_sha256$720000$Ll4P2Xtd8HwGkHlHseJqqQ$+/FPX/lejAUdtGxJgbRbmHhSqNRN4n9xOoKfR6j4grA=	\N	f	3ex8lcstv4rn34ni1va2			f	t	2025-12-07 17:48:23.349213+07	nkws7yg235hzyi0wce93@example.com	Michael Brown	887648454349	72000.00	65000.00	f	42428572	1	t	t	t	t	2025-12-07 17:48:23.349213+07	2026-01-11 20:52:36.073579+07	32	\N	\N
32	pbkdf2_sha256$720000$ggJBXOvaQU87nRvXbQm8S0$GFBU5mYW+WNPzH5tkMIoJ+lxshVRBhPRbTkAH3vwME0=	\N	f	2trn6rzc9m93d5v0jiaj			f	t	2025-12-07 16:54:04.382867+07	42mpcwhmgkve3mu4bsei@example.com	Sarah Wilson	81808368210	1352149.07	195000.00	f	52487438	1	t	t	t	t	2025-12-07 16:54:04.382867+07	2026-01-11 20:52:36.08721+07	2	\N	\N
44	pbkdf2_sha256$720000$rPaSCcHS9Lsr2B5Umnv5xk$tdG0L0kZrryPYoSBjwYNiDRJrgdb3Bcrn0BEAPSN4/s=	\N	f	Yuyun			f	t	2026-01-11 22:05:37.008113+07	yuyun@gmail.com		62895403400605	0.00	100000.00	f	36878738899848	1	t	t	t	t	2026-01-11 22:05:37.008113+07	2026-01-11 22:29:53.403564+07	\N	\N	\N
30	pbkdf2_sha256$720000$N4KzsODSqbwEY5FwmLzAxq$Oh0paMKS1C7v/s2etKKdLntjBZ1NEcgTG54qwF0cBi0=	\N	f	ee346i9ahsql0z6vtlia			f	t	2025-12-02 19:56:57.230112+07	becsze59sxae8x9z29n5@example.com	Robert Brown	8546348181316	108000.00	0.00	f	47628253	1	t	t	t	t	2025-12-02 19:56:57.230112+07	2026-01-11 20:52:36.093795+07	23	\N	\N
16	pbkdf2_sha256$720000$0TeKLMfvWeIbUtXIYmM3Ay$2JNP+pbSil18N94Y/fGghMulTGlA1QUPTr00bHxvx88=	\N	f	0vz7i5oeto1ly2uv67hw			f	t	2025-12-01 16:45:35.039676+07	jm0bhojymahirkm5rg0j@example.com	Michael Johnson	082122425470	124700.00	15000.00	f	842494	1	t	t	t	t	2025-12-01 16:45:35.039676+07	2026-01-11 20:52:36.15773+07	14	\N	\N
58	pbkdf2_sha256$720000$ovHJKmclDr8GJgGRX4dAce$sBpf9bO3sRNdVthpn2DaLk1qsmd18P9eCntJ05mmJzM=	\N	f	Testing03			f	t	2026-01-13 11:24:26.382161+07	testing03@gmail.com		8111222666	39372.00	190535.00	f	92996275858497	1	t	t	t	t	2026-01-13 11:24:26.382161+07	2026-01-13 11:30:17.529586+07	57	\N	118.99.123.39
17	pbkdf2_sha256$720000$h3goWL9aQIqDN6NLhW6oit$dE/M6kIv/Y5vH6kgFeV4anmslv9tXnwLJLiKS7AKeQE=	\N	f	gmltu2z3mlv400reyi2m			f	t	2025-12-01 17:03:56.877975+07	ri41kj6l3upo9aybxtr7@example.com	Olivia Williams	082122425471	123000.00	15000.00	f	855276	1	t	t	t	t	2025-12-01 17:03:56.877975+07	2026-01-11 20:52:36.165404+07	16	\N	\N
46	pbkdf2_sha256$720000$kMnB6ECMYKIJnqZGXwQwYQ$FCz8vwthqvb0zrWJL0CchBHLxhD2u9O2uVACUQTWNiU=	\N	f	081234567890			f	t	2026-01-12 00:48:23.906641+07			081234567890	300.00	0.00	f	55937795345579	\N	t	t	t	t	2026-01-12 00:48:23.906641+07	2026-01-12 00:48:57.083459+07	\N	\N	\N
9	pbkdf2_sha256$720000$l0DwrfbkaBgqP2GZeVWmUJ$m4rx/Bz+W8Lubx+3yhGpnGNZe43TW24lws6c6aUyDWo=	\N	f	5p68sy46o78je7l3iy74			f	t	2025-11-30 22:26:47.147627+07	7ys0gub7vt3jlyu5eh5n@example.com	John Jones	081808368210	981500.00	9675000.00	f	788984	1	t	t	t	t	2025-11-30 22:26:47.147627+07	2026-01-11 20:52:36.199158+07	2	\N	\N
37	pbkdf2_sha256$720000$hwqiHvmq8U47J6U93VRYSn$mMIEoCuH9uBbU7h0XsI3IwcKYRFBTB+KOtxWYnBKVTQ=	\N	f	5bnl7a0anj4aoxaeymy8			f	t	2025-12-08 18:23:03.496753+07	dszw7shijb5vphucvg98@example.com	Alex Brown	87558825888	52500.00	57000.00	f	94779467	1	t	t	t	t	2025-12-08 18:23:03.496753+07	2026-01-11 20:52:36.009321+07	34	\N	\N
40		\N	f	dep_user1			f	t	2026-01-11 21:32:18.549401+07	u1@test.com	User One	08111	0.00	0.00	f	48499473482439	\N	t	t	t	t	2026-01-11 21:32:18.549401+07	2026-01-11 21:32:18.552461+07	\N	\N	\N
41		\N	f	dep_user2			f	t	2026-01-11 21:32:18.555222+07	u2@test.com	User Two	08112	0.00	0.00	f	78247838689966	\N	t	t	t	t	2026-01-11 21:32:18.555222+07	2026-01-11 21:32:18.556756+07	\N	\N	\N
42		\N	f	dep_user3			f	t	2026-01-11 21:32:18.556756+07	u3@test.com	User Three	08113	0.00	0.00	f	78953634877975	\N	t	t	t	t	2026-01-11 21:32:18.556756+07	2026-01-11 21:32:18.5583+07	\N	\N	\N
45	pbkdf2_sha256$720000$HKNy3wilmJgjiaTwFJFvXr$5GkKe6xDoZ5OsI3v3PpS2am50BgAKcfierP8dNuFdyM=	\N	f	xfdsds			f	t	2026-01-12 00:22:50.491721+07	fdfdsdf@gmail.com		86565656565	51000.00	4990000.00	f	53937597354774	1	t	t	t	t	2026-01-12 00:22:50.491721+07	2026-01-12 00:30:06.103117+07	43	\N	\N
51	pbkdf2_sha256$720000$f30oV9rv8nVoU0415hQuDZ$jBe1mXSFKRy6wblcK4MivMbII2TyLXHoLECABESbOx8=	\N	f	Test02			f	t	2026-01-12 07:29:32.668878+07	test02@gmail.com		83812591981	7100.00	80000.00	f	55387384772877	1	t	t	t	t	2026-01-12 07:29:32.668878+07	2026-01-12 07:58:43.74577+07	50	\N	\N
50	pbkdf2_sha256$720000$6EaX0XfOv1BVzCC55AvdVF$ZdzSeavC/D3LDdw7OZyUF2gjdTsTUUoPs7sgCxIl3Lw=	\N	f	Test01			f	t	2026-01-12 07:25:43.859692+07	test01@gmail.com		83812591980	2100.00	0.00	f	85955388786743	1	t	t	t	t	2026-01-12 07:25:43.861221+07	2026-01-12 13:18:00.776941+07	\N	\N	\N
60	pbkdf2_sha256$720000$zcTozISm9Knc8PrXjUqqR9$vLIgJ5whk/8FDnS19GctgjDgwlqOmmeP1WDd9hQs/4c=	\N	f	Testing05			f	t	2026-01-13 11:36:21.216158+07	testing05@gmail.com		8111222888	15606.00	81000.00	f	97892577492867	1	t	t	t	t	2026-01-13 11:36:21.216158+07	2026-01-13 11:38:31.47844+07	55	\N	118.99.123.39
57	pbkdf2_sha256$720000$fjjoFFZxMcOTat9x0df359$x97h+YyjHBm7/RD6B9S5pafc0LvjOSZ2pZTmGivsBk0=	\N	f	Testing02			f	t	2026-01-13 11:12:59.961296+07	testing02@gmail.com		8111222555	106652.50	81000.00	f	86963477453688	1	t	t	t	t	2026-01-13 11:12:59.961296+07	2026-01-13 11:27:34.114841+07	56	\N	118.99.123.39
59	pbkdf2_sha256$720000$NU8hN0wqnbF5UiASnuf2cC$1JRFiQQ+mHcIQDAIRJC/03kHjKTfFWp14Ebkdm35QpQ=	\N	f	Testing04			f	t	2026-01-13 11:33:51.559857+07	testing04@gmail.com		8111222777	0.00	0.00	f	89274369896596	1	t	t	t	t	2026-01-13 11:33:51.559857+07	2026-01-13 11:33:51.753913+07	58	\N	118.99.123.39
56	pbkdf2_sha256$720000$DOutioUMTGlk5caSUMfVPc$NVwaL5G0a2MDUD6ZBDFo1SBa2iOgmfvEinUCugT+ZyI=	\N	f	Testing01			f	t	2026-01-13 10:47:38.724888+07	testing01@gmail.com		8111222444	63181.65	0.00	f	52674944848672	1	t	t	t	t	2026-01-13 10:47:38.724888+07	2026-01-13 11:27:34.118506+07	55	\N	118.99.123.39
54	pbkdf2_sha256$720000$SughcFDHFm1ckPtpOIRKyk$+Y11q2LnR8E8zHhf9bsUzJqISZO8EA+CCl8+TAT8RYs=	\N	f	Test05			f	t	2026-01-12 21:38:13.557309+07	test05@gmail.com		83812591984	24550.00	115000.00	f	98755573277486	1	t	t	t	t	2026-01-12 21:38:13.557309+07	2026-01-13 20:17:01.808761+07	53	\N	2400:9800:7c0:f62b:14a1:60ff:fec7:5528
55	pbkdf2_sha256$720000$qxz9o1dcZeGcSkHw8etHIb$H8d3vLBW+pTjrhdyRlnG9xv3ZW9m0ND782u/AjYY5Sk=	\N	f	Testing0			f	t	2026-01-13 08:43:22.266103+07	testing0@gmail.com		+628111222333	145770.65	100000.00	f	43863855583849	1	t	t	t	t	2026-01-13 08:43:22.266103+07	2026-01-14 11:25:56.73241+07	54	\N	112.215.243.209
43	pbkdf2_sha256$720000$3gQEp7eBr7XGkIZtJbZgJt$Xzli3MyO/WMe+97Bw6VwI2+6pXMRo7lzfhRHBjdexI0=	\N	f	sdxf			f	t	2026-01-11 22:03:45.972405+07	xsdfgf@gmail.com		85770404123	59000.00	70000.00	f	55867685792648	1	t	t	t	t	2026-01-11 22:03:45.972405+07	2026-01-13 18:43:19.047101+07	2	\N	\N
52	pbkdf2_sha256$720000$yTRF6GQRS4dlIuqEcMiNSH$kJJdyw4AGZvxdNThdBS1I9NaDtn6UFwotSuE3zbIWN8=	\N	f	Test03			f	t	2026-01-12 16:04:56.03016+07	test03@gmail.com		83812591982	42441.00	769000.00	f	74372377467947	1	t	t	t	t	2026-01-12 16:04:56.03016+07	2026-01-13 20:17:01.819054+07	\N	\N	\N
66	pbkdf2_sha256$720000$OVSCL2pZpFrAtPDf2zuCqF$Y4fzpxvXJlOgZBANFP5UyT7VtwCMYuikm7glX/rdK0E=	\N	f	Testingotp1			f	t	2026-01-14 10:44:14.120924+07	testingotp1@gmail.com		+6289756171982	0.00	0.00	f	27727683643856	1	t	t	t	t	2026-01-14 10:44:14.120924+07	2026-01-14 10:54:06.199747+07	65	\N	112.215.240.27
68	pbkdf2_sha256$720000$L6jBNJ8c2iX7cvwXpjmMMo$MVHtEV1nNWO/Ti/Rz8l0HGbCCt1ja1uCf7noUal+KkM=	\N	f	Testingotp3			f	t	2026-01-14 10:55:21.880843+07	testingotp3@gmail.com		+6289756171983	0.00	0.00	f	38785266546337	1	t	t	t	t	2026-01-14 10:55:21.880843+07	2026-01-14 10:55:48.007009+07	67	\N	112.215.237.134
67	pbkdf2_sha256$720000$SRjdQoC9AXguRrTAmZtnrR$puP9kbjDLyrJ5gctUeW05SeICp2stOFVpetP6GYfQ7A=	\N	f	Testingotp2			f	t	2026-01-14 10:47:05.020994+07	testingotp2@gmail.com		+6283198292200	0.00	0.00	f	27945866742797	1	t	t	t	t	2026-01-14 10:47:05.020994+07	2026-01-14 20:03:18.985429+07	66	\N	112.215.237.134
61	pbkdf2_sha256$720000$Dp4x9wQHZhLPLUn6vUsMEB$3k18pciC5Tvq5m6cMxwfZ6I86ybDqJzwAE2hQaSGUyg=	\N	f	Testing06			f	t	2026-01-13 11:46:30.534766+07	testing06@gmail.com		8111222999	4043.00	0.00	f	44762558224246	1	t	t	t	t	2026-01-13 11:46:30.534766+07	2026-01-13 11:48:24.434002+07	55	\N	140.213.52.40
69	pbkdf2_sha256$720000$bFqI4kXaxmzPSsiFtHuo6M$Gssvl9vl4ls9iH/Pb1A5GpTdbcAC7CkmIunVHxir6Kk=	\N	f	Testingotplagi1			f	t	2026-01-14 20:07:39.410047+07	testingotplagi1@gmail.com		+6283198292205	0.00	0.00	f	79499752454398	1	t	t	t	t	2026-01-14 20:07:39.410047+07	2026-01-14 20:07:39.796528+07	68	\N	118.99.123.39
70	pbkdf2_sha256$720000$zZ5zxwpupEz4ncZ02VBZLy$NBRRlGbS4WqLy2jTF1VoDA6b3AaZrSuwAzc46wNLAcM=	\N	f	Yantoyanto			f	t	2026-01-14 20:14:36.427292+07	yanto@gmail.com		+6283198292203	0.00	0.00	f	83342935562375	1	t	t	t	t	2026-01-14 20:14:36.427292+07	2026-01-14 20:14:36.682277+07	69	\N	118.99.123.39
63	pbkdf2_sha256$720000$eezY9YU9Tzevy2aLIry3fC$hY71K1fIW0kR6uIoYDYj6PVYQFFUDHG4E2hSk2N9TFQ=	\N	f	test08			f	t	2026-01-13 11:59:00.679222+07	test08@gmail.com		8111333222	0.00	0.00	f	99735439949229	1	t	t	t	t	2026-01-13 11:59:00.679222+07	2026-01-13 11:59:00.927113+07	55	\N	2400:9800:7c2:a696:8ca:57ff:fefa:ae6f
62	pbkdf2_sha256$720000$ekblPfa8mFnues8fA2Awtw$joQyhirIvRIlPka+hVwgwAd01Wu6BsE1q5AUBUU/oT0=	\N	f	JohnDoe			f	t	2026-01-13 11:50:33.811013+07	testing07@gmail.com		8111333111	104043.00	0.00	f	79843896668467	1	t	t	t	t	2026-01-13 11:50:33.811013+07	2026-01-13 16:34:20.50835+07	55	\N	203.78.113.234
53	pbkdf2_sha256$720000$Uc7QiK5QW7Dvl5URTQlYqr$k+BwgxiSj51WzgevwkMyAjHvXE2Ft9Cm6xGAMLYk2ZY=	\N	f	Test04			f	t	2026-01-12 16:10:56.285377+07	test04@gmail.com		83812591983	26437.00	0.00	f	33375523629382	1	t	t	t	t	2026-01-12 16:10:56.285377+07	2026-01-13 20:17:01.816402+07	52	\N	\N
64	pbkdf2_sha256$720000$VNQZ23LiCBIDgaK4vLgQ3T$nsJY9GsWIPR8YXDv8Oa2Rwh26OKMkh1qE+HIpuYRDBI=	\N	f	AEC8EPzORQc5v			f	t	2026-01-14 01:12:38.383214+07	uxxser@example.com	dsfdsgf	+6285770404473	0.00	0.00	f	82337249622336	1	t	t	t	t	2026-01-14 01:12:38.383214+07	2026-01-14 01:12:38.656767+07	63	\N	127.0.0.1
65	pbkdf2_sha256$720000$zgTCru8IROq8UJQj3es5Ld$blselN68uw402GE/COC8zro7+CeIkOU8jseKVmokrQA=	\N	f	Testingotp			f	t	2026-01-14 10:19:35.960113+07	testingotp@gmail.com		+6289756171981	0.00	0.00	f	43692852886526	1	t	t	t	t	2026-01-14 10:19:35.960113+07	2026-01-14 10:42:58.266623+07	55	\N	112.215.240.27
\.


--
-- Data for Name: accounts_user_groups; Type: TABLE DATA; Schema: public; Owner: postgres
--

COPY public.accounts_user_groups (id, user_id, group_id) FROM stdin;
\.


--
-- Data for Name: accounts_user_user_permissions; Type: TABLE DATA; Schema: public; Owner: postgres
--

COPY public.accounts_user_user_permissions (id, user_id, permission_id) FROM stdin;
\.


--
-- Data for Name: accounts_useraddress; Type: TABLE DATA; Schema: public; Owner: postgres
--

COPY public.accounts_useraddress (id, recipient_name, phone_number, address_details, house_number, is_primary, created_at, updated_at, user_id) FROM stdin;
1	cfgfdghdh	0852424242	sgdfghf - gjh	43	t	2026-01-09 13:52:06.448972+07	2026-01-09 13:52:06.448972+07	2
2	Yuyun	123456789	Singapore,singa,pore,88788 - Shangsu,shang,su,12	12a	t	2026-01-11 22:42:06.343198+07	2026-01-11 22:42:06.343198+07	43
3	Test01	08123456789	Test01 test01 - Test01	1526	f	2026-01-12 07:56:27.922357+07	2026-01-12 07:56:27.922357+07	51
4	Test03	1234567	Test - Test	127272	t	2026-01-12 16:26:09.054035+07	2026-01-12 16:26:09.054035+07	52
5	Testing 1	0812464897	Jawa jawa jawa 13349 - Jawa jawa jawa	1212	t	2026-01-13 10:01:21.430618+07	2026-01-13 10:01:21.430618+07	55
\.


--
-- Data for Name: attendance_logs; Type: TABLE DATA; Schema: public; Owner: postgres
--

COPY public.attendance_logs (id, date, streak_count, amount, created_at, user_id) FROM stdin;
1	2025-11-10	1	1204.19	2025-11-10 00:00:40.839336+07	2
2	2025-11-10	1	590.68	2025-11-10 00:44:52.104069+07	3
3	2025-11-10	1	970.05	2025-11-10 09:17:18.0637+07	4
4	2025-11-10	1	868.55	2025-11-10 09:21:49.991989+07	5
5	2025-11-10	1	847.77	2025-11-10 09:27:33.13506+07	6
6	2025-11-10	1	505.48	2025-11-10 09:33:36.762776+07	7
7	2025-11-30	1	472.40	2025-11-30 03:02:02.681395+07	2
8	2025-11-30	1	500.00	2025-11-30 22:34:29.932883+07	10
9	2025-11-30	1	500.00	2025-11-30 22:35:59.317857+07	9
10	2025-12-01	1	500.00	2025-12-01 08:59:04.777646+07	13
11	2025-12-01	1	500.00	2025-12-01 14:44:07.077838+07	14
12	2025-12-01	1	500.00	2025-12-01 17:04:28.897736+07	17
13	2025-12-01	1	500.00	2025-12-01 17:26:46.262197+07	16
14	2025-12-01	1	500.00	2025-12-01 20:07:38.969758+07	21
15	2025-12-02	2	500.00	2025-12-02 12:24:08.698882+07	16
16	2025-12-02	1	500.00	2025-12-02 12:31:36.314811+07	22
17	2025-12-02	2	500.00	2025-12-02 12:34:05.835296+07	17
18	2025-12-02	1	500.00	2025-12-02 20:33:26.591293+07	23
19	2025-12-06	1	500.00	2025-12-06 22:41:57.322738+07	2
20	2025-12-07	2	500.00	2025-12-07 00:58:21.670796+07	2
21	2025-12-07	1	500.00	2025-12-07 17:39:36.827105+07	32
22	2025-12-08	2	500.00	2025-12-08 07:04:20.58862+07	32
23	2025-12-08	1	500.00	2025-12-08 07:14:11.762687+07	34
24	2025-12-08	3	1000.00	2025-12-08 09:47:51.779024+07	2
25	2025-12-24	1	1000.00	2025-12-24 05:05:14.207749+07	2
26	2026-01-10	1	1000.00	2026-01-10 15:53:50.873835+07	2
27	2026-01-11	2	1000.00	2026-01-11 02:54:47.560879+07	2
28	2026-01-11	1	1000.00	2026-01-11 22:50:50.718973+07	43
29	2026-01-11	1	100.00	2026-01-12 00:48:57.065452+07	46
30	2026-01-12	2	200.00	2026-01-12 00:48:57.084983+07	46
31	2026-01-12	1	100.00	2026-01-12 07:57:25.248661+07	51
32	2026-01-12	3	300.00	2026-01-12 11:59:38.216978+07	2
33	2026-01-12	1	100.00	2026-01-12 13:18:00.779475+07	50
34	2026-01-12	1	100.00	2026-01-12 16:26:20.448313+07	52
35	2026-01-12	1	100.00	2026-01-12 16:48:13.635182+07	53
36	2026-01-13	2	200.00	2026-01-13 08:34:21.641231+07	53
37	2026-01-13	1	100.00	2026-01-13 10:01:54.201274+07	55
38	2026-01-13	1	100.00	2026-01-13 10:49:19.663762+07	56
39	2026-01-13	1	100.00	2026-01-13 11:15:19.434557+07	57
40	2026-01-13	1	100.00	2026-01-13 11:25:39.184839+07	58
41	2026-01-14	2	200.00	2026-01-14 11:06:31.435452+07	55
\.


--
-- Data for Name: attendance_settings; Type: TABLE DATA; Schema: public; Owner: postgres
--

COPY public.attendance_settings (id, balance_source, reward_type, fixed_amount, min_amount, max_amount, consecutive_bonus_enabled, bonus_7_days, bonus_30_days, is_active, created_at, updated_at, rank_rewards, daily_cycle_days, daily_rewards) FROM stdin;
3	balance	daily	50.00	0.00	0.00	f	0.00	0.00	t	2026-01-12 00:48:57.051622+07	2026-01-12 13:18:34.878009+07	{}	7	{"1": 100.0, "2": 200.0, "3": 300.0, "4": 400.0, "5": 500.0, "6": 600.0, "7": 2500.0}
\.


--
-- Data for Name: auth_group; Type: TABLE DATA; Schema: public; Owner: postgres
--

COPY public.auth_group (id, name) FROM stdin;
\.


--
-- Data for Name: auth_group_permissions; Type: TABLE DATA; Schema: public; Owner: postgres
--

COPY public.auth_group_permissions (id, group_id, permission_id) FROM stdin;
\.


--
-- Data for Name: auth_permission; Type: TABLE DATA; Schema: public; Owner: postgres
--

COPY public.auth_permission (id, name, content_type_id, codename) FROM stdin;
1	Can add log entry	1	add_logentry
2	Can change log entry	1	change_logentry
3	Can delete log entry	1	delete_logentry
4	Can view log entry	1	view_logentry
5	Can add permission	2	add_permission
6	Can change permission	2	change_permission
7	Can delete permission	2	delete_permission
8	Can view permission	2	view_permission
9	Can add group	3	add_group
10	Can change group	3	change_group
11	Can delete group	3	delete_group
12	Can view group	3	view_group
13	Can add content type	4	add_contenttype
14	Can change content type	4	change_contenttype
15	Can delete content type	4	delete_contenttype
16	Can view content type	4	view_contenttype
17	Can add session	5	add_session
18	Can change session	5	change_session
19	Can delete session	5	delete_session
20	Can view session	5	view_session
21	Can add Token	6	add_token
22	Can change Token	6	change_token
23	Can delete Token	6	delete_token
24	Can view Token	6	view_token
25	Can add Token	7	add_tokenproxy
26	Can change Token	7	change_tokenproxy
27	Can delete Token	7	delete_tokenproxy
28	Can view Token	7	view_tokenproxy
29	Can add User	8	add_user
30	Can change User	8	change_user
31	Can delete User	8	delete_user
32	Can view User	8	view_user
33	Can add General Setting	9	add_generalsetting
34	Can change General Setting	9	change_generalsetting
35	Can delete General Setting	9	delete_generalsetting
36	Can view General Setting	9	view_generalsetting
37	Can add Rank Level	10	add_ranklevel
38	Can change Rank Level	10	change_ranklevel
39	Can delete Rank Level	10	delete_ranklevel
40	Can view Rank Level	10	view_ranklevel
41	Can add product	11	add_product
42	Can change product	11	change_product
43	Can delete product	11	delete_product
44	Can view product	11	view_product
45	Can add transaction	12	add_transaction
46	Can change transaction	12	change_transaction
47	Can delete transaction	12	delete_transaction
48	Can view transaction	12	view_transaction
49	Can add investment	13	add_investment
50	Can change investment	13	change_investment
51	Can delete investment	13	delete_investment
52	Can view investment	13	view_investment
53	Can add claim history	14	add_claimhistory
54	Can change claim history	14	change_claimhistory
55	Can delete claim history	14	delete_claimhistory
56	Can view claim history	14	view_claimhistory
57	Can add user product purchase	15	add_userproductpurchase
58	Can change user product purchase	15	change_userproductpurchase
59	Can delete user product purchase	15	delete_userproductpurchase
60	Can view user product purchase	15	view_userproductpurchase
61	Can add attendance settings	16	add_attendancesettings
62	Can change attendance settings	16	change_attendancesettings
63	Can delete attendance settings	16	delete_attendancesettings
64	Can view attendance settings	16	view_attendancesettings
65	Can add attendance log	17	add_attendancelog
66	Can change attendance log	17	change_attendancelog
67	Can delete attendance log	17	delete_attendancelog
68	Can view attendance log	17	view_attendancelog
69	Can add voucher	18	add_voucher
70	Can change voucher	18	change_voucher
71	Can delete voucher	18	delete_voucher
72	Can view voucher	18	view_voucher
73	Can add voucher usage	19	add_voucherusage
74	Can change voucher usage	19	change_voucherusage
75	Can delete voucher usage	19	delete_voucherusage
76	Can view voucher usage	19	view_voucherusage
77	Can add mission	20	add_mission
78	Can change mission	20	change_mission
79	Can delete mission	20	delete_mission
80	Can view mission	20	view_mission
81	Can add mission user state	21	add_missionuserstate
82	Can change mission user state	21	change_missionuserstate
83	Can delete mission user state	21	delete_missionuserstate
84	Can view mission user state	21	view_missionuserstate
85	Can add bank	22	add_bank
86	Can change bank	22	change_bank
87	Can delete bank	22	delete_bank
88	Can view bank	22	view_bank
89	Can add user bank	23	add_userbank
90	Can change user bank	23	change_userbank
91	Can delete user bank	23	delete_userbank
92	Can view user bank	23	view_userbank
93	Can add Bank Settings	24	add_banksettings
94	Can change Bank Settings	24	change_banksettings
95	Can delete Bank Settings	24	delete_banksettings
96	Can view Bank Settings	24	view_banksettings
97	Can add withdrawal settings	25	add_withdrawalsettings
98	Can change withdrawal settings	25	change_withdrawalsettings
99	Can delete withdrawal settings	25	delete_withdrawalsettings
100	Can view withdrawal settings	25	view_withdrawalsettings
101	Can add withdrawal	26	add_withdrawal
102	Can change withdrawal	26	change_withdrawal
103	Can delete withdrawal	26	delete_withdrawal
104	Can view withdrawal	26	view_withdrawal
105	Can add Withdrawal Jayapay	27	add_withdrawaljayapay
106	Can change Withdrawal Jayapay	27	change_withdrawaljayapay
107	Can delete Withdrawal Jayapay	27	delete_withdrawaljayapay
108	Can view Withdrawal Jayapay	27	view_withdrawaljayapay
109	Can add Gateway Settings	28	add_gatewaysettings
110	Can change Gateway Settings	28	change_gatewaysettings
111	Can delete Gateway Settings	28	delete_gatewaysettings
112	Can view Gateway Settings	28	view_gatewaysettings
113	Can add deposit	29	add_deposit
114	Can change deposit	29	change_deposit
115	Can delete deposit	29	delete_deposit
116	Can view deposit	29	view_deposit
117	Can add support link	30	add_supportlink
118	Can change support link	30	change_supportlink
119	Can delete support link	30	delete_supportlink
120	Can view support link	30	view_supportlink
121	Can add news	31	add_news
122	Can change news	31	change_news
123	Can delete news	31	delete_news
124	Can view news	31	view_news
125	Can add jayapay withdrawal	32	add_jayapaywithdrawal
126	Can change jayapay withdrawal	32	change_jayapaywithdrawal
127	Can delete jayapay withdrawal	32	delete_jayapaywithdrawal
128	Can view jayapay withdrawal	32	view_jayapaywithdrawal
129	Can add support chat thread	33	add_supportchatthread
130	Can change support chat thread	33	change_supportchatthread
131	Can delete support chat thread	33	delete_supportchatthread
132	Can view support chat thread	33	view_supportchatthread
133	Can add support chat message	34	add_supportchatmessage
134	Can change support chat message	34	change_supportchatmessage
135	Can delete support chat message	34	delete_supportchatmessage
136	Can view support chat message	34	view_supportchatmessage
137	Can add User Address	35	add_useraddress
138	Can change User Address	35	change_useraddress
139	Can delete User Address	35	delete_useraddress
140	Can view User Address	35	view_useraddress
141	Can add Phone OTP	36	add_phoneotp
142	Can change Phone OTP	36	change_phoneotp
143	Can delete Phone OTP	36	delete_phoneotp
144	Can view Phone OTP	36	view_phoneotp
\.


--
-- Data for Name: authtoken_token; Type: TABLE DATA; Schema: public; Owner: postgres
--

COPY public.authtoken_token (key, created, user_id) FROM stdin;
b34aaf6c0a7554965ce6ac11fec7f23fbccfa8f6	2025-11-09 23:59:59.769637+07	2
3b00bddc4bcb57ed1c6898784d5899559fdc44f5	2025-11-10 00:41:20.949024+07	3
f9a73bf43c61f9d29352345c1ab71e2d09bc5c79	2025-11-10 09:00:48.357254+07	4
16cf48144a24055e82edccf8ef20e47cc85f0c98	2025-11-10 09:21:32.957125+07	5
9397456d3db7a1ae204024dcba5c397adfff180d	2025-11-10 09:27:10.976651+07	6
2da328232ac34c20011d2e1bd90fd9244b81f1a7	2025-11-10 09:33:10.862427+07	7
4d733e7c881561d7fc00e98018004e7d75da3b42	2025-11-30 22:13:34.460335+07	8
fd9b1628acc3755733494fc5ffd20c87ac0013f4	2025-11-30 22:26:47.697599+07	9
585cf6784e252ae79018bb0932fbb1c690bda49d	2025-11-30 22:32:08.554778+07	10
869e078876a26ca70c458ed818a63c7fd4a6c29a	2025-11-30 22:41:09.848323+07	11
32a52367b4a1c77d4ca58f2d92e5345cb2ed9373	2025-11-30 22:52:09.611627+07	12
aafa35038574bf32ddd3d8fd4dd89aff1ad2c71d	2025-12-01 08:56:01.607474+07	13
4ad35330fef2a9e44f63b5d8904204810f0463a0	2025-12-01 14:41:10.511069+07	14
27308b894118b074a95ccebe75a6d0d6f9202309	2025-12-01 16:44:22.988825+07	15
3ce0ef81825ede0bcb5d200404b14cf351a5ea44	2025-12-01 16:45:35.654443+07	16
c31ee699ac7e629f802c7a28b3baa372c6750293	2025-12-01 17:03:57.430763+07	17
0a4da8c11b4ef66e7ce3f756c27adc79dd1566ae	2025-12-01 17:37:09.30634+07	18
e80e659e034e2fc79667544fc02fbde30d47c5fb	2025-12-01 17:40:56.044496+07	19
da88a303a7aa3a7016f5176b113d9528a29f5ad4	2025-12-01 18:53:50.426487+07	20
310354863c2f1c4e9f7c25f9000f1086327b369b	2025-12-01 20:06:33.98505+07	21
d94ec61a75c8ac40ae51b08de01343c351b80b71	2025-12-02 12:30:44.349441+07	22
587f7602c90b30ce7560c3b47950c177a09f6793	2025-12-07 17:48:24.413748+07	33
20f92b4fd41690b9653beb99cd68c3a75c01a323	2025-12-08 07:11:36.319343+07	34
281ceb3f5913bb822531e51db65f25e1e5d96543	2025-12-08 09:58:38.286282+07	35
155b61e7747796abbcd6fcd4135aa75e3523d471	2025-12-08 15:26:27.343934+07	36
e4ac560962434c2d65611d2a823670856655b5a7	2025-12-08 18:23:04.095831+07	37
a869db10da0cf8c752238f82f7d5e64b7489078b	2026-01-11 22:03:46.220162+07	43
8c7a805c46b40a9f9725edf91eeb4dc0479c14cf	2026-01-11 22:05:37.233052+07	44
5d9dc992486c53ca0315446373ab8f2513a79c72	2026-01-12 00:22:50.721552+07	45
5af0addb351bf181978b98b782e49e596202e081	2026-01-12 07:25:44.116286+07	50
7b5e44b6bfea8ba2f9d6504e9ce577b645711c51	2026-01-12 07:29:32.892554+07	51
6f6ed56ac74e13999d0850ee1c7f5ba5389cac8b	2026-01-12 16:04:56.312364+07	52
ddffb6439b4fc79f3adfc53aba002d4666de3148	2026-01-12 16:10:56.51066+07	53
549199f67c8d07b38f85d2155940d9a1aeef2613	2026-01-12 21:38:13.827659+07	54
60f9ded5729b9907a9c56f404653eed48d3ac314	2026-01-13 08:43:22.516503+07	55
4fbf2a1a5d51f7e46671e6b7d3eaccd14c746090	2026-01-13 10:47:38.956237+07	56
3e679460202b6d2453812486f3fb69b967662afb	2026-01-13 11:13:00.214788+07	57
6ae4fe60d47f1a15acbed8f83e9602882ec8d826	2026-01-13 11:24:26.611482+07	58
07d643550e4edb98702bd7e63963e29cb14637a6	2026-01-13 11:33:51.76251+07	59
c7e3e57d0c96acdf19218799bad6cc4a225d1c4f	2026-01-13 11:36:21.524242+07	60
5fc74b6aaab5158cd83cc25eb3529e1f9f3a2610	2026-01-13 11:46:30.746814+07	61
4df4ee251b3504f64d6b5c4eb0e91e60d282cabc	2026-01-13 11:50:34.019853+07	62
04562af3d6cb99537723f197342f85443a8f3b49	2026-01-13 11:59:00.941019+07	63
8d2137a611eba159d68a6154561fd2ebbd763806	2026-01-14 01:12:38.685664+07	64
b2e693d8ae7270bb692c4371939aa0dca9eb21b7	2026-01-14 10:19:36.201481+07	65
4851c61cb7b39a671031e2bba5ca6f6f8c1d8e30	2026-01-14 10:44:14.409314+07	66
ac660de3e64f41e9345d175b2a967ec3e92c74c4	2026-01-14 10:47:05.253301+07	67
57ace593b91f67f92dbd88d8c7bf77d2fe12c2ff	2026-01-14 10:55:22.120454+07	68
e87bde0921470144d2241be36b86befde4121227	2026-01-14 20:07:39.81823+07	69
b4c5bab02f2897884d7e781eecc25a2e2b3adc67	2026-01-14 20:14:36.695407+07	70
\.


--
-- Data for Name: bank_settings; Type: TABLE DATA; Schema: public; Owner: postgres
--

COPY public.bank_settings (id, max_banks_per_user, created_at, updated_at) FROM stdin;
1	1	2025-10-23 17:11:59.530568+07	2025-11-30 19:44:59.035386+07
\.


--
-- Data for Name: banks; Type: TABLE DATA; Schema: public; Owner: postgres
--

COPY public.banks (id, code, name, is_active, logo, min_withdrawal, max_withdrawal, withdrawal_fee, processing_time, created_at, updated_at) FROM stdin;
17	BNI	Bank Negara Indonesia(BNI)	t	\N	45000.00	5000000.00	10.00	1	2025-11-04 03:46:56.041303+07	2026-01-12 13:22:41.200535+07
18	BCA	Bank Central Asia(BCA)	t	\N	45000.00	5000000.00	10.00	10	2025-11-04 03:49:12.668321+07	2026-01-12 13:23:00.022438+07
15	BRI	Bank Rakyat Indonesia(BRI)	t	\N	45000.00	5000000.00	10.00	1	2025-11-04 03:45:02.450466+07	2026-01-12 13:23:12.605608+07
13	DANA	DANA(DANA)	t	\N	45000.00	5000000.00	10.00	1	2025-11-04 03:44:13.401908+07	2026-01-12 13:23:28.482672+07
14	GOPAY	GOPAY(GOPAY)	t	\N	45000.00	10000000.00	10.00	1	2025-11-04 03:44:32.518143+07	2026-01-12 13:23:42.596939+07
12	OVO	OVO(OVO)	t	\N	45000.00	5000000.00	10.00	1	2025-11-04 03:43:49.225187+07	2026-01-12 13:23:53.23027+07
20	MANDIRI	Mandiri(Bank Mandiri)	t	\N	45000.00	100000000.00	10.00	1	2026-01-12 13:24:56.598164+07	2026-01-12 13:24:56.599168+07
21	Danamon	Danamon(Bank Danamon Indonesia)	t	\N	45000.00	10000000.00	10.00	1	2026-01-12 13:25:20.042769+07	2026-01-12 13:25:20.045829+07
22	Permata	Permata(Bank Permata)	t	\N	45000.00	1000000.00	10.00	1	2026-01-12 13:25:36.506355+07	2026-01-12 13:25:36.507894+07
23	Maybank	Maybank(Maybank)	t	\N	45000.00	10000000.00	10.00	1	2026-01-12 13:25:59.410546+07	2026-01-12 13:25:59.412109+07
24	Panin	Panin(PaninBank)	t	\N	45000.00	1000000.00	10.00	1	2026-01-12 13:26:13.139795+07	2026-01-12 13:26:13.141327+07
25	CIMB	CIMB Niaga(Bank CIMB Niaga)	t	\N	45000.00	10000000.00	10.00	1	2026-01-12 13:26:31.148258+07	2026-01-12 13:26:31.151323+07
26	CIMB Syariah	CIMB Niaga Syariah(CIMB Niaga Syariah)	t	\N	45000.00	10000000.00	10.00	1	2026-01-12 13:27:13.671931+07	2026-01-12 13:27:13.673441+07
27	UOB	UOB(United Overseas Bank Limited)	t	\N	45000.00	10000000.00	10.00	1	2026-01-12 13:27:40.201131+07	2026-01-12 13:27:40.202652+07
28	OCBC NISP	OCBC NISP(Bank OCBC NISP)	t	\N	45000.00	10000000.00	10.00	1	2026-01-12 13:28:05.592866+07	2026-01-12 13:28:05.594402+07
29	Citibank	Citibank(Citibank)	t	\N	45000.00	10000000.00	10.00	1	2026-01-12 13:28:21.218776+07	2026-01-12 13:28:21.218776+07
30	Artha	Artha Graha Internasional(Bank Artha)	t	\N	45000.00	10000000.00	10.00	1	2026-01-12 13:28:37.706777+07	2026-01-12 13:28:37.7073+07
31	HSBC	HSBC(HSBC Holdings PLC)	t	\N	45000.00	10000000.00	10.00	1	2026-01-12 13:28:56.071743+07	2026-01-12 13:28:56.072747+07
32	DBS	DBS(DBS Bank)	t	\N	45000.00	10000000.00	10.00	1	2026-01-12 13:29:12.231825+07	2026-01-12 13:29:12.233364+07
33	Standard CH	Standard Chartered(Standard CH Bank)	t	\N	45000.00	10000000.00	10.00	1	2026-01-12 13:29:39.651168+07	2026-01-12 13:29:39.651674+07
34	Capital	Capital Indonesia(Bank Capital Indonesia)	t	\N	45000.00	10000000.00	10.00	1	2026-01-12 13:29:57.062726+07	2026-01-12 13:29:57.064258+07
35	Woori	Woori Indonesia(Bank Woori Saudara)	t	\N	45000.00	10000000.00	10.00	1	2026-01-12 13:30:13.718655+07	2026-01-12 13:30:13.719664+07
36	BOC	BOC(Bank Of CHINA)	t	\N	45000.00	10000000.00	10.00	1	2026-01-12 13:30:29.600838+07	2026-01-12 13:30:29.600838+07
37	MAYAPADA	Mayapada(Bank Mayapada)	t	\N	45000.00	100000000.00	10.00	1	2026-01-12 13:30:46.17886+07	2026-01-12 13:30:46.180468+07
38	BJB	BJB(Bank BJB)	t	\N	45000.00	100000000.00	10.00	1	2026-01-12 13:30:57.555936+07	2026-01-12 13:30:57.558973+07
39	Jateng	Jateng(Bank Jateng)	t	\N	45000.00	10000000.00	10.00	1	2026-01-12 13:31:10.304908+07	2026-01-12 13:31:10.305954+07
40	Jatim	Jatim(Bank Jatim)	t	\N	45000.00	10000000.00	10.00	1	2026-01-12 13:31:23.080542+07	2026-01-12 13:31:23.081546+07
41	Aceh	Aceh(Bank Aceh)	t	\N	45000.00	10000000.00	10.00	1	2026-01-12 13:31:34.914576+07	2026-01-12 13:31:34.916102+07
42	BPD NTB	BPD Nusa Tenggara Barat	t	\N	45000.00	10000000.00	10.00	1	2026-01-12 13:31:50.568591+07	2026-01-12 13:31:50.568591+07
43	BPD Bali	BPD Bali(Bank BPD Bali)	t	\N	45000.00	1000000000.00	10.00	1	2026-01-12 13:32:07.322538+07	2026-01-12 13:32:07.325623+07
44	Maluku	Maluku Malut(Bank Maluku Malut)	t	\N	45000.00	10000000.00	10.00	1	2026-01-12 13:32:26.13138+07	2026-01-12 13:32:26.131884+07
45	BPD Papua	BPD Papua(Bank Papua)	t	\N	45000.00	10000000.00	10.00	1	2026-01-12 13:33:01.523053+07	2026-01-12 13:33:01.524568+07
46	Muamalat	Muamalat Indonesia(Bank Muamalat)	t	\N	45000.00	10000000.00	10.00	1	2026-01-12 13:33:21.024354+07	2026-01-12 13:33:21.025883+07
47	MESTIKA	Mestika Dharma(Bank Mestika)	t	\N	45000.00	10000000.00	10.00	1	2026-01-12 13:33:47.493547+07	2026-01-12 13:33:47.495675+07
48	Sinarmas	Sinarmas(Bank Sinarmas)	t	\N	45000.00	10000000.00	10.00	1	2026-01-12 13:33:59.479285+07	2026-01-12 13:33:59.480794+07
49	Maspion	Maspion Indonesia(Bank Maspion)	t	\N	45000.00	10000000.00	10.00	1	2026-01-12 13:34:15.88191+07	2026-01-12 13:34:15.883437+07
50	Ganesha	Ganesha(Bank Ganesha)	t	\N	45000.00	10000000.00	10.00	1	2026-01-12 13:34:29.838741+07	2026-01-12 13:34:29.841787+07
51	ICBC	ICBC(Bank ICBC Indonesia)	t	\N	45000.00	10000000.00	10.00	1	2026-01-12 13:34:46.332133+07	2026-01-12 13:34:46.33367+07
52	QNB	QNB Indonesia(Bank QNB Indonesia)	t	\N	45000.00	10000000.00	10.00	1	2026-01-12 13:35:09.534937+07	2026-01-12 13:35:09.535442+07
53	BTPN	BTPN(Bank BTPN)	t	\N	45000.00	100000000.00	10.00	1	2026-01-12 13:35:35.109779+07	2026-01-12 13:35:35.111294+07
54	Mega	Mega(Bank Mega)	t	\N	45000.00	10000000.00	10.00	1	2026-01-12 13:35:56.807743+07	2026-01-12 13:35:56.807743+07
55	Hana	Hana(Hana Bank)	t	\N	45000.00	10000000.00	10.00	1	2026-01-12 13:36:13.535469+07	2026-01-12 13:36:13.536474+07
56	Neo Commerce	Neo Commerce(Bank Neo Commerce)	t	\N	45000.00	10000000.00	10.00	1	2026-01-12 13:36:35.928855+07	2026-01-12 13:36:35.931384+07
57	Nobu	National Nobu(Bank National Nobu)	t	\N	45000.00	10000000.00	10.00	1	2026-01-12 13:36:53.340189+07	2026-01-12 13:36:53.341717+07
58	Seabank	Seabank Indonesia(PT Bank Seabank Indonesia)	t	\N	45000.00	10000000.00	10.00	1	2026-01-12 13:37:26.0164+07	2026-01-12 13:37:26.0164+07
59	Jago	Jago(Bank Jago)	t	\N	45000.00	10000000.00	10.00	1	2026-01-12 13:37:39.496478+07	2026-01-12 13:37:39.499017+07
60	Victoria	Victoria International(Bank Victoria International)	t	\N	45000.00	10000000.00	10.00	1	2026-01-12 13:38:05.528505+07	2026-01-12 13:38:05.530015+07
61	CTBC	CTBC Indonesia(Bank CTBC Indonesia)	t	\N	45000.00	10000000.00	10.00	1	2026-01-12 13:38:26.391141+07	2026-01-12 13:38:26.39218+07
62	LINKAJA	LINKAJA(LINKAJA)	t	\N	45000.00	10000000.00	10.00	1	2026-01-12 13:38:42.14651+07	2026-01-12 13:38:42.149605+07
\.


--
-- Data for Name: claim_history; Type: TABLE DATA; Schema: public; Owner: postgres
--

COPY public.claim_history (id, claim_amount, claim_type, status, claim_number, remaining_days_at_claim, total_claimed_before, notes, created_at, investment_id, transaction_id, user_id) FROM stdin;
128	4680.00	auto	completed	5	60	18720.00	Automatic profit from Sistem Celenix	2025-11-30 20:55:31.848336+07	23	666	4
129	4680.00	auto	completed	5	60	18720.00	Automatic profit from Sistem Celenix	2025-11-30 21:00:33.305962+07	17	670	7
130	4680.00	auto	completed	5	60	18720.00	Automatic profit from Sistem Celenix	2025-11-30 21:00:33.985743+07	11	674	6
131	4680.00	auto	completed	5	60	18720.00	Automatic profit from Sistem Celenix	2025-11-30 21:00:34.40148+07	5	678	5
132	4680.00	auto	completed	5	59	18720.00	Automatic profit from Sistem Celenix	2025-11-30 21:00:34.747543+07	4	682	3
134	4680.00	auto	completed	6	59	23400.00	Automatic profit from Exx 01	2025-12-01 20:57:27.264757+07	23	774	4
142	9000.00	auto	completed	1	179	0.00	Automatic profit from Exx 01	2025-12-01 22:39:14.863558+07	34	782	10
143	9000.00	auto	completed	1	179	0.00	Automatic profit from Exx 01	2025-12-01 22:44:16.006121+07	36	783	9
144	9000.00	auto	completed	1	179	0.00	Automatic profit from Exx 01	2025-12-01 22:44:16.35744+07	35	784	11
145	36000.00	auto	completed	1	179	0.00	Automatic profit from Exx 03	2025-12-01 22:49:17.047037+07	38	785	9
146	20000.00	auto	completed	1	179	0.00	Automatic profit from Exx 02	2025-12-01 22:49:17.631424+07	37	786	9
13	4680.00	auto	completed	1	64	0.00	Automatic profit from Sistem Celenix	2025-11-26 20:46:56.854625+07	23	227	4
147	9000.00	auto	completed	1	179	0.00	Automatic profit from Exx 01	2025-12-02 14:52:36.659514+07	39	791	14
148	20000.00	auto	completed	1	179	0.00	Automatic profit from Exx 02	2025-12-02 14:57:37.563375+07	40	792	14
153	4680.00	auto	completed	7	58	28080.00	Automatic profit from Exx 01	2025-12-02 20:59:05.255952+07	23	841	4
154	4680.00	auto	completed	7	58	28080.00	Automatic profit from Exx 01	2025-12-02 21:04:06.463616+07	17	842	7
155	4680.00	auto	completed	7	58	28080.00	Automatic profit from Exx 01	2025-12-02 21:04:06.824734+07	11	843	6
156	4680.00	auto	completed	7	58	28080.00	Automatic profit from Exx 01	2025-12-02 21:04:07.122738+07	5	844	5
157	4680.00	auto	completed	7	57	28080.00	Automatic profit from Exx 01	2025-12-02 21:04:07.412082+07	4	845	3
164	36000.00	auto	completed	2	178	36000.00	Automatic profit from Exx 03	2025-12-02 22:54:45.753598+07	38	853	9
165	20000.00	auto	completed	2	178	20000.00	Automatic profit from Exx 02	2025-12-02 22:54:46.019343+07	37	854	9
25	4680.00	auto	completed	1	64	0.00	Automatic profit from Sistem Celenix	2025-11-26 20:47:12.352232+07	17	279	7
31	4680.00	auto	completed	1	64	0.00	Automatic profit from Sistem Celenix	2025-11-26 20:47:14.996972+07	11	303	6
37	4680.00	auto	completed	1	64	0.00	Automatic profit from Sistem Celenix	2025-11-26 20:47:17.644598+07	5	327	5
38	4680.00	auto	completed	1	63	0.00	Automatic profit from Sistem Celenix	2025-11-26 20:47:18.074704+07	4	331	3
48	4680.00	auto	completed	2	63	4680.00	Automatic profit from Sistem Celenix	2025-11-27 20:47:05.236557+07	23	362	4
54	4680.00	auto	completed	2	63	4680.00	Automatic profit from Sistem Celenix	2025-11-27 20:52:08.469008+07	17	386	7
135	4680.00	auto	completed	6	59	23400.00	Automatic profit from Exx 01	2025-12-01 21:02:28.795707+07	17	775	7
136	4680.00	auto	completed	6	59	23400.00	Automatic profit from Exx 01	2025-12-01 21:02:29.157331+07	11	776	6
60	4680.00	auto	completed	2	63	4680.00	Automatic profit from Sistem Celenix	2025-11-27 20:52:11.066446+07	11	410	6
137	4680.00	auto	completed	6	59	23400.00	Automatic profit from Exx 01	2025-12-01 21:02:29.498881+07	5	777	5
138	4680.00	auto	completed	6	58	23400.00	Automatic profit from Exx 01	2025-12-01 21:02:29.74208+07	4	778	3
149	9000.00	auto	completed	1	179	0.00	Automatic profit from Exx 01	2025-12-02 17:27:57.082706+07	41	795	17
150	9000.00	auto	completed	1	179	0.00	Automatic profit from Exx 01	2025-12-02 17:32:58.049567+07	42	796	16
66	4680.00	auto	completed	2	63	4680.00	Automatic profit from Sistem Celenix	2025-11-27 20:52:13.503131+07	5	434	5
67	4680.00	auto	completed	2	62	4680.00	Automatic profit from Sistem Celenix	2025-11-27 20:52:13.815381+07	4	438	3
77	4680.00	auto	completed	3	62	9360.00	Automatic profit from Sistem Celenix	2025-11-28 20:51:03.265918+07	23	469	4
83	4680.00	auto	completed	3	62	9360.00	Automatic profit from Sistem Celenix	2025-11-28 20:56:10.461669+07	17	493	7
89	4680.00	auto	completed	3	62	9360.00	Automatic profit from Sistem Celenix	2025-11-28 20:56:13.036909+07	11	517	6
95	4680.00	auto	completed	3	62	9360.00	Automatic profit from Sistem Celenix	2025-11-28 20:56:15.455291+07	5	541	5
96	4680.00	auto	completed	3	61	9360.00	Automatic profit from Sistem Celenix	2025-11-28 20:56:15.802748+07	4	545	3
106	4680.00	auto	completed	4	61	14040.00	Automatic profit from Sistem Celenix	2025-11-29 20:52:26.79557+07	23	577	4
112	4680.00	auto	completed	4	61	14040.00	Automatic profit from Sistem Celenix	2025-11-29 20:57:30.320206+07	17	601	7
151	9000.00	auto	completed	1	179	0.00	Automatic profit from Exx 01	2025-12-02 17:42:59.801388+07	43	797	18
152	9000.00	auto	completed	1	179	0.00	Automatic profit from Exx 01	2025-12-02 17:48:00.726874+07	44	798	19
161	9000.00	auto	completed	2	178	9000.00	Automatic profit from Exx 01	2025-12-02 22:39:42.578077+07	34	850	10
118	4680.00	auto	completed	4	61	14040.00	Automatic profit from Sistem Celenix	2025-11-29 20:57:33.183447+07	11	625	6
162	9000.00	auto	completed	2	178	9000.00	Automatic profit from Exx 01	2025-12-02 22:44:43.355638+07	36	851	9
163	9000.00	auto	completed	2	178	9000.00	Automatic profit from Exx 01	2025-12-02 22:44:43.875452+07	35	852	11
124	4680.00	auto	completed	4	61	14040.00	Automatic profit from Sistem Celenix	2025-11-29 20:57:35.726406+07	5	649	5
125	4680.00	auto	completed	4	60	14040.00	Automatic profit from Sistem Celenix	2025-11-29 20:57:36.052566+07	4	653	3
166	9000.00	auto	completed	1	178	0.00	Automatic profit from Exx 01	2025-12-04 22:21:49.670127+07	50	855	30
167	9000.00	auto	completed	1	178	0.00	Automatic profit from Exx 01	2025-12-04 22:21:50.043979+07	49	856	29
168	9000.00	auto	completed	1	178	0.00	Automatic profit from Exx 01	2025-12-04 22:21:50.405123+07	48	857	28
169	9000.00	auto	completed	1	178	0.00	Automatic profit from Exx 01	2025-12-04 22:21:50.767296+07	47	858	26
170	9000.00	auto	completed	1	178	0.00	Automatic profit from Exx 01	2025-12-04 22:21:51.173281+07	46	859	25
171	9000.00	auto	completed	1	178	0.00	Automatic profit from Exx 01	2025-12-04 22:21:51.555282+07	45	860	24
172	9000.00	auto	completed	2	177	9000.00	Automatic profit from Exx 01	2025-12-04 22:21:51.910517+07	44	861	19
173	9000.00	auto	completed	2	177	9000.00	Automatic profit from Exx 01	2025-12-04 22:21:52.261212+07	43	862	18
174	9000.00	auto	completed	2	177	9000.00	Automatic profit from Exx 01	2025-12-04 22:21:52.566453+07	42	863	16
175	9000.00	auto	completed	2	177	9000.00	Automatic profit from Exx 01	2025-12-04 22:21:52.912396+07	41	864	17
176	20000.00	auto	completed	2	177	20000.00	Automatic profit from Exx 02	2025-12-04 22:21:53.204217+07	40	865	14
177	9000.00	auto	completed	2	177	9000.00	Automatic profit from Exx 01	2025-12-04 22:21:53.506921+07	39	866	14
178	36000.00	auto	completed	3	176	72000.00	Automatic profit from Exx 03	2025-12-04 22:21:53.760651+07	38	867	9
179	20000.00	auto	completed	3	176	40000.00	Automatic profit from Exx 02	2025-12-04 22:21:54.040731+07	37	868	9
180	9000.00	auto	completed	3	176	18000.00	Automatic profit from Exx 01	2025-12-04 22:21:54.294993+07	36	869	9
181	9000.00	auto	completed	3	176	18000.00	Automatic profit from Exx 01	2025-12-04 22:21:54.579914+07	35	870	11
182	9000.00	auto	completed	3	176	18000.00	Automatic profit from Exx 01	2025-12-04 22:22:52.186837+07	34	872	10
185	4680.00	auto	completed	8	56	32760.00	Automatic profit from Exx 01	2025-12-04 22:22:52.960404+07	23	875	4
186	4680.00	auto	completed	8	56	32760.00	Automatic profit from Exx 01	2025-12-04 22:22:53.313009+07	17	876	7
187	4680.00	auto	completed	8	56	32760.00	Automatic profit from Exx 01	2025-12-04 22:22:53.644962+07	11	877	6
188	4680.00	auto	completed	8	56	32760.00	Automatic profit from Exx 01	2025-12-04 22:22:53.952917+07	5	878	5
189	4680.00	auto	completed	8	55	32760.00	Automatic profit from Exx 01	2025-12-04 22:22:54.230555+07	4	879	3
191	9000.00	auto	completed	2	177	9000.00	Automatic profit from Exx 01	2025-12-05 22:25:32.66587+07	50	881	30
192	9000.00	auto	completed	2	177	9000.00	Automatic profit from Exx 01	2025-12-05 22:25:33.053055+07	49	882	29
193	9000.00	auto	completed	2	177	9000.00	Automatic profit from Exx 01	2025-12-05 22:25:33.45148+07	48	883	28
194	9000.00	auto	completed	2	177	9000.00	Automatic profit from Exx 01	2025-12-05 22:25:33.830794+07	47	884	26
195	9000.00	auto	completed	2	177	9000.00	Automatic profit from Exx 01	2025-12-05 22:25:34.263751+07	46	885	25
196	9000.00	auto	completed	2	177	9000.00	Automatic profit from Exx 01	2025-12-05 22:25:34.652487+07	45	886	24
197	9000.00	auto	completed	3	176	18000.00	Automatic profit from Exx 01	2025-12-05 22:25:35.226778+07	44	887	19
198	9000.00	auto	completed	3	176	18000.00	Automatic profit from Exx 01	2025-12-05 22:25:35.641696+07	43	888	18
199	9000.00	auto	completed	3	176	18000.00	Automatic profit from Exx 01	2025-12-05 22:25:36.080352+07	42	889	16
200	9000.00	auto	completed	3	176	18000.00	Automatic profit from Exx 01	2025-12-05 22:25:36.53132+07	41	890	17
201	20000.00	auto	completed	3	176	40000.00	Automatic profit from Exx 02	2025-12-05 22:25:36.84871+07	40	891	14
202	9000.00	auto	completed	3	176	18000.00	Automatic profit from Exx 01	2025-12-05 22:25:37.152899+07	39	892	14
203	36000.00	auto	completed	4	175	108000.00	Automatic profit from Exx 03	2025-12-05 22:25:37.446878+07	38	893	9
204	20000.00	auto	completed	4	175	60000.00	Automatic profit from Exx 02	2025-12-05 22:25:37.717002+07	37	894	9
205	9000.00	auto	completed	4	175	27000.00	Automatic profit from Exx 01	2025-12-05 22:25:37.991583+07	36	895	9
206	9000.00	auto	completed	4	175	27000.00	Automatic profit from Exx 01	2025-12-05 22:25:38.315021+07	35	896	11
207	9000.00	auto	completed	4	175	27000.00	Automatic profit from Exx 01	2025-12-05 22:25:38.610131+07	34	897	10
210	4680.00	auto	completed	9	55	37440.00	Automatic profit from Exx 01	2025-12-05 22:25:39.486961+07	23	900	4
211	4680.00	auto	completed	9	55	37440.00	Automatic profit from Exx 01	2025-12-05 22:25:39.850945+07	17	901	7
212	4680.00	auto	completed	9	55	37440.00	Automatic profit from Exx 01	2025-12-05 22:25:40.230918+07	11	902	6
213	4680.00	auto	completed	9	55	37440.00	Automatic profit from Exx 01	2025-12-05 22:25:40.587279+07	5	903	5
214	4680.00	auto	completed	9	54	37440.00	Automatic profit from Exx 01	2025-12-05 22:25:40.869755+07	4	904	3
216	9000.00	auto	completed	3	176	18000.00	Automatic profit from Exx 01	2025-12-06 22:27:53.335527+07	50	906	30
217	9000.00	auto	completed	3	176	18000.00	Automatic profit from Exx 01	2025-12-06 22:27:53.721454+07	49	907	29
218	9000.00	auto	completed	3	176	18000.00	Automatic profit from Exx 01	2025-12-06 22:27:54.077832+07	48	908	28
219	9000.00	auto	completed	3	176	18000.00	Automatic profit from Exx 01	2025-12-06 22:27:54.433723+07	47	909	26
220	9000.00	auto	completed	3	176	18000.00	Automatic profit from Exx 01	2025-12-06 22:27:54.775868+07	46	910	25
221	9000.00	auto	completed	3	176	18000.00	Automatic profit from Exx 01	2025-12-06 22:27:55.135667+07	45	911	24
222	9000.00	auto	completed	4	175	27000.00	Automatic profit from Exx 01	2025-12-06 22:27:55.466526+07	44	912	19
223	9000.00	auto	completed	4	175	27000.00	Automatic profit from Exx 01	2025-12-06 22:27:55.825292+07	43	913	18
224	9000.00	auto	completed	4	175	27000.00	Automatic profit from Exx 01	2025-12-06 22:27:56.163738+07	42	914	16
225	9000.00	auto	completed	4	175	27000.00	Automatic profit from Exx 01	2025-12-06 22:27:56.503604+07	41	915	17
226	20000.00	auto	completed	4	175	60000.00	Automatic profit from Exx 02	2025-12-06 22:27:56.798252+07	40	916	14
227	9000.00	auto	completed	4	175	27000.00	Automatic profit from Exx 01	2025-12-06 22:27:57.076588+07	39	917	14
228	36000.00	auto	completed	5	174	144000.00	Automatic profit from Exx 03	2025-12-06 22:27:57.330477+07	38	918	9
229	20000.00	auto	completed	5	174	80000.00	Automatic profit from Exx 02	2025-12-06 22:27:57.594781+07	37	919	9
230	9000.00	auto	completed	5	174	36000.00	Automatic profit from Exx 01	2025-12-06 22:27:57.847947+07	36	920	9
231	9000.00	auto	completed	5	174	36000.00	Automatic profit from Exx 01	2025-12-06 22:27:58.137749+07	35	921	11
232	9000.00	auto	completed	5	174	36000.00	Automatic profit from Exx 01	2025-12-06 22:27:58.423547+07	34	922	10
235	4680.00	auto	completed	10	54	42120.00	Automatic profit from Exx 01	2025-12-06 22:27:59.156266+07	23	925	4
236	4680.00	auto	completed	10	54	42120.00	Automatic profit from Exx 01	2025-12-06 22:27:59.503543+07	17	926	7
237	4680.00	auto	completed	10	54	42120.00	Automatic profit from Exx 01	2025-12-06 22:27:59.844197+07	11	927	6
238	4680.00	auto	completed	10	54	42120.00	Automatic profit from Exx 01	2025-12-06 22:28:00.146134+07	5	928	5
239	4680.00	auto	completed	10	53	42120.00	Automatic profit from Exx 01	2025-12-06 22:28:00.402382+07	4	929	3
241	9000.00	auto	completed	4	175	27000.00	Automatic profit from Exx 01	2025-12-07 22:31:05.790268+07	50	961	30
242	9000.00	auto	completed	4	175	27000.00	Automatic profit from Exx 01	2025-12-07 22:31:06.206711+07	49	962	29
243	9000.00	auto	completed	4	175	27000.00	Automatic profit from Exx 01	2025-12-07 22:31:06.618738+07	48	963	28
244	9000.00	auto	completed	4	175	27000.00	Automatic profit from Exx 01	2025-12-07 22:31:07.088494+07	47	964	26
245	9000.00	auto	completed	4	175	27000.00	Automatic profit from Exx 01	2025-12-07 22:31:07.558378+07	46	965	25
246	9000.00	auto	completed	4	175	27000.00	Automatic profit from Exx 01	2025-12-07 22:31:07.933265+07	45	966	24
247	9000.00	auto	completed	5	174	36000.00	Automatic profit from Exx 01	2025-12-07 22:31:08.311355+07	44	967	19
248	9000.00	auto	completed	5	174	36000.00	Automatic profit from Exx 01	2025-12-07 22:31:08.747418+07	43	968	18
249	9000.00	auto	completed	5	174	36000.00	Automatic profit from Exx 01	2025-12-07 22:31:09.059737+07	42	969	16
250	9000.00	auto	completed	5	174	36000.00	Automatic profit from Exx 01	2025-12-07 22:31:09.430276+07	41	970	17
251	20000.00	auto	completed	5	174	80000.00	Automatic profit from Exx 02	2025-12-07 22:31:09.726863+07	40	971	14
252	9000.00	auto	completed	5	174	36000.00	Automatic profit from Exx 01	2025-12-07 22:31:10.027816+07	39	972	14
253	36000.00	auto	completed	6	173	180000.00	Automatic profit from Exx 03	2025-12-07 22:31:10.302573+07	38	973	9
254	20000.00	auto	completed	6	173	100000.00	Automatic profit from Exx 02	2025-12-07 22:31:10.600536+07	37	974	9
255	9000.00	auto	completed	6	173	45000.00	Automatic profit from Exx 01	2025-12-07 22:31:10.863188+07	36	975	9
256	9000.00	auto	completed	6	173	45000.00	Automatic profit from Exx 01	2025-12-07 22:31:11.158291+07	35	976	11
257	9000.00	auto	completed	6	173	45000.00	Automatic profit from Exx 01	2025-12-07 22:31:11.457252+07	34	977	10
260	4680.00	auto	completed	11	53	46800.00	Automatic profit from Exx 01	2025-12-07 22:31:12.478133+07	23	980	4
261	4680.00	auto	completed	11	53	46800.00	Automatic profit from Exx 01	2025-12-07 22:31:12.852149+07	17	981	7
262	4680.00	auto	completed	11	53	46800.00	Automatic profit from Exx 01	2025-12-07 22:31:13.476844+07	11	982	6
263	4680.00	auto	completed	11	53	46800.00	Automatic profit from Exx 01	2025-12-07 22:31:14.035988+07	5	983	5
264	4680.00	auto	completed	11	52	46800.00	Automatic profit from Exx 01	2025-12-07 22:31:15.901177+07	4	984	3
269	94000.00	auto	completed	1	179	0.00	Automatic profit from RBR A300	2025-12-08 17:49:54.22573+07	55	1006	32
270	60000.00	auto	completed	1	179	0.00	Automatic profit from RBB B200	2025-12-08 17:49:54.50717+07	54	1007	32
271	9000.00	auto	completed	1	179	0.00	Automatic profit from RBR A100	2025-12-08 17:54:55.509832+07	56	1008	33
272	9000.00	auto	completed	5	174	36000.00	Automatic profit from RBR A100	2025-12-08 22:32:53.15654+07	50	1025	30
273	9000.00	auto	completed	5	174	36000.00	Automatic profit from RBR A100	2025-12-08 22:32:53.568962+07	49	1026	29
274	9000.00	auto	completed	5	174	36000.00	Automatic profit from RBR A100	2025-12-08 22:32:53.956346+07	48	1027	28
275	9000.00	auto	completed	5	174	36000.00	Automatic profit from RBR A100	2025-12-08 22:32:54.344371+07	47	1028	26
276	9000.00	auto	completed	5	174	36000.00	Automatic profit from RBR A100	2025-12-08 22:32:54.732613+07	46	1029	25
277	9000.00	auto	completed	5	174	36000.00	Automatic profit from RBR A100	2025-12-08 22:32:55.097209+07	45	1030	24
278	9000.00	auto	completed	6	173	45000.00	Automatic profit from RBR A100	2025-12-08 22:32:55.46063+07	44	1031	19
279	9000.00	auto	completed	6	173	45000.00	Automatic profit from RBR A100	2025-12-08 22:32:55.850841+07	43	1032	18
280	9000.00	auto	completed	6	173	45000.00	Automatic profit from RBR A100	2025-12-08 22:32:56.187995+07	42	1033	16
281	9000.00	auto	completed	6	173	45000.00	Automatic profit from RBR A100	2025-12-08 22:32:56.541749+07	41	1034	17
282	20000.00	auto	completed	6	173	100000.00	Automatic profit from RBB B100	2025-12-08 22:32:56.828355+07	40	1035	14
283	9000.00	auto	completed	6	173	45000.00	Automatic profit from RBR A100	2025-12-08 22:32:57.160532+07	39	1036	14
284	36000.00	auto	completed	7	172	216000.00	Automatic profit from RBR A200	2025-12-08 22:32:57.440944+07	38	1037	9
285	20000.00	auto	completed	7	172	120000.00	Automatic profit from RBB B100	2025-12-08 22:32:57.728756+07	37	1038	9
286	9000.00	auto	completed	7	172	54000.00	Automatic profit from RBR A100	2025-12-08 22:32:57.998465+07	36	1039	9
287	9000.00	auto	completed	7	172	54000.00	Automatic profit from RBR A100	2025-12-08 22:32:58.521956+07	35	1040	11
288	9000.00	auto	completed	7	172	54000.00	Automatic profit from RBR A100	2025-12-08 22:32:59.136349+07	34	1041	10
291	4680.00	auto	completed	12	52	51480.00	Automatic profit from RBR A100	2025-12-08 22:33:00.164792+07	23	1044	4
292	4680.00	auto	completed	12	52	51480.00	Automatic profit from RBR A100	2025-12-08 22:33:00.612859+07	17	1045	7
293	4680.00	auto	completed	12	52	51480.00	Automatic profit from RBR A100	2025-12-08 22:33:01.000989+07	11	1046	6
294	4680.00	auto	completed	12	52	51480.00	Automatic profit from RBR A100	2025-12-08 22:33:01.376868+07	5	1047	5
295	4680.00	auto	completed	12	51	51480.00	Automatic profit from RBR A100	2025-12-08 22:33:02.049738+07	4	1048	3
298	9000.00	auto	completed	1	179	0.00	Automatic profit from RBR A100	2025-12-09 07:09:09.381161+07	58	1052	32
299	7500.00	auto	completed	1	85	0.00	Automatic profit from RBR A100	2025-12-23 11:45:47.399225+07	61	1053	37
300	7500.00	auto	completed	1	85	0.00	Automatic profit from RBR A100	2025-12-23 11:45:47.411738+07	60	1054	34
301	7500.00	auto	completed	1	85	0.00	Automatic profit from RBR A100	2025-12-23 11:45:47.422227+07	59	1055	34
302	9000.00	auto	completed	2	165	9000.00	Automatic profit from RBR A100	2025-12-23 11:45:47.446759+07	58	1056	32
304	9000.00	auto	completed	2	164	9000.00	Automatic profit from RBR A100	2025-12-23 11:45:47.467652+07	56	1058	33
305	94000.00	auto	completed	2	164	94000.00	Automatic profit from RBR A300	2025-12-23 11:45:47.477917+07	55	1059	32
306	60000.00	auto	completed	2	164	60000.00	Automatic profit from RBB B200	2025-12-23 11:45:47.487345+07	54	1060	32
310	9000.00	auto	completed	6	159	45000.00	Automatic profit from RBR A100	2025-12-23 11:45:47.528691+07	50	1064	30
311	9000.00	auto	completed	6	159	45000.00	Automatic profit from RBR A100	2025-12-23 11:45:47.57843+07	49	1065	29
312	9000.00	auto	completed	6	159	45000.00	Automatic profit from RBR A100	2025-12-23 11:45:47.590607+07	48	1066	28
313	9000.00	auto	completed	6	159	45000.00	Automatic profit from RBR A100	2025-12-23 11:45:47.605335+07	47	1067	26
314	9000.00	auto	completed	6	159	45000.00	Automatic profit from RBR A100	2025-12-23 11:45:47.618168+07	46	1068	25
315	9000.00	auto	completed	6	159	45000.00	Automatic profit from RBR A100	2025-12-23 11:45:47.630743+07	45	1069	24
316	9000.00	auto	completed	7	158	54000.00	Automatic profit from RBR A100	2025-12-23 11:45:47.643795+07	44	1070	19
317	9000.00	auto	completed	7	158	54000.00	Automatic profit from RBR A100	2025-12-23 11:45:47.656176+07	43	1071	18
318	9000.00	auto	completed	7	158	54000.00	Automatic profit from RBR A100	2025-12-23 11:45:47.666405+07	42	1072	16
319	9000.00	auto	completed	7	158	54000.00	Automatic profit from RBR A100	2025-12-23 11:45:47.67869+07	41	1073	17
320	20000.00	auto	completed	7	158	120000.00	Automatic profit from RBB B100	2025-12-23 11:45:47.688794+07	40	1074	14
321	9000.00	auto	completed	7	158	54000.00	Automatic profit from RBR A100	2025-12-23 11:45:47.698778+07	39	1075	14
322	36000.00	auto	completed	8	157	252000.00	Automatic profit from RBR A200	2025-12-23 11:45:47.708355+07	38	1076	9
323	20000.00	auto	completed	8	157	140000.00	Automatic profit from RBB B100	2025-12-23 11:45:47.716204+07	37	1077	9
324	9000.00	auto	completed	8	157	63000.00	Automatic profit from RBR A100	2025-12-23 11:45:47.725378+07	36	1078	9
325	9000.00	auto	completed	8	157	63000.00	Automatic profit from RBR A100	2025-12-23 11:45:47.735638+07	35	1079	11
326	9000.00	auto	completed	8	157	63000.00	Automatic profit from RBR A100	2025-12-23 11:45:47.746443+07	34	1080	10
329	4680.00	auto	completed	13	37	56160.00	Automatic profit from RBR A100	2025-12-23 11:45:47.775816+07	23	1083	4
330	4680.00	auto	completed	13	37	56160.00	Automatic profit from RBR A100	2025-12-23 11:45:47.787122+07	17	1084	7
331	4680.00	auto	completed	13	37	56160.00	Automatic profit from RBR A100	2025-12-23 11:45:47.79746+07	11	1085	6
332	4680.00	auto	completed	13	37	56160.00	Automatic profit from RBR A100	2025-12-23 11:45:47.805987+07	5	1086	5
333	4680.00	auto	completed	13	36	56160.00	Automatic profit from RBR A100	2025-12-23 11:45:47.814062+07	4	1087	3
335	7500.00	auto	completed	2	84	7500.00	Automatic profit from RBR A100	2025-12-24 22:21:15.160655+07	61	1094	37
336	7500.00	auto	completed	2	84	7500.00	Automatic profit from RBR A100	2025-12-24 22:21:15.191265+07	60	1095	34
337	7500.00	auto	completed	2	84	7500.00	Automatic profit from RBR A100	2025-12-24 22:21:15.203261+07	59	1096	34
338	9000.00	auto	completed	3	164	18000.00	Automatic profit from RBR A100	2025-12-24 22:21:15.214502+07	58	1097	32
340	9000.00	auto	completed	3	163	18000.00	Automatic profit from RBR A100	2025-12-24 22:21:15.238705+07	56	1099	33
341	94000.00	auto	completed	3	163	188000.00	Automatic profit from RBR A300	2025-12-24 22:21:15.253923+07	55	1100	32
342	60000.00	auto	completed	3	163	120000.00	Automatic profit from RBB B200	2025-12-24 22:21:15.266442+07	54	1101	32
346	9000.00	auto	completed	7	158	54000.00	Automatic profit from RBR A100	2025-12-24 22:21:15.31411+07	50	1105	30
347	9000.00	auto	completed	7	158	54000.00	Automatic profit from RBR A100	2025-12-24 22:21:15.328098+07	49	1106	29
348	9000.00	auto	completed	7	158	54000.00	Automatic profit from RBR A100	2025-12-24 22:21:15.338687+07	48	1107	28
349	9000.00	auto	completed	7	158	54000.00	Automatic profit from RBR A100	2025-12-24 22:21:15.353137+07	47	1108	26
350	9000.00	auto	completed	7	158	54000.00	Automatic profit from RBR A100	2025-12-24 22:21:15.364571+07	46	1109	25
351	9000.00	auto	completed	7	158	54000.00	Automatic profit from RBR A100	2025-12-24 22:21:15.378823+07	45	1110	24
352	9000.00	auto	completed	8	157	63000.00	Automatic profit from RBR A100	2025-12-24 22:21:15.388617+07	44	1111	19
353	9000.00	auto	completed	8	157	63000.00	Automatic profit from RBR A100	2025-12-24 22:21:15.395622+07	43	1112	18
354	9000.00	auto	completed	8	157	63000.00	Automatic profit from RBR A100	2025-12-24 22:21:15.411768+07	42	1113	16
355	9000.00	auto	completed	8	157	63000.00	Automatic profit from RBR A100	2025-12-24 22:21:15.421983+07	41	1114	17
356	20000.00	auto	completed	8	157	140000.00	Automatic profit from RBB B100	2025-12-24 22:21:15.429151+07	40	1115	14
357	9000.00	auto	completed	8	157	63000.00	Automatic profit from RBR A100	2025-12-24 22:21:15.444275+07	39	1116	14
358	36000.00	auto	completed	9	156	288000.00	Automatic profit from RBR A200	2025-12-24 22:21:15.447479+07	38	1117	9
359	20000.00	auto	completed	9	156	160000.00	Automatic profit from RBB B100	2025-12-24 22:21:15.46141+07	37	1118	9
360	9000.00	auto	completed	9	156	72000.00	Automatic profit from RBR A100	2025-12-24 22:21:15.462479+07	36	1119	9
361	9000.00	auto	completed	9	156	72000.00	Automatic profit from RBR A100	2025-12-24 22:21:15.480318+07	35	1120	11
362	9000.00	auto	completed	9	156	72000.00	Automatic profit from RBR A100	2025-12-24 22:21:15.489653+07	34	1121	10
365	4680.00	auto	completed	14	36	60840.00	Automatic profit from RBR A100	2025-12-24 22:21:15.515398+07	23	1124	4
366	4680.00	auto	completed	14	36	60840.00	Automatic profit from RBR A100	2025-12-24 22:21:15.527062+07	17	1125	7
367	4680.00	auto	completed	14	36	60840.00	Automatic profit from RBR A100	2025-12-24 22:21:15.529213+07	11	1126	6
368	4680.00	auto	completed	14	36	60840.00	Automatic profit from RBR A100	2025-12-24 22:21:15.545375+07	5	1127	5
369	4680.00	auto	completed	14	35	60840.00	Automatic profit from RBR A100	2025-12-24 22:21:15.556337+07	4	1128	3
375	7500.00	auto	completed	3	70	15000.00	Automatic profit from RBR A100	2026-01-07 18:53:46.991773+07	61	1134	37
376	7500.00	auto	completed	3	70	15000.00	Automatic profit from RBR A100	2026-01-07 18:53:47.000572+07	60	1135	34
377	7500.00	auto	completed	3	70	15000.00	Automatic profit from RBR A100	2026-01-07 18:53:47.011393+07	59	1136	34
378	9000.00	auto	completed	4	150	27000.00	Automatic profit from RBR A100	2026-01-07 18:53:47.021214+07	58	1137	32
380	9000.00	auto	completed	4	149	27000.00	Automatic profit from RBR A100	2026-01-07 18:53:47.040265+07	56	1139	33
381	94000.00	auto	completed	4	149	282000.00	Automatic profit from RBR A300	2026-01-07 18:53:47.049061+07	55	1140	32
382	60000.00	auto	completed	4	149	180000.00	Automatic profit from RBB B200	2026-01-07 18:53:47.05777+07	54	1141	32
386	9000.00	auto	completed	8	144	63000.00	Automatic profit from RBR A100	2026-01-07 18:53:47.090908+07	50	1145	30
387	9000.00	auto	completed	8	144	63000.00	Automatic profit from RBR A100	2026-01-07 18:53:47.101698+07	49	1146	29
388	9000.00	auto	completed	8	144	63000.00	Automatic profit from RBR A100	2026-01-07 18:53:47.113057+07	48	1147	28
389	9000.00	auto	completed	8	144	63000.00	Automatic profit from RBR A100	2026-01-07 18:53:47.124153+07	47	1148	26
390	9000.00	auto	completed	8	144	63000.00	Automatic profit from RBR A100	2026-01-07 18:53:47.133378+07	46	1149	25
391	9000.00	auto	completed	8	144	63000.00	Automatic profit from RBR A100	2026-01-07 18:53:47.144168+07	45	1150	24
392	9000.00	auto	completed	9	143	72000.00	Automatic profit from RBR A100	2026-01-07 18:53:47.154013+07	44	1151	19
393	9000.00	auto	completed	9	143	72000.00	Automatic profit from RBR A100	2026-01-07 18:53:47.163163+07	43	1152	18
394	9000.00	auto	completed	9	143	72000.00	Automatic profit from RBR A100	2026-01-07 18:53:47.172826+07	42	1153	16
395	9000.00	auto	completed	9	143	72000.00	Automatic profit from RBR A100	2026-01-07 18:53:47.182055+07	41	1154	17
396	20000.00	auto	completed	9	143	160000.00	Automatic profit from RBB B100	2026-01-07 18:53:47.192837+07	40	1155	14
397	9000.00	auto	completed	9	143	72000.00	Automatic profit from RBR A100	2026-01-07 18:53:47.202444+07	39	1156	14
398	36000.00	auto	completed	10	142	324000.00	Automatic profit from RBR A200	2026-01-07 18:53:47.210162+07	38	1157	9
399	20000.00	auto	completed	10	142	180000.00	Automatic profit from RBB B100	2026-01-07 18:53:47.219543+07	37	1158	9
400	9000.00	auto	completed	10	142	81000.00	Automatic profit from RBR A100	2026-01-07 18:53:47.227192+07	36	1159	9
401	9000.00	auto	completed	10	142	81000.00	Automatic profit from RBR A100	2026-01-07 18:53:47.237486+07	35	1160	11
402	9000.00	auto	completed	10	142	81000.00	Automatic profit from RBR A100	2026-01-07 18:53:47.246718+07	34	1161	10
405	4680.00	auto	completed	15	22	65520.00	Automatic profit from RBR A100	2026-01-07 18:53:47.270998+07	23	1164	4
406	4680.00	auto	completed	15	22	65520.00	Automatic profit from RBR A100	2026-01-07 18:53:47.281791+07	17	1165	7
407	4680.00	auto	completed	15	22	65520.00	Automatic profit from RBR A100	2026-01-07 18:53:47.293066+07	11	1166	6
408	4680.00	auto	completed	15	22	65520.00	Automatic profit from RBR A100	2026-01-07 18:53:47.303308+07	5	1167	5
409	4680.00	auto	completed	15	21	65520.00	Automatic profit from RBR A100	2026-01-07 18:53:47.31108+07	4	1168	3
413	7500.00	auto	completed	4	69	22500.00	Automatic profit from RBR A100	2026-01-08 20:47:37.193257+07	61	1172	37
414	7500.00	auto	completed	4	69	22500.00	Automatic profit from RBR A100	2026-01-08 20:47:37.202877+07	60	1173	34
415	7500.00	auto	completed	4	69	22500.00	Automatic profit from RBR A100	2026-01-08 20:47:37.230682+07	59	1174	34
416	9000.00	auto	completed	5	149	36000.00	Automatic profit from RBR A100	2026-01-08 20:47:37.241469+07	58	1175	32
418	9000.00	auto	completed	5	148	36000.00	Automatic profit from RBR A100	2026-01-08 20:47:37.260959+07	56	1177	33
419	94000.00	auto	completed	5	148	376000.00	Automatic profit from RBR A300	2026-01-08 20:47:37.268106+07	55	1178	32
420	60000.00	auto	completed	5	148	240000.00	Automatic profit from RBB B200	2026-01-08 20:47:37.278674+07	54	1179	32
424	9000.00	auto	completed	9	143	72000.00	Automatic profit from RBR A100	2026-01-08 20:47:37.341174+07	50	1183	30
425	9000.00	auto	completed	9	143	72000.00	Automatic profit from RBR A100	2026-01-08 20:47:37.351593+07	49	1184	29
426	9000.00	auto	completed	9	143	72000.00	Automatic profit from RBR A100	2026-01-08 20:47:37.36287+07	48	1185	28
427	9000.00	auto	completed	9	143	72000.00	Automatic profit from RBR A100	2026-01-08 20:47:37.373818+07	47	1186	26
428	9000.00	auto	completed	9	143	72000.00	Automatic profit from RBR A100	2026-01-08 20:47:37.386063+07	46	1187	25
429	9000.00	auto	completed	9	143	72000.00	Automatic profit from RBR A100	2026-01-08 20:47:37.398757+07	45	1188	24
430	9000.00	auto	completed	10	142	81000.00	Automatic profit from RBR A100	2026-01-08 20:47:37.411036+07	44	1189	19
431	9000.00	auto	completed	10	142	81000.00	Automatic profit from RBR A100	2026-01-08 20:47:37.424551+07	43	1190	18
432	9000.00	auto	completed	10	142	81000.00	Automatic profit from RBR A100	2026-01-08 20:47:37.435185+07	42	1191	16
433	9000.00	auto	completed	10	142	81000.00	Automatic profit from RBR A100	2026-01-08 20:47:37.446724+07	41	1192	17
434	20000.00	auto	completed	10	142	180000.00	Automatic profit from RBB B100	2026-01-08 20:47:37.456638+07	40	1193	14
435	9000.00	auto	completed	10	142	81000.00	Automatic profit from RBR A100	2026-01-08 20:47:37.466555+07	39	1194	14
436	36000.00	auto	completed	11	141	360000.00	Automatic profit from RBR A200	2026-01-08 20:47:37.479377+07	38	1195	9
437	20000.00	auto	completed	11	141	200000.00	Automatic profit from RBB B100	2026-01-08 20:47:37.491443+07	37	1196	9
438	9000.00	auto	completed	11	141	90000.00	Automatic profit from RBR A100	2026-01-08 20:47:37.501763+07	36	1197	9
439	9000.00	auto	completed	11	141	90000.00	Automatic profit from RBR A100	2026-01-08 20:47:37.514509+07	35	1198	11
440	9000.00	auto	completed	11	141	90000.00	Automatic profit from RBR A100	2026-01-08 20:47:37.524539+07	34	1199	10
443	4680.00	auto	completed	16	21	70200.00	Automatic profit from RBR A100	2026-01-08 20:47:37.554217+07	23	1202	4
444	4680.00	auto	completed	16	21	70200.00	Automatic profit from RBR A100	2026-01-08 20:47:37.566048+07	17	1203	7
445	4680.00	auto	completed	16	21	70200.00	Automatic profit from RBR A100	2026-01-08 20:47:37.578434+07	11	1204	6
446	4680.00	auto	completed	16	21	70200.00	Automatic profit from RBR A100	2026-01-08 20:47:37.591837+07	5	1205	5
447	4680.00	auto	completed	16	20	70200.00	Automatic profit from RBR A100	2026-01-08 20:47:37.602807+07	4	1206	3
451	7500.00	auto	completed	5	68	30000.00	Automatic profit from RBR A100	2026-01-09 20:50:30.15027+07	61	1210	37
452	7500.00	auto	completed	5	68	30000.00	Automatic profit from RBR A100	2026-01-09 20:50:30.161541+07	60	1211	34
453	7500.00	auto	completed	5	68	30000.00	Automatic profit from RBR A100	2026-01-09 20:50:30.172314+07	59	1212	34
454	9000.00	auto	completed	6	148	45000.00	Automatic profit from RBR A100	2026-01-09 20:50:30.180968+07	58	1213	32
456	9000.00	auto	completed	6	147	45000.00	Automatic profit from RBR A100	2026-01-09 20:50:30.197616+07	56	1215	33
457	94000.00	auto	completed	6	147	470000.00	Automatic profit from RBR A300	2026-01-09 20:50:30.206333+07	55	1216	32
458	60000.00	auto	completed	6	147	300000.00	Automatic profit from RBB B200	2026-01-09 20:50:30.217077+07	54	1217	32
462	9000.00	auto	completed	10	142	81000.00	Automatic profit from RBR A100	2026-01-09 20:50:30.256404+07	50	1221	30
463	9000.00	auto	completed	10	142	81000.00	Automatic profit from RBR A100	2026-01-09 20:50:30.267269+07	49	1222	29
464	9000.00	auto	completed	10	142	81000.00	Automatic profit from RBR A100	2026-01-09 20:50:30.277981+07	48	1223	28
465	9000.00	auto	completed	10	142	81000.00	Automatic profit from RBR A100	2026-01-09 20:50:30.290324+07	47	1224	26
466	9000.00	auto	completed	10	142	81000.00	Automatic profit from RBR A100	2026-01-09 20:50:30.2996+07	46	1225	25
467	9000.00	auto	completed	10	142	81000.00	Automatic profit from RBR A100	2026-01-09 20:50:30.312444+07	45	1226	24
468	9000.00	auto	completed	11	141	90000.00	Automatic profit from RBR A100	2026-01-09 20:50:30.322739+07	44	1227	19
469	9000.00	auto	completed	11	141	90000.00	Automatic profit from RBR A100	2026-01-09 20:50:30.333056+07	43	1228	18
470	9000.00	auto	completed	11	141	90000.00	Automatic profit from RBR A100	2026-01-09 20:50:30.341774+07	42	1229	16
471	9000.00	auto	completed	11	141	90000.00	Automatic profit from RBR A100	2026-01-09 20:50:30.351034+07	41	1230	17
472	20000.00	auto	completed	11	141	200000.00	Automatic profit from RBB B100	2026-01-09 20:50:30.361295+07	40	1231	14
473	9000.00	auto	completed	11	141	90000.00	Automatic profit from RBR A100	2026-01-09 20:50:30.370046+07	39	1232	14
474	36000.00	auto	completed	12	140	396000.00	Automatic profit from RBR A200	2026-01-09 20:50:30.379302+07	38	1233	9
475	20000.00	auto	completed	12	140	220000.00	Automatic profit from RBB B100	2026-01-09 20:50:30.388485+07	37	1234	9
476	9000.00	auto	completed	12	140	99000.00	Automatic profit from RBR A100	2026-01-09 20:50:30.396222+07	36	1235	9
477	9000.00	auto	completed	12	140	99000.00	Automatic profit from RBR A100	2026-01-09 20:50:30.405971+07	35	1236	11
478	9000.00	auto	completed	12	140	99000.00	Automatic profit from RBR A100	2026-01-09 20:50:30.415205+07	34	1237	10
481	4680.00	auto	completed	17	20	74880.00	Automatic profit from RBR A100	2026-01-09 20:50:30.446115+07	23	1240	4
482	4680.00	auto	completed	17	20	74880.00	Automatic profit from RBR A100	2026-01-09 20:50:30.462836+07	17	1241	7
483	4680.00	auto	completed	17	20	74880.00	Automatic profit from RBR A100	2026-01-09 20:50:30.478542+07	11	1242	6
484	4680.00	auto	completed	17	20	74880.00	Automatic profit from RBR A100	2026-01-09 20:50:30.492608+07	5	1243	5
485	4680.00	auto	completed	17	19	74880.00	Automatic profit from RBR A100	2026-01-09 20:50:30.506681+07	4	1244	3
489	7500.00	auto	completed	6	67	37500.00	Automatic profit from RBR A100	2026-01-10 20:50:36.601514+07	61	1268	37
490	7500.00	auto	completed	6	67	37500.00	Automatic profit from RBR A100	2026-01-10 20:50:36.616296+07	60	1269	34
491	7500.00	auto	completed	6	67	37500.00	Automatic profit from RBR A100	2026-01-10 20:50:36.62744+07	59	1270	34
492	9000.00	auto	completed	7	147	54000.00	Automatic profit from RBR A100	2026-01-10 20:50:36.637094+07	58	1271	32
494	9000.00	auto	completed	7	146	54000.00	Automatic profit from RBR A100	2026-01-10 20:50:36.665987+07	56	1273	33
495	94000.00	auto	completed	7	146	564000.00	Automatic profit from RBR A300	2026-01-10 20:50:36.680004+07	55	1274	32
496	60000.00	auto	completed	7	146	360000.00	Automatic profit from RBB B200	2026-01-10 20:50:36.69408+07	54	1275	32
500	9000.00	auto	completed	11	141	90000.00	Automatic profit from RBR A100	2026-01-10 20:50:36.752776+07	50	1279	30
501	9000.00	auto	completed	11	141	90000.00	Automatic profit from RBR A100	2026-01-10 20:50:36.768275+07	49	1280	29
502	9000.00	auto	completed	11	141	90000.00	Automatic profit from RBR A100	2026-01-10 20:50:36.783738+07	48	1281	28
503	9000.00	auto	completed	11	141	90000.00	Automatic profit from RBR A100	2026-01-10 20:50:36.7984+07	47	1282	26
504	9000.00	auto	completed	11	141	90000.00	Automatic profit from RBR A100	2026-01-10 20:50:36.813449+07	46	1283	25
505	9000.00	auto	completed	11	141	90000.00	Automatic profit from RBR A100	2026-01-10 20:50:36.830225+07	45	1284	24
506	9000.00	auto	completed	12	140	99000.00	Automatic profit from RBR A100	2026-01-10 20:50:36.845997+07	44	1285	19
507	9000.00	auto	completed	12	140	99000.00	Automatic profit from RBR A100	2026-01-10 20:50:36.862631+07	43	1286	18
508	9000.00	auto	completed	12	140	99000.00	Automatic profit from RBR A100	2026-01-10 20:50:36.877251+07	42	1287	16
509	9000.00	auto	completed	12	140	99000.00	Automatic profit from RBR A100	2026-01-10 20:50:36.891831+07	41	1288	17
510	20000.00	auto	completed	12	140	220000.00	Automatic profit from RBB B100	2026-01-10 20:50:36.902699+07	40	1289	14
511	9000.00	auto	completed	12	140	99000.00	Automatic profit from RBR A100	2026-01-10 20:50:36.91348+07	39	1290	14
512	36000.00	auto	completed	13	139	432000.00	Automatic profit from RBR A200	2026-01-10 20:50:36.926971+07	38	1291	9
513	20000.00	auto	completed	13	139	240000.00	Automatic profit from RBB B100	2026-01-10 20:50:36.937231+07	37	1292	9
514	9000.00	auto	completed	13	139	108000.00	Automatic profit from RBR A100	2026-01-10 20:50:36.946651+07	36	1293	9
515	9000.00	auto	completed	13	139	108000.00	Automatic profit from RBR A100	2026-01-10 20:50:36.959234+07	35	1294	11
516	9000.00	auto	completed	13	139	108000.00	Automatic profit from RBR A100	2026-01-10 20:50:36.970186+07	34	1295	10
519	4680.00	auto	completed	18	19	79560.00	Automatic profit from RBR A100	2026-01-10 20:50:37.001269+07	23	1298	4
520	4680.00	auto	completed	18	19	79560.00	Automatic profit from RBR A100	2026-01-10 20:50:37.015188+07	17	1299	7
521	4680.00	auto	completed	18	19	79560.00	Automatic profit from RBR A100	2026-01-10 20:50:37.029236+07	11	1300	6
522	4680.00	auto	completed	18	19	79560.00	Automatic profit from RBR A100	2026-01-10 20:50:37.042577+07	5	1301	5
523	4680.00	auto	completed	18	18	79560.00	Automatic profit from RBR A100	2026-01-10 20:50:37.053384+07	4	1302	3
529	7500.00	auto	completed	7	66	45000.00	Automatic profit from RBR A100	2026-01-11 20:52:36.029979+07	61	1319	37
530	7500.00	auto	completed	7	66	45000.00	Automatic profit from RBR A100	2026-01-11 20:52:36.052513+07	60	1320	34
531	7500.00	auto	completed	7	66	45000.00	Automatic profit from RBR A100	2026-01-11 20:52:36.062926+07	59	1321	34
532	9000.00	auto	completed	8	146	63000.00	Automatic profit from RBR A100	2026-01-11 20:52:36.070538+07	58	1322	32
533	9000.00	auto	completed	8	145	63000.00	Automatic profit from RBR A100	2026-01-11 20:52:36.078126+07	56	1323	33
534	94000.00	auto	completed	8	145	658000.00	Automatic profit from RBR A300	2026-01-11 20:52:36.084186+07	55	1324	32
535	60000.00	auto	completed	8	145	420000.00	Automatic profit from RBB B200	2026-01-11 20:52:36.090763+07	54	1325	32
536	9000.00	auto	completed	12	140	99000.00	Automatic profit from RBR A100	2026-01-11 20:52:36.09944+07	50	1326	30
537	9000.00	auto	completed	12	140	99000.00	Automatic profit from RBR A100	2026-01-11 20:52:36.106692+07	49	1327	29
538	9000.00	auto	completed	12	140	99000.00	Automatic profit from RBR A100	2026-01-11 20:52:36.11587+07	48	1328	28
539	9000.00	auto	completed	12	140	99000.00	Automatic profit from RBR A100	2026-01-11 20:52:36.123183+07	47	1329	26
540	9000.00	auto	completed	12	140	99000.00	Automatic profit from RBR A100	2026-01-11 20:52:36.132346+07	46	1330	25
541	9000.00	auto	completed	12	140	99000.00	Automatic profit from RBR A100	2026-01-11 20:52:36.140026+07	45	1331	24
542	9000.00	auto	completed	13	139	108000.00	Automatic profit from RBR A100	2026-01-11 20:52:36.147691+07	44	1332	19
543	9000.00	auto	completed	13	139	108000.00	Automatic profit from RBR A100	2026-01-11 20:52:36.156199+07	43	1333	18
544	9000.00	auto	completed	13	139	108000.00	Automatic profit from RBR A100	2026-01-11 20:52:36.162345+07	42	1334	16
545	9000.00	auto	completed	13	139	108000.00	Automatic profit from RBR A100	2026-01-11 20:52:36.170034+07	41	1335	17
546	20000.00	auto	completed	13	139	240000.00	Automatic profit from RBB B100	2026-01-11 20:52:36.177714+07	40	1336	14
547	9000.00	auto	completed	13	139	108000.00	Automatic profit from RBR A100	2026-01-11 20:52:36.184336+07	39	1337	14
548	36000.00	auto	completed	14	138	468000.00	Automatic profit from RBR A200	2026-01-11 20:52:36.189961+07	38	1338	9
549	20000.00	auto	completed	14	138	260000.00	Automatic profit from RBB B100	2026-01-11 20:52:36.196089+07	37	1339	9
550	9000.00	auto	completed	14	138	117000.00	Automatic profit from RBR A100	2026-01-11 20:52:36.203791+07	36	1340	9
551	9000.00	auto	completed	14	138	117000.00	Automatic profit from RBR A100	2026-01-11 20:52:36.209904+07	35	1341	11
552	9000.00	auto	completed	14	138	117000.00	Automatic profit from RBR A100	2026-01-11 20:52:36.217534+07	34	1342	10
553	4680.00	auto	completed	19	18	84240.00	Automatic profit from RBR A100	2026-01-11 20:52:36.225167+07	23	1343	4
554	4680.00	auto	completed	19	18	84240.00	Automatic profit from RBR A100	2026-01-11 20:52:36.232849+07	17	1344	7
555	4680.00	auto	completed	19	18	84240.00	Automatic profit from RBR A100	2026-01-11 20:52:36.242085+07	11	1345	6
556	4680.00	auto	completed	19	18	84240.00	Automatic profit from RBR A100	2026-01-11 20:52:36.249324+07	5	1346	5
557	4680.00	auto	completed	19	17	84240.00	Automatic profit from RBR A100	2026-01-11 20:52:36.257002+07	4	1347	3
558	1000.00	manual	completed	1	4	0.00	Manual profit claim from Produk Test 01	2026-01-12 00:30:06.110724+07	76	1361	45
559	1000.00	manual	completed	1	4	0.00	Manual profit claim from Produk Test 01	2026-01-12 07:43:54.792741+07	79	1369	51
560	1000.00	manual	completed	1	4	0.00	Manual profit claim from Produk Test 01	2026-01-12 07:44:05.568367+07	78	1370	51
561	1000.00	manual	completed	1	4	0.00	Manual profit claim from Produk Test 01	2026-01-12 10:31:16.254928+07	73	1379	2
562	4043.00	manual	completed	1	119	0.00	Manual profit claim from PowerVault AA	2026-01-12 16:17:45.69648+07	81	1385	52
563	4043.00	manual	completed	1	119	0.00	Manual profit claim from PowerVault AA	2026-01-12 16:17:48.845872+07	80	1386	52
564	4043.00	manual	completed	1	119	0.00	Manual profit claim from PowerVault AA	2026-01-12 16:49:14.824692+07	83	1401	53
565	4043.00	manual	completed	1	119	0.00	Manual profit claim from PowerVault AA	2026-01-12 16:49:16.532992+07	82	1402	53
566	4043.00	manual	completed	2	118	4043.00	Manual profit claim from PowerVault AA	2026-01-13 08:34:29.472508+07	83	1406	53
567	4043.00	manual	completed	2	118	4043.00	Manual profit claim from PowerVault AA	2026-01-13 08:34:31.542933+07	82	1407	53
568	4043.00	manual	completed	1	119	0.00	Manual profit claim from PowerVault AA	2026-01-13 10:58:31.04629+07	84	1424	56
569	4043.00	manual	completed	1	119	0.00	Manual profit claim from PowerVault AA	2026-01-13 11:04:21.06707+07	85	1430	56
570	4043.00	manual	completed	1	119	0.00	Manual profit claim from PowerVault AA	2026-01-13 11:18:01.343945+07	86	1438	57
571	4043.00	manual	completed	1	119	0.00	Manual profit claim from PowerVault AA	2026-01-13 11:19:54.486101+07	87	1443	57
572	7520.00	manual	completed	1	39	0.00	Manual profit claim from PowerVault S	2026-01-13 11:23:05.97709+07	88	1448	57
573	13666.00	manual	completed	1	149	0.00	Manual profit claim from PowerVault M	2026-01-13 11:30:12.255106+07	92	1468	58
574	7520.00	manual	completed	1	39	0.00	Manual profit claim from PowerVault S	2026-01-13 11:30:13.746419+07	91	1469	58
575	4043.00	manual	completed	1	119	0.00	Manual profit claim from PowerVault AA	2026-01-13 11:30:16.025676+07	90	1470	58
576	4043.00	manual	completed	1	119	0.00	Manual profit claim from PowerVault AA	2026-01-13 11:30:17.537138+07	89	1471	58
577	7520.00	manual	completed	1	39	0.00	Manual profit claim from PowerVault S	2026-01-13 11:38:06.988856+07	94	1481	60
578	4043.00	manual	completed	1	119	0.00	Manual profit claim from PowerVault AA	2026-01-13 11:38:08.656158+07	93	1482	60
579	4043.00	manual	completed	1	119	0.00	Manual profit claim from PowerVault AA	2026-01-13 11:38:31.487557+07	95	1487	60
580	4043.00	manual	completed	1	119	0.00	Manual profit claim from PowerVault AA	2026-01-13 11:48:24.440267+07	96	1494	61
581	4043.00	manual	completed	1	119	0.00	Manual profit claim from PowerVault AA	2026-01-13 16:34:20.536613+07	97	1503	62
582	2000.00	manual	completed	1	3	0.00	Manual profit claim from PowerVault M	2026-01-13 18:43:19.068502+07	75	1504	43
583	4043.00	manual	completed	1	119	0.00	Manual profit claim from PowerVault AA	2026-01-13 20:28:16.059759+07	98	1520	55
584	1000.00	manual	completed	2	3	1000.00	Manual profit claim from PowerVault AA	2026-01-14 00:08:48.309255+07	73	1522	2
585	4043.00	manual	completed	2	118	4043.00	Manual profit claim from PowerVault AA	2026-01-14 11:06:47.689936+07	98	1528	55
\.


--
-- Data for Name: deposits; Type: TABLE DATA; Schema: public; Owner: postgres
--

COPY public.deposits (id, gateway, order_num, amount, wallet_type, status, payment_url, request_params, response_payload, callback_payload, callback_at, created_at, updated_at, transaction_id, user_id) FROM stdin;
32	JAYAPAY	DEP-20260112074727-44725D	100000.00	BALANCE_DEPOSIT	FAILED		{"name": "Test02", "sign": "UUyIrlwP105fkZzw+8yKUPtIKN3lE9ocPYCSVgvhSueAYplKxr/BLLpjTCRregYB8NgWBZP4CV7BTS8ACXKb6z3J/FmP0TTGLVE6WLI0+EMt8qjPyyLaeS6B7V76o84R+YVX1hf8ftm9XkdED/6aPa/NyiumcPeVmzlwJBxinN814eAStI0jvO7lfqChsr/LuQts6/bqFwPqrpS0Bj6fnclmSkixUgeciUiM9+Vv3qluBbWbqma4DaZPtDysrBfUWV1l44f8vwtbL+irAiSAqKN/s44QTGCS4pHvV1DxdKoAapgZm39EcUUrgemrhmNKFw799ScFx1jd/QMOePd+Fg==", "email": "test02@gmail.com", "phone": "83812591981", "method": "", "dateTime": "20260112074727", "orderNum": "DEP-20260112074727-44725D", "payMoney": "100000", "notifyUrl": "https://api.bcbt-bt.online/api/deposits/jayapay/callback/", "orderType": "0", "expiryPeriod": "1000", "merchantCode": "S820250914134021000027", "productDetail": "Top Up Saldo"}	{"platSign": "CBucsbEjXo1Jjak0jY77O0USm3IweQHqp/ShHl/z/mqq7RACGMf3j1WkWcU/HRnHZCjnKgf67kwqbi7SSGMTW/kMMMFVLMWO3WrwNLKLhya8zTwBl97KuOiEzoQlqVxqevLKD7VVztIYA0x/ZN5TRGmNwHfFC+Nnk1RA/m2/NEk=", "platRespCode": "FAIL", "platRespMessage": "JayaPay-params : verify signature failed"}	\N	\N	2026-01-12 07:47:27.493825+07	2026-01-12 07:47:27.493825+07	1371	51
34	JAYAPAY	DEP-20260112074728-3D80D1	100000.00	BALANCE_DEPOSIT	FAILED		{"name": "Test02", "sign": "KpnPkxrJbZt/Ax355MgLq3liMs3ORtxOxmD7i78bo5LYpCwA3JS2fbCAwPmt/xoAumh9cpE3d2EZKW7ZTmK0wtyI12v85cEb56cYdOSVa8M+Z7qlYnbuZSFtV1Ylt3gq6x6My6gstyLft1cdeCG8ZwZy2SJikqnJnKh3LA1uQqmcFIFLpgmSXDd5dHXTO9GT0kRaLBnLyzF2hH9f0sh5mr9JryQURcgnKVg1ZqHcVNs3AZ+d1dbqhn+hfbuym9PUTL3ukDcTI2PGQjaIksCUPSYFceSc94HGfr71Cs/j+GMvdDjHSdCj4hYr2d86QfuiXDZ55n8s4PdENXG9APXjfg==", "email": "test02@gmail.com", "phone": "83812591981", "method": "", "dateTime": "20260112074728", "orderNum": "DEP-20260112074728-3D80D1", "payMoney": "100000", "notifyUrl": "https://api.bcbt-bt.online/api/deposits/jayapay/callback/", "orderType": "0", "expiryPeriod": "1000", "merchantCode": "S820250914134021000027", "productDetail": "Top Up Saldo"}	{"platSign": "CBucsbEjXo1Jjak0jY77O0USm3IweQHqp/ShHl/z/mqq7RACGMf3j1WkWcU/HRnHZCjnKgf67kwqbi7SSGMTW/kMMMFVLMWO3WrwNLKLhya8zTwBl97KuOiEzoQlqVxqevLKD7VVztIYA0x/ZN5TRGmNwHfFC+Nnk1RA/m2/NEk=", "platRespCode": "FAIL", "platRespMessage": "JayaPay-params : verify signature failed"}	\N	\N	2026-01-12 07:47:28.158728+07	2026-01-12 07:47:28.158728+07	1373	51
36	JAYAPAY	DEP-20260112074729-86E262	100000.00	BALANCE_DEPOSIT	FAILED		{"name": "Test02", "sign": "hfirqA+BIcAgv9w1p9Owfer1RwzyWI/AyrSFj4iNr6n5EUjNJ2ZkciISXAQr03iv8PIaaA1PF3K5vvgp4LVW/yFeGIeM+pdrYQ6RNNr48sXfpI9h9+rvRxiE2ZfLbjp63RrpyPXcOA8YT9NiNbc8FhzEGqlZ6/N+d3p9/CrDysI3HQiNQiRmgKeSwtbyYmKORi4gmrqERHFMX6e2NIb3tXluxjIo7PfLY8CfDRp2aZUsL2MjqAHQ7V0YAnccNukh3DkWVP2NIdv0fzoYuoZv91SYSWnjpqoVDZvWq5Un0Yq6KNCs6GP3vchVhqiVnYEdYYI3Kc88ddJc3vAV6E79SQ==", "email": "test02@gmail.com", "phone": "83812591981", "method": "", "dateTime": "20260112074729", "orderNum": "DEP-20260112074729-86E262", "payMoney": "100000", "notifyUrl": "https://api.bcbt-bt.online/api/deposits/jayapay/callback/", "orderType": "0", "expiryPeriod": "1000", "merchantCode": "S820250914134021000027", "productDetail": "Top Up Saldo"}	{"platSign": "CBucsbEjXo1Jjak0jY77O0USm3IweQHqp/ShHl/z/mqq7RACGMf3j1WkWcU/HRnHZCjnKgf67kwqbi7SSGMTW/kMMMFVLMWO3WrwNLKLhya8zTwBl97KuOiEzoQlqVxqevLKD7VVztIYA0x/ZN5TRGmNwHfFC+Nnk1RA/m2/NEk=", "platRespCode": "FAIL", "platRespMessage": "JayaPay-params : verify signature failed"}	\N	\N	2026-01-12 07:47:29.319955+07	2026-01-12 07:47:29.319955+07	1375	51
38	JAYAPAY	DEP-20260112163311-00535A	150000.00	BALANCE_DEPOSIT	FAILED		{"name": "Test04", "sign": "Ij72D7uwcvscdaIUGo6Bi7DXEx03lG6WDxZC6yJd5N4OkIMyPTCGEO8cWvvxjQG86x3hrk2PymHOsJfB/oOgdBHBC+HB+2sa3Lnqi506lALB0ArRvkqGPM6vVqZGzNMxuHdrkWeDioGiJPTD9m2bKF+sCA0LcMEYUt5GQnbpBkdBsCfNipFgo8fpaaPt/SfJd/Ganb57PMLGb4JjUiYB5hAqmNWG6T86CJLvDr7lmS0z+Ah5U9bidPTup41vWAPlhydbP6DVn9PJyt3gAxmuIsXViYSxLL5XvpU59sJBnVFmZXDPJb7ggba94xXTTcb5yNsstP2Avb4FbCObOH/meA==", "email": "test04@gmail.com", "phone": "83812591983", "method": "", "dateTime": "20260112163311", "orderNum": "DEP-20260112163311-00535A", "payMoney": "150000", "notifyUrl": "https://api.bcbt-bt.online/api/deposits/jayapay/callback/", "orderType": "0", "expiryPeriod": "1000", "merchantCode": "S820250914134021000027", "productDetail": "Top Up Saldo"}	{"platSign": "CBucsbEjXo1Jjak0jY77O0USm3IweQHqp/ShHl/z/mqq7RACGMf3j1WkWcU/HRnHZCjnKgf67kwqbi7SSGMTW/kMMMFVLMWO3WrwNLKLhya8zTwBl97KuOiEzoQlqVxqevLKD7VVztIYA0x/ZN5TRGmNwHfFC+Nnk1RA/m2/NEk=", "platRespCode": "FAIL", "platRespMessage": "JayaPay-params : verify signature failed"}	\N	\N	2026-01-12 16:33:11.478004+07	2026-01-12 16:33:11.478004+07	1389	53
40	JAYAPAY	DEP-20260112163311-5AEAE5	150000.00	BALANCE_DEPOSIT	FAILED		{"name": "Test04", "sign": "Ij72D7uwcvscdaIUGo6Bi7DXEx03lG6WDxZC6yJd5N4OkIMyPTCGEO8cWvvxjQG86x3hrk2PymHOsJfB/oOgdBHBC+HB+2sa3Lnqi506lALB0ArRvkqGPM6vVqZGzNMxuHdrkWeDioGiJPTD9m2bKF+sCA0LcMEYUt5GQnbpBkdlRqP0aCKsa3xSO5RsjqS/OM/59BluncZO0Mctdh/ElqxDi2dEwm2tywpxNtIjoqRDgtyH8gcNACtMCMPZUhfLC3st2+pioCwJCe5HEt3ihMmoISRvUThf/XtctqGOx+Z+ve1dVGxaZZ9jnYYXf129ZPDadjaVfjH8E5coXwniMw==", "email": "test04@gmail.com", "phone": "83812591983", "method": "", "dateTime": "20260112163311", "orderNum": "DEP-20260112163311-5AEAE5", "payMoney": "150000", "notifyUrl": "https://api.bcbt-bt.online/api/deposits/jayapay/callback/", "orderType": "0", "expiryPeriod": "1000", "merchantCode": "S820250914134021000027", "productDetail": "Top Up Saldo"}	{"platSign": "CBucsbEjXo1Jjak0jY77O0USm3IweQHqp/ShHl/z/mqq7RACGMf3j1WkWcU/HRnHZCjnKgf67kwqbi7SSGMTW/kMMMFVLMWO3WrwNLKLhya8zTwBl97KuOiEzoQlqVxqevLKD7VVztIYA0x/ZN5TRGmNwHfFC+Nnk1RA/m2/NEk=", "platRespCode": "FAIL", "platRespMessage": "JayaPay-params : verify signature failed"}	\N	\N	2026-01-12 16:33:11.56876+07	2026-01-12 16:33:11.56876+07	1391	53
33	JAYAPAY	DEP-20260112074727-F02E30	100000.00	BALANCE_DEPOSIT	FAILED		{"name": "Test02", "sign": "UUyIrlwP105fkZzw+8yKUPtIKN3lE9ocPYCSVgvhSueAYplKxr/BLLpjTCRregYB8NgWBZP4CV7BTS8ACXKb6z3J/FmP0TTGLVE6WLI0+EMt8qjPyyLaeS6B7V76o84R+YVX1hf8ftm9XkdED/6aPa/NyiumcPeVmzlwJBxinN+TjIR/T8bId/D7/68uXt7MF7S1q282kZduRHL4KBwrmM+SZ1fuIFXEIUmkih39gOYFpukhgYBvjir4lGFWilYykTmZFf7i/Qa0qPVHJ0P86wb8RVj4SNlX4WnupPg9VNpL6L7XrY+s9wRLowOWIh/jIFq07h+DRDg80rJVVlGqRA==", "email": "test02@gmail.com", "phone": "83812591981", "method": "", "dateTime": "20260112074727", "orderNum": "DEP-20260112074727-F02E30", "payMoney": "100000", "notifyUrl": "https://api.bcbt-bt.online/api/deposits/jayapay/callback/", "orderType": "0", "expiryPeriod": "1000", "merchantCode": "S820250914134021000027", "productDetail": "Top Up Saldo"}	{"platSign": "CBucsbEjXo1Jjak0jY77O0USm3IweQHqp/ShHl/z/mqq7RACGMf3j1WkWcU/HRnHZCjnKgf67kwqbi7SSGMTW/kMMMFVLMWO3WrwNLKLhya8zTwBl97KuOiEzoQlqVxqevLKD7VVztIYA0x/ZN5TRGmNwHfFC+Nnk1RA/m2/NEk=", "platRespCode": "FAIL", "platRespMessage": "JayaPay-params : verify signature failed"}	\N	\N	2026-01-12 07:47:27.738008+07	2026-01-12 07:47:27.738008+07	1372	51
35	JAYAPAY	DEP-20260112074729-3BD4FA	100000.00	BALANCE_DEPOSIT	FAILED		{"name": "Test02", "sign": "hfirqA+BIcAgv9w1p9Owfer1RwzyWI/AyrSFj4iNr6n5EUjNJ2ZkciISXAQr03iv8PIaaA1PF3K5vvgp4LVW/yFeGIeM+pdrYQ6RNNr48sXfpI9h9+rvRxiE2ZfLbjp63RrpyPXcOA8YT9NiNbc8FhzEGqlZ6/N+d3p9/CrDysJAKVcarlqVOdF7SInePEGGT8u0/GNKqiRBZtOjq8XAx122mfUZCatbLMDx9ZauJgzskppeANgCnKILSPyP24QVGs8yUyg++TGIWS0iJmag543FOvyyMt4MbTLhA7H/wi9bw2J/EMVJAr+HrIYewUZh3RaNUXv/8OvLXB2+i4j6Kg==", "email": "test02@gmail.com", "phone": "83812591981", "method": "", "dateTime": "20260112074729", "orderNum": "DEP-20260112074729-3BD4FA", "payMoney": "100000", "notifyUrl": "https://api.bcbt-bt.online/api/deposits/jayapay/callback/", "orderType": "0", "expiryPeriod": "1000", "merchantCode": "S820250914134021000027", "productDetail": "Top Up Saldo"}	{"platSign": "CBucsbEjXo1Jjak0jY77O0USm3IweQHqp/ShHl/z/mqq7RACGMf3j1WkWcU/HRnHZCjnKgf67kwqbi7SSGMTW/kMMMFVLMWO3WrwNLKLhya8zTwBl97KuOiEzoQlqVxqevLKD7VVztIYA0x/ZN5TRGmNwHfFC+Nnk1RA/m2/NEk=", "platRespCode": "FAIL", "platRespMessage": "JayaPay-params : verify signature failed"}	\N	\N	2026-01-12 07:47:29.127931+07	2026-01-12 07:47:29.127931+07	1374	51
37	JAYAPAY	DEP-20260112074729-5C0129	100000.00	BALANCE_DEPOSIT	FAILED		{"name": "Test02", "sign": "hfirqA+BIcAgv9w1p9Owfer1RwzyWI/AyrSFj4iNr6n5EUjNJ2ZkciISXAQr03iv8PIaaA1PF3K5vvgp4LVW/yFeGIeM+pdrYQ6RNNr48sXfpI9h9+rvRxiE2ZfLbjp63RrpyPXcOA8YT9NiNbc8FhzEGqlZ6/N+d3p9/CrDysIS5bcS+AMF+RMjOHWdmLR0R/EOZoAZa5MyZsEJ1t2EGV2r+aw0LdNEzzzgghs8LAsHpuGBWY/xZOd2N66+zjZInT9qnM58DRE5fakVGmPRVbJeu+A2BQoRijJZMWAAO1GNjWX/zVAMM9fWU346xdvnH+eVbkfsBviCMQiQciEJMg==", "email": "test02@gmail.com", "phone": "83812591981", "method": "", "dateTime": "20260112074729", "orderNum": "DEP-20260112074729-5C0129", "payMoney": "100000", "notifyUrl": "https://api.bcbt-bt.online/api/deposits/jayapay/callback/", "orderType": "0", "expiryPeriod": "1000", "merchantCode": "S820250914134021000027", "productDetail": "Top Up Saldo"}	{"platSign": "CBucsbEjXo1Jjak0jY77O0USm3IweQHqp/ShHl/z/mqq7RACGMf3j1WkWcU/HRnHZCjnKgf67kwqbi7SSGMTW/kMMMFVLMWO3WrwNLKLhya8zTwBl97KuOiEzoQlqVxqevLKD7VVztIYA0x/ZN5TRGmNwHfFC+Nnk1RA/m2/NEk=", "platRespCode": "FAIL", "platRespMessage": "JayaPay-params : verify signature failed"}	\N	\N	2026-01-12 07:47:29.514408+07	2026-01-12 07:47:29.514408+07	1376	51
39	JAYAPAY	DEP-20260112163311-20BB6F	150000.00	BALANCE_DEPOSIT	FAILED		{"name": "Test04", "sign": "Ij72D7uwcvscdaIUGo6Bi7DXEx03lG6WDxZC6yJd5N4OkIMyPTCGEO8cWvvxjQG86x3hrk2PymHOsJfB/oOgdBHBC+HB+2sa3Lnqi506lALB0ArRvkqGPM6vVqZGzNMxuHdrkWeDioGiJPTD9m2bKF+sCA0LcMEYUt5GQnbpBkd4ov3IxTZnUtkI4zpArOXsL1C2+7Umb4qkNyraz/aoFb12w+su9FDXYuqtYBWX4mpBZpA3BA+bcimUyL1znMQ0JRJcKjDyhVSktbzlBCfEpLVDNR9+Bz6buWmoaOwM6DdQ2z7BdIfwdx3vZvf6f7nPEOy2foNpJ3vsFlIgI/4Mkg==", "email": "test04@gmail.com", "phone": "83812591983", "method": "", "dateTime": "20260112163311", "orderNum": "DEP-20260112163311-20BB6F", "payMoney": "150000", "notifyUrl": "https://api.bcbt-bt.online/api/deposits/jayapay/callback/", "orderType": "0", "expiryPeriod": "1000", "merchantCode": "S820250914134021000027", "productDetail": "Top Up Saldo"}	{"platSign": "CBucsbEjXo1Jjak0jY77O0USm3IweQHqp/ShHl/z/mqq7RACGMf3j1WkWcU/HRnHZCjnKgf67kwqbi7SSGMTW/kMMMFVLMWO3WrwNLKLhya8zTwBl97KuOiEzoQlqVxqevLKD7VVztIYA0x/ZN5TRGmNwHfFC+Nnk1RA/m2/NEk=", "platRespCode": "FAIL", "platRespMessage": "JayaPay-params : verify signature failed"}	\N	\N	2026-01-12 16:33:11.5046+07	2026-01-12 16:33:11.5046+07	1390	53
41	JAYAPAY	DEP-20260112163311-05C77A	150000.00	BALANCE_DEPOSIT	FAILED		{"name": "Test04", "sign": "Ij72D7uwcvscdaIUGo6Bi7DXEx03lG6WDxZC6yJd5N4OkIMyPTCGEO8cWvvxjQG86x3hrk2PymHOsJfB/oOgdBHBC+HB+2sa3Lnqi506lALB0ArRvkqGPM6vVqZGzNMxuHdrkWeDioGiJPTD9m2bKF+sCA0LcMEYUt5GQnbpBkeZNjMjyKUHkLZA7wW4LxHPaHKiBxHyB4PONNsWm+HPbNmygtyEYFoUd0GrpEG8P5UEXH0HgaPKj2GICce5yrnCw3J8q5zvNyDXjAxIs831WOGDsJl875NxZYgZMllwZuTtsmdwUAT3uOMOIltMDW65lb4WtYGohGMjta3UG+qXEA==", "email": "test04@gmail.com", "phone": "83812591983", "method": "", "dateTime": "20260112163311", "orderNum": "DEP-20260112163311-05C77A", "payMoney": "150000", "notifyUrl": "https://api.bcbt-bt.online/api/deposits/jayapay/callback/", "orderType": "0", "expiryPeriod": "1000", "merchantCode": "S820250914134021000027", "productDetail": "Top Up Saldo"}	{"platSign": "CBucsbEjXo1Jjak0jY77O0USm3IweQHqp/ShHl/z/mqq7RACGMf3j1WkWcU/HRnHZCjnKgf67kwqbi7SSGMTW/kMMMFVLMWO3WrwNLKLhya8zTwBl97KuOiEzoQlqVxqevLKD7VVztIYA0x/ZN5TRGmNwHfFC+Nnk1RA/m2/NEk=", "platRespCode": "FAIL", "platRespMessage": "JayaPay-params : verify signature failed"}	\N	\N	2026-01-12 16:33:11.864716+07	2026-01-12 16:33:11.864716+07	1392	53
26	JAYAPAY	ORD1	100000.00	BALANCE	COMPLETED		{}	\N	\N	\N	2026-01-11 21:32:18.559811+07	2026-01-11 21:32:18.559811+07	\N	40
27	JAYAPAY	ORD2	50000.00	BALANCE	COMPLETED		{}	\N	\N	\N	2026-01-11 21:32:18.561345+07	2026-01-11 21:32:18.561345+07	\N	40
28	JAYAPAY	ORD3	200000.00	BALANCE	COMPLETED		{}	\N	\N	\N	2026-01-11 21:32:18.562877+07	2026-01-11 21:32:18.562877+07	\N	41
29	JAYAPAY	ORD4	500000.00	BALANCE	PENDING		{}	\N	\N	\N	2026-01-11 21:32:18.562877+07	2026-01-11 21:32:18.562877+07	\N	42
30	JAYAPAY	DEP-20260111223039-7ECF2A	100000.00	BALANCE_DEPOSIT	FAILED		{"name": "sdxf", "sign": "E6ums5MOAUiwf2E5TfIEsMw7c4RZOeSzf+XjekYNwbUbut+7L8E0GeST7u7PW1Vmh73N17TWQ1RsDd7tlms9f1bdpFkbWLdaP0+bLBqoSg/YJqw3v4MUgE90qxBW9bCYQ+vrLNcyIUsYdA6SEqqwQLhxa4Fss8/MK5XD6WYBavuNmo3mIyBwqX2StdXK8EhbUJLTSaICDPopUDY1cLgfEeSWaRxxWApFhprBqefAFkHl518K2JRR5wIYsAvMCRiEDLVbU6Tbc+cJ5kWSqw46/7LLk7bnO/+Y6XaPMqs30aAqTFkvRZki9i+psbpev2TQUJIx/yCmJdScKnsvrZDOFA==", "email": "xsdfgf@gmail.com", "phone": "85770404123", "method": "", "dateTime": "20260111223039", "orderNum": "DEP-20260111223039-7ECF2A", "payMoney": "100000", "notifyUrl": "https://api.bcbt-bt.online/api/deposits/jayapay/callback/", "orderType": "0", "expiryPeriod": "1000", "merchantCode": "S820250914134021000027", "productDetail": "Top Up Saldo"}	{"platSign": "CBucsbEjXo1Jjak0jY77O0USm3IweQHqp/ShHl/z/mqq7RACGMf3j1WkWcU/HRnHZCjnKgf67kwqbi7SSGMTW/kMMMFVLMWO3WrwNLKLhya8zTwBl97KuOiEzoQlqVxqevLKD7VVztIYA0x/ZN5TRGmNwHfFC+Nnk1RA/m2/NEk=", "platRespCode": "FAIL", "platRespMessage": "JayaPay-params : verify signature failed"}	\N	\N	2026-01-11 22:30:40.210012+07	2026-01-11 22:30:40.210012+07	1348	43
45	JAYAPAY	DEP-20260113085754-0FB5F6	100000.00	BALANCE_DEPOSIT	FAILED		{"name": "Testing0", "sign": "d41t8baXOQwrtZu7Q2F3X8gZc8dJ4d7ud7iEiVqD95owQ7aP68T5voO9Fp/2AWLT5+pw1uQRlV01SvIb86md/wWYvPdERxbLs0rLKiCK4yLmDB5RApYDz2D/sgWuhJ7ChtU+9dVNoM7w6qwghbkL/p8xq7owCZ52M9TVO5EazdKAF9HUn36/5AamqmJgWHzzsx2tHUt2/Zy6sll2HRKnLvXsIhFmytcB2ObJiEITOehP69lfAcQ5V4IRmgvVi2GLCeVvq6kjOvRrL6fEH8w3sIbe315IZS0SI3etEnBVsgn9SFOjXbmmJxPZwPQjL0V2s2LBvlT9cVn0A0eyork40g==", "email": "testing0@gmail.com", "phone": "8111222333", "method": "", "dateTime": "20260113085754", "orderNum": "DEP-20260113085754-0FB5F6", "payMoney": "100000", "notifyUrl": "https://api.bcbt-bt.online/api/deposits/jayapay/callback/", "orderType": "0", "expiryPeriod": "1000", "merchantCode": "S820250914134021000027", "productDetail": "Top Up Saldo"}	{"platSign": "CBucsbEjXo1Jjak0jY77O0USm3IweQHqp/ShHl/z/mqq7RACGMf3j1WkWcU/HRnHZCjnKgf67kwqbi7SSGMTW/kMMMFVLMWO3WrwNLKLhya8zTwBl97KuOiEzoQlqVxqevLKD7VVztIYA0x/ZN5TRGmNwHfFC+Nnk1RA/m2/NEk=", "platRespCode": "FAIL", "platRespMessage": "JayaPay-params : verify signature failed"}	\N	\N	2026-01-13 08:57:54.735447+07	2026-01-13 08:57:54.735447+07	1408	55
42	JAYAPAY	DEP-20260112163311-5897EB	150000.00	BALANCE_DEPOSIT	COMPLETED		{"name": "Test04", "sign": "gw1q16XNNt+knLPG0K4elqIpGOATsls83i4i2Qf06X/ogWzZqeUErpwmytXRG5eAYXMqI9GlMsJoiuFVrw/bWznCAgJ3ZMxCPCCdkuv9LsWca3NKW+bQVM18+64EGln/rKHwDEC2wAI3xeP+puzXM6SRSkoyxbASpJQlpJ6fXBkmyzDIopJ/2iNrrZFWXKwAZZq8jij+v5u6ow4jZhLndg8P5px9jptH7w7JZDY8m64AC515d9em6cHuHPX5rRrYB0AOAUt0GqOqh6s9K3dcDhWuaphx8/UvX4XJXbQgquCg1QlAgsGh/BEV256J9qRunujhf4ZcjyOqet35Va6avA==", "email": "test04@gmail.com", "phone": "83812591983", "method": "", "dateTime": "20260112163312", "orderNum": "DEP-20260112163311-5897EB", "payMoney": "150000", "notifyUrl": "https://api.bcbt-bt.online/api/deposits/jayapay/callback/", "orderType": "0", "expiryPeriod": "1000", "merchantCode": "S820250914134021000027", "productDetail": "Top Up Saldo"}	{"platSign": "CBucsbEjXo1Jjak0jY77O0USm3IweQHqp/ShHl/z/mqq7RACGMf3j1WkWcU/HRnHZCjnKgf67kwqbi7SSGMTW/kMMMFVLMWO3WrwNLKLhya8zTwBl97KuOiEzoQlqVxqevLKD7VVztIYA0x/ZN5TRGmNwHfFC+Nnk1RA/m2/NEk=", "platRespCode": "FAIL", "platRespMessage": "JayaPay-params : verify signature failed"}	\N	\N	2026-01-12 16:33:12.029895+07	2026-01-12 16:33:25.719727+07	1393	53
43	JAYAPAY	DEP-20260113085754-19D95B	100000.00	BALANCE_DEPOSIT	FAILED		{"name": "Testing0", "sign": "d41t8baXOQwrtZu7Q2F3X8gZc8dJ4d7ud7iEiVqD95owQ7aP68T5voO9Fp/2AWLT5+pw1uQRlV01SvIb86md/wWYvPdERxbLs0rLKiCK4yLmDB5RApYDz2D/sgWuhJ7ChtU+9dVNoM7w6qwghbkL/p8xq7owCZ52M9TVO5EazdKUhc1I3Z98EPN3oT0wAEMgy4NcMHL65i4La3abh8FI1h5EZ8iNLtyYtzWZnxkM9Sw44QidDIFdrAjt12Pc2nwH69Ab8N/BfN8sZzVp3qaZVjhG6JyxadfXf2JfeuLrAIRjHMWBV4eHv3oYP3B7m75N/EBB2Cj/1xfP7Xi7tQ0bKA==", "email": "testing0@gmail.com", "phone": "8111222333", "method": "", "dateTime": "20260113085754", "orderNum": "DEP-20260113085754-19D95B", "payMoney": "100000", "notifyUrl": "https://api.bcbt-bt.online/api/deposits/jayapay/callback/", "orderType": "0", "expiryPeriod": "1000", "merchantCode": "S820250914134021000027", "productDetail": "Top Up Saldo"}	{"platSign": "CBucsbEjXo1Jjak0jY77O0USm3IweQHqp/ShHl/z/mqq7RACGMf3j1WkWcU/HRnHZCjnKgf67kwqbi7SSGMTW/kMMMFVLMWO3WrwNLKLhya8zTwBl97KuOiEzoQlqVxqevLKD7VVztIYA0x/ZN5TRGmNwHfFC+Nnk1RA/m2/NEk=", "platRespCode": "FAIL", "platRespMessage": "JayaPay-params : verify signature failed"}	\N	\N	2026-01-13 08:57:54.715018+07	2026-01-13 08:57:54.715018+07	1409	55
44	JAYAPAY	DEP-20260113085754-626413	100000.00	BALANCE_DEPOSIT	FAILED		{"name": "Testing0", "sign": "d41t8baXOQwrtZu7Q2F3X8gZc8dJ4d7ud7iEiVqD95owQ7aP68T5voO9Fp/2AWLT5+pw1uQRlV01SvIb86md/wWYvPdERxbLs0rLKiCK4yLmDB5RApYDz2D/sgWuhJ7ChtU+9dVNoM7w6qwghbkL/p8xq7owCZ52M9TVO5EazdIppvvb2dSTMMIz/sC51wkfsEl8KVAHusa5CCVwkGPV9SQHwjkv7dBUZJTdaBayi3G85y51LEdiduTopHUmD4GkvVJ8MIp2kNwuzYNJKSUaU5Cw+UOsOePa29Rq5UIimXaVBfHIDl8VTWsyXYW4aReX5g830mxLSIBLG8+dP122Gg==", "email": "testing0@gmail.com", "phone": "8111222333", "method": "", "dateTime": "20260113085754", "orderNum": "DEP-20260113085754-626413", "payMoney": "100000", "notifyUrl": "https://api.bcbt-bt.online/api/deposits/jayapay/callback/", "orderType": "0", "expiryPeriod": "1000", "merchantCode": "S820250914134021000027", "productDetail": "Top Up Saldo"}	{"platSign": "CBucsbEjXo1Jjak0jY77O0USm3IweQHqp/ShHl/z/mqq7RACGMf3j1WkWcU/HRnHZCjnKgf67kwqbi7SSGMTW/kMMMFVLMWO3WrwNLKLhya8zTwBl97KuOiEzoQlqVxqevLKD7VVztIYA0x/ZN5TRGmNwHfFC+Nnk1RA/m2/NEk=", "platRespCode": "FAIL", "platRespMessage": "JayaPay-params : verify signature failed"}	\N	\N	2026-01-13 08:57:54.724724+07	2026-01-13 08:57:54.724724+07	1410	55
46	JAYAPAY	DEP-20260113085755-20A7A1	100000.00	BALANCE_DEPOSIT	FAILED		{"name": "Testing0", "sign": "ls0yvFD/V+TDmaXiwnoWCgKB9zWX+gn8Qj6rQoEoKEVKVHrLh5b1QV4hFxeeAIAe95n/Gz9MVBCIpP+jnEvbqcFApHz2ZjtaUEKDx4iHt6p7v7zfQGqQZ1z9/LLCN7duPB8pcoNNGHlxiZ3CDWoe9l3soFUPWl1P3BAU10vS5JkwcrNKImHkVySWeitDXY5z/Ow5dhHIuCMoee81EIGrAlleDsFiBfoAEJY6CKAMPWr7rVe20VHzTeYQqzulCpTWSCU7CWwyygTGBBdwLWt/YUC7rE78UKQs+kNRje3mxwwzxxHJmc781d7tGHJqn71BaGDzcChPZsNX1QTWoEcREQ==", "email": "testing0@gmail.com", "phone": "8111222333", "method": "", "dateTime": "20260113085755", "orderNum": "DEP-20260113085755-20A7A1", "payMoney": "100000", "notifyUrl": "https://api.bcbt-bt.online/api/deposits/jayapay/callback/", "orderType": "0", "expiryPeriod": "1000", "merchantCode": "S820250914134021000027", "productDetail": "Top Up Saldo"}	{"platSign": "CBucsbEjXo1Jjak0jY77O0USm3IweQHqp/ShHl/z/mqq7RACGMf3j1WkWcU/HRnHZCjnKgf67kwqbi7SSGMTW/kMMMFVLMWO3WrwNLKLhya8zTwBl97KuOiEzoQlqVxqevLKD7VVztIYA0x/ZN5TRGmNwHfFC+Nnk1RA/m2/NEk=", "platRespCode": "FAIL", "platRespMessage": "JayaPay-params : verify signature failed"}	\N	\N	2026-01-13 08:57:55.126329+07	2026-01-13 08:57:55.126329+07	1411	55
48	JAYAPAY	DEP-20260113085755-3A36A2	100000.00	BALANCE_DEPOSIT	FAILED		{"name": "Testing0", "sign": "ls0yvFD/V+TDmaXiwnoWCgKB9zWX+gn8Qj6rQoEoKEVKVHrLh5b1QV4hFxeeAIAe95n/Gz9MVBCIpP+jnEvbqcFApHz2ZjtaUEKDx4iHt6p7v7zfQGqQZ1z9/LLCN7duPB8pcoNNGHlxiZ3CDWoe9l3soFUPWl1P3BAU10vS5JmncSTgK4A3EaoEEMK143EljuRqy1Sl9fbgIatJ3kikQhj77enE6otn80K3cpQ55KAgnsyRTOvCersk9bqL9sksojb3mPzle1iTzIG0Sk9QQVzhalSaAuvUwg47eVg04FoR4PmsWv2OacnhcyQC0F/2fNhrDmToa4UbwUkRH4JtjA==", "email": "testing0@gmail.com", "phone": "8111222333", "method": "", "dateTime": "20260113085755", "orderNum": "DEP-20260113085755-3A36A2", "payMoney": "100000", "notifyUrl": "https://api.bcbt-bt.online/api/deposits/jayapay/callback/", "orderType": "0", "expiryPeriod": "1000", "merchantCode": "S820250914134021000027", "productDetail": "Top Up Saldo"}	{"platSign": "CBucsbEjXo1Jjak0jY77O0USm3IweQHqp/ShHl/z/mqq7RACGMf3j1WkWcU/HRnHZCjnKgf67kwqbi7SSGMTW/kMMMFVLMWO3WrwNLKLhya8zTwBl97KuOiEzoQlqVxqevLKD7VVztIYA0x/ZN5TRGmNwHfFC+Nnk1RA/m2/NEk=", "platRespCode": "FAIL", "platRespMessage": "JayaPay-params : verify signature failed"}	\N	\N	2026-01-13 08:57:55.389653+07	2026-01-13 08:57:55.389653+07	1413	55
47	JAYAPAY	DEP-20260113085755-16816E	100000.00	BALANCE_DEPOSIT	FAILED		{"name": "Testing0", "sign": "ls0yvFD/V+TDmaXiwnoWCgKB9zWX+gn8Qj6rQoEoKEVKVHrLh5b1QV4hFxeeAIAe95n/Gz9MVBCIpP+jnEvbqcFApHz2ZjtaUEKDx4iHt6p7v7zfQGqQZ1z9/LLCN7duPB8pcoNNGHlxiZ3CDWoe9l3soFUPWl1P3BAU10vS5JkiOjWt2VgRDj4cjEFhUxyoIba36PMxnBBq54K3W6BxBUJTLT7F/badz4D9Fa111yRXvRahmdx4k9D+k9Zv4T6vP2BLqW6w/MO2gijt+rI4J5CLGZIBnNFYIgN3DgxcWqP0+hoiHvRL13qs//CbeQxeuITopcfuu15SLngqxQTuWA==", "email": "testing0@gmail.com", "phone": "8111222333", "method": "", "dateTime": "20260113085755", "orderNum": "DEP-20260113085755-16816E", "payMoney": "100000", "notifyUrl": "https://api.bcbt-bt.online/api/deposits/jayapay/callback/", "orderType": "0", "expiryPeriod": "1000", "merchantCode": "S820250914134021000027", "productDetail": "Top Up Saldo"}	{"platSign": "CBucsbEjXo1Jjak0jY77O0USm3IweQHqp/ShHl/z/mqq7RACGMf3j1WkWcU/HRnHZCjnKgf67kwqbi7SSGMTW/kMMMFVLMWO3WrwNLKLhya8zTwBl97KuOiEzoQlqVxqevLKD7VVztIYA0x/ZN5TRGmNwHfFC+Nnk1RA/m2/NEk=", "platRespCode": "FAIL", "platRespMessage": "JayaPay-params : verify signature failed"}	\N	\N	2026-01-13 08:57:55.209445+07	2026-01-13 08:57:55.209445+07	1412	55
49	JAYAPAY	DEP-20260113200650-0AED66	50000.00	BALANCE_DEPOSIT	FAILED		{"name": "Testing0", "sign": "LuidODKI/tfsGekIo09IVUDC/wN0d3FfJBMWh/86iswtMd8O4ls2n1KexfG+CG+EMdkaMyVeysFTx5IRc2bfPktAAxE1cl+pkU08w5KmzCtCFwaY9Z0REv5ZSAYbcDOTmCtW+maMoG0z2BXNISaVfrjGz5wpn9FwgdrPC8in7QQswk7bFAF0CSwCFJVn1hN0+/98Y/vWn+pGQmv1CJFOml9HKqvkxqvKnBT1KwC2bmpwSnxmGcJYuWsJ/1r48ztCrAKba9D0BNe+LjOabCaHB8mwu/wyCfJgguz8aegM0Sgrr7XKrS4X69Ykwmkx+IoLKDhiLxs/idBK6eH/F5wO2g==", "email": "testing0@gmail.com", "phone": "8111222333", "method": "", "dateTime": "20260113200650", "orderNum": "DEP-20260113200650-0AED66", "payMoney": "50000", "notifyUrl": "https://api.bcbt-bt.online/api/deposits/jayapay/callback/", "orderType": "0", "expiryPeriod": "1000", "merchantCode": "S820250914134021000027", "productDetail": "Top Up Saldo"}	{"platSign": "CBucsbEjXo1Jjak0jY77O0USm3IweQHqp/ShHl/z/mqq7RACGMf3j1WkWcU/HRnHZCjnKgf67kwqbi7SSGMTW/kMMMFVLMWO3WrwNLKLhya8zTwBl97KuOiEzoQlqVxqevLKD7VVztIYA0x/ZN5TRGmNwHfFC+Nnk1RA/m2/NEk=", "platRespCode": "FAIL", "platRespMessage": "JayaPay-params : verify signature failed"}	\N	\N	2026-01-13 20:06:50.926585+07	2026-01-13 20:06:50.926585+07	1506	55
50	JAYAPAY	DEP-20260113200650-67EA7E	50000.00	BALANCE_DEPOSIT	FAILED		{"name": "Testing0", "sign": "LuidODKI/tfsGekIo09IVUDC/wN0d3FfJBMWh/86iswtMd8O4ls2n1KexfG+CG+EMdkaMyVeysFTx5IRc2bfPktAAxE1cl+pkU08w5KmzCtCFwaY9Z0REv5ZSAYbcDOTmCtW+maMoG0z2BXNISaVfrjGz5wpn9FwgdrPC8in7QRiKdGDfg8RAxTlj/thQ4Fb5Jk4rzXxFBhhrIvIWg/Wl28Brp+aOkcinyLl3PrUZuVj1j5mJzWQKNgYMIx9u4EzQgDkH5Xjr5ugYoWiKGK0Ad8Jix2BXczKZRAi8b1pvmdJtugauNsH854IRaIylRD8RGKSS+/uqXgzT4mHFD1dOA==", "email": "testing0@gmail.com", "phone": "8111222333", "method": "", "dateTime": "20260113200650", "orderNum": "DEP-20260113200650-67EA7E", "payMoney": "50000", "notifyUrl": "https://api.bcbt-bt.online/api/deposits/jayapay/callback/", "orderType": "0", "expiryPeriod": "1000", "merchantCode": "S820250914134021000027", "productDetail": "Top Up Saldo"}	{"platSign": "CBucsbEjXo1Jjak0jY77O0USm3IweQHqp/ShHl/z/mqq7RACGMf3j1WkWcU/HRnHZCjnKgf67kwqbi7SSGMTW/kMMMFVLMWO3WrwNLKLhya8zTwBl97KuOiEzoQlqVxqevLKD7VVztIYA0x/ZN5TRGmNwHfFC+Nnk1RA/m2/NEk=", "platRespCode": "FAIL", "platRespMessage": "JayaPay-params : verify signature failed"}	\N	\N	2026-01-13 20:06:50.940639+07	2026-01-13 20:06:50.940639+07	1507	55
51	JAYAPAY	DEP-20260113200651-5E489B	50000.00	BALANCE_DEPOSIT	FAILED		{"name": "Testing0", "sign": "Av5MjiqBuf2z7RjVT2tP0eHw4sg2G5getxOr0yhE50qBli3z0Uk+sDfD2iYAGQuFiFUKQAnh2BlvtIVs/P4q7Lac4nS2wo0K8t2a0Ws8z1pxNwDaxuwQOSvmDt/JBWAv/Uddnxpfc/nn9HKP5RMZjO+gqHNGMIC3CnUp+pYFgmENk9fdtDAz1xZd8MTafw4zyc3AoblgiQeLCPjNgqUcpNszRF71ydGcuDgq3F3WgXskdg3VQm7SqEFTxKRobSqyLdxvECyeAqvE7tZra5kzrrfuzFHJXiiEgh9ZKXD3R9o/YfHFY9umJlPDFFWDTIy4zoI1Vki7m+X7oZ1YCpm8+w==", "email": "testing0@gmail.com", "phone": "8111222333", "method": "", "dateTime": "20260113200651", "orderNum": "DEP-20260113200651-5E489B", "payMoney": "50000", "notifyUrl": "https://api.bcbt-bt.online/api/deposits/jayapay/callback/", "orderType": "0", "expiryPeriod": "1000", "merchantCode": "S820250914134021000027", "productDetail": "Top Up Saldo"}	{"platSign": "CBucsbEjXo1Jjak0jY77O0USm3IweQHqp/ShHl/z/mqq7RACGMf3j1WkWcU/HRnHZCjnKgf67kwqbi7SSGMTW/kMMMFVLMWO3WrwNLKLhya8zTwBl97KuOiEzoQlqVxqevLKD7VVztIYA0x/ZN5TRGmNwHfFC+Nnk1RA/m2/NEk=", "platRespCode": "FAIL", "platRespMessage": "JayaPay-params : verify signature failed"}	\N	\N	2026-01-13 20:06:51.58869+07	2026-01-13 20:06:51.58869+07	1508	55
52	JAYAPAY	DEP-20260113200651-F036A5	50000.00	BALANCE_DEPOSIT	FAILED		{"name": "Testing0", "sign": "Av5MjiqBuf2z7RjVT2tP0eHw4sg2G5getxOr0yhE50qBli3z0Uk+sDfD2iYAGQuFiFUKQAnh2BlvtIVs/P4q7Lac4nS2wo0K8t2a0Ws8z1pxNwDaxuwQOSvmDt/JBWAv/Uddnxpfc/nn9HKP5RMZjO+gqHNGMIC3CnUp+pYFgmEvA6XMaaWccK0NFDspF19I7nCdSOhFCM114yyR4VIoIsDQ5WlHOmAceSKYSRrTsTZkaF5DWCbiKeBIy2c0Zf1mr3mtb7fVzAxMhkpwYKSAWigfUmqlo3CJVxyHNOWuK6fUDx2iFGApIG9MUUIJipuFszcEJtGxzMb8JtYHK/kQvw==", "email": "testing0@gmail.com", "phone": "8111222333", "method": "", "dateTime": "20260113200651", "orderNum": "DEP-20260113200651-F036A5", "payMoney": "50000", "notifyUrl": "https://api.bcbt-bt.online/api/deposits/jayapay/callback/", "orderType": "0", "expiryPeriod": "1000", "merchantCode": "S820250914134021000027", "productDetail": "Top Up Saldo"}	{"platSign": "CBucsbEjXo1Jjak0jY77O0USm3IweQHqp/ShHl/z/mqq7RACGMf3j1WkWcU/HRnHZCjnKgf67kwqbi7SSGMTW/kMMMFVLMWO3WrwNLKLhya8zTwBl97KuOiEzoQlqVxqevLKD7VVztIYA0x/ZN5TRGmNwHfFC+Nnk1RA/m2/NEk=", "platRespCode": "FAIL", "platRespMessage": "JayaPay-params : verify signature failed"}	\N	\N	2026-01-13 20:06:51.835608+07	2026-01-13 20:06:51.835608+07	1509	55
53	JAYAPAY	DEP-20260113200652-212275	50000.00	BALANCE_DEPOSIT	FAILED		{"name": "Testing0", "sign": "O7Fjs40379h1a/j22HXyS/T56X1UxvxTLDMQu4DMM7XkK0E4xweve64pmCuewjU+D8kTp8+bNxnpJT+olrmWwJsRdPbF5lWP5xaoZqJQUI5qepktBHJkq717Ebla+ch0vchTLl9PpVw9d8qmdBzbVa09wcBkPZmUQYKDUmqZU0hc2qS3jOr3QTL8BuxoP6AnEaScY3pkUJW9U6gra/mHlhRVdvkT0RCv3K6kqKgYzs5zyed3LPv1URdXmonEoJGTWpCXXQK02rDldDMWJ5X2kBInBQTvN7M7shKX2ELABeOOEHiiiOgNLUjOdfcSVABV6TZJEALXraKf9tv+Pv+LzQ==", "email": "testing0@gmail.com", "phone": "8111222333", "method": "", "dateTime": "20260113200652", "orderNum": "DEP-20260113200652-212275", "payMoney": "50000", "notifyUrl": "https://api.bcbt-bt.online/api/deposits/jayapay/callback/", "orderType": "0", "expiryPeriod": "1000", "merchantCode": "S820250914134021000027", "productDetail": "Top Up Saldo"}	{"platSign": "CBucsbEjXo1Jjak0jY77O0USm3IweQHqp/ShHl/z/mqq7RACGMf3j1WkWcU/HRnHZCjnKgf67kwqbi7SSGMTW/kMMMFVLMWO3WrwNLKLhya8zTwBl97KuOiEzoQlqVxqevLKD7VVztIYA0x/ZN5TRGmNwHfFC+Nnk1RA/m2/NEk=", "platRespCode": "FAIL", "platRespMessage": "JayaPay-params : verify signature failed"}	\N	\N	2026-01-13 20:06:52.85807+07	2026-01-13 20:06:52.85807+07	1510	55
54	JAYAPAY	DEP-20260114104641-6E7399	50000.00	BALANCE_DEPOSIT	FAILED		{"name": "dsfdsgf", "sign": "Ji813qVQqQiJ2kwUcq1S/l3GoS/RYRjkmXFMn2OuxTz5bbTkVLUMLdfbVYzXAUm1UzghDsBIvXNQBOURrYJJUHkCV2/NLkfhPaJ6pnigLWs8tvoRQmIbPIzYUjAxnP6mRX7yNZobz0Szua4krYSOdf1sP7vT5G1DIHjgxJLETdBIahytnhxUaT4LZ/TzHJpw0pL7pQgEw2tC3onhcyn7CaPHwDxlw+K22udGWZtaT/TVCk724TWXKAewasrEaGbezYJKslCPJgquKMT5HoTg+LhmYg8IPnq43/jvfj98Dlj//We+lx4pt4OrzL34cgURU2pQnjj9IygQUJoFt8H2qQ==", "email": "uxxser@example.com", "phone": "+6285770404473", "method": "", "dateTime": "20260114104641", "orderNum": "DEP-20260114104641-6E7399", "payMoney": "50000", "notifyUrl": "https://api.bcbt-bt.online/api/deposits/jayapay/callback/", "orderType": "0", "expiryPeriod": "1000", "merchantCode": "S820250914134021000027", "productDetail": "Top Up Saldo"}	{"platSign": "CBucsbEjXo1Jjak0jY77O0USm3IweQHqp/ShHl/z/mqq7RACGMf3j1WkWcU/HRnHZCjnKgf67kwqbi7SSGMTW/kMMMFVLMWO3WrwNLKLhya8zTwBl97KuOiEzoQlqVxqevLKD7VVztIYA0x/ZN5TRGmNwHfFC+Nnk1RA/m2/NEk=", "platRespCode": "FAIL", "platRespMessage": "JayaPay-params : verify signature failed"}	\N	\N	2026-01-14 10:46:42.147364+07	2026-01-14 10:46:42.147364+07	1524	64
55	JAYAPAY	DEP-20260114104645-53F8DC	50000.00	BALANCE_DEPOSIT	FAILED		{"name": "dsfdsgf", "sign": "dx2WLliAzLIPd7BkQ3SgMoI2gAxLN8awBl3J7YtDOPHnH9Jl0LlSMMhGM1+eD9hYUF1/684LRCs2lKIrfVbTy52kPhfWb9zUWCJoPnOK4K/LnbkYfiJoiATFigNSr8nmz0LCnaJFcPIwWdj97lqrxfZ7S38OdbJk74XtyjcmcxxZGab3v9penA4VoY2foZH7QlErzu2G9Ud+QiQA04EGG4GjzchpcW2m0fNOwHdHBolKSxjrlpOuDlloRmZHqttdiPCk8kaTRG1bk11F0Y+tvZBQ4gizYaNnj5nV7ONxTVLdAAYwMiGO3A1A8GiYnJBwGC+FXNH7nNf0WW1ijadFlw==", "email": "uxxser@example.com", "phone": "+6285770404473", "method": "", "dateTime": "20260114104645", "orderNum": "DEP-20260114104645-53F8DC", "payMoney": "50000", "notifyUrl": "https://api.bcbt-bt.online/api/deposits/jayapay/callback/", "orderType": "0", "expiryPeriod": "1000", "merchantCode": "S820250914134021000027", "productDetail": "Top Up Saldo"}	{"platSign": "CBucsbEjXo1Jjak0jY77O0USm3IweQHqp/ShHl/z/mqq7RACGMf3j1WkWcU/HRnHZCjnKgf67kwqbi7SSGMTW/kMMMFVLMWO3WrwNLKLhya8zTwBl97KuOiEzoQlqVxqevLKD7VVztIYA0x/ZN5TRGmNwHfFC+Nnk1RA/m2/NEk=", "platRespCode": "FAIL", "platRespMessage": "JayaPay-params : verify signature failed"}	\N	\N	2026-01-14 10:46:45.564478+07	2026-01-14 10:46:45.564478+07	1525	64
56	KLIKPAY	DEP-20260114105558-908F26	50000.00	BALANCE	PENDING	https://svpw.idesuys.com/cash/?orderNum=PRE72011286144125374464	{"name": "dsfdsgf", "sign": "OF4mPOEhv5XiUpsnjQGDv3tmELm6wEmC7MTlsDXuFs/uiXt0qJVpGGt7eZkDWnf8Tnp0UmPZBi1LANFDkkBft+YjjXC3bQ74du+Ea2a2S78SMS7EiK7sIn+XApaNJSWc/UAGZVL7zPn/MVGcAtC9ACKTaq1ztU1MzcbSmU+LQlpZsA4xYWoeb64nAtAjzgbHKB6th2KIIyusueLy12fHOkJXmVm7uy1xSvfiUjdYHqoSFcsRXZz/XurdbKXCovxbZVhd2C3bj/tc95WUbqMoBcg1FrWxbhWCWk6cO1T1Vbfj+LH60l+e/2sVnPnnu+GM1Ta3+ZRxlBHHLSO8hfSteg==", "email": "uxxser@example.com", "phone": "+6285770404473", "dateTime": "20260114105558", "orderNum": "DEP-20260114105558-908F26", "payMoney": "50000", "notifyUrl": "https://api.bcbt-bt.online/api/deposits/klikpay/callback/", "redirectUrl": "", "expiryPeriod": "1440", "merchantCode": "S820240925150637000035", "productDetail": "Top Up Saldo"}	{"url": "https://svpw.idesuys.com/cash/?orderNum=PRE72011286144125374464", "name": "dsfdsgf", "email": "uxxser@example.com", "orderNum": "DEP-20260114105558-908F26", "payMoney": "50000", "platSign": "WhBzOwkIEzJYRjBIx9VIU5VA8kQrOgVfx5gMoq/xPOD7Gl75pWDllBNYPYVgeBFGc1BsxBzmDOSy3mC9HDwsCzeXI6fmZ31e65M/rJH9OIUeSBEEL6g3Gq4lIt2Rq5T4b8L7Odjvpx3kc/r4GncSije3NA5YT2yh4HGa/2SLLmOGDRoZkDMOBRwIfKyYVXx4LIgsGoQRGgM0mb2856kJhiyGFb4QNH0B3fNsa8L+uNU2VUUS0Nfrac/KXWjlUOYimOnzTg83SAWUXF1jQ7mOiZaY/b6pWSTI/aoroMfDr/i4tI82sjqjHN1uHRHjUZpDUyiJK+V+NN8krWrjPImh1Q==", "platOrderNum": "PRE72011286144125374464", "platRespCode": "SUCCESS", "productDetail": "Top Up Saldo", "platRespMessage": "Request Transaction Success"}	\N	\N	2026-01-14 10:55:58.482639+07	2026-01-14 10:55:58.482639+07	1526	64
57	JAYAPAY	DEP-20260114110749-9BABEF	50000.00	BALANCE_DEPOSIT	FAILED		{"name": "Testing0", "sign": "XDjjwjPdBToGf8CqK/o2NQJlsyKRUWUuHLRYQ43okgK20QaVJiE+DWMqLjG0uh9gm4ZzM3onzLiH9Y3+CtODcQnOrfc5TSJMFPyQSo2uyOnJJGGRPBOCY/9jhn4oH34su5BbasHTefhJowywyS3jihr/7Fv/h7H2lG2H3L1rS+4hW/GlF1vJlvJLdbPS01JMBTdsHHtFYgD35aapiGn4+boD6gPUIldhYpq8/fo1wQ0zu93kWu3tY5oat9jI513kh1dU+k+GeBlSHG+9rKVtDPxumm896zhfdaubPkVkAQHwvD8qJLtcMSiNzy5nYKSctzIzoP9oNke/lVqfZTF+oQ==", "email": "testing0@gmail.com", "phone": "+628111222333", "method": "", "dateTime": "20260114110749", "orderNum": "DEP-20260114110749-9BABEF", "payMoney": "50000", "notifyUrl": "https://api.bcbt-bt.online/api/deposits/jayapay/callback/", "orderType": "0", "expiryPeriod": "1000", "merchantCode": "S820250914134021000027", "productDetail": "Top Up Saldo"}	{"platSign": "CBucsbEjXo1Jjak0jY77O0USm3IweQHqp/ShHl/z/mqq7RACGMf3j1WkWcU/HRnHZCjnKgf67kwqbi7SSGMTW/kMMMFVLMWO3WrwNLKLhya8zTwBl97KuOiEzoQlqVxqevLKD7VVztIYA0x/ZN5TRGmNwHfFC+Nnk1RA/m2/NEk=", "platRespCode": "FAIL", "platRespMessage": "JayaPay-params : verify signature failed"}	\N	\N	2026-01-14 11:07:49.08731+07	2026-01-14 11:07:49.08731+07	1529	55
58	JAYAPAY	DEP-20260114110749-7B3F5D	50000.00	BALANCE_DEPOSIT	FAILED		{"name": "Testing0", "sign": "XDjjwjPdBToGf8CqK/o2NQJlsyKRUWUuHLRYQ43okgK20QaVJiE+DWMqLjG0uh9gm4ZzM3onzLiH9Y3+CtODcQnOrfc5TSJMFPyQSo2uyOnJJGGRPBOCY/9jhn4oH34su5BbasHTefhJowywyS3jihr/7Fv/h7H2lG2H3L1rS+468i/cca1I+TZfE4aEQ8awrOqmMCTp3u5npc1duaplmSbx0olSA7GhtT1HW8ti4QYsMcGC1emK6CBS3n7MPOgkTsVKH9TS8C7AcPQGcP0IyJp9wZ45xLBxTisVE3O2ml5+3/+lNZlewk95vUT34a8vxD8BAj39wx5UjsYs1YMzeA==", "email": "testing0@gmail.com", "phone": "+628111222333", "method": "", "dateTime": "20260114110749", "orderNum": "DEP-20260114110749-7B3F5D", "payMoney": "50000", "notifyUrl": "https://api.bcbt-bt.online/api/deposits/jayapay/callback/", "orderType": "0", "expiryPeriod": "1000", "merchantCode": "S820250914134021000027", "productDetail": "Top Up Saldo"}	{"platSign": "CBucsbEjXo1Jjak0jY77O0USm3IweQHqp/ShHl/z/mqq7RACGMf3j1WkWcU/HRnHZCjnKgf67kwqbi7SSGMTW/kMMMFVLMWO3WrwNLKLhya8zTwBl97KuOiEzoQlqVxqevLKD7VVztIYA0x/ZN5TRGmNwHfFC+Nnk1RA/m2/NEk=", "platRespCode": "FAIL", "platRespMessage": "JayaPay-params : verify signature failed"}	\N	\N	2026-01-14 11:07:49.835092+07	2026-01-14 11:07:49.835092+07	1530	55
59	KLIKPAY	DEP-20260114110751-1C9880	50000.00	BALANCE	PENDING	https://svpw.idesuys.com/cash/?orderNum=PRE72011289133162565632	{"name": "Testing0", "sign": "OPIS0R9+kbph8zdAg3Q+2hR1cdb1YlSVgMVv/MNzeKxvGWfi2aL+CWiMFa0TZDV0BA2KS7cYmbcPrXzRNWY2hMfAqcZ8rUKEBVN5zu8Pro4EuvicqvzmwgKmMk8hE2jwpSgcu5jxYKcm2OKJEdb54drKjuZN4bD+qQdFVyqX4/GlvHaJEipU22mwwvu5C2sdM8lXj2WqE4xnRefGHwO5T7ioKx9hLuDQ5J7Tlj8V9EI629ARYMUScE0xsJhI6bgA8kTN+S65d4TS7UMNy5hWyecyMNmMvwShVWBJZijpMT+rSKd17dH0ZXmc/NWflXxRvufBPIomAIlcYZODGAhq5w==", "email": "testing0@gmail.com", "phone": "+628111222333", "dateTime": "20260114110751", "orderNum": "DEP-20260114110751-1C9880", "payMoney": "50000", "notifyUrl": "https://api.bcbt-bt.online/api/deposits/klikpay/callback/", "redirectUrl": "", "expiryPeriod": "1440", "merchantCode": "S820240925150637000035", "productDetail": "Top Up Saldo"}	{"url": "https://svpw.idesuys.com/cash/?orderNum=PRE72011289133162565632", "name": "Testing0", "email": "testing0@gmail.com", "orderNum": "DEP-20260114110751-1C9880", "payMoney": "50000", "platSign": "XHII4juMX0iLgMiN27ICO2J1bhHr10XD3zUNm/CXlTZjeU7tMd5mVfYyZyyKqceJnRhidKROcvFxcjJqVvCoyi/tmEBu0+YaTK6eJZvBmigy0C2Ald7y0V3YLPnEdb6rLgd2/Stz4md9JeU9yy51+AqcJ2DCv3bNmde5ZSCRoPSJCdeA+oKDuQi4N+JmOMzmfxrzyRau7OCwvWBtd4j5uL1gj2MBBHxs7zNQZVwYul+WE+clcx7UPPKhy5Fg/a2eZyWUOnPOHIYtpUSZlm9xh1E8SBWHfFjrBykIC51vOA2zQfQWICBGKinO+bXOHBD6JzZHcKmcAoYPuxjVCMWimA==", "platOrderNum": "PRE72011289133162565632", "platRespCode": "SUCCESS", "productDetail": "Top Up Saldo", "platRespMessage": "Request Transaction Success"}	\N	\N	2026-01-14 11:07:51.081882+07	2026-01-14 11:07:51.081882+07	1531	55
60	KLIKPAY	DEP-20260114110752-C1517B	50000.00	BALANCE	PENDING	https://svpw.idesuys.com/cash/?orderNum=PRE72011289136367013888	{"name": "Testing0", "sign": "iSyWYQ/KdwQEZmS/Avmlqy7mT2eUr1+XLxDRrcM55SQtJ1yhPaYmKHs6vGQNiB+Dda9nUBzhg5v9LjRPWa+M3hihRCWxsmwkVOG+zkwAIBZltInx9b6ipaS8SJpiyGLHOC4ubQbm3CW6yPxnxhDrC8JyibcHiX3NQ3rYNPP3n+xO1LF3UfEKoogrvmG2h5qBl8QekXXZZZM34nufOaHnJfawj1yhQiIDYYgAXXJGdv4vwStXnJz4FQeZ6PhsKOsSDpQe6pLUdhvGhJpzLAbtPxnHzLp09BemOiZnMVtQYR2TNyRat7s4LWoDOWL6gxjrOFmy0IJ/496CJdgQrBOiMw==", "email": "testing0@gmail.com", "phone": "+628111222333", "dateTime": "20260114110752", "orderNum": "DEP-20260114110752-C1517B", "payMoney": "50000", "notifyUrl": "https://api.bcbt-bt.online/api/deposits/klikpay/callback/", "redirectUrl": "", "expiryPeriod": "1440", "merchantCode": "S820240925150637000035", "productDetail": "Top Up Saldo"}	{"url": "https://svpw.idesuys.com/cash/?orderNum=PRE72011289136367013888", "name": "Testing0", "email": "testing0@gmail.com", "orderNum": "DEP-20260114110752-C1517B", "payMoney": "50000", "platSign": "k/BGZTi73BPgXzbTQh+XjeH5RBnuUTHgYfLM4mcifgS6ymoq93iZyW8Jhd6kvSxqRJTIsDCyx1a8TMxbxTrwL6zXxhYtuMuqbM88A8NDRsL3Xp/9o0JqEeOGzBQ2LkLRilTKIGZ/jXgcW1X9sj6t27JeJQjWQ94MKkg8Yd4EUMB1G7iLsBKMqPdVIbVPPszZnXhIsZV9NR5hnOMHh4FE9IEBlrDuuFZtqK9eT4TSk3dKN992EK4YlAxilCdzFms+OJRtFP7flfOSlhYYGnjfyHPVm5y9ye6ydxPDY/o4Qyxfh6cBMOjlbrXGRSly97T8br7JXI/KQQPgTHc4uB+U7Q==", "platOrderNum": "PRE72011289136367013888", "platRespCode": "SUCCESS", "productDetail": "Top Up Saldo", "platRespMessage": "Request Transaction Success"}	\N	\N	2026-01-14 11:07:52.111137+07	2026-01-14 11:07:52.111137+07	1532	55
61	KLIKPAY	DEP-20260114110811-920098	500000.00	BALANCE	COMPLETED	https://svpw.idesuys.com/cash/?orderNum=PRE72011289217522601984	{"name": "Testing0", "sign": "SjvCve0cfjMvNLg+CZ7aIJvRfnM029Doeg4yaSohzl4XacYIT/G1hFH2telemAnEWDnQPT5fOIZwaMFPCtebNiXrG53f6drmaiaekPDi3S3+kSz4duF0epy84Mm4pn4Y+H9wmP2fCoQGlcUBHZ7oFmBPvRSAmj16dV3gXvzsk3kK5T6kmMyKMMahADSrS+QoI2vRZtic7FqeUJyn8JvUx7ojK80RZ10YUe0V6DsDKOLbMVN+gXVqBn4H0QQvHE5S3A0vU59TJ2XJgPKmcZu7eSwsAHOCJA9YkZ3TTzv7yGDk4WOGSxSjJe1K75R2z48Ga9/iJesqVLJQtElL7PsBpA==", "email": "testing0@gmail.com", "phone": "+628111222333", "dateTime": "20260114110811", "orderNum": "DEP-20260114110811-920098", "payMoney": "500000", "notifyUrl": "https://api.bcbt-bt.online/api/deposits/klikpay/callback/", "redirectUrl": "", "expiryPeriod": "1440", "merchantCode": "S820240925150637000035", "productDetail": "Top Up Saldo"}	{"url": "https://svpw.idesuys.com/cash/?orderNum=PRE72011289217522601984", "name": "Testing0", "email": "testing0@gmail.com", "orderNum": "DEP-20260114110811-920098", "payMoney": "500000", "platSign": "JhcI6DGTRUHO4FuChk1Vr/epMrRChpWHXcPqknQgtskWF2itbNiSbVWk00bbqRHd/gn3DOcKNN+4k63X7HttsN1Ull46c7l8MrLCT4j6HP1btgXVjfeBIMY7QdI8v/NPPET9FOxQIn25vIYE5+V+cPNv068LdsvhksSzqinql90rj7NckRwsQslzkWjw3XAeFGIszmwbmjhwhuJAtsWUBAntCrLJIEvW/KKxMJJRWSf7za/fPNik6ldsvsyVQZnY3oUsj9FGjW85l+/nB8RVZOHnbOwmksDPX5Fid21egFJq9cqPG9EGdYsfAIURmLaRm4Y+xd3j08Ap580FSA1COQ==", "platOrderNum": "PRE72011289217522601984", "platRespCode": "SUCCESS", "productDetail": "Top Up Saldo", "platRespMessage": "Request Transaction Success"}	\N	\N	2026-01-14 11:08:11.459732+07	2026-01-14 11:31:47.493453+07	1533	55
62	KLIKPAY	DEP-20260114110811-A75049	500000.00	BALANCE	COMPLETED	https://svpw.idesuys.com/cash/?orderNum=PRE72011289218898333696	{"name": "Testing0", "sign": "SjvCve0cfjMvNLg+CZ7aIJvRfnM029Doeg4yaSohzl4XacYIT/G1hFH2telemAnEWDnQPT5fOIZwaMFPCtebNiXrG53f6drmaiaekPDi3S3+kSz4duF0epy84Mm4pn4Y+H9wmP2fCoQGlcUBHZ7oFmBPvRSAmj16dV3gXvzsk3kxtD9yzkwUjLRPn5Jm8S41V+Fkb9NB4OAz7Xiwhk44M21J7ROlkSRBeK18k5RQFutpY4/iu0EJUKeSzUYicXtEkWu8/Zqw8GRe/iIG/2uXvDvICAZDNPjkzNi8jOQOVzzIrvkKVdLNEycb97SdPMG16+Rm8mQEGzx1d7l6h8PpkA==", "email": "testing0@gmail.com", "phone": "+628111222333", "dateTime": "20260114110811", "orderNum": "DEP-20260114110811-A75049", "payMoney": "500000", "notifyUrl": "https://api.bcbt-bt.online/api/deposits/klikpay/callback/", "redirectUrl": "", "expiryPeriod": "1440", "merchantCode": "S820240925150637000035", "productDetail": "Top Up Saldo"}	{"url": "https://svpw.idesuys.com/cash/?orderNum=PRE72011289218898333696", "name": "Testing0", "email": "testing0@gmail.com", "orderNum": "DEP-20260114110811-A75049", "payMoney": "500000", "platSign": "A0wi9RWNIjNEERcTzo6zQLNMtQ8XUN3WTuutmtZJg5CSi4C4pqAdDYIfdGany1CDit0xhKSmJI7RvmOKOZ5sdXvCEAkodV5qk0TMunj59cYQHYV2iIsyY+mNC3GXTL1zVkN9M+lPIfzZqt09MVA+LA9FLBD6hmR2S5seDtETu68ijMDGJXAXxteXUjPHVmaz+5YVadMvY1e5HekUZajazo+dMF3L4wFZPPCsr27321+vNPRaEcs/1vAJNmmh6U3EOqiIuwI8p8cNk++IEFVM38eAU0OK8kRtR+LXyUlt+UUcr9NO1Mai3bnSVgkhVPlqnXzsXIGt0N3s4WzZOMrkAw==", "platOrderNum": "PRE72011289218898333696", "platRespCode": "SUCCESS", "productDetail": "Top Up Saldo", "platRespMessage": "Request Transaction Success"}	\N	\N	2026-01-14 11:08:11.80617+07	2026-01-14 11:08:39.272703+07	1534	55
\.


--
-- Data for Name: deposits_gatewaysettings; Type: TABLE DATA; Schema: public; Owner: postgres
--

COPY public.deposits_gatewaysettings (id, default_wallet_type, app_domain, jayapay_enabled, klikpay_enabled, jayapay_merchant_code, jayapay_private_key, jayapay_public_key, klikpay_api_url, klikpay_merchant_code, klikpay_secret_key, klikpay_public_key, updated_at, jayapay_api_url, jayapay_callback_path, jayapay_redirect_url, klikpay_private_key, klikpay_callback_path, klikpay_redirect_url) FROM stdin;
1	BALANCE_DEPOSIT	api.bcbt-bt.online	t	t	S820250914134021000027	MIICdgIBADANBgkqhkiG9w0BAQEFAASCAmAwggJcAgEAAoGBALNhEgUzeH14CGXz6VuQOXkRJN9JIuZoXZWuXADe80cU7rBi46PyJlih+BifLKw+TbDoHeHUid+mEPL1TkfJJDfO1WapIT43gCU5Wtjs5td+8J8MJqBG2gSewPCnYcRWEbPxoA0nqvY6zpXWxdyn6xtrr6Ffj7lbD+WpnMUAWizRAgMBAAECgYAAx3OBPGDYWKperDFi1KyvOvtIRGRndrB7XmaNzJ1NY688UTDW02eS7uDDO9COAfcRhUlfii48H35HQKubOINhmc2uVrQRZlCJkO1/KMYbquIF6VIdZn4saNKey6b+HPJ01VLV4D9Wr65T56JCrolKm+wXmz8PDrtMq9nvlk0BXQJBAOpOKaZbZV/hnN8LQgjtJtrn92TmfYYTFgnbcUeSk2N7oUE+kZjyRPQGKb0ia58dzDzA5rvdmOucndC0UwKeXbUCQQDD/Phnif4XTg7hyVQBXlXFAOFxLQzv1iyBWpOW3DfKuj6YZXCw1rNTz5W6ycjnXsiJz4px0ClY9dGVACdP5WQtAkBSWpTDFx7Dm64iq3dTYd+lU6EeAvGdvXmij1H6oSdS8TJVl2Nfic/4oW3sP3vqWnPd6sNuxs2oCs1hfPAsXHN9AkAsnwbLQ/6mva3juBu5KAotDTNGujQM0t1VIhMiMMc/D8I6njXW/Trc5RE48sIb81eDEM57dSJEz8rEusE4joiNAkEAwDWRAlEcfgOWBKrqsdzYQMEaU+AdcdNpkoOuBoFT4QZVlVMVNcOQhqAUEm+06ztI6N0Mer4N6TROBQxj/xvGyQ==	MIGfMA0GCSqGSIb3DQEBAQUAA4GNADCBiQKBgQCqgzIEwglWoOALQp3QtA/nBLG0JCZV3YOgzBLa4GQV8RCU1NSGugdM2uqyr3AayCUhUVML4PpYsLRlCvkztEAMKaPS1zOCvbnqtx4Sx/KmDyKZIaqY/I0AAt3SHrY3YLhg1GbWONaxlT/urSRIcnprRdNyIfzAS+NUifWJqi9CQQIDAQAB	https://idvs.klysnv.com/gateway/prepaidOrder	S820240925150637000035		MIGfMA0GCSqGSIb3DQEBAQUAA4GNADCBiQKBgQClCcqIoPbJutG+d/JYQ6se5BnaO8Tapm7ssZDCYZgkEWhsaydRmRivC1okBOFOlASN6W20ESkt7X5Z8aWyrkLpKqrJ6ixCef0f/O4z7/PaKGeCh7egNpMSNL9XApIf+HU+co+hJc59TN424KRKY2HfnQh8qpOd/BqXYcd/JoiUHwIDAQAB	2025-11-08 17:04:48.162909+07	https://openapi.jayapayment.com/gateway/prepaidOrder	api/deposits/jayapay/callback/		MIICdgIBADANBgkqhkiG9w0BAQEFAASCAmAwggJcAgEAAoGBALI1GyfyI6AVyokJq04SLdoK3MxuaGwtzfm5cSXVUP+cM2K0/RbyflWx0r+G9ScCPYyqQuOEYdQvs1SH402JtYDuXjbNCczUsURao0rKx1mF0OyT8XpWXIlajI11Q7uJue1auY2iG6BaAD7mUXIOT5/nQu+XXelWRUAFdfER8m0NAgMBAAECgYBIWidcYIL2S+KfIL3cRKU5EY/zsB/VTAOEkDXQFnt8S/7Q5Iqc9nc0c64M9M4zuEUlBzuBBA50B6nXeBRhNrfporrKphiUkyhukeBrFLiCLhVJq/C7biOdR4bPhheTT3G0vduGYo5aF/ZLhdxDBDVkKL40LQ6BzBbYg2d23Lp8AQJBAOmib/vpXS54gapq4kKRF6EEHZSg+gXR8b5GAenmtdcXwZnBKMAYSYNkeF4z/Q37DTKLMWHHEemGMHQlDtOYAHECQQDDRFhvMM4OAVNyCfK4NM447sEhiu1QZYl+rhP2vodmih2/4+EhPHuRo+aWgqnMN9wnEknglto/Z7u59LrLgIRdAkEAqM5tCx657PG0/mTrxhz/bZ+Dn/gPrlTazhfXGiFQEXFguK8PunvR4dWeArKdjJRwHKzlqTgkgQ4rxD9iTw/sgQJAWpamgE8gCRdMYyeCVzsIQRlit/D/z8CLdR3dXSdfIY8J5jAODaFFondrToAnzfpMREQTygGyFqBFUyvaTPa+cQJAQWFEM6IMAjgtaiMsQT77TSkrpZUqnbw5eFX2B31L98jfz+h9CbuLxbukTWe4N3OYMK6/OOadJj7ihfYMxCgeRg==	api/deposits/klikpay/callback/	
\.


--
-- Data for Name: django_admin_log; Type: TABLE DATA; Schema: public; Owner: postgres
--

COPY public.django_admin_log (id, action_time, object_id, object_repr, action_flag, change_message, content_type_id, user_id) FROM stdin;
1	2025-11-09 23:54:59.918825+07	37	Null 01	2	[]	11	1
2	2025-11-10 00:02:50.162676+07	7	123456 (random)	2	[{"changed": {"fields": ["Is active"]}}]	18	1
3	2025-11-10 00:02:58.765807+07	6	01020304 (random)	2	[{"changed": {"fields": ["Is active"]}}]	18	1
4	2025-11-10 00:04:12.61692+07	8	bebekdungu (fixed)	2	[{"changed": {"fields": ["Expires at", "Usage limit"]}}]	18	1
5	2025-11-10 00:33:10.251614+07	38	Null 00	2	[{"changed": {"fields": ["Purchase rebate level 1", "Purchase rebate level 2", "Purchase rebate level 3", "Profit rebate level 1", "Profit rebate level 2", "Profit rebate level 3"]}}]	11	1
6	2025-11-10 00:35:04.823458+07	36	Sistem Celenix	2	[{"changed": {"fields": ["Purchase rebate level 1", "Purchase rebate level 2", "Purchase rebate level 3", "Profit rebate level 1", "Profit rebate level 2", "Profit rebate level 3"]}}]	11	1
7	2025-11-10 00:37:16.569888+07	34	Sistem Omnisurg	2	[{"changed": {"fields": ["Purchase rebate level 1", "Purchase rebate level 2", "Purchase rebate level 3", "Profit rebate level 1", "Profit rebate level 2", "Profit rebate level 3"]}}]	11	1
8	2025-11-10 01:15:34.578967+07	3	fkb8tiysht@example.com	2	[{"changed": {"fields": ["Referral by"]}}]	8	1
9	2025-11-10 01:15:46.29105+07	3	fkb8tiysht@example.com	2	[{"changed": {"fields": ["Referral by"]}}]	8	1
10	2025-11-10 09:02:23.28748+07	1	Yorobun (random)	1	[{"added": {}}]	18	1
11	2025-11-10 09:04:09.872936+07	36	Sistem Celenix	2	[{"changed": {"fields": ["Purchase rebate level 1", "Purchase rebate level 3", "Profit rebate level 2", "Profit rebate level 3"]}}]	11	1
12	2025-11-10 09:04:28.391094+07	34	Sistem Omnisurg	2	[{"changed": {"fields": ["Purchase rebate level 1", "Purchase rebate level 3", "Profit rebate level 2", "Profit rebate level 3"]}}]	11	1
13	2025-11-10 09:05:03.717393+07	40	Sistem Lyvion	2	[{"changed": {"fields": ["Purchase rebate level 1", "Purchase rebate level 2", "Purchase rebate level 3", "Profit rebate level 1", "Profit rebate level 2", "Profit rebate level 3"]}}]	11	1
14	2025-11-10 09:05:26.944081+07	41	Sistem Hermis	2	[{"changed": {"fields": ["Purchase rebate level 1", "Purchase rebate level 2", "Purchase rebate level 3", "Profit rebate level 1", "Profit rebate level 2", "Profit rebate level 3"]}}]	11	1
15	2025-11-10 09:05:49.521676+07	42	Sistem Vitaris	2	[{"changed": {"fields": ["Purchase rebate level 1", "Purchase rebate level 2", "Purchase rebate level 3", "Profit rebate level 1", "Profit rebate level 2", "Profit rebate level 3"]}}]	11	1
16	2025-11-10 09:06:13.506099+07	43	Sistem Surgena	2	[{"changed": {"fields": ["Purchase rebate level 1", "Purchase rebate level 2", "Purchase rebate level 3", "Profit rebate level 1", "Profit rebate level 2", "Profit rebate level 3"]}}]	11	1
17	2025-11-10 09:19:22.232367+07	1	Saluran Telegram (telegram)	1	[{"added": {}}]	30	1
18	2025-11-10 09:19:58.766975+07	2	Saluran WhatsApp (whatsapp)	1	[{"added": {}}]	30	1
19	2025-11-10 09:26:02.296533+07	2	80123456789 - 271245.64 (COMPLETED)	2	[{"changed": {"fields": ["Status"]}}]	26	1
20	2025-11-10 09:31:42.638219+07	3	81123456789 - 269949.79 (COMPLETED)	2	[{"changed": {"fields": ["Status"]}}]	26	1
21	2025-11-10 09:37:20.352286+07	4	8223456789 - 266274.73 (COMPLETED)	2	[{"changed": {"fields": ["Status"]}}]	26	1
22	2025-11-10 09:45:13.649458+07	5	0800123456789 - 1022640.58 (PROCESSING)	2	[{"changed": {"fields": ["Status"]}}]	26	1
23	2025-11-10 09:45:38.412992+07	5	0800123456789 - 1022640.58 (REJECTED)	2	[{"changed": {"fields": ["Status"]}}]	26	1
24	2025-11-10 09:46:27.581433+07	6	0800123456789 - 1022640.58 (COMPLETED)	2	[{"changed": {"fields": ["Status"]}}]	26	1
25	2025-11-10 09:59:25.209649+07	7	0800123456789 - 50000.00 (REJECTED)	2	[{"changed": {"fields": ["Status"]}}]	26	1
26	2025-11-10 12:52:29.25181+07	1	89595959595 - 50000.00 (REJECTED)	2	[{"changed": {"fields": ["Status"]}}]	26	1
27	2025-11-10 12:53:55.647169+07	8	89595959595 - 50000.00 (REJECTED)	2	[{"changed": {"fields": ["Status"]}}]	26	1
28	2025-11-10 12:57:25.42956+07	2	k00rkthpl8@example.com	2	[{"changed": {"fields": ["Balance deposit"]}}]	8	1
29	2025-11-10 13:20:29.540946+07	8	89595959595 - 50000.00 (PENDING)	2	[{"changed": {"fields": ["Status"]}}]	26	1
30	2025-11-30 19:40:00.389388+07	1	Referral Code: numbers_only/6	2	[{"changed": {"fields": ["Referral code case", "Referral code length", "Referral code pattern", "Rank basis"]}}]	9	1
31	2025-11-30 19:41:13.253879+07	2	Rank 1 - Lv 0 (requires 0)	2	[{"changed": {"fields": ["Title"]}}]	10	1
32	2025-11-30 19:41:13.291496+07	1	Rank 2 - Lv 1 (requires 3)	2	[{"changed": {"fields": ["Title", "Missions required total"]}}]	10	1
33	2025-11-30 19:41:13.329644+07	3	Rank 3 - Lv 2 (requires 6)	2	[{"changed": {"fields": ["Title", "Missions required total"]}}]	10	1
34	2025-11-30 19:41:13.367906+07	4	Rank 4 - Lv 3 (requires 10)	2	[{"changed": {"fields": ["Title", "Missions required total"]}}]	10	1
35	2025-11-30 19:41:13.40649+07	5	Rank 5 - Lv 4 (requires 25)	2	[{"changed": {"fields": ["Title", "Missions required total"]}}]	10	1
36	2025-11-30 19:41:13.447016+07	6	Rank 6 - Lv 5 (requires 50)	2	[{"changed": {"fields": ["Title", "Missions required total"]}}]	10	1
37	2025-11-30 19:44:09.436275+07	2	AttendanceSettings(id=2, active=True)	2	[{"changed": {"fields": ["Reward type", "Fixed amount", "Min amount", "Max amount"]}}]	16	1
38	2025-11-30 19:44:59.056396+07	1	Max Banks Per User: 1	2	[{"changed": {"fields": ["Max banks per user"]}}]	24	1
39	2025-11-30 19:49:07.37905+07	7	0800123456789 - DANA 083198292203	3		23	1
40	2025-11-30 19:49:07.407931+07	6	8223456789 - DANA 123456789	3		23	1
41	2025-11-30 19:49:07.43772+07	5	81123456789 - Bank DKI 12345688588	3		23	1
42	2025-11-30 19:49:07.468733+07	4	80123456789 - Bank Mizuho Indonesia 123456789	3		23	1
43	2025-11-30 19:49:07.517967+07	3	0800123456789 - OVO 1234567890	3		23	1
44	2025-11-30 19:49:07.532907+07	2	0800123456789 - Royal Bank of Scotland 123456789	3		23	1
45	2025-11-30 19:49:07.570044+07	1	89595959595 - Bank Negara Indonesia 12165456454	3		23	1
46	2025-11-30 19:49:52.921285+07	2	Bank DKI (DKI)	3		22	1
47	2025-11-30 19:49:52.960237+07	7	Bank ICBC Indonesia (ICBC)	3		22	1
48	2025-11-30 19:49:52.991562+07	3	Bank Jateng (BJA)	3		22	1
49	2025-11-30 19:49:53.022607+07	4	Bank Jatim (BJT)	3		22	1
50	2025-11-30 19:49:53.05939+07	1	Bank Jawa Barat (BJB)	3		22	1
51	2025-11-30 19:49:53.083543+07	19	Bank Mizuho Indonesia (MZH)	3		22	1
52	2025-11-30 19:49:53.109975+07	6	Bank Shinhan Indonesia (SHINHAN)	3		22	1
53	2025-11-30 19:49:53.143557+07	8	Bank Victoria Syariah (VCT)	3		22	1
54	2025-11-30 19:49:53.165735+07	5	Bank of India Indonesia (INDIA)	3		22	1
55	2025-11-30 19:49:53.200321+07	11	CTBC Indonesia (CTBC)	3		22	1
56	2025-11-30 19:49:53.231289+07	9	KEB Hana (LINE)	3		22	1
57	2025-11-30 19:49:53.26534+07	10	Royal Bank of Scotland (ROS)	3		22	1
58	2025-11-30 19:50:46.064475+07	7	Mission 7 - purchase: Saatnya memiliki kontribusi mengajak teman memiliki proyek medis sebanyak 1 anggota dan dapatkan kemenangan Rp5.000.	3		20	1
59	2025-11-30 19:50:46.103028+07	4	Mission 4 - purchase: Saatnya memiliki kontribusi mengajak teman memiliki proyek medis sebanyak 2 anggota dan dapatkan kemenangan Rp15.000	3		20	1
60	2025-11-30 19:50:46.13158+07	3	Mission 3 - purchase: Saatnya memiliki kontribusi mengajak teman memiliki proyek medis sebanyak 3 anggota dan dapatkan kemenangan Rp25.000	3		20	1
61	2025-11-30 19:50:46.163368+07	2	Mission 2 - purchase: Saatnya memiliki kontribusi mengajak teman memiliki proyek medis sebanyak 4 anggota dan dapatkan kemenangan Rp35.000	3		20	1
62	2025-11-30 19:58:46.785327+07	1	Mission 1 - purchase: 150 orang tersisa untuk meningkatkan ke level berikutnya	2	[{"changed": {"fields": ["Judul Misi", "Deskripsi", "Level (opsional)", "Ambang Progres", "Nominal Hadiah", "Level downline yang dihitung"]}}]	20	1
63	2025-11-30 20:03:12.036345+07	8	Mission 8 - purchase: 80 orang tersisa untuk meningkatkan ke level berikutnya	1	[{"added": {}}]	20	1
64	2025-11-30 20:03:19.188635+07	8	Mission 8 - purchase: 80 orang tersisa untuk meningkatkan ke level berikutnya	2	[{"changed": {"fields": ["Level downline yang dihitung"]}}]	20	1
65	2025-11-30 20:04:14.823818+07	9	Mission 9 - purchase: 50 orang tersisa untuk meningkatkan ke level berikutnya	1	[{"added": {}}]	20	1
66	2025-11-30 20:05:09.114576+07	10	Mission 10 - purchase: 25 orang tersisa untuk meningkatkan ke level berikutnya	1	[{"added": {}}]	20	1
67	2025-11-30 20:06:26.882446+07	11	Mission 11 - purchase: 10 orang tersisa untuk meningkatkan ke level berikutnya	1	[{"added": {}}]	20	1
68	2025-11-30 20:07:25.08415+07	12	Mission 12 - purchase: 6 orang tersisa untuk meningkatkan ke level berikutnya	1	[{"added": {}}]	20	1
69	2025-11-30 20:08:49.072919+07	13	Mission 13 - purchase: 3 orang tersisa untuk meningkatkan ke level berikutnya	1	[{"added": {}}]	20	1
70	2025-11-30 20:12:00.547169+07	3	💰 Sistem Komisi & Rabat	3		31	1
71	2025-11-30 20:12:00.571257+07	2	⚙️ Panduan Terbaru	3		31	1
72	2025-11-30 20:12:00.614151+07	1	🏢 Sejarah dan Perjalanan Inovasi	3		31	1
73	2025-11-30 20:48:50.479642+07	5	Selamat datang	2	[{"changed": {"fields": ["Title", "Slug", "Body"]}}]	31	1
74	2025-11-30 20:49:24.22189+07	4	Kami adalah..	2	[{"changed": {"fields": ["Title", "Slug", "Body"]}}]	31	1
75	2025-11-30 20:50:17.215264+07	43	Sistem Surgena	3		11	1
76	2025-11-30 20:50:17.234846+07	42	Sistem Vitaris	3		11	1
77	2025-11-30 20:50:17.256873+07	41	Sistem Hermis	3		11	1
78	2025-11-30 20:50:17.2805+07	40	Sistem Lyvion	3		11	1
79	2025-11-30 20:50:17.302924+07	39	Null 003	3		11	1
80	2025-11-30 20:50:17.326554+07	38	Null 00	3		11	1
81	2025-11-30 20:50:17.34677+07	37	Null 01	3		11	1
82	2025-11-30 20:50:17.371648+07	34	Sistem Omnisurg	3		11	1
83	2025-11-30 21:10:14.65483+07	36	Exx 01	2	[{"changed": {"fields": ["Name", "Description", "Price", "Image", "Specifications", "Profit type", "Profit rate", "Profit random min", "Profit random max", "Duration (days)", "Purchase rebate level 1", "Purchase rebate level 2", "Purchase rebate level 3", "Profit rebate level 1", "Profit rebate level 2", "Profit rebate level 3", "Cashback enabled"]}}]	11	1
84	2025-11-30 21:14:35.4685+07	36	Exx 01	2	[{"changed": {"fields": ["Price", "Profit rate"]}}]	11	1
85	2025-11-30 21:15:41.797081+07	1	Exx 02	1	[{"added": {}}]	11	1
86	2025-11-30 21:16:48.889257+07	2	Exx 03	1	[{"added": {}}]	11	1
87	2025-11-30 21:19:15.558796+07	3	Exx 04	1	[{"added": {}}]	11	1
88	2025-11-30 21:20:16.040517+07	4	Exx 05	1	[{"added": {}}]	11	1
89	2025-11-30 21:22:40.402742+07	5	Exx 06	1	[{"added": {}}]	11	1
90	2025-11-30 21:24:36.433707+07	6	Exx 07	1	[{"added": {}}]	11	1
91	2025-11-30 21:25:32.990556+07	7	Exx 08	1	[{"added": {}}]	11	1
92	2025-11-30 21:26:53.926993+07	7	123456 (random)	3		18	1
93	2025-11-30 21:26:53.949932+07	6	01020304 (random)	3		18	1
94	2025-11-30 21:27:21.377457+07	2	000000 (fixed)	1	[{"added": {}}]	18	1
95	2025-11-30 22:44:29.506546+07	3	999999 (fixed)	1	[{"added": {}}]	18	1
96	2025-12-01 07:40:49.287893+07	9	7ys0gub7vt3jlyu5eh5n@example.com	2	[{"changed": {"fields": ["password"]}}]	8	1
97	2025-12-01 14:05:16.762984+07	1	Referral Code: numbers_only/6	2	[{"changed": {"fields": ["Registration bonus enabled", "Registration bonus amount", "Registration bonus wallet"]}}]	9	1
98	2025-12-01 14:08:59.955426+07	18	Bank BCA (BCA)	2	[{"changed": {"fields": ["Name"]}}]	22	1
99	2025-12-01 14:09:08.246412+07	16	Mandiri (MANDIRI)	2	[{"changed": {"fields": ["Name"]}}]	22	1
100	2025-12-01 14:09:16.802014+07	17	Bank BNI (BNI)	2	[{"changed": {"fields": ["Name"]}}]	22	1
101	2025-12-01 14:09:24.359567+07	15	Bank BRI (BRI)	2	[{"changed": {"fields": ["Name"]}}]	22	1
102	2025-12-01 14:09:32.577738+07	13	DANA Wallet (DANA)	2	[{"changed": {"fields": ["Name"]}}]	22	1
103	2025-12-01 14:09:39.25388+07	14	GOPAY Wallet (GOPAY)	2	[{"changed": {"fields": ["Name"]}}]	22	1
104	2025-12-01 14:09:48.568175+07	12	OVO Wallet (OVO)	2	[{"changed": {"fields": ["Name"]}}]	22	1
105	2025-12-01 14:13:27.454365+07	2	Grup diskusi (telegram)	2	[{"changed": {"fields": ["Title", "Url", "Platform", "Description"]}}]	30	1
106	2025-12-01 14:14:03.302977+07	1	Layanan Pelanggan (telegram)	2	[{"changed": {"fields": ["Title", "Url", "Description"]}}]	30	1
107	2025-12-01 14:34:40.625455+07	9	7ys0gub7vt3jlyu5eh5n@example.com	2	[{"changed": {"fields": ["password"]}}]	8	1
108	2025-12-01 14:56:13.423365+07	14	cuniy3c6u7g46l4wd37l@example.com	2	[{"changed": {"fields": ["Balance deposit"]}}]	8	1
109	2025-12-01 17:30:05.900564+07	16	082122425470 - 66750.00 (REJECTED)	2	[{"changed": {"fields": ["Status"]}}]	26	1
110	2025-12-01 17:30:32.619851+07	12	OVO Wallet (OVO)	2	[{"changed": {"fields": ["Withdrawal fee"]}}]	22	1
111	2025-12-01 17:30:43.006375+07	16	Mandiri (MANDIRI)	2	[{"changed": {"fields": ["Withdrawal fee"]}}]	22	1
112	2025-12-01 17:30:53.827509+07	14	GOPAY Wallet (GOPAY)	2	[{"changed": {"fields": ["Withdrawal fee"]}}]	22	1
113	2025-12-01 17:31:05.749316+07	13	DANA Wallet (DANA)	2	[{"changed": {"fields": ["Withdrawal fee"]}}]	22	1
114	2025-12-01 17:31:15.714497+07	15	Bank BRI (BRI)	2	[{"changed": {"fields": ["Withdrawal fee"]}}]	22	1
115	2025-12-01 17:31:25.427208+07	17	Bank BNI (BNI)	2	[{"changed": {"fields": ["Withdrawal fee"]}}]	22	1
116	2025-12-01 17:31:35.297604+07	18	Bank BCA (BCA)	2	[{"changed": {"fields": ["Withdrawal fee"]}}]	22	1
117	2025-12-01 17:33:53.479256+07	17	082122425470 - 66750.00 (COMPLETED)	2	[{"changed": {"fields": ["Status"]}}]	26	1
118	2025-12-02 16:00:45.093149+07	1	Referral Code: numbers_only/8	2	[{"changed": {"fields": ["Referral code length", "Referral code pattern", "Auto login on register", "Rank use missions", "Rank use downlines active"]}}]	9	1
119	2025-12-02 16:03:12.160976+07	18	Bank BCA (BCA)	2	[{"changed": {"fields": ["Min withdrawal"]}}]	22	1
120	2025-12-02 16:03:28.129814+07	17	Bank BNI (BNI)	2	[{"changed": {"fields": ["Min withdrawal"]}}]	22	1
121	2025-12-02 16:03:46.996974+07	15	Bank BRI (BRI)	2	[{"changed": {"fields": ["Min withdrawal"]}}]	22	1
122	2025-12-02 16:04:02.413211+07	13	DANA Wallet (DANA)	2	[{"changed": {"fields": ["Min withdrawal"]}}]	22	1
123	2025-12-02 16:07:01.601053+07	14	GOPAY Wallet (GOPAY)	2	[{"changed": {"fields": ["Min withdrawal", "Max withdrawal"]}}]	22	1
124	2025-12-02 16:07:21.840544+07	16	Mandiri (MANDIRI)	2	[{"changed": {"fields": ["Min withdrawal"]}}]	22	1
125	2025-12-02 16:07:39.417403+07	12	OVO Wallet (OVO)	2	[{"changed": {"fields": ["Min withdrawal"]}}]	22	1
126	2025-12-02 19:55:01.286084+07	19	083812591985 - 58750.00 (COMPLETED)	2	[{"changed": {"fields": ["Status"]}}]	26	1
127	2025-12-07 17:48:13.612472+07	1	Referral Code: numbers_only/8	2	[{"changed": {"fields": ["Auto login on register"]}}]	9	1
128	2025-12-08 07:24:22.645736+07	1	Referral Code: numbers_only/8	2	[{"changed": {"fields": ["Registration bonus amount", "Rank use downlines active"]}}]	9	1
129	2025-12-08 07:27:29.7443+07	1	Referral Code: numbers_only/8	2	[{"changed": {"fields": ["Registration bonus amount"]}}]	9	1
130	2025-12-08 07:27:42.223962+07	2	AttendanceSettings(id=2, active=True)	2	[{"changed": {"fields": ["Fixed amount"]}}]	16	1
131	2025-12-08 07:28:47.755358+07	16	Mandiri (MANDIRI)	3		22	1
132	2025-12-08 07:29:06.56787+07	18	Bank Central Asia (BCA)	2	[{"changed": {"fields": ["Name"]}}]	22	1
133	2025-12-08 07:29:18.606053+07	17	Bank Negara Indonesia (BNI)	2	[{"changed": {"fields": ["Name"]}}]	22	1
134	2025-12-08 07:29:27.518688+07	15	Bank Rakyat Indonesia (BRI)	2	[{"changed": {"fields": ["Name"]}}]	22	1
135	2025-12-08 07:29:37.458544+07	13	DANA (DANA)	2	[{"changed": {"fields": ["Name"]}}]	22	1
136	2025-12-08 07:29:47.087885+07	14	GO-PAY (GOPAY)	2	[{"changed": {"fields": ["Name"]}}]	22	1
137	2025-12-08 07:29:59.615936+07	12	OVO (OVO)	2	[{"changed": {"fields": ["Name"]}}]	22	1
138	2025-12-08 07:35:00.614599+07	1	Mission 1 - purchase: Anggota saya mengisi ulang 15.000.000 ; klaim 1.500.000	2	[{"changed": {"fields": ["Judul Misi", "Deskripsi", "Level (opsional)", "Ambang Progres", "Nominal Hadiah"]}}]	20	1
139	2025-12-08 07:36:01.808288+07	8	Mission 8 - purchase: Anggota saya mengisi ulang 10.000.000 ; klaim 1.000.000	2	[{"changed": {"fields": ["Judul Misi", "Deskripsi", "Level (opsional)", "Ambang Progres", "Nominal Hadiah"]}}]	20	1
140	2025-12-08 07:36:57.475466+07	9	Mission 9 - purchase: Anggota saya mengisi ulang 8.800.000 ; klaim 880.000	2	[{"changed": {"fields": ["Judul Misi", "Deskripsi", "Level (opsional)", "Ambang Progres", "Nominal Hadiah"]}}]	20	1
141	2025-12-08 07:37:59.419208+07	10	Mission 10 - purchase: Anggota saya mengisi ulang 6.700.000 ; klaim 670.000	2	[{"changed": {"fields": ["Judul Misi", "Deskripsi", "Level (opsional)", "Ambang Progres", "Nominal Hadiah"]}}]	20	1
142	2025-12-08 07:38:19.844694+07	9	Mission 9 - purchase: Anggota saya mengisi ulang 8.800.000 ; klaim 880.000	2	[{"changed": {"fields": ["Judul Misi"]}}]	20	1
143	2025-12-08 07:38:29.20915+07	10	Mission 10 - purchase: Anggota saya mengisi ulang 6.700.000 ; klaim 670.000	2	[{"changed": {"fields": ["Judul Misi"]}}]	20	1
144	2025-12-08 07:39:14.320789+07	11	Mission 11 - purchase: Anggota saya mengisi ulang 4.500.000 ; klaim 450.000	2	[{"changed": {"fields": ["Judul Misi", "Deskripsi", "Level (opsional)", "Ambang Progres", "Nominal Hadiah"]}}]	20	1
145	2025-12-08 07:41:19.472521+07	12	Mission 12 - purchase: Anggota saya mengisi ulang 2.000.000 ; klaim 200.000	2	[{"changed": {"fields": ["Judul Misi", "Deskripsi", "Level (opsional)", "Ambang Progres", "Nominal Hadiah"]}}]	20	1
146	2025-12-08 07:42:11.12413+07	13	Mission 13 - purchase: Anggota saya mengisi ulang 1.250.000 ; klaim 125.000	2	[{"changed": {"fields": ["Judul Misi", "Deskripsi", "Level (opsional)", "Ambang Progres", "Nominal Hadiah"]}}]	20	1
147	2025-12-08 07:42:51.180674+07	13	Mission 13 - purchase: Anggota saya mengisi ulang 1.250.000 ; klaim 125.000	2	[{"changed": {"fields": ["Judul Misi"]}}]	20	1
148	2025-12-08 07:44:54.225544+07	14	Mission 14 - purchase: Anggota saya mengisi ulang 500.000 ; klaim 50.000	1	[{"added": {}}]	20	1
149	2025-12-08 07:45:45.994331+07	15	Mission 15 - purchase: Anggota saya mengisi ulang 250.000 ; klaim 25.000	1	[{"added": {}}]	20	1
150	2025-12-08 07:46:41.20741+07	16	Mission 16 - purchase: Anggota saya mengisi ulang 100.000 ; klaim 10.000	1	[{"added": {}}]	20	1
151	2025-12-08 08:47:12.263136+07	36	RBR A100	2	[{"changed": {"fields": ["Name", "Description", "Price", "Image", "Specifications", "Purchase limit", "Max purchase count", "Profit rate", "Duration (days)", "Claim reset hours", "Purchase rebate level 1", "Purchase rebate level 2"]}}]	11	1
152	2025-12-08 08:50:56.702258+07	1	RBB B100	2	[{"changed": {"fields": ["Name", "Description", "Price", "Image", "Specifications", "Purchase limit", "Max purchase count", "Stock", "Profit rate", "Duration (days)", "Claim reset hours", "Purchase rebate level 1", "Purchase rebate level 2"]}}]	11	1
153	2025-12-08 08:51:23.353987+07	1	RBB B100	2	[]	11	1
154	2025-12-08 08:51:30.974822+07	36	RBR A100	2	[]	11	1
155	2025-12-08 08:52:55.874085+07	2	RBB A200	2	[{"changed": {"fields": ["Name", "Description", "Price", "Image", "Specifications", "Purchase limit", "Max purchase count", "Profit rate", "Duration (days)", "Claim reset hours", "Purchase rebate level 1", "Purchase rebate level 2"]}}]	11	1
156	2025-12-08 08:53:11.664198+07	2	RBR A200	2	[{"changed": {"fields": ["Name"]}}]	11	1
157	2025-12-08 08:54:33.285077+07	3	RBB B200	2	[{"changed": {"fields": ["Name", "Description", "Price", "Image", "Specifications", "Purchase limit", "Max purchase count", "Profit rate", "Duration (days)", "Purchase rebate level 1", "Purchase rebate level 2"]}}]	11	1
158	2025-12-08 08:55:50.701272+07	4	RBR A300	2	[{"changed": {"fields": ["Name", "Price", "Image", "Purchase limit", "Max purchase count", "Profit rate", "Duration (days)", "Claim reset hours", "Purchase rebate level 1", "Purchase rebate level 2"]}}]	11	1
159	2025-12-08 08:57:11.784075+07	5	RBB B300	2	[{"changed": {"fields": ["Name", "Price", "Image", "Purchase limit", "Max purchase count", "Profit rate", "Duration (days)", "Purchase rebate level 1", "Purchase rebate level 2"]}}]	11	1
160	2025-12-08 08:58:17.056393+07	6	RBR A400	2	[{"changed": {"fields": ["Name", "Price", "Image", "Purchase limit", "Max purchase count", "Duration (days)", "Purchase rebate level 1", "Purchase rebate level 2"]}}]	11	1
161	2025-12-08 08:59:20.305701+07	7	RBB B400	2	[{"changed": {"fields": ["Name", "Price", "Image", "Purchase limit", "Max purchase count", "Profit rate", "Duration (days)", "Purchase rebate level 1", "Purchase rebate level 2"]}}]	11	1
162	2025-12-08 09:00:45.277504+07	8	RBR A500	1	[{"added": {}}]	11	1
163	2025-12-08 09:23:02.242935+07	9	RBB B500	1	[{"added": {}}]	11	1
164	2025-12-08 15:27:25.368516+07	9	RBB B500	2	[{"changed": {"fields": ["Profit rate"]}}]	11	1
165	2025-12-08 21:46:23.706563+07	9	RBB B500	2	[{"changed": {"fields": ["Image"]}}]	11	1
166	2025-12-09 05:55:40.434423+07	9	RBB B500	2	[{"changed": {"fields": ["Image"]}}]	11	1
167	2025-12-09 05:57:49.297504+07	34	sz8s0dxkivbkoilrlu7l@example.com	2	[{"changed": {"fields": ["password"]}}]	8	1
168	2026-01-07 20:23:09.448688+07	2	k00rkthpl8@example.com	2	[{"changed": {"fields": ["password"]}}]	8	1
169	2026-01-11 10:44:23.324673+07	4	Kami adalah..	3		31	1
170	2026-01-11 10:45:41.076527+07	6	CoreVolt Resmi Meluncurkan Program VIP Berjenjang	1	[{"added": {}}]	31	1
171	2026-01-11 10:45:46.652494+07	5	Selamat datang	3		31	1
172	2026-01-11 10:45:54.368105+07	6	CoreVolt Resmi Meluncurkan Program VIP Berjenjang	2	[]	31	1
173	2026-01-11 10:49:50.379601+07	1	ChatThread(user=2, closed=False)	2	[{"added": {"name": "support chat message", "object": "Msg(thread=1, sender=ADMIN, at=2026-01-11 03:49:50.378598+00:00)"}}]	33	1
174	2026-01-11 10:50:04.576348+07	1	ChatThread(user=2, closed=True)	2	[{"changed": {"fields": ["Is closed"]}}]	33	1
175	2026-01-11 10:54:35.893253+07	9	Produk Test 01	2	[{"changed": {"fields": ["Name", "Description", "Price", "Image", "Specifications", "Purchase limit", "Max purchase count", "Stock", "Profit rate", "Profit method", "Duration (days)", "Purchase rebate level 1"]}}]	11	1
176	2026-01-11 10:55:43.198936+07	8	Produk Test 02	2	[{"changed": {"fields": ["Name", "Description", "Price", "Image", "Specifications", "Purchase limit", "Max purchase count", "Stock", "Profit rate", "Profit method", "Duration (days)", "Purchase rebate level 1"]}}]	11	1
177	2026-01-11 10:56:40.497452+07	10	Produk Test 03	1	[{"added": {}}]	11	1
178	2026-01-11 11:12:30.709075+07	20	89595959595 - 700000.00 (PROCESSING)	2	[{"changed": {"fields": ["Status"]}}]	26	1
179	2026-01-11 11:12:46.985106+07	20	89595959595 - 700000.00 (COMPLETED)	2	[{"changed": {"fields": ["Status"]}}]	26	1
180	2026-01-11 11:40:54.115282+07	1	Referral Code: numbers_only/14	2	[{"changed": {"fields": ["Referral code length", "Referral code pattern", "Registration bonus enabled", "Registration bonus amount"]}}]	9	1
181	2026-01-11 11:42:45.73302+07	2	AttendanceSettings(id=2, active=True)	2	[]	16	1
182	2026-01-11 11:43:40.126012+07	18	87123456789 - GO-PAY 12345678999	3		23	1
183	2026-01-11 11:43:40.127539+07	17	82525252525 - GO-PAY 123321	3		23	1
184	2026-01-11 11:43:40.127539+07	16	81808368210 - DANA 083198292201	3		23	1
185	2026-01-11 11:43:40.129596+07	15	083812591985 - Bank Central Asia 123454646464	3		23	1
186	2026-01-11 11:43:40.129596+07	14	082122425474 - DANA 123456789	3		23	1
187	2026-01-11 11:43:40.130601+07	13	082122425470 - Bank Negara Indonesia 123456789	3		23	1
188	2026-01-11 11:43:40.131106+07	12	081808368211 - OVO 1234568	3		23	1
189	2026-01-11 11:43:40.131106+07	11	08123123123 - Bank Central Asia 5666	3		23	1
190	2026-01-11 11:43:40.132109+07	10	85454545454 - GO-PAY 67547474	3		23	1
191	2026-01-11 11:43:40.132109+07	9	081808368210 - Bank Negara Indonesia 123456789	3		23	1
192	2026-01-11 11:43:40.132109+07	8	89595959595 - OVO 123456g	3		23	1
193	2026-01-11 19:14:04.029706+07	72	89595959595 - Produk Test 02 (1x)	3		13	1
194	2026-01-11 19:14:04.046192+07	71	89595959595 - Produk Test 02 (1x)	3		13	1
195	2026-01-11 19:14:04.048715+07	70	89595959595 - RBB B100 (1x)	3		13	1
196	2026-01-11 19:14:04.049222+07	69	89595959595 - RBB B100 (1x)	3		13	1
197	2026-01-11 19:14:04.050231+07	68	89595959595 - RBB B100 (1x)	3		13	1
198	2026-01-11 19:14:04.052248+07	67	89595959595 - RBR A100 (1x)	3		13	1
199	2026-01-11 19:14:04.053256+07	66	89595959595 - RBR A100 (1x)	3		13	1
200	2026-01-11 19:14:04.053765+07	65	89595959595 - RBR A100 (1x)	3		13	1
201	2026-01-11 19:14:04.053765+07	64	89595959595 - RBR A100 (1x)	3		13	1
202	2026-01-11 19:14:04.054779+07	63	89595959595 - Produk Test 01 (1x)	3		13	1
203	2026-01-11 19:14:04.055293+07	62	89595959595 - Produk Test 01 (1x)	3		13	1
204	2026-01-11 19:14:04.055293+07	57	89595959595 - RBB B100 (1x)	3		13	1
205	2026-01-11 19:14:04.056299+07	53	89595959595 - RBB B200 (1x)	3		13	1
206	2026-01-11 19:14:04.056805+07	52	89595959595 - RBB B300 (1x)	3		13	1
207	2026-01-11 19:14:04.056805+07	51	89595959595 - RBR A300 (1x)	3		13	1
208	2026-01-11 19:14:04.057818+07	33	89595959595 - RBR A400 (1x)	3		13	1
209	2026-01-11 19:14:04.058337+07	32	89595959595 - RBB B400 (1x)	3		13	1
210	2026-01-11 19:14:04.058337+07	1	89595959595 - RBR A100 (1x)	3		13	1
211	2026-01-11 21:08:06.765142+07	6	Rank 3 - Rank (requires 10)	1	[{"added": {}}]	10	1
212	2026-01-11 21:08:12.687298+07	6	Rank 3 - L3 (requires 10)	2	[{"changed": {"fields": ["Title"]}}]	10	1
213	2026-01-11 21:08:19.436878+07	6	Rank 3 - L3 (requires 20)	2	[{"changed": {"fields": ["Missions required total"]}}]	10	1
214	2026-01-11 21:08:34.826595+07	7	Rank 4 - L4 (requires 30)	1	[{"added": {}}]	10	1
215	2026-01-11 21:08:54.392675+07	8	Rank 5 - L5 (requires 40)	1	[{"added": {}}]	10	1
216	2026-01-11 21:09:05.136339+07	9	Rank 6 - L6 (requires 50)	1	[{"added": {}}]	10	1
217	2026-01-11 21:09:16.348562+07	10	Rank 7 - L7 (requires 60)	1	[{"added": {}}]	10	1
218	2026-01-11 21:09:26.411069+07	11	Rank 8 - L8 (requires 70)	1	[{"added": {}}]	10	1
219	2026-01-11 21:09:36.950767+07	12	Rank 9 - L9 (requires 80)	1	[{"added": {}}]	10	1
220	2026-01-11 21:09:47.39673+07	13	Rank 10 - L10 (requires 90)	1	[{"added": {}}]	10	1
221	2026-01-11 22:08:48.647161+07	44	yuyun@gmail.com	2	[{"changed": {"fields": ["password"]}}]	8	1
222	2026-01-11 22:10:45.454067+07	43	xsdfgf@gmail.com	2	[{"changed": {"fields": ["Phone"]}}]	8	1
223	2026-01-11 22:29:53.406614+07	44	yuyun@gmail.com	2	[{"changed": {"fields": ["Balance deposit"]}}]	8	1
224	2026-01-11 22:31:29.076954+07	43	xsdfgf@gmail.com	2	[{"changed": {"fields": ["Balance deposit"]}}]	8	1
225	2026-01-11 22:31:59.842353+07	43	xsdfgf@gmail.com	2	[{"changed": {"fields": ["Balance"]}}]	8	1
226	2026-01-11 22:33:32.494406+07	10	Produk Test 03	2	[{"changed": {"fields": ["Claim reset mode", "Claim reset hours"]}}]	11	1
227	2026-01-11 22:33:44.355345+07	9	Produk Test 01	2	[{"changed": {"fields": ["Claim reset mode", "Claim reset hours"]}}]	11	1
228	2026-01-11 22:33:53.602103+07	8	Produk Test 02	2	[{"changed": {"fields": ["Claim reset mode", "Claim reset hours"]}}]	11	1
229	2026-01-11 22:39:34.078786+07	1	WithdrawalSettings(active=True)	2	[{"changed": {"fields": ["Require active investment", "Minimum product quantity"]}}]	25	1
230	2026-01-12 00:20:17.957305+07	10	Produk Test 03	2	[{"changed": {"fields": ["Custom field 1 title", "Custom field 1 content", "Custom field 2 title", "Custom field 2 content"]}}]	11	1
231	2026-01-12 00:25:43.392051+07	45	fdfdsdf@gmail.com	2	[{"changed": {"fields": ["Balance", "Balance deposit"]}}]	8	1
232	2026-01-12 00:49:35.220663+07	3	AttendanceSettings(id=3, active=True)	2	[{"changed": {"fields": ["Daily cycle days"]}}]	16	1
233	2026-01-12 00:49:46.28733+07	3	AttendanceSettings(id=3, active=True)	2	[{"changed": {"fields": ["Daily cycle days"]}}]	16	1
234	2026-01-12 00:54:07.417553+07	2	WA (whatsapp)	2	[{"changed": {"fields": ["Title", "Url", "Platform"]}}]	30	1
235	2026-01-12 00:54:17.362281+07	1	Telegram (telegram)	2	[{"changed": {"fields": ["Title"]}}]	30	1
236	2026-01-12 00:54:52.334418+07	3	Facebook (other)	1	[{"added": {}}]	30	1
237	2026-01-12 07:35:41.969532+07	31	ORD092737 - JAYAPAY - 51	1	[{"added": {}}]	29	1
238	2026-01-12 07:37:57.995326+07	31	ORD092737 - JAYAPAY - 51	3		29	1
239	2026-01-12 07:38:26.503599+07	51	test02@gmail.com	2	[{"changed": {"fields": ["Balance deposit"]}}]	8	1
240	2026-01-12 07:42:49.060259+07	8	Produk Test 02	2	[{"changed": {"fields": ["Stock"]}}]	11	1
241	2026-01-12 07:58:13.709119+07	3	AttendanceSettings(id=3, active=True)	2	[]	16	1
242	2026-01-12 12:55:27.984906+07	1	Referral Code: numbers_only/14	2	[]	9	1
243	2026-01-12 13:02:42.401523+07	1	Referral Code: numbers_only/14	2	[{"changed": {"fields": ["Rank use missions"]}}]	9	1
244	2026-01-12 13:18:34.88707+07	3	AttendanceSettings(id=3, active=True)	2	[{"changed": {"fields": ["Day 7 Reward"]}}]	16	1
245	2026-01-12 13:22:13.419095+07	18	Bank Central Asia (BCA) (BCA)	2	[{"changed": {"fields": ["Name", "Min withdrawal", "Processing time"]}}]	22	1
246	2026-01-12 13:22:41.200535+07	17	Bank Negara Indonesia(BNI) (BNI)	2	[{"changed": {"fields": ["Name", "Min withdrawal"]}}]	22	1
247	2026-01-12 13:23:00.022438+07	18	Bank Central Asia(BCA) (BCA)	2	[{"changed": {"fields": ["Name"]}}]	22	1
248	2026-01-12 13:23:12.605608+07	15	Bank Rakyat Indonesia(BRI) (BRI)	2	[{"changed": {"fields": ["Name", "Min withdrawal"]}}]	22	1
249	2026-01-12 13:23:28.484709+07	13	DANA(DANA) (DANA)	2	[{"changed": {"fields": ["Name", "Min withdrawal"]}}]	22	1
250	2026-01-12 13:23:42.596939+07	14	GOPAY(GOPAY) (GOPAY)	2	[{"changed": {"fields": ["Name", "Min withdrawal"]}}]	22	1
251	2026-01-12 13:23:53.23027+07	12	OVO(OVO) (OVO)	2	[{"changed": {"fields": ["Name", "Min withdrawal"]}}]	22	1
252	2026-01-12 13:24:56.607505+07	20	Mandiri(Bank Mandiri) (MANDIRI)	1	[{"added": {}}]	22	1
253	2026-01-12 13:25:20.047357+07	21	Danamon(Bank Danamon Indonesia) (Danamon)	1	[{"added": {}}]	22	1
254	2026-01-12 13:25:36.514006+07	22	Permata(Bank Permata) (Permata)	1	[{"added": {}}]	22	1
255	2026-01-12 13:25:59.412109+07	23	Maybank(Maybank) (Maybank)	1	[{"added": {}}]	22	1
256	2026-01-12 13:26:13.141327+07	24	Panin(PaninBank) (Panin)	1	[{"added": {}}]	22	1
257	2026-01-12 13:26:31.151323+07	25	CIMB Niaga(Bank CIMB Niaga) (CIMB)	1	[{"added": {}}]	22	1
258	2026-01-12 13:27:13.673441+07	26	CIMB Niaga Syariah(CIMB Niaga Syariah) (CIMB Syariah)	1	[{"added": {}}]	22	1
259	2026-01-12 13:27:40.204179+07	27	UOB(United Overseas Bank Limited) (UOB)	1	[{"added": {}}]	22	1
260	2026-01-12 13:28:05.594402+07	28	OCBC NISP(Bank OCBC NISP) (OCBC NISP)	1	[{"added": {}}]	22	1
261	2026-01-12 13:28:21.226767+07	29	Citibank(Citibank) (Citibank)	1	[{"added": {}}]	22	1
262	2026-01-12 13:28:37.708307+07	30	Artha Graha Internasional(Bank Artha) (Artha)	1	[{"added": {}}]	22	1
263	2026-01-12 13:28:56.074274+07	31	HSBC(HSBC Holdings PLC) (HSBC)	1	[{"added": {}}]	22	1
264	2026-01-12 13:29:12.234898+07	32	DBS(DBS Bank) (DBS)	1	[{"added": {}}]	22	1
265	2026-01-12 13:29:39.65268+07	33	Standard Chartered(Standard CH Bank) (Standard CH)	1	[{"added": {}}]	22	1
266	2026-01-12 13:29:57.065791+07	34	Capital Indonesia(Bank Capital Indonesia) (Capital)	1	[{"added": {}}]	22	1
267	2026-01-12 13:30:13.720171+07	35	Woori Indonesia(Bank Woori Saudara) (Woori)	1	[{"added": {}}]	22	1
268	2026-01-12 13:30:29.607364+07	36	BOC(Bank Of CHINA) (BOC)	1	[{"added": {}}]	22	1
269	2026-01-12 13:30:46.180468+07	37	Mayapada(Bank Mayapada) (MAYAPADA)	1	[{"added": {}}]	22	1
270	2026-01-12 13:30:57.558973+07	38	BJB(Bank BJB) (BJB)	1	[{"added": {}}]	22	1
271	2026-01-12 13:31:10.312678+07	39	Jateng(Bank Jateng) (Jateng)	1	[{"added": {}}]	22	1
272	2026-01-12 13:31:23.081546+07	40	Jatim(Bank Jatim) (Jatim)	1	[{"added": {}}]	22	1
273	2026-01-12 13:31:34.916102+07	41	Aceh(Bank Aceh) (Aceh)	1	[{"added": {}}]	22	1
274	2026-01-12 13:31:50.570126+07	42	BPD Nusa Tenggara Barat (BPD NTB)	1	[{"added": {}}]	22	1
275	2026-01-12 13:32:07.326139+07	43	BPD Bali(Bank BPD Bali) (BPD Bali)	1	[{"added": {}}]	22	1
276	2026-01-12 13:32:26.13945+07	44	Maluku Malut(Bank Maluku Malut) (Maluku)	1	[{"added": {}}]	22	1
277	2026-01-12 13:33:01.524568+07	45	BPD Papua(Bank Papua) (BPD Papua)	1	[{"added": {}}]	22	1
278	2026-01-12 13:33:21.027409+07	46	Muamalat Indonesia(Bank Muamalat) (Muamalat)	1	[{"added": {}}]	22	1
279	2026-01-12 13:33:47.49668+07	47	Mestika Dharma(Bank Mestika) (MESTIKA)	1	[{"added": {}}]	22	1
280	2026-01-12 13:33:59.487393+07	48	Sinarmas(Bank Sinarmas) (Sinarmas)	1	[{"added": {}}]	22	1
281	2026-01-12 13:34:15.883437+07	49	Maspion Indonesia(Bank Maspion) (Maspion)	1	[{"added": {}}]	22	1
282	2026-01-12 13:34:29.841787+07	50	Ganesha(Bank Ganesha) (Ganesha)	1	[{"added": {}}]	22	1
283	2026-01-12 13:34:46.33367+07	51	ICBC(Bank ICBC Indonesia) (ICBC)	1	[{"added": {}}]	22	1
284	2026-01-12 13:35:09.536446+07	52	QNB Indonesia(Bank QNB Indonesia) (QNB)	1	[{"added": {}}]	22	1
285	2026-01-12 13:35:35.113401+07	53	BTPN(Bank BTPN) (BTPN)	1	[{"added": {}}]	22	1
286	2026-01-12 13:35:56.809294+07	54	Mega(Bank Mega) (Mega)	1	[{"added": {}}]	22	1
287	2026-01-12 13:36:13.536979+07	55	Hana(Hana Bank) (Hana)	1	[{"added": {}}]	22	1
288	2026-01-12 13:36:35.931893+07	56	Neo Commerce(Bank Neo Commerce) (Neo Commerce)	1	[{"added": {}}]	22	1
289	2026-01-12 13:36:53.341717+07	57	National Nobu(Bank National Nobu) (Nobu)	1	[{"added": {}}]	22	1
290	2026-01-12 13:37:26.017933+07	58	Seabank Indonesia(PT Bank Seabank Indonesia) (Seabank)	1	[{"added": {}}]	22	1
291	2026-01-12 13:37:39.499017+07	59	Jago(Bank Jago) (Jago)	1	[{"added": {}}]	22	1
292	2026-01-12 13:38:05.533028+07	60	Victoria International(Bank Victoria International) (Victoria)	1	[{"added": {}}]	22	1
293	2026-01-12 13:38:26.39218+07	61	CTBC Indonesia(Bank CTBC Indonesia) (CTBC)	1	[{"added": {}}]	22	1
294	2026-01-12 13:38:42.149605+07	62	LINKAJA(LINKAJA) (LINKAJA)	1	[{"added": {}}]	22	1
295	2026-01-12 13:45:17.474181+07	1	Mission 1 - referral: Bagikan tautan undangan Anda dan dapatkan anggota untuk membuka manfaat	2	[{"changed": {"fields": ["Judul Misi", "Deskripsi", "Jenis Misi", "Level (opsional)", "Ambang Progres", "Nominal Hadiah"]}}]	20	1
333	2026-01-12 14:27:09.842814+07	36	Mission 36 - active_downline: Ketika Anda sudah mencapai target seorang agen kerja, Anda dapat klaim penghasilan tetap 3 kali dalam satu bulan IDR 95.000	1	[{"added": {}}]	20	1
296	2026-01-12 13:45:39.553924+07	8	Mission 8 - referral: Bagikan tautan undangan Anda dan dapatkan anggota untuk membuka manfaat	2	[{"changed": {"fields": ["Judul Misi", "Deskripsi", "Jenis Misi", "Level (opsional)", "Ambang Progres", "Nominal Hadiah"]}}]	20	1
297	2026-01-12 13:46:05.1274+07	9	Mission 9 - referral: Bagikan tautan undangan Anda dan dapatkan anggota untuk membuka manfaat	2	[{"changed": {"fields": ["Judul Misi", "Deskripsi", "Jenis Misi", "Level (opsional)", "Ambang Progres", "Nominal Hadiah"]}}]	20	1
298	2026-01-12 13:46:47.836957+07	10	Mission 10 - referral: Bagikan tautan undangan Anda dan dapatkan anggota untuk membuka manfaat	2	[{"changed": {"fields": ["Judul Misi", "Deskripsi", "Jenis Misi", "Level (opsional)", "Ambang Progres", "Nominal Hadiah"]}}]	20	1
299	2026-01-12 13:47:16.050786+07	11	Mission 11 - referral: Bagikan tautan undangan Anda dan dapatkan anggota untuk membuka manfaat	2	[{"changed": {"fields": ["Judul Misi", "Deskripsi", "Jenis Misi", "Level (opsional)", "Ambang Progres", "Nominal Hadiah"]}}]	20	1
300	2026-01-12 13:47:44.184415+07	12	Mission 12 - referral: Bagikan tautan undangan Anda dan dapatkan anggota untuk membuka manfaat	2	[{"changed": {"fields": ["Judul Misi", "Deskripsi", "Jenis Misi", "Level (opsional)", "Ambang Progres", "Nominal Hadiah"]}}]	20	1
301	2026-01-12 13:48:08.618502+07	13	Mission 13 - referral: Bagikan tautan undangan Anda dan dapatkan anggota untuk membuka manfaat	2	[{"changed": {"fields": ["Judul Misi", "Deskripsi", "Jenis Misi", "Level (opsional)", "Ambang Progres", "Nominal Hadiah"]}}]	20	1
302	2026-01-12 13:48:55.731735+07	14	Mission 14 - purchase: Bagikan tautan undangan Anda dan dapatkan anggota untuk membuka manfaat	2	[{"changed": {"fields": ["Judul Misi", "Deskripsi", "Level (opsional)", "Ambang Progres", "Nominal Hadiah"]}}]	20	1
303	2026-01-12 13:50:06.332983+07	15	Mission 15 - deposit: Anggota Anda melakukan beberapa pengisian ulang, ambil manfaatnya IDR 56.000	2	[{"changed": {"fields": ["Judul Misi", "Deskripsi", "Jenis Misi", "Level (opsional)", "Ambang Progres", "Nominal Hadiah"]}}]	20	1
304	2026-01-12 13:50:31.656751+07	1	Mission 1 - referral: Bagikan tautan undangan Anda dan dapatkan anggota untuk membuka manfaat IDR 2.000	2	[{"changed": {"fields": ["Deskripsi"]}}]	20	1
305	2026-01-12 13:50:54.81438+07	8	Mission 8 - referral: Bagikan tautan undangan Anda dan dapatkan anggota untuk membuka manfaat IDR 7.000 2.000	2	[{"changed": {"fields": ["Deskripsi"]}}]	20	1
306	2026-01-12 13:51:09.191806+07	8	Mission 8 - referral: Bagikan tautan undangan Anda dan dapatkan anggota untuk membuka manfaat IDR 7.000	2	[{"changed": {"fields": ["Deskripsi"]}}]	20	1
307	2026-01-12 13:52:08.009834+07	9	Mission 9 - referral: Bagikan tautan undangan Anda dan dapatkan anggota untuk membuka manfaat IDR 10.000	2	[{"changed": {"fields": ["Deskripsi"]}}]	20	1
308	2026-01-12 13:52:25.885405+07	10	Mission 10 - referral: Bagikan tautan undangan Anda dan dapatkan anggota untuk membuka manfaat IDR 15.000	2	[{"changed": {"fields": ["Deskripsi"]}}]	20	1
309	2026-01-12 13:53:13.09052+07	11	Mission 11 - referral: Bagikan tautan undangan Anda dan dapatkan anggota untuk membuka manfaat IDR 38.000	2	[{"changed": {"fields": ["Deskripsi"]}}]	20	1
310	2026-01-12 13:55:13.071994+07	12	Mission 12 - referral: Bagikan tautan undangan Anda dan dapatkan anggota untuk membuka manfaat IDR 60.000	2	[{"changed": {"fields": ["Deskripsi"]}}]	20	1
311	2026-01-12 13:55:43.430228+07	13	Mission 13 - referral: Bagikan tautan undangan Anda dan dapatkan anggota untuk membuka manfaat IDR 80.000	2	[{"changed": {"fields": ["Deskripsi"]}}]	20	1
312	2026-01-12 13:56:02.637532+07	14	Mission 14 - purchase: Bagikan tautan undangan Anda dan dapatkan anggota untuk membuka manfaat IDR 100.000	2	[{"changed": {"fields": ["Deskripsi"]}}]	20	1
313	2026-01-12 13:58:31.073805+07	16	Mission 16 - deposit: Anggota Anda melakukan beberapa pengisian ulang, ambil manfaatnya IDR 117.000	2	[{"changed": {"fields": ["Judul Misi", "Deskripsi", "Jenis Misi", "Ambang Progres", "Nominal Hadiah"]}}]	20	1
314	2026-01-12 13:59:45.002192+07	18	Mission 18 - deposit: Anggota Anda melakukan beberapa pengisian ulang, ambil manfaatnya IDR 290.000	1	[{"added": {}}]	20	1
315	2026-01-12 14:00:30.908263+07	19	Mission 19 - deposit: Anggota Anda melakukan beberapa pengisian ulang, ambil manfaatnya IDR 690.000	1	[{"added": {}}]	20	1
316	2026-01-12 14:00:39.351152+07	19	Mission 19 - deposit: Anggota Anda melakukan beberapa pengisian ulang, ambil manfaatnya IDR 690.000	2	[{"changed": {"fields": ["Level downline yang dihitung"]}}]	20	1
317	2026-01-12 14:01:23.900597+07	20	Mission 20 - deposit: Anggota Anda melakukan beberapa pengisian ulang, ambil manfaatnya IDR 1.005.000	1	[{"added": {}}]	20	1
318	2026-01-12 14:02:03.95281+07	21	Mission 21 - deposit: Anggota Anda melakukan beberapa pengisian ulang, ambil manfaatnya IDR 1.805.000	1	[{"added": {}}]	20	1
319	2026-01-12 14:03:42.961785+07	22	Mission 22 - deposit: Anggota Anda melakukan beberapa pengisian ulang, ambil manfaatnya IDR 3.005.000	1	[{"added": {}}]	20	1
320	2026-01-12 14:07:53.091595+07	23	Mission 23 - deposit_self: Ketika Anda melakukan isi ulang, manfaat Anda lebih banyak setelah mencapainya. Menerima IDR 30.000. Ambil hadiah fisik sekarang.	1	[{"added": {}}]	20	1
321	2026-01-12 14:08:31.611978+07	24	Mission 24 - deposit_self: Ketika Anda melakukan isi ulang, manfaat Anda lebih banyak setelah mencapainya. Menerima IDR 72.000. Ambil hadiah fisik sekarang.	1	[{"added": {}}]	20	1
322	2026-01-12 14:09:23.699708+07	25	Mission 25 - deposit_self: Ketika Anda melakukan isi ulang, manfaat Anda lebih banyak setelah mencapainya. Menerima IDR 150.000. Ambil hadiah fisik sekarang.	1	[{"added": {}}]	20	1
323	2026-01-12 14:09:59.98269+07	26	Mission 26 - deposit_self: Ketika Anda melakukan isi ulang, manfaat Anda lebih banyak setelah mencapainya. Menerima IDR 360.000. Ambil hadiah fisik sekarang.	1	[{"added": {}}]	20	1
324	2026-01-12 14:12:14.194068+07	27	Mission 27 - deposit_self: Ketika Anda melakukan isi ulang, manfaat Anda lebih banyak setelah mencapainya. Menerima IDR 888.000. Ambil hadiah fisik sekarang.	1	[{"added": {}}]	20	1
325	2026-01-12 14:13:59.010501+07	28	Mission 28 - deposit_self: Ketika Anda melakukan isi ulang, manfaat Anda lebih banyak setelah mencapainya. Menerima IDR 1.410.000. Ambil hadiah fisik sekarang.	1	[{"added": {}}]	20	1
326	2026-01-12 14:15:07.51652+07	29	Mission 29 - deposit_self: Ketika Anda melakukan isi ulang, manfaat Anda lebih banyak setelah mencapainya. Menerima IDR 1.800.000. Ambil hadiah fisik sekarang.	1	[{"added": {}}]	20	1
327	2026-01-12 14:16:40.188531+07	30	Mission 30 - deposit_self: LOREMIPSUM	1	[{"added": {}}]	20	1
328	2026-01-12 14:17:06.368419+07	31	Mission 31 - deposit_self: LOREM IPSUM	1	[{"added": {}}]	20	1
329	2026-01-12 14:17:30.744488+07	32	Mission 32 - deposit_self: LOREMIPSUM	1	[{"added": {}}]	20	1
330	2026-01-12 14:18:37.964429+07	33	Mission 33 - deposit_self: LOREMIPSUM	1	[{"added": {}}]	20	1
331	2026-01-12 14:21:41.600317+07	34	Mission 34 - deposit_self: LOREM IPSUM	1	[{"added": {}}]	20	1
332	2026-01-12 14:26:38.922932+07	35	Mission 35 - active_downline: Ketika Anda sudah mencapai target seorang agen kerja, Anda dapat klaim penghasilan tetap 3 kali dalam satu bulan IDR 50.000	1	[{"added": {}}]	20	1
334	2026-01-12 14:28:29.787333+07	37	Mission 37 - active_downline: Ketika Anda sudah mencapai target seorang agen kerja, Anda dapat klaim penghasilan tetap 3 kali dalam satu bulan IDR 170.000	1	[{"added": {}}]	20	1
335	2026-01-12 14:29:20.097929+07	38	Mission 38 - active_downline: Ketika Anda sudah mencapai target seorang agen kerja, Anda dapat klaim penghasilan tetap 3 kali dalam satu bulan IDR 250.000	1	[{"added": {}}]	20	1
336	2026-01-12 14:30:31.918906+07	39	Mission 39 - active_downline: Ketika Anda sudah mencapai target seorang agen kerja, Anda dapat klaim penghasilan tetap 3 kali dalam satu bulan IDR 400.000	1	[{"added": {}}]	20	1
337	2026-01-12 14:31:48.277692+07	40	Mission 40 - active_downline: Ketika Anda sudah mencapai target seorang agen kerja, Anda dapat klaim penghasilan tetap 3 kali dalam satu bulan IDR 700.000	1	[{"added": {}}]	20	1
338	2026-01-12 14:32:30.493089+07	41	Mission 41 - referral: Ketika Anda sudah mencapai target seorang agen kerja, Anda dapat klaim penghasilan tetap 3 kali dalam satu bulan IDR 1.750.000	1	[{"added": {}}]	20	1
339	2026-01-12 14:33:06.506463+07	42	Mission 42 - active_downline: Ketika Anda sudah mencapai target seorang agen kerja, Anda dapat klaim penghasilan tetap 3 kali dalam satu bulan IDR 6.700.000	1	[{"added": {}}]	20	1
340	2026-01-12 14:53:51.730887+07	6	CoreVolt Resmi Meluncurkan Program VIP Berjenjang	2	[{"changed": {"fields": ["Body", "Image"]}}]	31	1
341	2026-01-12 14:54:21.248956+07	7	CoreVolt Memperkuat Sistem Layanan untuk Mendukung Pengalaman Pengguna	1	[{"added": {}}]	31	1
342	2026-01-12 14:54:45.732274+07	8	CoreVolt Memperluas Arah Pengembangan Layanan Berbasis Keanggotaan	1	[{"added": {}}]	31	1
343	2026-01-12 14:55:07.878182+07	9	CoreVolt Menegaskan Komitmen terhadap Keamanan dan Keandalan Sistem	1	[{"added": {}}]	31	1
344	2026-01-12 14:55:35.800718+07	10	CoreVolt Menegaskan Arah Visi Pengembangan Layanan Berbasis Nilai dan Keberlanjutan	1	[{"added": {}}]	31	1
345	2026-01-12 14:56:02.287657+07	11	CoreVolt Memperkenalkan Struktur Layanan Terintegrasi dengan Pendekatan Berjenjang	1	[{"added": {}}]	31	1
346	2026-01-12 14:56:35.670862+07	12	CoreVolt Menyusun Arsitektur Program Berbasis Periode untuk Mendukung Perencanaan Pengguna	1	[{"added": {}}]	31	1
347	2026-01-12 14:56:58.820215+07	13	CoreVolt Mendorong Pemahaman Pengguna melalui Transparansi Mekanisme Layanan	1	[{"added": {}}]	31	1
348	2026-01-12 14:57:26.564112+07	14	CoreVolt Memperkuat Strategi Komunikasi Digital untuk Menjangkau Masyarakat Lebih Luas	1	[{"added": {}}]	31	1
349	2026-01-12 14:59:18.692627+07	15	CoreVolt Menetapkan Misi Pengembangan Keuntungan Berbasis Langganan	1	[{"added": {}}]	31	1
350	2026-01-12 15:00:03.007264+07	16	CoreVolt Mengarahkan Pengembangan Layanan untuk Meningkatkan Nilai Keuntungan Langganan	1	[{"added": {}}]	31	1
351	2026-01-12 15:00:40.98141+07	17	CoreVolt Mengarahkan Pengembangan Layanan untuk Meningkatkan Nilai Tambah bagi Pengguna	1	[{"added": {}}]	31	1
352	2026-01-12 15:02:27.59074+07	18	CoreVolt Menegaskan Nilai Inti dan Budaya Kerja sebagai Fondasi Pengembangan Perusahaan	1	[{"added": {}}]	31	1
353	2026-01-12 15:04:11.942363+07	19	CoreVolt Menetapkan Core Values sebagai Landasan Budaya Perusahaan	1	[{"added": {}}]	31	1
354	2026-01-12 15:35:21.125539+07	10	PowerVault S	2	[{"changed": {"fields": ["Name", "Description", "Price", "Image", "Specifications", "Purchase limit", "Max purchase count", "Stock", "Profit rate", "Duration (days)", "Custom field 1 title", "Custom field 1 content", "Custom field 2 title", "Custom field 2 content", "Custom field 3 title", "Custom field 3 content"]}}]	11	1
355	2026-01-12 15:35:34.338936+07	10	PowerVault S	2	[{"changed": {"fields": ["Image"]}}]	11	1
356	2026-01-12 15:39:39.96008+07	9	PowerVault AA	2	[{"changed": {"fields": ["Name", "Description", "Price", "Image", "Specifications", "Stock", "Profit rate", "Duration (days)", "Custom field 1 title", "Custom field 1 content", "Custom field 2 title", "Custom field 2 content", "Custom field 3 title", "Custom field 3 content"]}}]	11	1
357	2026-01-12 15:43:14.413133+07	8	PowerVault M	2	[{"changed": {"fields": ["Name", "Description", "Price", "Image", "Specifications", "Stock", "Profit rate", "Duration (days)", "Custom field 1 title", "Custom field 1 content", "Custom field 2 title", "Custom field 2 content", "Custom field 3 title", "Custom field 3 content"]}}]	11	1
358	2026-01-12 15:45:38.039493+07	7	PowerVault L	2	[{"changed": {"fields": ["Name", "Description", "Price", "Image", "Specifications", "Purchase limit", "Max purchase count", "Stock", "Profit rate", "Profit method", "Duration (days)", "Claim reset mode", "Claim reset hours", "Purchase rebate level 1", "Custom field 1 title", "Custom field 1 content", "Custom field 2 title", "Custom field 2 content", "Custom field 3 title", "Custom field 3 content"]}}]	11	1
359	2026-01-12 15:48:17.476067+07	6	PowerVault Secure	2	[{"changed": {"fields": ["Name", "Description", "Price", "Image", "Specifications", "Purchase limit", "Max purchase count", "Stock", "Profit rate", "Profit method", "Duration (days)", "Claim reset mode", "Claim reset hours", "Purchase rebate level 1", "Custom field 1 title", "Custom field 1 content", "Custom field 2 title", "Custom field 2 content", "Custom field 3 title", "Custom field 3 content"]}}]	11	1
360	2026-01-12 15:50:17.28458+07	5	Tower One	2	[{"changed": {"fields": ["Name", "Description", "Price", "Image", "Specifications", "Purchase limit", "Max purchase count", "Stock", "Profit rate", "Duration (days)", "Claim reset mode", "Claim reset hours", "Purchase rebate level 1", "Custom field 1 title", "Custom field 1 content", "Custom field 2 title", "Custom field 2 content", "Custom field 3 title", "Custom field 3 content"]}}]	11	1
361	2026-01-12 15:52:30.431187+07	4	Tower Dualingal	2	[{"changed": {"fields": ["Name", "Description", "Price", "Image", "Specifications", "Purchase limit", "Max purchase count", "Stock", "Profit rate", "Profit method", "Duration (days)", "Claim reset mode", "Claim reset hours", "Purchase rebate level 1", "Custom field 1 title", "Custom field 1 content", "Custom field 2 title", "Custom field 2 content", "Custom field 3 title", "Custom field 3 content"]}}]	11	1
362	2026-01-12 15:54:16.571875+07	3	Tower Meridian	2	[{"changed": {"fields": ["Name", "Description", "Price", "Image", "Specifications", "Purchase limit", "Max purchase count", "Stock", "Profit rate", "Profit method", "Duration (days)", "Claim reset mode", "Claim reset hours", "Purchase rebate level 1", "Custom field 1 title", "Custom field 1 content", "Custom field 2 title", "Custom field 2 content", "Custom field 3 title", "Custom field 3 content"]}}]	11	1
363	2026-01-12 15:56:07.601351+07	2	SmartStorage X	2	[{"changed": {"fields": ["Name", "Description", "Price", "Image", "Specifications", "Purchase limit", "Max purchase count", "Stock", "Profit rate", "Profit method", "Duration (days)", "Claim reset mode", "Claim reset hours", "Purchase rebate level 1", "Custom field 1 title", "Custom field 1 content", "Custom field 2 title", "Custom field 2 content", "Custom field 3 title", "Custom field 3 content"]}}]	11	1
414	2026-01-14 11:32:14.625962+07	1534	DEP-20260114110811-A75049 - +628111222333	2	[{"changed": {"fields": ["Type", "Status"]}}]	12	1
415	2026-01-14 13:46:35.739565+07	2	k00rkthpl8@example.com	2	[{"changed": {"fields": ["Phone"]}}]	8	1
364	2026-01-12 15:57:28.600728+07	1	EdgeStorage	2	[{"changed": {"fields": ["Name", "Description", "Price", "Image", "Specifications", "Purchase limit", "Max purchase count", "Stock", "Profit rate", "Profit method", "Duration (days)", "Claim reset mode", "Claim reset hours", "Purchase rebate level 1", "Custom field 1 title", "Custom field 1 content", "Custom field 2 title", "Custom field 2 content", "Custom field 3 title", "Custom field 3 content"]}}]	11	1
365	2026-01-12 15:59:12.248367+07	36	GridStorage Pro	2	[{"changed": {"fields": ["Name", "Description", "Price", "Image", "Specifications", "Purchase limit", "Max purchase count", "Stock", "Profit rate", "Profit method", "Duration (days)", "Claim reset mode", "Claim reset hours", "Purchase rebate level 1", "Custom field 1 title", "Custom field 1 content", "Custom field 2 title", "Custom field 2 content", "Custom field 3 title", "Custom field 3 content", "Custom field 4 title", "Custom field 4 content", "Custom field 5 title", "Custom field 5 content", "Custom field 6 title", "Custom field 6 content", "Custom field 7 title", "Custom field 7 content"]}}]	11	1
366	2026-01-12 16:00:43.745015+07	3	Facebook (other)	2	[{"changed": {"fields": ["Url", "Description"]}}]	30	1
367	2026-01-12 16:01:23.961878+07	2	WA (whatsapp)	2	[{"changed": {"fields": ["Url", "Description"]}}]	30	1
368	2026-01-12 16:01:35.455588+07	2	WhatsApp (whatsapp)	2	[{"changed": {"fields": ["Title"]}}]	30	1
369	2026-01-12 16:02:07.679004+07	1	Telegram (telegram)	2	[{"changed": {"fields": ["Url", "Description"]}}]	30	1
370	2026-01-12 16:02:18.741242+07	3	999999 (fixed)	3		18	1
371	2026-01-12 16:02:18.746771+07	2	000000 (fixed)	3		18	1
372	2026-01-12 16:02:18.748281+07	1	Yorobun (random)	3		18	1
373	2026-01-12 16:02:18.748281+07	8	bebekdungu (fixed)	3		18	1
374	2026-01-12 16:02:39.438391+07	4	123456 (fixed)	1	[{"added": {}}]	18	1
375	2026-01-12 16:33:25.719727+07	42	DEP-20260112163311-5897EB - JAYAPAY - 53	2	[{"changed": {"fields": ["Status"]}}]	29	1
376	2026-01-12 16:47:51.362947+07	53	test04@gmail.com	2	[{"changed": {"fields": ["Balance deposit"]}}]	8	1
377	2026-01-12 16:48:49.676828+07	53	test04@gmail.com	2	[{"changed": {"fields": ["Balance deposit"]}}]	8	1
378	2026-01-12 21:51:15.134749+07	41	Mission 41 - active_downline: Ketika Anda sudah mencapai target seorang agen kerja, Anda dapat klaim penghasilan tetap 3 kali dalam satu bulan IDR 1.750.000	2	[{"changed": {"fields": ["Jenis Misi"]}}]	20	1
379	2026-01-12 22:33:11.879423+07	1	Mission 1 - referral: Bagikan tautan undangan Anda dan dapatkan anggota untuk membuka manfaat IDR 2.000	2	[{"changed": {"fields": ["Ambang Progres"]}}]	20	1
380	2026-01-12 22:33:35.879123+07	14	Mission 14 - referral: Bagikan tautan undangan Anda dan dapatkan anggota untuk membuka manfaat IDR 100.000	2	[{"changed": {"fields": ["Jenis Misi"]}}]	20	1
381	2026-01-12 22:34:08.500586+07	15	Mission 15 - deposit: Anggota Anda melakukan beberapa pengisian ulang, ambil manfaatnya IDR 56.000	2	[{"changed": {"fields": ["Ambang Progres"]}}]	20	1
382	2026-01-12 22:36:56.280418+07	23	Mission 23 - deposit_self: Ketika Anda melakukan isi ulang, manfaat Anda lebih banyak setelah mencapainya. Menerima IDR 30.000. Ambil hadiah fisik sekarang.	2	[{"changed": {"fields": ["Ambang Progres"]}}]	20	1
383	2026-01-12 22:37:15.014737+07	35	Mission 35 - active_downline: Ketika Anda sudah mencapai target seorang agen kerja, Anda dapat klaim penghasilan tetap 3 kali dalam satu bulan IDR 50.000	2	[{"changed": {"fields": ["Ambang Progres"]}}]	20	1
384	2026-01-13 08:52:21.585525+07	9	ChatThread(user=55, closed=False)	2	[{"added": {"name": "support chat message", "object": "Msg(thread=9, sender=ADMIN, at=2026-01-13 01:52:21.585525+00:00)"}}]	33	1
385	2026-01-13 10:53:35.127969+07	56	testing02@gmail.com	2	[{"changed": {"fields": ["Balance", "Balance deposit"]}}]	8	1
386	2026-01-13 10:57:52.11639+07	3	Facebook (other)	3		30	1
387	2026-01-13 11:05:46.021218+07	56	testing02@gmail.com	2	[{"changed": {"fields": ["Balance"]}}]	8	1
388	2026-01-13 11:12:20.610919+07	56	testing01@gmail.com	2	[{"changed": {"fields": ["Email"]}}]	8	1
389	2026-01-13 11:12:34.144468+07	56	testing01@gmail.com	2	[{"changed": {"fields": ["Username"]}}]	8	1
390	2026-01-13 11:49:04.425584+07	36	Mission 36 - active_downline: Ketika Anda sudah mencapai target seorang agen kerja, Anda dapat klaim penghasilan tetap 3 kali dalam satu bulan IDR 95.000	2	[{"changed": {"fields": ["Ambang Progres"]}}]	20	1
391	2026-01-13 11:51:22.966566+07	62	testing07@gmail.com	2	[{"changed": {"fields": ["Balance"]}}]	8	1
392	2026-01-13 13:54:58.101501+07	1	Referral Code: numbers_only/14	2	[{"changed": {"fields": ["Otp enabled", "Verifyway api key"]}}]	9	1
393	2026-01-13 15:40:07.863679+07	62	testing07@gmail.com	2	[{"changed": {"fields": ["Username"]}}]	8	1
394	2026-01-13 15:43:04.353341+07	22	8111333111 - BOC(Bank Of CHINA) 213464	3		23	1
395	2026-01-13 17:29:42.203059+07	1	Referral Code: numbers_only/14	2	[{"changed": {"fields": ["Otp enabled", "Whatsapp check enabled", "Checknumber api key"]}}]	9	1
396	2026-01-13 20:15:36.537613+07	21	8111222333 - Neo Commerce(Bank Neo Commerce) 123456789	3		23	1
397	2026-01-13 20:19:17.661894+07	28	8111222333 - 100000.00 (REJECTED)	2	[{"changed": {"fields": ["Status"]}}]	26	1
398	2026-01-13 20:20:30.838562+07	29	8111222333 - 100000.00 (PROCESSING)	2	[{"changed": {"fields": ["Status"]}}]	26	1
399	2026-01-13 20:20:51.559313+07	29	8111222333 - 100000.00 (COMPLETED)	2	[{"changed": {"fields": ["Status"]}}]	26	1
400	2026-01-14 00:39:17.166931+07	1	Referral Code: numbers_only/14	2	[{"changed": {"fields": ["Verifynow customer id", "Verifynow api key"]}}]	9	1
401	2026-01-14 00:40:38.269695+07	1	Referral Code: numbers_only/14	2	[{"changed": {"fields": ["Otp enabled", "Whatsapp check enabled"]}}]	9	1
402	2026-01-14 01:03:04.714529+07	3	085770404473 - None	3		36	1
403	2026-01-14 01:03:04.729402+07	2	8975617198 - 719666	3		36	1
404	2026-01-14 01:03:04.731003+07	1	85770404473 - None	3		36	1
405	2026-01-14 01:06:30.815834+07	1	Referral Code: numbers_only/14	2	[{"changed": {"fields": ["Verifynow api key"]}}]	9	1
406	2026-01-14 10:21:02.910247+07	1	Referral Code: numbers_only/14	2	[{"changed": {"fields": ["Otp enabled"]}}]	9	1
407	2026-01-14 10:29:11.489119+07	1	Referral Code: numbers_only/14	2	[{"changed": {"fields": ["Otp enabled"]}}]	9	1
408	2026-01-14 10:42:58.28063+07	65	testingotp@gmail.com	2	[{"changed": {"fields": ["Phone"]}}]	8	1
409	2026-01-14 10:54:06.206007+07	66	testingotp1@gmail.com	2	[{"changed": {"fields": ["Phone"]}}]	8	1
410	2026-01-14 10:55:48.011661+07	68	testingotp3@gmail.com	2	[{"changed": {"fields": ["Phone"]}}]	8	1
411	2026-01-14 11:05:05.144538+07	55	testing0@gmail.com	2	[{"changed": {"fields": ["Phone"]}}]	8	1
412	2026-01-14 11:08:39.274255+07	62	DEP-20260114110811-A75049 - KLIKPAY - 55	2	[{"changed": {"fields": ["Status"]}}]	29	1
413	2026-01-14 11:31:47.494979+07	61	DEP-20260114110811-920098 - KLIKPAY - 55	2	[{"changed": {"fields": ["Status"]}}]	29	1
416	2026-01-14 20:03:19.007704+07	67	testingotp2@gmail.com	2	[{"changed": {"fields": ["Phone"]}}]	8	1
\.


--
-- Data for Name: django_content_type; Type: TABLE DATA; Schema: public; Owner: postgres
--

COPY public.django_content_type (id, app_label, model) FROM stdin;
1	admin	logentry
2	auth	permission
3	auth	group
4	contenttypes	contenttype
5	sessions	session
6	authtoken	token
7	authtoken	tokenproxy
8	accounts	user
9	accounts	generalsetting
10	accounts	ranklevel
11	products	product
12	products	transaction
13	products	investment
14	products	claimhistory
15	products	userproductpurchase
16	attendance	attendancesettings
17	attendance	attendancelog
18	vouchers	voucher
19	vouchers	voucherusage
20	missions	mission
21	missions	missionuserstate
22	banks	bank
23	banks	userbank
24	banks	banksettings
25	withdrawal	withdrawalsettings
26	withdrawal	withdrawal
27	withdrawal	withdrawaljayapay
28	deposits	gatewaysettings
29	deposits	deposit
30	support	supportlink
31	news	news
32	withdrawal	jayapaywithdrawal
33	support	supportchatthread
34	support	supportchatmessage
35	accounts	useraddress
36	accounts	phoneotp
\.


--
-- Data for Name: django_migrations; Type: TABLE DATA; Schema: public; Owner: postgres
--

COPY public.django_migrations (id, app, name, applied) FROM stdin;
1	contenttypes	0001_initial	2025-11-09 22:40:00.921016+07
2	contenttypes	0002_remove_content_type_name	2025-11-09 22:40:00.926634+07
3	auth	0001_initial	2025-11-09 22:40:00.961557+07
4	auth	0002_alter_permission_name_max_length	2025-11-09 22:40:00.96615+07
5	auth	0003_alter_user_email_max_length	2025-11-09 22:40:00.970816+07
6	auth	0004_alter_user_username_opts	2025-11-09 22:40:00.976004+07
7	auth	0005_alter_user_last_login_null	2025-11-09 22:40:00.981478+07
8	auth	0006_require_contenttypes_0002	2025-11-09 22:40:00.983696+07
9	auth	0007_alter_validators_add_error_messages	2025-11-09 22:40:00.988256+07
10	auth	0008_alter_user_username_max_length	2025-11-09 22:40:00.993113+07
11	auth	0009_alter_user_last_name_max_length	2025-11-09 22:40:00.997935+07
12	auth	0010_alter_group_name_max_length	2025-11-09 22:40:01.003784+07
13	auth	0011_update_proxy_permissions	2025-11-09 22:40:01.010734+07
14	auth	0012_alter_user_first_name_max_length	2025-11-09 22:40:01.016136+07
15	accounts	0001_initial	2025-11-09 22:40:01.068423+07
16	accounts	0002_alter_user_rank	2025-11-09 22:40:01.098872+07
17	accounts	0003_generalsetting	2025-11-09 22:40:01.10812+07
18	accounts	0004_generalsetting_referral_code_pattern	2025-11-09 22:40:01.112465+07
19	accounts	0005_ranklevel	2025-11-09 22:40:01.121559+07
20	admin	0001_initial	2025-11-09 22:40:01.14111+07
21	admin	0002_logentry_remove_auto_add	2025-11-09 22:40:01.147723+07
22	admin	0003_logentry_add_action_flag_choices	2025-11-09 22:40:01.155352+07
23	attendance	0001_initial	2025-11-09 22:40:01.164201+07
24	attendance	0002_attendancelog_and_more	2025-11-09 22:40:01.187498+07
25	attendance	0003_attendancesettings_rank_rewards_and_more	2025-11-09 22:40:01.198398+07
26	authtoken	0001_initial	2025-11-09 22:40:01.214907+07
27	authtoken	0002_auto_20160226_1747	2025-11-09 22:40:01.235777+07
28	authtoken	0003_tokenproxy	2025-11-09 22:40:01.239694+07
29	authtoken	0004_alter_tokenproxy_options	2025-11-09 22:40:01.246228+07
30	banks	0001_initial	2025-11-09 22:40:01.284033+07
31	banks	0002_alter_userbank_unique_together_and_more	2025-11-09 22:40:01.30631+07
32	banks	0003_banksettings_remove_userbank_unique_user_bank_and_more	2025-11-09 22:40:01.391395+07
33	products	0001_initial	2025-11-09 22:40:01.45463+07
34	products	0002_investment	2025-11-09 22:40:01.483187+07
35	deposits	0001_initial	2025-11-09 22:40:01.592607+07
36	deposits	0002_gateway_extra_fields	2025-11-09 22:40:01.615379+07
37	missions	0001_initial	2025-11-09 22:40:01.684381+07
38	missions	0002_mission_title	2025-11-09 22:40:01.695329+07
39	news	0001_initial	2025-11-09 22:40:01.719823+07
40	news	0002_news_image	2025-11-09 22:40:01.728004+07
41	products	0003_remove_product_max_investment_and_more	2025-11-09 22:40:01.745533+07
42	products	0004_add_purchase_commission_type	2025-11-09 22:40:01.767686+07
43	products	0005_alter_transaction_type	2025-11-09 22:40:01.787178+07
44	products	0006_alter_transaction_status	2025-11-09 22:40:01.802476+07
45	products	0007_add_earned_transaction_type	2025-11-09 22:40:01.820975+07
46	products	0008_remove_earned_transaction_type	2025-11-09 22:40:01.861708+07
47	products	0009_investment_claims_count_investment_claims_remaining_and_more	2025-11-09 22:40:02.006374+07
48	products	0010_product_cashback_enabled_product_cashback_percentage	2025-11-09 22:40:02.027012+07
49	products	0011_alter_transaction_type	2025-11-09 22:40:02.050567+07
50	products	0012_product_custom_field_10_content_and_more	2025-11-09 22:40:02.160539+07
51	products	0013_change_image_field_to_imagefield	2025-11-09 22:40:02.165451+07
52	products	0014_product_max_purchase_count_userproductpurchase	2025-11-09 22:40:02.216473+07
53	products	0015_remove_product_custom_fields_and_more	2025-11-09 22:40:02.226186+07
54	sessions	0001_initial	2025-11-09 22:40:02.246605+07
55	support	0001_initial	2025-11-09 22:40:02.260534+07
56	vouchers	0001_initial	2025-11-09 22:40:02.31953+07
57	vouchers	0002_voucher_min_amount_voucher_rank_rewards_and_more	2025-11-09 22:40:02.344225+07
58	withdrawal	0001_initial	2025-11-09 22:40:02.403217+07
59	withdrawal	0002_withdrawalsettings_balance_source	2025-11-09 22:40:02.41567+07
60	withdrawal	0003_withdrawal_transaction	2025-11-09 22:40:02.438281+07
61	withdrawal	0004_withdrawaljayapay	2025-11-09 22:40:02.444165+07
62	products	0016_remove_product_custom_fields_and_more	2025-11-10 00:29:12.063448+07
63	withdrawal	0005_jayapaywithdrawal	2025-11-10 13:43:56.710776+07
64	accounts	0006_user_withdraw_pin	2025-11-26 20:46:09.817625+07
65	accounts	0007_generalsetting_auto_login_on_register	2025-11-26 20:46:09.974738+07
66	accounts	0008_generalsetting_rank_policy	2025-11-26 20:46:10.184847+07
67	accounts	0009_generalsetting_rank_basis_flags	2025-11-26 20:46:10.461921+07
68	news	0003_fix_sequence_news_id	2025-11-26 20:46:10.585988+07
69	products	0017_product_require_upline_ownership_for_commissions	2025-11-26 20:46:10.967674+07
70	products	0018_investment_profit_random_max_and_more	2025-11-26 20:46:11.214645+07
71	support	0002_supportchatthread_supportchatmessage	2025-11-26 20:46:11.605109+07
72	support	0003_supportlink_icon	2025-11-26 20:46:11.693711+07
73	withdrawal	0006_withdrawalsettings_require_pin	2025-11-26 20:46:11.843505+07
74	accounts	0010_generalsetting_registration_bonus_amount_and_more	2025-12-01 13:49:43.658689+07
75	products	0019_add_transaction_indexes	2025-12-08 01:08:27.124044+07
76	products	0020_alter_product_price_alter_product_profit_random_max_and_more	2025-12-08 10:40:21.214402+07
77	products	0021_alter_investment_profit_random_max_and_more	2025-12-08 10:42:55.646964+07
78	withdrawal	0007_withdrawalsettings_require_active_investment	2026-01-07 19:12:11.123684+07
79	accounts	0011_useraddress	2026-01-09 03:06:53.181498+07
80	products	0022_alter_investment_claim_reset_mode_and_more	2026-01-11 19:33:24.710739+07
81	accounts	0012_alter_ranklevel_rank	2026-01-11 20:50:07.735374+07
82	attendance	0004_attendancesettings_daily_cycle_days_and_more	2026-01-12 00:48:49.815343+07
83	accounts	0013_user_last_login_ip	2026-01-12 20:04:33.264466+07
84	accounts	0014_phoneotp_generalsetting_otp_enabled_and_more	2026-01-13 13:41:27.9432+07
85	accounts	0015_generalsetting_whatsapp_check	2026-01-13 17:29:01.584738+07
86	accounts	0016_phoneotp_verification_id_alter_phoneotp_otp_code	2026-01-14 00:23:30.972408+07
87	accounts	0017_generalsetting_verifynow_api_key_and_more	2026-01-14 00:28:01.152585+07
\.


--
-- Data for Name: django_session; Type: TABLE DATA; Schema: public; Owner: postgres
--

COPY public.django_session (session_key, session_data, expire_date) FROM stdin;
49afzixx4klt7p5a3lt9n716r8imhilr	.eJxVizEOAiEQRe9CbTYOMKxr6QXWxpoMzBCMkU2WpTLeXTax0OYX_733Up7aln2rsvo7q7MCdfj9AsWHlB1QjEsrWx12OFzzUmReb90p9JTLV_trM9XcQ2QexZ6YSJPVk8W-gDIKMkZntUuQ2ImAEUgxJA6IkzkaYEoAJqr3B9-oNvI:1vI7uZ:DfQmWpqrX_5eHgDK2QJT7D2UFsuNiSZiH1Hvw1m1Uxo	2025-11-23 23:05:03.515206+07
ewbg9lavn6gxal7f8xkgfdo3ovru0ahv	.eJxVjMEOwiAQRP-FsyEusNR69N5vIAu7SNXQpLQn47_bJj3oZQ7z3sxbBVqXEtYmcxhZXRWo028XKT2l7oAfVO-TTlNd5jHqXdEHbXqYWF63w_07KNTKtkbmTtyFiQw50zvcElA6QcbknfEZMnsRsAI5xcwRsbdnC0wZwCb1-QL32TiD:1vI7uy:EAIRsMHyLhizmV7I94XboAktqL9xgFh5ouyewDqeEOA	2025-11-23 23:05:28.331352+07
rze0v4m3frodykkhi4bvqdo0ea4q9kfj	.eJxVjMEOwiAQRP-FsyEusNR69N5vIAu7SNXQpLQn47_bJj3oZQ7z3sxbBVqXEtYmcxhZXRWo028XKT2l7oAfVO-TTlNd5jHqXdEHbXqYWF63w_07KNTKtkbmTtyFiQw50zvcElA6QcbknfEZMnsRsAI5xcwRsbdnC0wZwCb1-QL32TiD:1vI9UD:Mq0HBCogY5BGpKuRdOor64S5HvCG1_zguXeDjt0ih_4	2025-11-24 00:45:57.831374+07
0ak1nkxqh4m5j2u976hfmvwsifdkue4m	.eJxVjMEOwiAQRP-FsyEusNR69N5vIAu7SNXQpLQn47_bJj3oZQ7z3sxbBVqXEtYmcxhZXRWo028XKT2l7oAfVO-TTlNd5jHqXdEHbXqYWF63w_07KNTKtkbmTtyFiQw50zvcElA6QcbknfEZMnsRsAI5xcwRsbdnC0wZwCb1-QL32TiD:1vIACN:M9BhAglAvxxILC97EZJe4WfZ0qojj38ze0LmB54cW7Q	2025-11-24 01:31:35.497349+07
q4uzctj6w4wxdwhsxhl4l75agb4tptw4	.eJxVjMEOwiAQRP-FsyEusNR69N5vIAu7SNXQpLQn47_bJj3oZQ7z3sxbBVqXEtYmcxhZXRWo028XKT2l7oAfVO-TTlNd5jHqXdEHbXqYWF63w_07KNTKtkbmTtyFiQw50zvcElA6QcbknfEZMnsRsAI5xcwRsbdnC0wZwCb1-QL32TiD:1vIHBb:QQFM7wzam6PFb6YCqH-lbX5RozkUTla4LMdJ2aq31vA	2025-11-24 08:59:15.386009+07
4utrfznzxt1zvhrezqg0omipgah18d2h	.eJxVi70OwiAQgN-F2TRQhANHX0AXZ3K9O4Ix0qSUyfjutomDrt_PSyXsa0m9yZLurE7KqMMvm5AeUneBRHOvaxt2OVzLXOWy3Lam4lPO3-zvLdjKNoYRNUU0DrQDCgFCnsDb6MFkIdES2ZDXbEdE5_hos8sWOEQjLOhFvT-9JzaI:1vPggw:TfTy30by4XpXESzLLGK_mDTU9LJw9niiLf2wGpdx_1Y	2025-12-14 19:38:14.99951+07
zfspztpm6etih8jgc8459q56w8msc4o2	.eJxVi70OwiAQgN-F2TRQhANHX0AXZ3K9O4Ix0qSUyfjutomDrt_PSyXsa0m9yZLurE7KqMMvm5AeUneBRHOvaxt2OVzLXOWy3Lam4lPO3-zvLdjKNoYRNUU0DrQDCgFCnsDb6MFkIdES2ZDXbEdE5_hos8sWOEQjLOhFvT-9JzaI:1vPyQi:AGfFE4tVG3pGJ-q3Ymulqv11AlXBsu7H19XFFkJlepk	2025-12-15 14:34:40.781498+07
zs8m4fkx5g6x4wrz0kn2y2qkapgciyjb	.eJxVi70OwiAQgN-F2TRQhANHX0AXZ3K9O4Ix0qSUyfjutomDrt_PSyXsa0m9yZLurE7KqMMvm5AeUneBRHOvaxt2OVzLXOWy3Lam4lPO3-zvLdjKNoYRNUU0DrQDCgFCnsDb6MFkIdES2ZDXbEdE5_hos8sWOEQjLOhFvT-9JzaI:1vQLLS:uxzEciTC6_FoMVr4SwbfKVzV7r3JQUF4ZVHFcjkO1PQ	2025-12-16 15:02:46.85899+07
nipea7ftx677ruszwwcwzwncys4reeer	.eJxVi70OwiAQgN-F2TRQhANHX0AXZ3K9O4Ix0qSUyfjutomDrt_PSyXsa0m9yZLurE7KqMMvm5AeUneBRHOvaxt2OVzLXOWy3Lam4lPO3-zvLdjKNoYRNUU0DrQDCgFCnsDb6MFkIdES2ZDXbEdE5_hos8sWOEQjLOhFvT-9JzaI:1vQMCF:SigYF01gwX4rxiBSEjTEpjIwEx68Ykg4gJNJGQBBebg	2025-12-16 15:57:19.693622+07
hc8hsbuq7wifam6e65ev8i43baxcnby1	.eJxVi70OwiAQgN-F2TRQhANHX0AXZ3K9O4Ix0qSUyfjutomDrt_PSyXsa0m9yZLurE7KqMMvm5AeUneBRHOvaxt2OVzLXOWy3Lam4lPO3-zvLdjKNoYRNUU0DrQDCgFCnsDb6MFkIdES2ZDXbEdE5_hos8sWOEQjLOhFvT-9JzaI:1vRUzK:1-36sCqr654PM64V0GupXOIQ8h5joIzyoZIF0ZPEkYw	2025-12-19 19:32:42.676001+07
j2orwau0ydzm7covwodv2l08v3ptppue	.eJxVi70OwiAQgN-F2TRQhANHX0AXZ3K9O4Ix0qSUyfjutomDrt_PSyXsa0m9yZLurE7KqMMvm5AeUneBRHOvaxt2OVzLXOWy3Lam4lPO3-zvLdjKNoYRNUU0DrQDCgFCnsDb6MFkIdES2ZDXbEdE5_hos8sWOEQjLOhFvT-9JzaI:1vScUN:QBNqbRhtnuoUXzFnsodyFnC-xJ_FVlpSvuTXRUh77FA	2025-12-22 21:45:23.743382+07
gidok7fp4r0f3fetirk0x8lpjo7mdh8v	.eJxVi70OwiAQgN-F2TRQhANHX0AXZ3K9O4Ix0qSUyfjutomDrt_PSyXsa0m9yZLurE7KqMMvm5AeUneBRHOvaxt2OVzLXOWy3Lam4lPO3-zvLdjKNoYRNUU0DrQDCgFCnsDb6MFkIdES2ZDXbEdE5_hos8sWOEQjLOhFvT-9JzaI:1vSkAv:UXrSlLrw0qW7gYx3U5flfMPLrXmEr3U7NNNWk6RJu1k	2025-12-23 05:57:49.461453+07
y7i4l1cugzbk83runj9olos8erebfow3	.eJxVi70OwiAQgN-F2TRQhANHX0AXZ3K9O4Ix0qSUyfjutomDrt_PSyXsa0m9yZLurE7KqMMvm5AeUneBRHOvaxt2OVzLXOWy3Lam4lPO3-zvLdjKNoYRNUU0DrQDCgFCnsDb6MFkIdES2ZDXbEdE5_hos8sWOEQjLOhFvT-9JzaI:1vdTVF:DRFxyRLHw5XWb0BkFA_mRGYTHXK_phDlOH9VHrPpamk	2026-01-21 20:23:09.468345+07
4a7pwmf955l2raathvxn5kxt2p6rstvz	.eJxVi70OwiAQgN-F2TRQhANHX0AXZ3K9O4Ix0qSUyfjutomDrt_PSyXsa0m9yZLurE7KqMMvm5AeUneBRHOvaxt2OVzLXOWy3Lam4lPO3-zvLdjKNoYRNUU0DrQDCgFCnsDb6MFkIdES2ZDXbEdE5_hos8sWOEQjLOhFvT-9JzaI:1vemC2:e7fhMfFZ6II7bV7J9v8TcmUJFxCdy1a7n-ezaJXWoRg	2026-01-25 10:32:42.121992+07
ps4brkiz4t4oyuf3x2pe4g7y5xoqq89i	.eJxVi70OwiAQgN-F2TRQhANHX0AXZ3K9O4Ix0qSUyfjutomDrt_PSyXsa0m9yZLurE7KqMMvm5AeUneBRHOvaxt2OVzLXOWy3Lam4lPO3-zvLdjKNoYRNUU0DrQDCgFCnsDb6MFkIdES2ZDXbEdE5_hos8sWOEQjLOhFvT-9JzaI:1vex3g:T1EU5FuiTfyloi2p-r6jBexJt3zYqUqcjrsLKFEU0Kk	2026-01-25 22:08:48.656298+07
36ozyh853zvj3j7bi5rvxbh5igi0jblf	.eJxVi70OwiAQgN-F2TRQhANHX0AXZ3K9O4Ix0qSUyfjutomDrt_PSyXsa0m9yZLurE7KqMMvm5AeUneBRHOvaxt2OVzLXOWy3Lam4lPO3-zvLdjKNoYRNUU0DrQDCgFCnsDb6MFkIdES2ZDXbEdE5_hos8sWOEQjLOhFvT-9JzaI:1vfudw:2ExbNHYkG9jYV_bU5NrNc8CyC7nIluPcntJDxkBn7cY	2026-01-28 13:46:12.219773+07
\.


--
-- Data for Name: investments; Type: TABLE DATA; Schema: public; Owner: postgres
--

COPY public.investments (id, quantity, total_amount, profit_type, profit_rate, profit_method, claim_reset_mode, duration_days, remaining_days, expires_at, last_claim_time, next_claim_time, total_claimed_profit, status, created_at, updated_at, product_id, transaction_id, user_id, claims_count, claims_remaining, first_claim_time, last_claim_amount, total_claimed_amount, profit_random_max, profit_random_min) FROM stdin;
83	1	115500.00	fixed	4043.00	manual	at_custom	120	118	2026-05-12 16:48:57.603514+07	2026-01-13 08:34:29.469429+07	2026-01-14 07:00:00+07	8086.00	ACTIVE	2026-01-12 16:48:57.603514+07	2026-01-13 08:34:29.470979+07	9	1399	53	2	118	2026-01-12 16:49:14.823182+07	4043.00	8086.00	0.00	0.00
81	1	115500.00	fixed	4043.00	manual	at_custom	120	119	2026-05-12 16:17:35.614726+07	2026-01-12 16:17:45.694951+07	2026-01-13 07:00:00+07	4043.00	ACTIVE	2026-01-12 16:17:35.614726+07	2026-01-12 16:17:45.69648+07	9	1384	52	1	119	2026-01-12 16:17:45.694951+07	4043.00	4043.00	0.00	0.00
80	1	115500.00	fixed	4043.00	manual	at_custom	120	119	2026-05-12 16:17:29.773699+07	2026-01-12 16:17:48.844337+07	2026-01-13 07:00:00+07	4043.00	ACTIVE	2026-01-12 16:17:29.773699+07	2026-01-12 16:17:48.844337+07	9	1383	52	1	119	2026-01-12 16:17:48.844337+07	4043.00	4043.00	0.00	0.00
46	1	45000.00	fixed	9000.00	auto	after_purchase	180	140	2026-05-31 17:59:30.115601+07	2026-01-11 20:52:36.130815+07	2026-01-12 20:52:36.130815+07	108000.00	ACTIVE	2025-12-02 17:59:30.11611+07	2026-01-11 20:52:36.130815+07	36	808	25	12	168	2025-12-04 22:21:51.126935+07	9000.00	108000.00	0.00	0.00
87	1	115500.00	fixed	4043.00	manual	at_custom	120	119	2026-05-13 11:19:41.247397+07	2026-01-13 11:19:54.48449+07	2026-01-14 07:00:00+07	4043.00	ACTIVE	2026-01-13 11:19:41.24892+07	2026-01-13 11:19:54.48449+07	9	1439	57	1	119	2026-01-13 11:19:54.48449+07	4043.00	4043.00	0.00	0.00
60	1	50000.00	fixed	7500.00	auto	after_purchase	100	66	2026-03-18 18:32:00.74493+07	2026-01-11 20:52:36.052513+07	2026-01-12 20:52:36.052513+07	52500.00	ACTIVE	2025-12-08 18:32:00.74493+07	2026-01-11 20:52:36.052513+07	36	1016	34	7	93	2025-12-23 11:45:47.41071+07	7500.00	52500.00	0.00	0.00
43	1	45000.00	fixed	9000.00	auto	after_purchase	180	139	2026-05-30 17:39:39.847464+07	2026-01-11 20:52:36.154661+07	2026-01-12 20:52:36.154661+07	117000.00	ACTIVE	2025-12-01 17:39:39.848465+07	2026-01-11 20:52:36.154661+07	36	760	18	13	167	2025-12-02 17:42:59.759784+07	9000.00	117000.00	0.00	0.00
11	1	117000.00	percentage	4.00	auto	after_purchase	80	18	2026-01-29 09:29:56.891172+07	2026-01-11 20:52:36.240547+07	2026-01-12 20:52:36.240547+07	88920.00	ACTIVE	2025-11-10 09:29:56.891381+07	2026-01-11 20:52:36.240547+07	36	66	6	19	61	2025-11-26 20:47:14.954596+07	4680.00	88920.00	\N	\N
55	1	470000.00	fixed	94000.00	auto	after_purchase	180	145	2026-06-05 17:45:57.203815+07	2026-01-11 20:52:36.083179+07	2026-01-12 20:52:36.083179+07	752000.00	ACTIVE	2025-12-07 17:45:57.206474+07	2026-01-11 20:52:36.083179+07	4	952	32	8	172	2025-12-08 17:49:54.177293+07	94000.00	752000.00	0.00	0.00
59	1	50000.00	fixed	7500.00	auto	after_purchase	100	66	2026-03-18 18:31:52.786061+07	2026-01-11 20:52:36.061387+07	2026-01-12 20:52:36.061387+07	52500.00	ACTIVE	2025-12-08 18:31:52.787061+07	2026-01-11 20:52:36.061387+07	36	1012	34	7	93	2025-12-23 11:45:47.419707+07	7500.00	52500.00	0.00	0.00
40	1	100000.00	fixed	20000.00	auto	after_purchase	180	139	2026-05-30 14:56:27.24933+07	2026-01-11 20:52:36.176185+07	2026-01-12 20:52:36.176185+07	260000.00	ACTIVE	2025-12-01 14:56:27.250473+07	2026-01-11 20:52:36.176185+07	1	732	14	13	167	2025-12-02 14:57:37.510134+07	20000.00	260000.00	0.00	0.00
49	1	45000.00	fixed	9000.00	auto	after_purchase	180	140	2026-05-31 19:56:21.112604+07	2026-01-11 20:52:36.106692+07	2026-01-12 20:52:36.106692+07	108000.00	ACTIVE	2025-12-02 19:56:21.112604+07	2026-01-11 20:52:36.106692+07	36	829	29	12	168	2025-12-04 22:21:49.999672+07	9000.00	108000.00	0.00	0.00
42	1	45000.00	fixed	9000.00	auto	after_purchase	180	139	2026-05-30 17:28:30.530531+07	2026-01-11 20:52:36.162345+07	2026-01-12 20:52:36.162345+07	117000.00	ACTIVE	2025-12-01 17:28:30.530531+07	2026-01-11 20:52:36.162345+07	36	751	16	13	167	2025-12-02 17:32:57.942023+07	9000.00	117000.00	0.00	0.00
37	1	100000.00	fixed	20000.00	auto	after_purchase	180	138	2026-05-29 22:46:49.293531+07	2026-01-11 20:52:36.196089+07	2026-01-12 20:52:36.196089+07	280000.00	ACTIVE	2025-11-30 22:46:49.294674+07	2026-01-11 20:52:36.196089+07	1	713	9	14	166	2025-12-01 22:49:17.59095+07	20000.00	280000.00	0.00	0.00
39	1	45000.00	fixed	9000.00	auto	after_purchase	180	139	2026-05-30 14:52:28.096844+07	2026-01-11 20:52:36.182754+07	2026-01-12 20:52:36.182754+07	117000.00	ACTIVE	2025-12-01 14:52:28.097857+07	2026-01-11 20:52:36.182754+07	36	728	14	13	167	2025-12-02 14:52:36.618083+07	9000.00	117000.00	0.00	0.00
34	1	45000.00	fixed	9000.00	auto	after_purchase	180	138	2026-05-29 22:37:42.39523+07	2026-01-11 20:52:36.216018+07	2026-01-12 20:52:36.216018+07	126000.00	ACTIVE	2025-11-30 22:37:42.397583+07	2026-01-11 20:52:36.217534+07	36	698	10	14	166	2025-12-01 22:39:14.816056+07	9000.00	126000.00	0.00	0.00
36	1	45000.00	fixed	9000.00	auto	after_purchase	180	138	2026-05-29 22:43:58.402384+07	2026-01-11 20:52:36.202249+07	2026-01-12 20:52:36.202249+07	126000.00	ACTIVE	2025-11-30 22:43:58.402384+07	2026-01-11 20:52:36.202249+07	36	709	9	14	166	2025-12-01 22:44:15.951086+07	9000.00	126000.00	0.00	0.00
4	1	117000.00	percentage	4.00	auto	after_purchase	80	17	2026-01-29 00:42:59.206296+07	2026-01-11 20:52:36.255466+07	2026-01-12 20:52:36.255466+07	88920.00	ACTIVE	2025-11-10 00:42:59.206626+07	2026-01-11 20:52:36.257002+07	36	13	3	19	61	2025-11-26 20:47:18.021252+07	4680.00	88920.00	\N	\N
23	1	117000.00	percentage	4.00	auto	after_purchase	80	18	2026-01-29 09:47:50.993668+07	2026-01-11 20:52:36.223652+07	2026-01-12 20:52:36.223652+07	88920.00	ACTIVE	2025-11-10 09:47:50.993866+07	2026-01-11 20:52:36.22466+07	36	138	4	19	61	2025-11-26 20:46:56.815646+07	4680.00	88920.00	\N	\N
17	1	117000.00	percentage	4.00	auto	after_purchase	80	18	2026-01-29 09:34:51.52925+07	2026-01-11 20:52:36.231323+07	2026-01-12 20:52:36.231323+07	88920.00	ACTIVE	2025-11-10 09:34:51.529398+07	2026-01-11 20:52:36.232849+07	36	101	7	19	61	2025-11-26 20:47:12.241886+07	4680.00	88920.00	\N	\N
89	1	115500.00	fixed	4043.00	manual	at_custom	120	119	2026-05-13 11:26:57.917434+07	2026-01-13 11:30:17.53563+07	2026-01-14 07:00:00+07	4043.00	ACTIVE	2026-01-13 11:26:57.918973+07	2026-01-13 11:30:17.536634+07	9	1452	58	1	119	2026-01-13 11:30:17.53563+07	4043.00	4043.00	0.00	0.00
90	1	115500.00	fixed	4043.00	manual	at_custom	120	119	2026-05-13 11:27:01.000599+07	2026-01-13 11:30:16.024135+07	2026-01-14 07:00:00+07	4043.00	ACTIVE	2026-01-13 11:27:01.000599+07	2026-01-13 11:30:16.024135+07	9	1456	58	1	119	2026-01-13 11:30:16.024135+07	4043.00	4043.00	0.00	0.00
58	1	45000.00	fixed	9000.00	auto	after_purchase	180	146	2026-06-06 07:06:55.393467+07	2026-01-11 20:52:36.069021+07	2026-01-12 20:52:36.069021+07	72000.00	ACTIVE	2025-12-08 07:06:55.394476+07	2026-01-11 20:52:36.070029+07	36	994	32	8	172	2025-12-09 07:09:09.326138+07	9000.00	72000.00	0.00	0.00
35	1	45000.00	fixed	9000.00	auto	after_purchase	180	138	2026-05-29 22:42:37.30742+07	2026-01-11 20:52:36.209904+07	2026-01-12 20:52:36.209904+07	126000.00	ACTIVE	2025-11-30 22:42:37.30742+07	2026-01-11 20:52:36.209904+07	36	705	11	14	166	2025-12-01 22:44:16.290847+07	9000.00	126000.00	0.00	0.00
54	1	300000.00	fixed	60000.00	auto	after_purchase	180	145	2026-06-05 17:45:11.75208+07	2026-01-11 20:52:36.090255+07	2026-01-12 20:52:36.090255+07	480000.00	ACTIVE	2025-12-07 17:45:11.753093+07	2026-01-11 20:52:36.090763+07	3	949	32	8	172	2025-12-08 17:49:54.462098+07	60000.00	480000.00	0.00	0.00
48	1	45000.00	fixed	9000.00	auto	after_purchase	180	140	2026-05-31 19:54:49.44368+07	2026-01-11 20:52:36.11434+07	2026-01-12 20:52:36.11434+07	108000.00	ACTIVE	2025-12-02 19:54:49.444186+07	2026-01-11 20:52:36.11434+07	36	823	28	12	168	2025-12-04 22:21:50.354195+07	9000.00	108000.00	0.00	0.00
41	1	45000.00	fixed	9000.00	auto	after_purchase	180	139	2026-05-30 17:24:23.322815+07	2026-01-11 20:52:36.170034+07	2026-01-12 20:52:36.170034+07	117000.00	ACTIVE	2025-12-01 17:24:23.323815+07	2026-01-11 20:52:36.170034+07	36	743	17	13	167	2025-12-02 17:27:56.981944+07	9000.00	117000.00	0.00	0.00
56	1	45000.00	fixed	9000.00	auto	after_purchase	180	145	2026-06-05 17:53:44.327683+07	2026-01-11 20:52:36.076613+07	2026-01-12 20:52:36.076613+07	72000.00	ACTIVE	2025-12-07 17:53:44.329733+07	2026-01-11 20:52:36.076613+07	36	957	33	8	172	2025-12-08 17:54:55.470219+07	9000.00	72000.00	0.00	0.00
45	1	45000.00	fixed	9000.00	auto	after_purchase	180	140	2026-05-31 17:56:01.818001+07	2026-01-11 20:52:36.140026+07	2026-01-12 20:52:36.140026+07	108000.00	ACTIVE	2025-12-02 17:56:01.819506+07	2026-01-11 20:52:36.140026+07	36	802	24	12	168	2025-12-04 22:21:51.508669+07	9000.00	108000.00	0.00	0.00
47	1	45000.00	fixed	9000.00	auto	after_purchase	180	140	2026-05-31 18:01:11.477697+07	2026-01-11 20:52:36.123183+07	2026-01-12 20:52:36.123183+07	108000.00	ACTIVE	2025-12-02 18:01:11.478703+07	2026-01-11 20:52:36.123183+07	36	814	26	12	168	2025-12-04 22:21:50.721291+07	9000.00	108000.00	0.00	0.00
38	1	180000.00	fixed	36000.00	auto	after_purchase	180	138	2026-05-29 22:47:06.560175+07	2026-01-11 20:52:36.189961+07	2026-01-12 20:52:36.189961+07	504000.00	ACTIVE	2025-11-30 22:47:06.561178+07	2026-01-11 20:52:36.189961+07	2	716	9	14	166	2025-12-01 22:49:17.004707+07	36000.00	504000.00	0.00	0.00
50	1	45000.00	fixed	9000.00	auto	after_purchase	180	140	2026-05-31 19:57:47.572606+07	2026-01-11 20:52:36.097901+07	2026-01-12 20:52:36.097901+07	108000.00	ACTIVE	2025-12-02 19:57:47.572606+07	2026-01-11 20:52:36.097901+07	36	835	30	12	168	2025-12-04 22:21:49.619908+07	9000.00	108000.00	0.00	0.00
44	1	45000.00	fixed	9000.00	auto	after_purchase	180	139	2026-05-30 17:43:36.642666+07	2026-01-11 20:52:36.147691+07	2026-01-12 20:52:36.147691+07	117000.00	ACTIVE	2025-12-01 17:43:36.642666+07	2026-01-11 20:52:36.147691+07	36	766	19	13	167	2025-12-02 17:48:00.680723+07	9000.00	117000.00	0.00	0.00
91	1	188000.00	fixed	7520.00	manual	at_custom	40	39	2026-02-22 11:27:14.407695+07	2026-01-13 11:30:13.744897+07	2026-01-14 07:00:00+07	7520.00	ACTIVE	2026-01-13 11:27:14.407695+07	2026-01-13 11:30:13.744897+07	10	1460	58	1	39	2026-01-13 11:30:13.744897+07	7520.00	7520.00	0.00	0.00
92	1	390465.00	fixed	13666.00	manual	at_custom	150	149	2026-06-12 11:27:34.112796+07	2026-01-13 11:30:12.253575+07	2026-01-14 07:00:00+07	13666.00	ACTIVE	2026-01-13 11:27:34.113303+07	2026-01-13 11:30:12.255106+07	8	1464	58	1	149	2026-01-13 11:30:12.253575+07	13666.00	13666.00	0.00	0.00
94	1	188000.00	fixed	7520.00	manual	at_custom	40	39	2026-02-22 11:37:45.388006+07	2026-01-13 11:38:06.987326+07	2026-01-14 07:00:00+07	7520.00	ACTIVE	2026-01-13 11:37:45.389541+07	2026-01-13 11:38:06.988856+07	10	1477	60	1	39	2026-01-13 11:38:06.987326+07	7520.00	7520.00	0.00	0.00
85	1	115500.00	fixed	4043.00	manual	at_custom	120	119	2026-05-13 11:02:41.199748+07	2026-01-13 11:04:21.065042+07	2026-01-14 07:00:00+07	4043.00	ACTIVE	2026-01-13 11:02:41.199748+07	2026-01-13 11:04:21.065551+07	9	1426	56	1	119	2026-01-13 11:04:21.065042+07	4043.00	4043.00	0.00	0.00
95	1	115500.00	fixed	4043.00	manual	at_custom	120	119	2026-05-13 11:38:20.216816+07	2026-01-13 11:38:31.486044+07	2026-01-14 07:00:00+07	4043.00	ACTIVE	2026-01-13 11:38:20.218505+07	2026-01-13 11:38:31.486044+07	9	1483	60	1	119	2026-01-13 11:38:31.486044+07	4043.00	4043.00	0.00	0.00
61	1	50000.00	fixed	7500.00	auto	after_purchase	100	66	2026-03-18 18:33:17.482076+07	2026-01-11 20:52:36.028451+07	2026-01-12 20:52:36.028451+07	52500.00	ACTIVE	2025-12-08 18:33:17.482076+07	2026-01-11 20:52:36.028451+07	36	1021	37	7	93	2025-12-23 11:45:47.398223+07	7500.00	52500.00	0.00	0.00
93	1	115500.00	fixed	4043.00	manual	at_custom	120	119	2026-05-13 11:37:38.876285+07	2026-01-13 11:38:08.654631+07	2026-01-14 07:00:00+07	4043.00	ACTIVE	2026-01-13 11:37:38.876285+07	2026-01-13 11:38:08.656158+07	9	1473	60	1	119	2026-01-13 11:38:08.654631+07	4043.00	4043.00	0.00	0.00
5	1	117000.00	percentage	4.00	auto	after_purchase	80	18	2026-01-29 09:23:38.114815+07	2026-01-11 20:52:36.249324+07	2026-01-12 20:52:36.249324+07	88920.00	ACTIVE	2025-11-10 09:23:38.115086+07	2026-01-11 20:52:36.249324+07	36	31	5	19	61	2025-11-26 20:47:17.560118+07	4680.00	88920.00	\N	\N
82	1	115500.00	fixed	4043.00	manual	at_custom	120	118	2026-05-12 16:47:23.426739+07	2026-01-13 08:34:31.541397+07	2026-01-14 07:00:00+07	8086.00	ACTIVE	2026-01-12 16:47:23.426739+07	2026-01-13 08:34:31.541916+07	9	1396	53	2	118	2026-01-12 16:49:16.531465+07	4043.00	8086.00	0.00	0.00
88	1	188000.00	fixed	7520.00	manual	at_custom	40	39	2026-02-22 11:22:56.337857+07	2026-01-13 11:23:05.975581+07	2026-01-14 07:00:00+07	7520.00	ACTIVE	2026-01-13 11:22:56.337857+07	2026-01-13 11:23:05.976586+07	10	1444	57	1	39	2026-01-13 11:23:05.975581+07	7520.00	7520.00	0.00	0.00
86	1	115500.00	fixed	4043.00	manual	at_custom	120	119	2026-05-13 11:17:35.36052+07	2026-01-13 11:18:01.343442+07	2026-01-14 07:00:00+07	4043.00	ACTIVE	2026-01-13 11:17:35.36052+07	2026-01-13 11:18:01.343945+07	9	1434	57	1	119	2026-01-13 11:18:01.343442+07	4043.00	4043.00	0.00	0.00
79	1	10000.00	fixed	1000.00	manual	at_custom	5	4	2026-01-17 07:41:32.531102+07	2026-01-12 07:43:54.791737+07	2026-01-13 07:00:00+07	1000.00	ACTIVE	2026-01-12 07:41:32.531102+07	2026-01-12 07:43:54.792741+07	9	1367	51	1	4	2026-01-12 07:43:54.791737+07	1000.00	1000.00	0.00	0.00
78	1	10000.00	fixed	1000.00	manual	at_custom	5	4	2026-01-17 07:41:28.691334+07	2026-01-12 07:44:05.566859+07	2026-01-13 07:00:00+07	1000.00	ACTIVE	2026-01-12 07:41:28.691334+07	2026-01-12 07:44:05.567864+07	9	1365	51	1	4	2026-01-12 07:44:05.566859+07	1000.00	1000.00	0.00	0.00
96	1	115500.00	fixed	4043.00	manual	at_custom	120	119	2026-05-13 11:48:16.637824+07	2026-01-13 11:48:24.438733+07	2026-01-14 07:00:00+07	4043.00	ACTIVE	2026-01-13 11:48:16.63936+07	2026-01-13 11:48:24.440267+07	9	1490	61	1	119	2026-01-13 11:48:24.438733+07	4043.00	4043.00	0.00	0.00
97	1	115500.00	fixed	4043.00	manual	at_custom	120	119	2026-05-13 11:51:29.047081+07	2026-01-13 16:34:20.53205+07	2026-01-14 07:00:00+07	4043.00	ACTIVE	2026-01-13 11:51:29.047081+07	2026-01-13 16:34:20.53205+07	9	1497	62	1	119	2026-01-13 16:34:20.53205+07	4043.00	4043.00	0.00	0.00
75	1	20000.00	fixed	2000.00	manual	at_custom	5	3	2026-01-16 22:34:18.386949+07	2026-01-13 18:43:19.065436+07	2026-01-14 07:00:00+07	2000.00	ACTIVE	2026-01-11 22:34:18.386949+07	2026-01-13 18:43:19.066972+07	8	1352	43	1	4	2026-01-13 18:43:19.065436+07	2000.00	2000.00	0.00	0.00
74	1	10000.00	fixed	1000.00	manual	after_purchase	5	3	2026-01-16 22:32:12.503499+07	\N	2026-01-12 22:32:12.503499+07	0.00	ACTIVE	2026-01-11 22:32:12.503499+07	2026-01-11 22:32:12.506553+07	9	1349	43	0	5	\N	0.00	0.00	0.00	0.00
84	1	115500.00	fixed	4043.00	manual	at_custom	120	119	2026-05-13 10:53:47.167188+07	2026-01-13 10:58:31.04417+07	2026-01-14 07:00:00+07	4043.00	ACTIVE	2026-01-13 10:53:47.167188+07	2026-01-13 10:58:31.04417+07	9	1420	56	1	119	2026-01-13 10:58:31.04417+07	4043.00	4043.00	0.00	0.00
76	1	10000.00	fixed	1000.00	manual	at_custom	5	4	2026-01-17 00:25:52.234168+07	2026-01-12 00:30:06.109211+07	2026-01-12 07:00:00+07	1000.00	ACTIVE	2026-01-12 00:25:52.234168+07	2026-01-12 00:30:06.110218+07	9	1357	45	1	4	2026-01-12 00:30:06.109211+07	1000.00	1000.00	0.00	0.00
73	1	10000.00	fixed	1000.00	manual	after_purchase	5	3	2026-01-16 19:15:56.777016+07	2026-01-14 00:08:48.307733+07	2026-01-14 07:08:48.307733+07	2000.00	ACTIVE	2026-01-11 19:15:56.778545+07	2026-01-14 00:08:48.309255+07	9	1317	2	2	3	2026-01-12 10:31:16.253393+07	1000.00	2000.00	0.00	0.00
98	1	115500.00	fixed	4043.00	manual	at_custom	120	118	2026-05-13 20:17:01.801096+07	2026-01-14 11:06:47.688407+07	2026-01-15 07:00:00+07	8086.00	ACTIVE	2026-01-13 20:17:01.802661+07	2026-01-14 11:06:47.689936+07	9	1512	55	2	118	2026-01-13 20:28:16.057703+07	4043.00	8086.00	0.00	0.00
\.


--
-- Data for Name: mission_user_states; Type: TABLE DATA; Schema: public; Owner: postgres
--

COPY public.mission_user_states (id, claimed_count, last_claimed_at, created_at, updated_at, mission_id, user_id) FROM stdin;
4	1	2025-12-01 17:44:09.774675+07	2025-12-01 17:44:09.605201+07	2025-12-01 17:44:09.774675+07	13	16
5	0	\N	2025-12-01 21:16:29.858859+07	2025-12-01 21:16:29.858859+07	13	14
6	0	\N	2025-12-01 21:16:39.253635+07	2025-12-01 21:16:39.254636+07	12	14
7	0	\N	2025-12-01 21:16:43.09855+07	2025-12-01 21:16:43.09855+07	9	14
8	0	\N	2025-12-01 21:16:45.058975+07	2025-12-01 21:16:45.058975+07	8	14
9	0	\N	2025-12-01 21:16:47.100235+07	2025-12-01 21:16:47.116151+07	10	14
10	0	\N	2025-12-01 21:20:15.126972+07	2025-12-01 21:20:15.126972+07	12	16
11	1	2025-12-02 18:04:08.556685+07	2025-12-02 18:04:08.401955+07	2025-12-02 18:04:08.556685+07	13	23
12	1	2025-12-02 19:58:27.468537+07	2025-12-02 19:58:27.355338+07	2025-12-02 19:58:27.469548+07	12	23
13	1	2026-01-12 22:46:40.884005+07	2026-01-12 22:46:40.86307+07	2026-01-12 22:46:40.884005+07	35	2
14	1	2026-01-13 11:47:16.524395+07	2026-01-13 11:47:16.515478+07	2026-01-13 11:47:16.524395+07	1	55
15	1	2026-01-13 11:48:34.053085+07	2026-01-13 11:48:34.046988+07	2026-01-13 11:48:34.053085+07	35	55
16	1	2026-01-13 11:52:00.168524+07	2026-01-13 11:52:00.163339+07	2026-01-13 11:52:00.168524+07	36	55
17	1	2026-01-13 15:21:10.665207+07	2026-01-13 15:21:10.630689+07	2026-01-13 15:21:10.665207+07	1	2
18	1	2026-01-14 11:25:56.737016+07	2026-01-14 11:25:56.72935+07	2026-01-14 11:25:56.737016+07	23	55
\.


--
-- Data for Name: missions; Type: TABLE DATA; Schema: public; Owner: postgres
--

COPY public.missions (id, description, is_active, is_repeatable, level, type, requirement, reward, reward_balance_type, referral_levels, created_at, updated_at, title) FROM stdin;
27	Ketika Anda melakukan isi ulang, manfaat Anda lebih banyak setelah mencapainya. Menerima IDR 888.000. Ambil hadiah fisik sekarang.	t	f	1	deposit_self	14800000	888000.00	balance	[]	2026-01-12 14:12:14.191019+07	2026-01-12 14:12:14.192532+07	VIP 5
28	Ketika Anda melakukan isi ulang, manfaat Anda lebih banyak setelah mencapainya. Menerima IDR 1.410.000. Ambil hadiah fisik sekarang.	t	f	1	deposit_self	23500000	1410000.00	balance	[]	2026-01-12 14:13:59.007438+07	2026-01-12 14:13:59.008971+07	VIP 6
29	Ketika Anda melakukan isi ulang, manfaat Anda lebih banyak setelah mencapainya. Menerima IDR 1.800.000. Ambil hadiah fisik sekarang.	t	f	1	deposit_self	30000000	1800000.00	balance	[]	2026-01-12 14:15:07.51498+07	2026-01-12 14:15:07.51498+07	VIP 7
30	LOREMIPSUM	f	f	1	deposit_self	10	10.00	balance	[]	2026-01-12 14:16:40.188021+07	2026-01-12 14:16:40.188531+07	VIP 8
31	LOREM IPSUM	f	f	1	deposit_self	20	20.00	balance	[]	2026-01-12 14:17:06.366883+07	2026-01-12 14:17:06.366883+07	VIP 9
32	LOREMIPSUM	f	f	1	deposit_self	30	30.00	balance	[]	2026-01-12 14:17:30.742973+07	2026-01-12 14:17:30.742973+07	VIP 10
33	LOREMIPSUM	f	f	1	deposit_self	40	40.00	balance	[]	2026-01-12 14:18:37.961411+07	2026-01-12 14:18:37.962416+07	VIP 11
34	LOREM IPSUM	f	f	1	deposit_self	50	50.00	balance	[]	2026-01-12 14:21:41.597248+07	2026-01-12 14:21:41.598787+07	VIP 12
23	Ketika Anda melakukan isi ulang, manfaat Anda lebih banyak setelah mencapainya. Menerima IDR 30.000. Ambil hadiah fisik sekarang.	t	f	1	deposit_self	50000	30000.00	balance	[]	2026-01-12 14:07:53.090056+07	2026-01-12 22:36:56.278885+07	VIP 1
14	Bagikan tautan undangan Anda dan dapatkan anggota untuk membuka manfaat IDR 100.000	t	f	8	referral	2000	100000.00	balance	[1]	2025-12-08 07:44:54.069357+07	2026-01-12 22:33:35.87761+07	Task 8
8	Bagikan tautan undangan Anda dan dapatkan anggota untuk membuka manfaat IDR 7.000	t	f	2	referral	40	7000.00	balance	[1]	2025-11-30 20:03:11.915515+07	2026-01-12 13:51:09.190187+07	Task 2
9	Bagikan tautan undangan Anda dan dapatkan anggota untuk membuka manfaat IDR 10.000	t	f	3	referral	100	10000.00	balance	[1]	2025-11-30 20:04:14.76126+07	2026-01-12 13:52:08.008246+07	Task 3
10	Bagikan tautan undangan Anda dan dapatkan anggota untuk membuka manfaat IDR 15.000	t	f	4	referral	250	15000.00	balance	[1]	2025-11-30 20:05:09.072787+07	2026-01-12 13:52:25.883874+07	Task 4
11	Bagikan tautan undangan Anda dan dapatkan anggota untuk membuka manfaat IDR 38.000	t	f	5	referral	475	38000.00	balance	[1]	2025-11-30 20:06:26.833176+07	2026-01-12 13:53:13.088986+07	Task 5
12	Bagikan tautan undangan Anda dan dapatkan anggota untuk membuka manfaat IDR 60.000	t	f	6	referral	800	60000.00	balance	[1]	2025-11-30 20:07:25.013626+07	2026-01-12 13:55:13.07099+07	Task 6
13	Bagikan tautan undangan Anda dan dapatkan anggota untuk membuka manfaat IDR 80.000	t	f	7	referral	1200	80000.00	balance	[1]	2025-11-30 20:08:48.965986+07	2026-01-12 13:55:43.428684+07	Task 7
15	Anggota Anda melakukan beberapa pengisian ulang, ambil manfaatnya IDR 56.000	t	f	1	deposit	100000	56000.00	balance	[1]	2025-12-08 07:45:45.947898+07	2026-01-12 22:34:08.500072+07	Task 9
16	Anggota Anda melakukan beberapa pengisian ulang, ambil manfaatnya IDR 117.000	t	f	1	deposit	3000000	117000.00	balance	[1]	2025-12-08 07:46:41.15157+07	2026-01-12 13:58:31.072263+07	Task 10
18	Anggota Anda melakukan beberapa pengisian ulang, ambil manfaatnya IDR 290.000	t	f	1	deposit	5900000	290000.00	balance	[1]	2026-01-12 13:59:44.992649+07	2026-01-12 13:59:44.994186+07	Task 11
19	Anggota Anda melakukan beberapa pengisian ulang, ambil manfaatnya IDR 690.000	t	f	1	deposit	8000000	690000.00	balance	[1]	2026-01-12 14:00:30.90673+07	2026-01-12 14:00:39.349641+07	Task 12
20	Anggota Anda melakukan beberapa pengisian ulang, ambil manfaatnya IDR 1.005.000	t	f	1	deposit	15000000	1005000.00	balance	[1]	2026-01-12 14:01:23.899078+07	2026-01-12 14:01:23.900597+07	Task 13
21	Anggota Anda melakukan beberapa pengisian ulang, ambil manfaatnya IDR 1.805.000	t	f	1	deposit	21000000	1805000.00	balance	[1]	2026-01-12 14:02:03.943596+07	2026-01-12 14:02:03.943596+07	Task 14
22	Anggota Anda melakukan beberapa pengisian ulang, ambil manfaatnya IDR 3.005.000	t	f	1	deposit	55000000	3005000.00	balance	[1]	2026-01-12 14:03:42.959757+07	2026-01-12 14:03:42.960263+07	Task 15
24	Ketika Anda melakukan isi ulang, manfaat Anda lebih banyak setelah mencapainya. Menerima IDR 72.000. Ambil hadiah fisik sekarang.	t	f	1	deposit_self	1200000	72000.00	balance	[1]	2026-01-12 14:08:31.610959+07	2026-01-12 14:08:31.611978+07	VIP 2
25	Ketika Anda melakukan isi ulang, manfaat Anda lebih banyak setelah mencapainya. Menerima IDR 150.000. Ambil hadiah fisik sekarang.	t	f	1	deposit_self	2500000	150000.00	balance	[]	2026-01-12 14:09:23.696638+07	2026-01-12 14:09:23.696638+07	VIP 3
26	Ketika Anda melakukan isi ulang, manfaat Anda lebih banyak setelah mencapainya. Menerima IDR 360.000. Ambil hadiah fisik sekarang.	t	f	1	deposit_self	6000000	360000.00	balance	[]	2026-01-12 14:09:59.981147+07	2026-01-12 14:09:59.98269+07	VIP 4
37	Ketika Anda sudah mencapai target seorang agen kerja, Anda dapat klaim penghasilan tetap 3 kali dalam satu bulan IDR 170.000	t	f	1	active_downline	55	170000.00	balance	[1]	2026-01-12 14:28:29.785804+07	2026-01-12 14:28:29.785804+07	Agen Madya
38	Ketika Anda sudah mencapai target seorang agen kerja, Anda dapat klaim penghasilan tetap 3 kali dalam satu bulan IDR 250.000	t	f	1	active_downline	70	250000.00	balance	[1]	2026-01-12 14:29:20.096394+07	2026-01-12 14:29:20.096394+07	Agen Utama
39	Ketika Anda sudah mencapai target seorang agen kerja, Anda dapat klaim penghasilan tetap 3 kali dalam satu bulan IDR 400.000	t	f	1	active_downline	130	400000.00	balance	[1]	2026-01-12 14:30:31.916288+07	2026-01-12 14:30:31.917855+07	Agen Unggul
40	Ketika Anda sudah mencapai target seorang agen kerja, Anda dapat klaim penghasilan tetap 3 kali dalam satu bulan IDR 700.000	t	f	1	active_downline	290	700000.00	balance	[1]	2026-01-12 14:31:48.274661+07	2026-01-12 14:31:48.276179+07	Agen Prioritas
42	Ketika Anda sudah mencapai target seorang agen kerja, Anda dapat klaim penghasilan tetap 3 kali dalam satu bulan IDR 6.700.000	t	f	1	active_downline	1999	6700000.00	balance	[1]	2026-01-12 14:33:06.503943+07	2026-01-12 14:33:06.505455+07	Agen Kehormatan
41	Ketika Anda sudah mencapai target seorang agen kerja, Anda dapat klaim penghasilan tetap 3 kali dalam satu bulan IDR 1.750.000	t	f	1	active_downline	510	1750000.00	balance	[1]	2026-01-12 14:32:30.491578+07	2026-01-12 21:51:15.125122+07	Agen Eksklusif
1	Bagikan tautan undangan Anda dan dapatkan anggota untuk membuka manfaat IDR 2.000	t	f	1	referral	3	2000.00	balance	[1]	2025-10-05 14:32:30.687851+07	2026-01-12 22:33:11.865065+07	Task 1
35	Ketika Anda sudah mencapai target seorang agen kerja, Anda dapat klaim penghasilan tetap 3 kali dalam satu bulan IDR 50.000	t	f	1	active_downline	3	50000.00	balance	[1]	2026-01-12 14:26:38.91625+07	2026-01-12 22:37:15.013227+07	Agen Dasar
36	Ketika Anda sudah mencapai target seorang agen kerja, Anda dapat klaim penghasilan tetap 3 kali dalam satu bulan IDR 95.000	t	f	1	active_downline	4	95000.00	balance	[1]	2026-01-12 14:27:09.841285+07	2026-01-13 11:49:04.416932+07	Agen Pemula
\.


--
-- Data for Name: news_news; Type: TABLE DATA; Schema: public; Owner: postgres
--

COPY public.news_news (id, title, slug, body, is_published, published_at, updated_at, image) FROM stdin;
9	CoreVolt Menegaskan Komitmen terhadap Keamanan dan Keandalan Sistem	corevolt-menegaskan-komitmen-terhadap-keamanan-dan-keandalan-sistem	CoreVolt menegaskan komitmennya dalam menjaga keamanan dan keandalan sistem sebagai fondasi utama dalam penyelenggaraan seluruh layanan yang tersedia bagi pengguna. Komitmen ini merupakan bagian dari upaya berkelanjutan perusahaan untuk membangun ekosistem layanan yang stabil, tertib, dan dapat diandalkan dalam jangka panjang.\r\n\r\nDalam operasionalnya, CoreVolt menempatkan keamanan sistem sebagai prioritas penting untuk memastikan setiap proses berjalan sesuai dengan mekanisme yang telah ditetapkan. Sistem dirancang dengan pendekatan pengelolaan yang terstruktur, termasuk pencatatan aktivitas secara sistematis serta pemantauan berkala terhadap kinerja layanan.\r\n\r\nKeandalan sistem menjadi aspek yang tidak terpisahkan dari keamanan. Oleh karena itu, CoreVolt secara konsisten melakukan evaluasi performa guna menjaga stabilitas layanan, meminimalkan gangguan operasional, serta memastikan akses pengguna tetap berjalan dengan lancar. Langkah ini dilakukan agar pengguna dapat mengakses informasi dan layanan dengan tingkat kenyamanan yang optimal.\r\n\r\nSelain itu, CoreVolt juga menerapkan penguatan prosedur internal sebagai bagian dari pengelolaan risiko. Setiap penyesuaian sistem maupun kebijakan layanan melalui proses peninjauan untuk memastikan kesesuaiannya dengan standar operasional perusahaan. Pendekatan ini bertujuan untuk menjaga konsistensi layanan sekaligus meningkatkan akuntabilitas internal.\r\n\r\nDalam konteks pengembangan berkelanjutan, CoreVolt memandang keamanan dan keandalan sistem bukan sebagai upaya sesaat, melainkan sebagai proses jangka panjang yang terus disempurnakan. Evaluasi rutin, peningkatan mekanisme kerja, serta penyesuaian terhadap kebutuhan pengguna menjadi bagian dari strategi perusahaan dalam mempertahankan kualitas layanan.\r\n\r\nMelalui komitmen ini, CoreVolt berharap dapat memberikan rasa aman dan kepercayaan kepada pengguna, sekaligus menciptakan lingkungan layanan yang stabil dan berkelanjutan. Ke depan, CoreVolt akan terus memperkuat sistem dan tata kelola internal sebagai bentuk tanggung jawab perusahaan dalam menghadirkan layanan yang dapat diandalkan.	t	2026-01-12 14:55:07.875118+07	2026-01-12 14:55:07.875118+07	news/235363.png
6	CoreVolt Resmi Meluncurkan Program VIP Berjenjang	corevolt-resmi-meluncurkan-program-vip-berjenjang	CoreVolt secara resmi meluncurkan Program VIP Berjenjang sebagai bagian dari pengembangan layanan dan peningkatan nilai keanggotaan bagi pengguna.\r\n\r\nProgram VIP ini dirancang untuk memberikan manfaat tambahan serta hadiah fisik kepada pengguna berdasarkan total deposit pribadi yang dicapai. Semakin tinggi level VIP yang diraih, semakin besar nilai reward dan manfaat yang dapat diperoleh.\r\n\r\nDaftar Level VIP CoreVolt\r\n\r\nProgram VIP CoreVolt terdiri dari beberapa tingkatan dengan ketentuan sebagai berikut:\r\n\r\nVIP 1\r\nTotal Deposit: Rp500.000\r\nNilai Reward: Rp30.000\r\n\r\nVIP 2\r\nTotal Deposit: Rp1.200.000\r\nNilai Reward: Rp72.000\r\n\r\nVIP 3\r\nTotal Deposit: Rp2.500.000\r\nNilai Reward: Rp150.000\r\n\r\nVIP 4\r\nTotal Deposit: Rp6.000.000\r\nNilai Reward: Rp360.000\r\n\r\nVIP 5\r\nTotal Deposit: Rp14.800.000\r\nNilai Reward: Rp888.000\r\n\r\nVIP 6\r\nTotal Deposit: Rp23.500.000\r\nNilai Reward: Rp1.410.000\r\n\r\nVIP 7\r\nTotal Deposit: Rp30.000.000\r\nNilai Reward: Rp1.800.000\r\n\r\nSeluruh level VIP dihitung berdasarkan akumulasi deposit pribadi yang tercatat oleh sistem CoreVolt. Peningkatan level VIP akan dilakukan secara bertahap sesuai dengan pencapaian pengguna.\r\n\r\nPengguna yang telah mencapai level VIP tertentu berhak mengajukan klaim hadiah fisik sesuai dengan ketentuan yang berlaku melalui Manajer Umum CoreVolt.\r\n\r\nMelalui Program VIP ini, CoreVolt berharap dapat menghadirkan sistem keanggotaan yang lebih transparan, terstruktur, dan bernilai, serta memberikan apresiasi nyata kepada pengguna yang aktif berpartisipasi.	t	2026-01-11 10:45:41.071947+07	2026-01-12 14:53:51.729861+07	news/757322.png
7	CoreVolt Memperkuat Sistem Layanan untuk Mendukung Pengalaman Pengguna	corevolt-memperkuat-sistem-layanan-untuk-mendukung-pengalaman-pengguna	CoreVolt terus melakukan penguatan dan pengembangan sistem layanan sebagai bagian dari komitmen perusahaan dalam meningkatkan pengalaman pengguna.\r\n\r\nPembaruan ini mencakup peningkatan stabilitas sistem, optimalisasi performa, serta penyesuaian fitur layanan agar lebih mudah diakses dan digunakan oleh pengguna. Langkah ini dilakukan untuk memastikan setiap proses berjalan lebih efisien, aman, dan terstruktur.\r\n\r\nMelalui penguatan sistem layanan, CoreVolt berupaya menghadirkan ekosistem yang lebih andal dan berkelanjutan, sekaligus mendukung kebutuhan pengguna dalam mengakses berbagai program dan informasi yang tersedia.\r\n\r\nCoreVolt akan terus melakukan evaluasi dan pengembangan secara berkala untuk memastikan layanan yang diberikan tetap sesuai dengan standar operasional dan kebutuhan pengguna di masa depan.	t	2026-01-12 14:54:21.247943+07	2026-01-12 14:54:21.247943+07	news/5734.png
8	CoreVolt Memperluas Arah Pengembangan Layanan Berbasis Keanggotaan	corevolt-memperluas-arah-pengembangan-layanan-berbasis-keanggotaan	CoreVolt terus memperkuat langkah strategisnya dengan memperluas arah pengembangan layanan berbasis keanggotaan sebagai bagian dari komitmen perusahaan dalam membangun ekosistem layanan yang berkelanjutan dan bernilai bagi pengguna.\r\n\r\nPengembangan layanan berbasis keanggotaan ini dirancang untuk menciptakan struktur program yang lebih tertata, transparan, dan mudah dipahami. CoreVolt menilai bahwa sistem keanggotaan yang terstruktur tidak hanya memberikan kejelasan manfaat bagi pengguna, tetapi juga menjadi fondasi penting dalam membangun kepercayaan jangka panjang.\r\n\r\nMelalui pendekatan keanggotaan berjenjang, CoreVolt menghadirkan mekanisme layanan yang memungkinkan pengguna untuk meningkatkan status keanggotaannya secara bertahap berdasarkan partisipasi pribadi. Setiap jenjang keanggotaan disusun dengan ketentuan yang jelas, sehingga pengguna dapat memahami posisi, hak, dan manfaat yang diperoleh secara proporsional.\r\n\r\nSelain penyempurnaan struktur program, CoreVolt juga melakukan penataan ulang alur layanan agar lebih efisien dan mudah diakses. Penyesuaian ini mencakup penyederhanaan informasi, kejelasan proses pencatatan, serta peningkatan keterbukaan terkait mekanisme program. Langkah tersebut diambil untuk memastikan pengguna dapat mengikuti setiap program dengan pemahaman yang utuh dan tanpa keraguan.\r\n\r\nDalam pengembangan ini, CoreVolt menempatkan prinsip kenyamanan, keterbukaan, dan keberlanjutan sebagai prioritas utama. Setiap kebijakan dan program yang diterapkan dievaluasi secara berkala untuk memastikan kesesuaiannya dengan standar operasional serta kebutuhan pengguna yang terus berkembang.\r\n\r\nKe depan, CoreVolt akan terus melakukan penguatan sistem keanggotaan melalui evaluasi berkelanjutan, pengembangan fitur pendukung, serta peningkatan kualitas layanan secara menyeluruh. Langkah ini diharapkan dapat menciptakan ekosistem layanan yang stabil, adaptif, dan mampu memberikan nilai tambah secara konsisten bagi seluruh pengguna.\r\n\r\nDengan arah pengembangan ini, CoreVolt menegaskan posisinya sebagai platform yang tidak hanya berfokus pada pertumbuhan, tetapi juga pada kualitas layanan, tata kelola yang baik, dan pengalaman pengguna yang berorientasi jangka panjang.	t	2026-01-12 14:54:45.729251+07	2026-01-12 14:54:45.729251+07	news/3525.png
10	CoreVolt Menegaskan Arah Visi Pengembangan Layanan Berbasis Nilai dan Keberlanjutan	corevolt-menegaskan-arah-visi-pengembangan-layanan-berbasis-nilai-dan-keberlanjutan	CoreVolt menegaskan arah visinya dalam mengembangkan layanan yang tidak hanya berfokus pada pertumbuhan, tetapi juga pada penciptaan nilai dan keberlanjutan jangka panjang. Arah pengembangan ini menjadi landasan utama perusahaan dalam menyusun setiap kebijakan, program, dan sistem layanan yang dijalankan.\r\n\r\nDalam perjalanannya, CoreVolt memandang bahwa keberlanjutan layanan hanya dapat dicapai melalui pengelolaan yang terstruktur, transparan, dan berorientasi pada kualitas. Oleh karena itu, setiap inisiatif pengembangan dirancang dengan mempertimbangkan keseimbangan antara kebutuhan pengguna, stabilitas sistem, serta tata kelola internal yang baik.\r\n\r\nPendekatan berbasis nilai menjadi bagian penting dari strategi CoreVolt. Perusahaan berupaya memastikan bahwa setiap program yang dihadirkan memiliki mekanisme yang jelas, manfaat yang terukur, serta dapat dipahami oleh pengguna secara menyeluruh. Dengan demikian, pengguna tidak hanya berpartisipasi dalam layanan, tetapi juga memahami posisi dan peran mereka di dalam ekosistem CoreVolt.\r\n\r\nSelain itu, CoreVolt terus melakukan penyesuaian dan evaluasi terhadap struktur layanan untuk memastikan relevansinya dengan kebutuhan yang terus berkembang. Evaluasi ini dilakukan secara berkala guna menjaga konsistensi kualitas layanan serta memastikan setiap program tetap berjalan sesuai dengan prinsip yang telah ditetapkan.\r\n\r\nKe depan, CoreVolt berkomitmen untuk terus memperkuat fondasi layanan melalui peningkatan sistem, penataan kebijakan, serta penguatan nilai perusahaan. Langkah ini diharapkan dapat menciptakan ekosistem layanan yang stabil, adaptif, dan mampu memberikan kontribusi positif secara berkelanjutan.\r\n\r\nMelalui penegasan visi ini, CoreVolt ingin menempatkan diri sebagai platform yang tidak hanya tumbuh secara operasional, tetapi juga bertanggung jawab dalam membangun layanan yang bernilai, terstruktur, dan berorientasi jangka panjang.	t	2026-01-12 14:55:35.800718+07	2026-01-12 14:55:35.800718+07	news/85457.png
11	CoreVolt Memperkenalkan Struktur Layanan Terintegrasi dengan Pendekatan Berjenjang	corevolt-memperkenalkan-struktur-layanan-terintegrasi-dengan-pendekatan-berjenjang	CoreVolt secara resmi memperkenalkan struktur layanan terintegrasi yang dirancang untuk memberikan fleksibilitas dan kejelasan bagi pengguna dalam mengakses program yang tersedia. Struktur ini disusun dengan pendekatan berjenjang guna menyesuaikan kebutuhan pengguna dengan tujuan dan preferensi yang berbeda-beda.\r\n\r\nMelalui skema Investment Plan Overview, CoreVolt menghadirkan beberapa pilihan periode layanan yang terbagi ke dalam B Series, M Series, dan L Series. Setiap seri memiliki harga aktivasi, estimasi imbal hasil harian, serta masa aktif yang berbeda, sehingga pengguna dapat menentukan periode layanan sesuai dengan rencana dan kapasitas masing-masing.\r\n\r\nDalam setiap periode layanan, estimasi imbal hasil harian dihitung menggunakan persentase tetap sebesar 3,5%, dengan masa aktif layanan yang berkisar antara 120 hingga 360 hari. Nilai yang ditampilkan bersifat estimasi dan disesuaikan dengan ketentuan sistem yang berlaku, sebagai bentuk transparansi informasi kepada pengguna.\r\n\r\nSelain struktur layanan utama, CoreVolt juga memperkenalkan Program Hadiah Referensi Tiga Tingkat sebagai bagian dari pengembangan ekosistem partisipatif. Program ini memungkinkan pengguna memperoleh manfaat tambahan melalui mekanisme referensi berjenjang, dengan pembagian persentase yang telah ditentukan untuk setiap tingkat.\r\n\r\nUntuk mendukung kelancaran operasional platform, CoreVolt menetapkan informasi layanan yang mencakup waktu proses penarikan dana yang diperkirakan berlangsung dalam rentang 0 hingga 48 jam, dengan ketentuan isi ulang minimum serta biaya penarikan sesuai aturan yang berlaku. Informasi ini disampaikan secara terbuka agar pengguna memiliki pemahaman yang jelas mengenai mekanisme layanan.\r\n\r\nDi samping itu, CoreVolt juga mengembangkan Program Agen Team sebagai bagian dari sistem keanggotaan berbasis partisipasi. Program ini memungkinkan pengguna untuk meningkatkan status agen berdasarkan jumlah undangan yang berhasil dilakukan. Setiap level agen memiliki ketentuan dan nilai kompensasi yang berbeda, dengan jadwal penyaluran yang dilakukan secara berkala pada tanggal yang telah ditentukan setiap bulan.\r\n\r\nMelalui penyusunan struktur layanan ini, CoreVolt menegaskan komitmennya dalam menghadirkan sistem yang terstruktur, transparan, dan berorientasi pada keberlanjutan. Setiap program dirancang agar mudah dipahami, terukur, serta memberikan kejelasan posisi bagi pengguna dalam ekosistem layanan CoreVolt.\r\n\r\nKe depan, CoreVolt akan terus melakukan evaluasi dan pengembangan terhadap struktur layanan yang ada guna memastikan kesesuaiannya dengan kebutuhan pengguna serta standar operasional perusahaan.	t	2026-01-12 14:56:02.286149+07	2026-01-12 14:56:02.286149+07	news/14353.png
12	CoreVolt Menyusun Arsitektur Program Berbasis Periode untuk Mendukung Perencanaan Pengguna	corevolt-menyusun-arsitektur-program-berbasis-periode-untuk-mendukung-perencanaan-pengguna	CoreVolt menyusun arsitektur program layanan berbasis periode sebagai bagian dari upaya perusahaan dalam memberikan kerangka perencanaan yang lebih jelas dan terukur bagi pengguna. Pendekatan ini dirancang untuk membantu pengguna memahami alur layanan, masa aktif program, serta struktur partisipasi secara menyeluruh.\r\n\r\nMelalui pembagian periode layanan ke dalam beberapa kategori, CoreVolt memberikan fleksibilitas bagi pengguna untuk memilih program yang sesuai dengan kebutuhan dan tujuan masing-masing. Setiap periode memiliki karakteristik tersendiri, baik dari sisi durasi layanan maupun mekanisme perhitungan nilai yang berjalan selama masa aktif program.\r\n\r\nPendekatan berbasis periode ini juga bertujuan untuk menciptakan keteraturan dalam sistem. Dengan adanya kejelasan masa aktif dan alur program, pengguna dapat merencanakan partisipasi secara lebih sistematis tanpa harus menghadapi ketidakpastian dalam proses layanan.\r\n\r\nSelain memberikan kejelasan bagi pengguna, struktur periode ini juga menjadi bagian dari tata kelola internal CoreVolt. Sistem dirancang agar setiap program dapat dipantau, dievaluasi, dan disesuaikan secara berkala sesuai dengan kebutuhan operasional dan standar perusahaan.\r\n\r\nDalam implementasinya, CoreVolt menekankan prinsip keterbukaan informasi. Seluruh ketentuan terkait periode layanan, mekanisme sistem, serta estimasi nilai disampaikan secara transparan agar pengguna memiliki pemahaman yang utuh sebelum berpartisipasi dalam program yang tersedia.\r\n\r\nMelalui penyusunan arsitektur program berbasis periode ini, CoreVolt berharap dapat membangun ekosistem layanan yang lebih tertata, dapat dipahami, dan berorientasi jangka panjang. Pendekatan ini juga menjadi fondasi bagi pengembangan program-program selanjutnya yang akan disesuaikan dengan kebutuhan dan dinamika pengguna.\r\n\r\nKe depan, CoreVolt akan terus melakukan penguatan pada struktur program dan sistem layanan untuk memastikan keberlanjutan, stabilitas, serta konsistensi kualitas layanan yang diberikan.	t	2026-01-12 14:56:35.669461+07	2026-01-12 14:56:35.669461+07	news/896364.png
13	CoreVolt Mendorong Pemahaman Pengguna melalui Transparansi Mekanisme Layanan	corevolt-mendorong-pemahaman-pengguna-melalui-transparansi-mekanisme-layanan	CoreVolt terus mendorong peningkatan pemahaman pengguna terhadap mekanisme layanan yang tersedia melalui pendekatan transparansi informasi. Langkah ini dilakukan sebagai bagian dari komitmen perusahaan untuk menghadirkan sistem layanan yang mudah dipahami, terukur, dan dapat diakses secara bertanggung jawab.\r\n\r\nDalam setiap program yang disediakan, CoreVolt menyusun informasi layanan secara terstruktur, mencakup masa aktif, mekanisme perhitungan nilai, serta alur proses yang berjalan di dalam sistem. Penyampaian informasi ini bertujuan agar pengguna dapat memahami kerangka layanan secara menyeluruh sebelum menentukan bentuk partisipasi yang sesuai dengan kebutuhan masing-masing.\r\n\r\nCoreVolt memandang transparansi sebagai elemen penting dalam membangun kepercayaan jangka panjang. Dengan memberikan kejelasan mengenai mekanisme layanan, pengguna diharapkan dapat mengambil keputusan secara lebih rasional dan terencana, tanpa bergantung pada asumsi atau pemahaman yang tidak lengkap.\r\n\r\nSelain itu, pendekatan transparansi ini juga menjadi bagian dari sistem pengelolaan internal perusahaan. Setiap program dan layanan dievaluasi secara berkala untuk memastikan kesesuaian antara informasi yang disampaikan dengan implementasi di lapangan. Evaluasi ini dilakukan guna menjaga konsistensi layanan serta meningkatkan kualitas pengalaman pengguna.\r\n\r\nDalam upaya mendukung edukasi pengguna, CoreVolt juga menyediakan akses informasi yang mudah dijangkau melalui platform digital. Informasi ini mencakup penjelasan program, ketentuan layanan, serta panduan penggunaan sistem yang disusun secara ringkas dan sistematis.\r\n\r\nKe depan, CoreVolt berkomitmen untuk terus memperkuat pendekatan edukatif dan transparan dalam setiap pengembangan layanan. Dengan demikian, CoreVolt berharap dapat membangun ekosistem layanan yang tidak hanya berkembang secara operasional, tetapi juga memberikan pemahaman yang kuat dan berkelanjutan bagi pengguna.\r\n\r\nMelalui langkah ini, CoreVolt menegaskan posisinya sebagai platform yang mengedepankan keterbukaan, tanggung jawab, dan kualitas layanan sebagai bagian dari nilai inti perusahaan.	t	2026-01-12 14:56:58.819184+07	2026-01-12 14:56:58.819184+07	news/474573.png
14	CoreVolt Memperkuat Strategi Komunikasi Digital untuk Menjangkau Masyarakat Lebih Luas	corevolt-memperkuat-strategi-komunikasi-digital-untuk-menjangkau-masyarakat-lebih-luas	CoreVolt terus memperkuat strategi komunikasi digital sebagai bagian dari upaya perusahaan dalam menjangkau masyarakat secara lebih luas dan efektif. Pendekatan ini dilakukan seiring dengan berkembangnya pola konsumsi informasi yang semakin bergeser ke platform digital dan media sosial.\r\n\r\nDalam pengembangan strategi komunikasi digital, CoreVolt menekankan pentingnya penyampaian informasi yang jelas, terstruktur, dan mudah dipahami. Perusahaan berupaya memastikan bahwa setiap informasi terkait layanan, program, dan ketentuan disampaikan secara terbuka agar masyarakat dapat memperoleh pemahaman yang utuh mengenai CoreVolt.\r\n\r\nMedia sosial dipandang sebagai salah satu kanal strategis dalam membangun komunikasi dua arah. Melalui platform digital, CoreVolt tidak hanya menyampaikan informasi satu arah, tetapi juga membuka ruang interaksi dengan masyarakat dan komunitas. Pendekatan ini memungkinkan perusahaan untuk memahami kebutuhan, masukan, serta persepsi publik secara lebih langsung.\r\n\r\nSelain itu, CoreVolt juga mengintegrasikan komunikasi digital dengan prinsip tata kelola yang baik. Setiap konten dan program komunikasi disusun dengan memperhatikan etika, akurasi informasi, serta kepatuhan terhadap ketentuan yang berlaku. Hal ini dilakukan untuk menjaga konsistensi citra perusahaan serta membangun kepercayaan jangka panjang.\r\n\r\nStrategi komunikasi digital CoreVolt juga diarahkan untuk mendukung edukasi publik. Melalui konten yang informatif dan relevan, perusahaan berharap dapat meningkatkan literasi masyarakat terhadap layanan dan mekanisme yang tersedia, sehingga partisipasi dapat dilakukan secara lebih sadar dan bertanggung jawab.\r\n\r\nKe depan, CoreVolt akan terus mengembangkan pendekatan komunikasi digital yang adaptif dan berkelanjutan. Evaluasi berkala akan dilakukan untuk memastikan strategi yang diterapkan tetap relevan dengan dinamika teknologi dan kebutuhan masyarakat.\r\n\r\nMelalui penguatan strategi komunikasi digital ini, CoreVolt menegaskan komitmennya untuk menjadi perusahaan yang terbuka, komunikatif, dan berorientasi pada hubungan jangka panjang dengan masyarakat, sekaligus mendukung pertumbuhan ekosistem layanan yang sehat dan berkelanjutan.	t	2026-01-12 14:57:26.564112+07	2026-01-12 14:57:26.564112+07	news/85346.png
15	CoreVolt Menetapkan Misi Pengembangan Keuntungan Berbasis Langganan	corevolt-menetapkan-misi-pengembangan-keuntungan-berbasis-langganan	CoreVolt menetapkan misi pengembangan layanan dengan menambahkan skema keuntungan berbasis langganan sebagai bagian dari strategi peningkatan nilai layanan dan keberlanjutan ekosistem perusahaan. Langkah ini dirancang untuk memberikan struktur manfaat yang lebih stabil, terukur, dan berorientasi jangka panjang bagi pengguna.\r\n\r\nPendekatan berbasis langganan dipandang sebagai salah satu mekanisme yang mampu menghadirkan pengalaman layanan yang lebih konsisten. Melalui sistem ini, CoreVolt berupaya menciptakan keseimbangan antara kebutuhan pengguna akan manfaat yang berkelanjutan dengan pengelolaan layanan yang tertata dan transparan.\r\n\r\nDalam misi pengembangan ini, CoreVolt menekankan pentingnya kejelasan mekanisme dan keterbukaan informasi. Setiap bentuk keuntungan berbasis langganan akan disusun dengan ketentuan yang jelas, termasuk periode layanan, ruang lingkup manfaat, serta mekanisme pencatatan yang berjalan di dalam sistem. Hal ini dilakukan agar pengguna dapat memahami secara menyeluruh nilai yang diperoleh dari keikutsertaan mereka.\r\n\r\nPengembangan keuntungan berbasis langganan juga menjadi bagian dari upaya CoreVolt dalam memperkuat fondasi layanan. Dengan adanya sistem yang bersifat berulang dan terencana, perusahaan dapat melakukan evaluasi layanan secara lebih terstruktur serta memastikan kualitas layanan tetap terjaga dari waktu ke waktu.\r\n\r\nSelain itu, CoreVolt memandang bahwa sistem langganan dapat mendukung hubungan jangka panjang dengan pengguna. Melalui pendekatan ini, interaksi antara perusahaan dan pengguna tidak hanya bersifat sesaat, tetapi berkembang menjadi kemitraan layanan yang berkesinambungan dan saling memberikan nilai.\r\n\r\nKe depan, CoreVolt akan melakukan pengembangan dan pengujian bertahap terhadap skema keuntungan berbasis langganan ini, disertai dengan evaluasi berkala untuk memastikan kesesuaiannya dengan kebutuhan pengguna dan standar operasional perusahaan. Penyesuaian akan dilakukan secara bertanggung jawab dengan tetap mengedepankan prinsip transparansi dan keberlanjutan.\r\n\r\nMelalui misi ini, CoreVolt menegaskan komitmennya untuk terus menghadirkan inovasi layanan yang terstruktur, bernilai, dan berorientasi jangka panjang, sekaligus memperkuat posisi perusahaan dalam membangun ekosistem layanan yang stabil dan berkelanjutan.	t	2026-01-12 14:59:18.684362+07	2026-01-12 14:59:18.684362+07	news/34622.png
16	CoreVolt Mengarahkan Pengembangan Layanan untuk Meningkatkan Nilai Keuntungan Langganan	corevolt-mengarahkan-pengembangan-layanan-untuk-meningkatkan-nilai-keuntungan-langganan	CoreVolt mengarahkan pengembangan layanannya pada upaya peningkatan nilai keuntungan berbasis langganan sebagai bagian dari strategi jangka menengah perusahaan. Arah pengembangan ini bertujuan untuk memberikan manfaat yang lebih konsisten dan berkelanjutan bagi pengguna dalam ekosistem layanan CoreVolt.\r\n\r\nPendekatan langganan dipandang sebagai model layanan yang memungkinkan pengguna memperoleh nilai secara bertahap dan terstruktur. Dengan skema ini, CoreVolt berupaya menghadirkan sistem manfaat yang tidak hanya bersifat satu kali, tetapi berjalan secara periodik sesuai dengan masa aktif layanan yang dipilih.\r\n\r\nDalam proses pengembangannya, CoreVolt menempatkan aspek keterukuran dan transparansi sebagai landasan utama. Setiap keuntungan langganan akan disusun dengan mekanisme pencatatan yang jelas, periode layanan yang terdefinisi, serta ketentuan yang dapat dipahami oleh pengguna. Hal ini dilakukan untuk memastikan bahwa setiap manfaat yang diperoleh dapat dipantau dan dievaluasi secara objektif.\r\n\r\nPenguatan keuntungan langganan juga menjadi bagian dari strategi perusahaan dalam meningkatkan kualitas hubungan dengan pengguna. Dengan adanya sistem langganan, CoreVolt berharap dapat membangun interaksi yang lebih berkelanjutan, di mana pengguna tidak hanya memanfaatkan layanan, tetapi juga terlibat secara aktif dalam ekosistem yang terus berkembang.\r\n\r\nSelain memberikan nilai bagi pengguna, pengembangan ini juga mendukung stabilitas layanan secara keseluruhan. Model langganan memungkinkan perusahaan melakukan perencanaan operasional yang lebih terstruktur, sehingga kualitas layanan dapat dijaga secara konsisten dari waktu ke waktu.\r\n\r\nKe depan, CoreVolt akan melakukan penyesuaian dan penyempurnaan secara bertahap terhadap skema keuntungan langganan, dengan mempertimbangkan masukan pengguna serta evaluasi internal. Setiap tahapan pengembangan akan diselaraskan dengan standar operasional perusahaan dan prinsip tata kelola yang baik.\r\n\r\nMelalui arah pengembangan ini, CoreVolt menegaskan komitmennya untuk menghadirkan layanan yang bernilai, terukur, dan berorientasi jangka panjang, sekaligus memperkuat fondasi ekosistem layanan yang berkelanjutan.	t	2026-01-12 15:00:02.999669+07	2026-01-12 15:00:02.999669+07	news/1231.png
17	CoreVolt Mengarahkan Pengembangan Layanan untuk Meningkatkan Nilai Tambah bagi Pengguna	corevolt-mengarahkan-pengembangan-layanan-untuk-meningkatkan-nilai-tambah-bagi-pengguna	CoreVolt terus mengarahkan pengembangan layanannya pada peningkatan nilai tambah bagi pengguna sebagai bagian dari komitmen perusahaan dalam membangun ekosistem layanan yang berkelanjutan dan bertanggung jawab.\r\n\r\nDalam proses pengembangan tersebut, CoreVolt menempatkan kebutuhan dan pengalaman pengguna sebagai salah satu fokus utama. Setiap program dan fitur layanan dirancang dengan tujuan memberikan manfaat yang jelas, terukur, serta mudah dipahami oleh pengguna. Pendekatan ini diambil untuk memastikan bahwa layanan yang disediakan tidak hanya berjalan secara operasional, tetapi juga memberikan nilai yang relevan bagi penggunanya.\r\n\r\nPenguatan nilai tambah dilakukan melalui penataan struktur layanan, penyederhanaan alur penggunaan, serta peningkatan keterbukaan informasi. CoreVolt berupaya agar pengguna dapat memahami mekanisme layanan secara menyeluruh, mulai dari proses partisipasi hingga manfaat yang dapat diperoleh selama masa layanan berlangsung.\r\n\r\nSelain itu, CoreVolt juga melakukan evaluasi berkala terhadap kualitas layanan yang ada. Evaluasi ini mencakup peninjauan mekanisme sistem, efektivitas program, serta kesesuaian layanan dengan standar operasional perusahaan. Langkah ini dilakukan untuk menjaga konsistensi kualitas sekaligus mengantisipasi kebutuhan pengguna yang terus berkembang.\r\n\r\nDalam kerangka pengembangan jangka panjang, CoreVolt memandang bahwa peningkatan nilai tambah tidak dapat dilepaskan dari tata kelola yang baik. Oleh karena itu, setiap kebijakan dan penyesuaian layanan disusun dengan mempertimbangkan prinsip transparansi, keterukuran, dan keberlanjutan.\r\n\r\nKe depan, CoreVolt akan terus melakukan penyempurnaan layanan secara bertahap dengan mengedepankan masukan pengguna serta hasil evaluasi internal. Pendekatan ini diharapkan dapat menciptakan ekosistem layanan yang stabil, adaptif, dan mampu memberikan nilai tambah secara konsisten.\r\n\r\nMelalui arah pengembangan ini, CoreVolt menegaskan posisinya sebagai perusahaan yang berkomitmen untuk menghadirkan layanan yang berkualitas, bernilai, dan berorientasi jangka panjang, sejalan dengan kebutuhan dan kepercayaan pengguna.	t	2026-01-12 15:00:40.976817+07	2026-01-12 15:00:40.976817+07	news/078956.png
18	CoreVolt Menegaskan Nilai Inti dan Budaya Kerja sebagai Fondasi Pengembangan Perusahaan	corevolt-menegaskan-nilai-inti-dan-budaya-kerja-sebagai-fondasi-pengembangan-perusahaan	CoreVolt menegaskan bahwa nilai inti dan budaya kerja merupakan fondasi utama dalam setiap proses pengembangan perusahaan. Nilai-nilai ini menjadi pedoman dalam pengambilan keputusan, pengelolaan layanan, serta interaksi dengan pengguna dan mitra kerja.\r\n\r\nSebagai perusahaan yang berorientasi pada keberlanjutan, CoreVolt membangun budaya kerja yang menekankan tanggung jawab, keterbukaan, dan konsistensi. Setiap aktivitas operasional dijalankan dengan mengedepankan kejelasan proses serta kepatuhan terhadap ketentuan yang telah ditetapkan. Pendekatan ini bertujuan untuk menciptakan lingkungan kerja yang tertib, profesional, dan dapat dipercaya.\r\n\r\nNilai inti CoreVolt juga tercermin dalam komitmen terhadap kualitas layanan. Perusahaan mendorong setiap tim untuk bekerja secara terstruktur dan berorientasi pada solusi, dengan fokus pada peningkatan mutu layanan secara berkelanjutan. Evaluasi dan perbaikan dilakukan secara berkala guna memastikan layanan tetap relevan dan sesuai dengan kebutuhan pengguna.\r\n\r\nDalam membangun budaya kerja, CoreVolt mengedepankan kolaborasi dan akuntabilitas. Setiap individu di dalam organisasi didorong untuk berkontribusi secara aktif, sekaligus bertanggung jawab atas peran dan tugas yang dijalankan. Budaya ini diharapkan dapat menciptakan sinergi kerja yang sehat serta mendukung pencapaian tujuan perusahaan secara bersama-sama.\r\n\r\nSelain itu, CoreVolt menanamkan prinsip pembelajaran berkelanjutan sebagai bagian dari budaya kerja. Perusahaan menyadari bahwa dinamika lingkungan digital dan kebutuhan pengguna terus berkembang. Oleh karena itu, pengembangan kompetensi dan peningkatan pemahaman terhadap sistem serta layanan menjadi bagian penting dalam menjaga kualitas kerja dan daya saing perusahaan.\r\n\r\nDalam relasinya dengan pengguna, nilai inti dan budaya kerja CoreVolt diwujudkan melalui pendekatan yang berorientasi pada kejelasan informasi dan pengalaman pengguna. Setiap kebijakan dan program disusun dengan mempertimbangkan dampaknya terhadap pengguna, sehingga hubungan yang terbangun bersifat jangka panjang dan saling memberikan nilai.\r\n\r\nKe depan, CoreVolt berkomitmen untuk terus memperkuat nilai inti dan budaya kerja sebagai identitas perusahaan. Langkah ini diyakini akan menjadi dasar yang kuat dalam membangun organisasi yang stabil, adaptif, dan mampu memberikan kontribusi positif secara berkelanjutan.\r\n\r\nMelalui penegasan nilai inti dan budaya kerja ini, CoreVolt menempatkan dirinya sebagai perusahaan yang tidak hanya berfokus pada pertumbuhan, tetapi juga pada integritas, kualitas, dan tanggung jawab dalam setiap aspek operasionalnya.	t	2026-01-12 15:02:27.58916+07	2026-01-12 15:02:27.58916+07	news/477421.png
19	CoreVolt Menetapkan Core Values sebagai Landasan Budaya Perusahaan	corevolt-menetapkan-core-values-sebagai-landasan-budaya-perusahaan	CoreVolt menetapkan Core Values (Nilai Inti Perusahaan) sebagai pedoman utama dalam menjalankan seluruh aktivitas operasional dan pengembangan layanan. Nilai-nilai ini menjadi fondasi dalam membangun budaya kerja, mengelola sistem layanan, serta menjalin hubungan jangka panjang dengan pengguna dan mitra.\r\n\r\nCore Values CoreVolt dirancang untuk memastikan bahwa setiap keputusan dan kebijakan perusahaan selaras dengan prinsip profesionalisme, tanggung jawab, dan keberlanjutan.\r\n\r\n1. Integritas\r\n\r\nCoreVolt menjunjung tinggi integritas dalam setiap proses dan aktivitas. Perusahaan berkomitmen untuk menjalankan layanan secara jujur, konsisten, dan sesuai dengan ketentuan yang berlaku. Integritas menjadi dasar dalam membangun kepercayaan serta menjaga kredibilitas perusahaan di mata pengguna.\r\n\r\n2. Transparansi\r\n\r\nKeterbukaan informasi menjadi bagian penting dari nilai inti CoreVolt. Setiap program dan layanan disusun dengan mekanisme yang jelas dan dapat dipahami. Transparansi ini bertujuan untuk memberikan pemahaman yang utuh kepada pengguna serta menciptakan hubungan yang sehat dan saling percaya.\r\n\r\n3. Profesionalisme\r\n\r\nCoreVolt mengedepankan profesionalisme dalam pengelolaan sistem, pelayanan, dan interaksi internal maupun eksternal. Setiap tim diharapkan bekerja secara terstruktur, bertanggung jawab, dan berorientasi pada kualitas, guna memastikan standar layanan tetap terjaga.\r\n\r\n4. Inovasi Berkelanjutan\r\n\r\nSebagai perusahaan yang berkembang di lingkungan digital, CoreVolt mendorong inovasi yang berkelanjutan. Pengembangan layanan dilakukan secara bertahap dan terukur, dengan tetap memperhatikan stabilitas sistem dan kebutuhan pengguna. Inovasi dipandang sebagai sarana untuk meningkatkan kualitas layanan secara konsisten.\r\n\r\n5. Tanggung Jawab\r\n\r\nCoreVolt menempatkan tanggung jawab sebagai nilai inti dalam setiap kebijakan dan keputusan. Perusahaan bertanggung jawab terhadap sistem layanan yang dijalankan, dampaknya bagi pengguna, serta keberlanjutan ekosistem yang dibangun. Prinsip ini menjadi dasar dalam menjaga stabilitas dan keberlangsungan perusahaan.	t	2026-01-12 15:04:11.940828+07	2026-01-12 15:04:11.940828+07	news/8623.png
\.


--
-- Data for Name: products; Type: TABLE DATA; Schema: public; Owner: postgres
--

COPY public.products (id, name, description, price, status, purchase_limit, stock, stock_enabled, profit_type, profit_rate, profit_method, duration, balance_source, claim_reset_mode, claim_reset_hours, image, specifications, created_at, updated_at, cashback_enabled, cashback_percentage, custom_field_10_content, custom_field_10_title, custom_field_1_content, custom_field_1_title, custom_field_2_content, custom_field_2_title, custom_field_3_content, custom_field_3_title, custom_field_4_content, custom_field_4_title, custom_field_5_content, custom_field_5_title, custom_field_6_content, custom_field_6_title, custom_field_7_content, custom_field_7_title, custom_field_8_content, custom_field_8_title, custom_field_9_content, custom_field_9_title, max_purchase_count, profit_rebate_level_1, profit_rebate_level_2, profit_rebate_level_3, profit_rebate_level_4, profit_rebate_level_5, purchase_rebate_level_1, purchase_rebate_level_2, purchase_rebate_level_3, purchase_rebate_level_4, purchase_rebate_level_5, require_upline_ownership_for_commissions, profit_random_max, profit_random_min) FROM stdin;
7	PowerVault L	CV-ESS-300L	593700.00	1	2	900	t	fixed	20779.00	manual	180	balance_deposit	at_custom	7	products/12.png	B Series Period	2025-11-30 21:25:32.94716+07	2026-01-12 15:45:38.030848+07	f	0.00		\N	Perjanjian ini mengatur ketentuan penggunaan layanan dan sistem penyimpanan listrik CoreVolt sesuai dengan spesifikasi dan kapasitas yang dipilih oleh pengguna. Segala resiko yang terjadi diluar kuasa perusahaan adalah tanggung jawab pengguna.	Ruang Lingkup Perjanjian	Perjanjian berlaku selama masa layanan aktif dan dapat diperpanjang sesuai dengan ketentuan serta kesepakatan yang ditetapkan oleh CoreVolt.	Masa Berlaku Perjanjian	Seluruh hak dan kewajiban para pihak tunduk pada syarat dan ketentuan yang berlaku. CoreVolt berhak melakukan penyesuaian layanan sesuai kebijakan perusahaan dan peraturan yang berlaku.	Ketentuan Umum		\N		\N		\N		\N		\N		\N	2	0.00	0.00	0.00	0.00	0.00	10.00	1.00	1.00	0.00	0.00	f	0.00	0.00
6	PowerVault Secure	CV-ESS-300SEC	1564250.00	1	2	900	t	fixed	54748.00	manual	210	balance_deposit	at_custom	7	products/11.png	M Series Period	2025-11-30 21:24:36.361718+07	2026-01-12 15:48:17.472041+07	f	0.00		\N	Perjanjian ini mengatur ketentuan penggunaan layanan dan sistem penyimpanan listrik CoreVolt sesuai dengan spesifikasi dan kapasitas yang dipilih oleh pengguna. Segala resiko yang terjadi diluar kuasa perusahaan adalah tanggung jawab pengguna.	Ruang Lingkup Perjanjian	Perjanjian berlaku selama masa layanan aktif dan dapat diperpanjang sesuai dengan ketentuan serta kesepakatan yang ditetapkan oleh CoreVolt.	Masa Berlaku Perjanjian	Seluruh hak dan kewajiban para pihak tunduk pada syarat dan ketentuan yang berlaku. CoreVolt berhak melakukan penyesuaian layanan sesuai kebijakan perusahaan dan peraturan yang berlaku.	Ketentuan Umum		\N		\N		\N		\N		\N		\N	2	0.00	0.00	0.00	0.00	0.00	10.00	1.00	1.00	0.00	0.00	f	0.00	0.00
5	Tower One	CV-TESS-150	2886700.00	1	2	900	t	fixed	101034.00	auto	240	balance_deposit	at_custom	7	products/6.png	M Series Period	2025-11-30 21:22:40.337629+07	2026-01-12 15:50:17.279346+07	f	0.00		\N	Perjanjian ini mengatur ketentuan penggunaan layanan dan sistem penyimpanan listrik CoreVolt sesuai dengan spesifikasi dan kapasitas yang dipilih oleh pengguna. Segala resiko yang terjadi diluar kuasa perusahaan adalah tanggung jawab pengguna.	Ruang Lingkup Perjanjian	Perjanjian berlaku selama masa layanan aktif dan dapat diperpanjang sesuai dengan ketentuan serta kesepakatan yang ditetapkan oleh CoreVolt.	Masa Berlaku Perjanjian	Seluruh hak dan kewajiban para pihak tunduk pada syarat dan ketentuan yang berlaku. CoreVolt berhak melakukan penyesuaian layanan sesuai kebijakan perusahaan dan peraturan yang berlaku.	Ketentuan Umum		\N		\N		\N		\N		\N		\N	2	0.00	0.00	0.00	0.00	0.00	11.00	1.00	1.00	0.00	0.00	f	0.00	0.00
4	Tower Dualingal	CV-TESS-300D	5252573.00	1	2	900	t	fixed	183840.00	manual	270	balance_deposit	at_custom	7	products/7.png	M Series Period	2025-11-30 21:20:15.974734+07	2026-01-12 15:52:30.429657+07	f	0.00		\N	Perjanjian ini mengatur ketentuan penggunaan layanan dan sistem penyimpanan listrik CoreVolt sesuai dengan spesifikasi dan kapasitas yang dipilih oleh pengguna. Segala resiko yang terjadi diluar kuasa perusahaan adalah tanggung jawab pengguna.	Ruang Lingkup Perjanjian	Perjanjian berlaku selama masa layanan aktif dan dapat diperpanjang sesuai dengan ketentuan serta kesepakatan yang ditetapkan oleh CoreVolt.	Masa Berlaku Perjanjian	Seluruh hak dan kewajiban para pihak tunduk pada syarat dan ketentuan yang berlaku. CoreVolt berhak melakukan penyesuaian layanan sesuai kebijakan perusahaan dan peraturan yang berlaku.	Ketentuan Umum		\N		\N		\N		\N		\N		\N	2	0.00	0.00	0.00	0.00	0.00	10.00	1.00	1.00	0.00	0.00	f	0.00	0.00
8	PowerVault M	CV-ESS-200M	390465.00	1	2	899	t	fixed	13666.00	manual	150	balance_deposit	at_custom	7	products/15.png	B Series Period	2025-12-08 09:00:44.89575+07	2026-01-13 11:27:34.111791+07	f	0.00		\N	Perjanjian ini mengatur ketentuan penggunaan layanan dan sistem penyimpanan listrik CoreVolt sesuai dengan spesifikasi dan kapasitas yang dipilih oleh pengguna. Segala resiko yang terjadi diluar kuasa perusahaan adalah tanggung jawab pengguna.	Ruang Lingkup Perjanjian	Perjanjian berlaku selama masa layanan aktif dan dapat diperpanjang sesuai dengan ketentuan serta kesepakatan yang ditetapkan oleh CoreVolt.	Masa Berlaku Perjanjian	Seluruh hak dan kewajiban para pihak tunduk pada syarat dan ketentuan yang berlaku. CoreVolt berhak melakukan penyesuaian layanan sesuai kebijakan perusahaan dan peraturan yang berlaku.	Ketentuan Umum		\N		\N		\N		\N		\N		\N	2	0.00	0.00	0.00	0.00	0.00	10.00	1.00	1.00	0.00	0.00	f	0.00	0.00
3	Tower Meridian	CV-TESS-400A	9128888.00	1	2	900	t	fixed	319511.00	manual	300	balance_deposit	at_custom	7	products/8.png	L Series Period	2025-11-30 21:19:15.503605+07	2026-01-12 15:54:16.569844+07	f	0.00		\N	Perjanjian ini mengatur ketentuan penggunaan layanan dan sistem penyimpanan listrik CoreVolt sesuai dengan spesifikasi dan kapasitas yang dipilih oleh pengguna. Segala resiko yang terjadi diluar kuasa perusahaan adalah tanggung jawab pengguna.	Ruang Lingkup Perjanjian	Perjanjian berlaku selama masa layanan aktif dan dapat diperpanjang sesuai dengan ketentuan serta kesepakatan yang ditetapkan oleh CoreVolt.	Masa Berlaku Perjanjian	Seluruh hak dan kewajiban para pihak tunduk pada syarat dan ketentuan yang berlaku. CoreVolt berhak melakukan penyesuaian layanan sesuai kebijakan perusahaan dan peraturan yang berlaku.	Ketentuan Umum		\N		\N		\N		\N		\N		\N	2	0.00	0.00	0.00	0.00	0.00	11.00	1.00	1.00	0.00	0.00	f	0.00	0.00
1	EdgeStorage	CV-EDGE-200	20670500.00	1	2	900	t	fixed	723467.00	manual	345	balance_deposit	at_custom	7	products/10.png	L Series Period	2025-11-30 21:15:41.709158+07	2026-01-12 15:57:28.599194+07	f	0.00		\N	Perjanjian ini mengatur ketentuan penggunaan layanan dan sistem penyimpanan listrik CoreVolt sesuai dengan spesifikasi dan kapasitas yang dipilih oleh pengguna. Segala resiko yang terjadi diluar kuasa perusahaan adalah tanggung jawab pengguna.	Ruang Lingkup Perjanjian	Perjanjian berlaku selama masa layanan aktif dan dapat diperpanjang sesuai dengan ketentuan serta kesepakatan yang ditetapkan oleh CoreVolt.	Masa Berlaku Perjanjian	Seluruh hak dan kewajiban para pihak tunduk pada syarat dan ketentuan yang berlaku. CoreVolt berhak melakukan penyesuaian layanan sesuai kebijakan perusahaan dan peraturan yang berlaku.	Ketentuan Umum		\N		\N		\N		\N		\N		\N	2	0.00	0.00	0.00	0.00	0.00	10.00	1.00	1.00	0.00	0.00	f	0.00	0.00
2	SmartStorage X	CV-SESS-500X	14380000.00	1	2	900	t	fixed	503300.00	manual	330	balance_deposit	at_custom	7	products/9.png	L Series Period	2025-11-30 21:16:48.832509+07	2026-01-12 15:56:07.599822+07	f	0.00		\N	Perjanjian ini mengatur ketentuan penggunaan layanan dan sistem penyimpanan listrik CoreVolt sesuai dengan spesifikasi dan kapasitas yang dipilih oleh pengguna. Segala resiko yang terjadi diluar kuasa perusahaan adalah tanggung jawab pengguna.	Ruang Lingkup Perjanjian	Perjanjian berlaku selama masa layanan aktif dan dapat diperpanjang sesuai dengan ketentuan serta kesepakatan yang ditetapkan oleh CoreVolt.	Masa Berlaku Perjanjian	Seluruh hak dan kewajiban para pihak tunduk pada syarat dan ketentuan yang berlaku. CoreVolt berhak melakukan penyesuaian layanan sesuai kebijakan perusahaan dan peraturan yang berlaku.	Ketentuan Umum		\N		\N		\N		\N		\N		\N	2	0.00	0.00	0.00	0.00	0.00	10.00	1.00	1.00	0.00	0.00	f	0.00	0.00
36	GridStorage Pro	CV-GRID-800P	45103555.00	1	2	900	t	fixed	1578624.00	manual	360	balance_deposit	at_custom	7	products/16.png	L Series Period	2025-10-31 08:21:13.933779+07	2026-01-12 15:59:12.243831+07	f	2.00		\N	Perjanjian ini mengatur ketentuan penggunaan layanan dan sistem penyimpanan listrik CoreVolt sesuai dengan spesifikasi dan kapasitas yang dipilih oleh pengguna. Segala resiko yang terjadi diluar kuasa perusahaan adalah tanggung jawab pengguna.	Ruang Lingkup Perjanjian	Perjanjian berlaku selama masa layanan aktif dan dapat diperpanjang sesuai dengan ketentuan serta kesepakatan yang ditetapkan oleh CoreVolt.	Masa Berlaku Perjanjian	Seluruh hak dan kewajiban para pihak tunduk pada syarat dan ketentuan yang berlaku. CoreVolt berhak melakukan penyesuaian layanan sesuai kebijakan perusahaan dan peraturan yang berlaku.	Ketentuan Umum		\N		\N		\N		\N		\N		\N	2	0.00	0.00	0.00	0.00	0.00	10.00	1.00	1.00	0.00	0.00	f	0.00	0.00
9	PowerVault AA	CV-ESS-100S	115500.00	1	2	885	t	fixed	4043.00	manual	120	balance_deposit	at_custom	7	products/14.png	B Series Period	2025-12-08 09:23:02.193644+07	2026-01-13 20:17:01.799575+07	f	0.00		\N	Perjanjian ini mengatur ketentuan penggunaan layanan dan sistem penyimpanan listrik CoreVolt sesuai dengan spesifikasi dan kapasitas yang dipilih oleh pengguna. Segala resiko yang terjadi diluar kuasa perusahaan adalah tanggung jawab pengguna.	Ruang Lingkup Perjanjian	Perjanjian berlaku selama masa layanan aktif dan dapat diperpanjang sesuai dengan ketentuan serta kesepakatan yang ditetapkan oleh CoreVolt.	Masa Berlaku Perjanjian	Seluruh hak dan kewajiban para pihak tunduk pada syarat dan ketentuan yang berlaku. CoreVolt berhak melakukan penyesuaian layanan sesuai kebijakan perusahaan dan peraturan yang berlaku.	Ketentuan Umum		\N		\N		\N		\N		\N		\N	2	0.00	0.00	0.00	0.00	0.00	10.00	1.00	1.00	0.00	0.00	f	0.00	0.00
10	PowerVault S	CV-ESS-SS	188000.00	1	1	897	t	fixed	7520.00	manual	40	balance_deposit	at_custom	7	products/13_39LzgCp.png	Semi Series	2026-01-11 10:56:40.492275+07	2026-01-13 11:37:45.386474+07	f	0.00		\N	Perjanjian ini mengatur ketentuan penggunaan layanan dan sistem penyimpanan listrik CoreVolt sesuai dengan spesifikasi dan kapasitas yang dipilih oleh pengguna. Segala resiko yang terjadi diluar kuasa perusahaan adalah tanggung jawab pengguna.	Ruang Lingkup Perjanjian	Perjanjian berlaku selama masa layanan aktif dan dapat diperpanjang sesuai dengan ketentuan serta kesepakatan yang ditetapkan oleh CoreVolt.	Masa Berlaku Perjanjian	Seluruh hak dan kewajiban para pihak tunduk pada syarat dan ketentuan yang berlaku. CoreVolt berhak melakukan penyesuaian layanan sesuai kebijakan perusahaan dan peraturan yang berlaku.	Ketentuan Umum		\N		\N		\N		\N		\N		\N	1	0.00	0.00	0.00	0.00	0.00	10.00	1.00	1.00	0.00	0.00	f	0.00	0.00
\.


--
-- Data for Name: rank_levels; Type: TABLE DATA; Schema: public; Owner: postgres
--

COPY public.rank_levels (id, rank, title, missions_required_total, created_at, updated_at) FROM stdin;
4	1	L1	0	2026-01-11 21:01:57.59057+07	2026-01-11 21:01:57.59057+07
5	2	L2	10	2026-01-11 21:01:57.591577+07	2026-01-11 21:01:57.592084+07
6	3	L3	20	2026-01-11 21:08:06.762072+07	2026-01-11 21:08:19.43534+07
7	4	L4	30	2026-01-11 21:08:34.825044+07	2026-01-11 21:08:34.825044+07
8	5	L5	40	2026-01-11 21:08:54.391141+07	2026-01-11 21:08:54.392675+07
9	6	L6	50	2026-01-11 21:09:05.135833+07	2026-01-11 21:09:05.136339+07
10	7	L7	60	2026-01-11 21:09:16.348057+07	2026-01-11 21:09:16.348562+07
11	8	L8	70	2026-01-11 21:09:26.40826+07	2026-01-11 21:09:26.410558+07
12	9	L9	80	2026-01-11 21:09:36.949229+07	2026-01-11 21:09:36.949229+07
13	10	L10	90	2026-01-11 21:09:47.395199+07	2026-01-11 21:09:47.39673+07
\.


--
-- Data for Name: support_supportchatmessage; Type: TABLE DATA; Schema: public; Owner: postgres
--

COPY public.support_supportchatmessage (id, sender_type, message, created_at, sender_user_id, thread_id) FROM stdin;
1	USER	halo	2026-01-09 22:57:44.144759+07	2	1
2	USER	Halo	2026-01-10 14:37:40.177526+07	2	1
3	USER	Hi	2026-01-10 14:37:42.762758+07	2	1
4	USER	Hi	2026-01-11 10:49:31.853479+07	2	1
5	ADMIN	ada apa	2026-01-11 10:49:50.378598+07	1	1
6	USER	apasi	2026-01-11 21:15:04.641852+07	2	2
7	USER	Hi	2026-01-12 07:33:07.945896+07	50	5
8	USER	Halo	2026-01-12 07:33:10.495163+07	50	5
9	USER	Halo	2026-01-12 16:15:03.834131+07	52	7
10	USER	Hi	2026-01-13 08:52:01.170499+07	55	9
11	ADMIN	Hai	2026-01-13 08:52:21.585525+07	1	9
\.


--
-- Data for Name: support_supportchatthread; Type: TABLE DATA; Schema: public; Owner: postgres
--

COPY public.support_supportchatthread (id, is_closed, created_at, updated_at, user_id) FROM stdin;
1	t	2026-01-07 23:33:24.278938+07	2026-01-11 10:50:04.574818+07	2
2	f	2026-01-11 10:50:07.02496+07	2026-01-11 10:50:07.02496+07	2
3	f	2026-01-11 21:14:58.84515+07	2026-01-11 21:14:58.84515+07	1
4	f	2026-01-11 22:11:10.690376+07	2026-01-11 22:11:10.690376+07	43
5	f	2026-01-12 07:33:03.152459+07	2026-01-12 07:33:03.152459+07	50
6	f	2026-01-12 07:55:30.09957+07	2026-01-12 07:55:30.09957+07	51
7	f	2026-01-12 16:15:01.094005+07	2026-01-12 16:15:01.094005+07	52
8	f	2026-01-12 21:46:34.063936+07	2026-01-12 21:46:34.063936+07	54
9	f	2026-01-13 08:51:57.365889+07	2026-01-13 08:52:21.583996+07	55
10	f	2026-01-13 10:48:18.277661+07	2026-01-13 10:48:18.277661+07	56
11	f	2026-01-13 11:25:27.058731+07	2026-01-13 11:25:27.058731+07	58
12	f	2026-01-13 11:50:52.839948+07	2026-01-13 11:50:52.839948+07	62
\.


--
-- Data for Name: support_supportlink; Type: TABLE DATA; Schema: public; Owner: postgres
--

COPY public.support_supportlink (id, title, url, platform, description, is_active, created_at, updated_at, icon) FROM stdin;
2	WhatsApp	https://whatsapp.com/channel/0029VbBm41SGufIsMvuCTJ0r	whatsapp	Komunitas resmi	t	2025-11-10 09:19:58.765436+07	2026-01-12 16:01:35.455588+07	
1	Telegram	https://t.me/voltacarebroadcast	telegram	Komunitas saluran resmi	t	2025-11-10 09:19:22.230154+07	2026-01-12 16:02:07.677466+07	
\.


--
-- Data for Name: transactions; Type: TABLE DATA; Schema: public; Owner: postgres
--

COPY public.transactions (id, trx_id, type, amount, description, status, wallet_type, investment_quantity, commission_level, voucher_id, voucher_code, created_at, product_id, related_transaction_id, upline_user_id, user_id) FROM stdin;
1	ATT-20251109170040-C7BCB0	ATTENDANCE	1204.19	Daily attendance claim	COMPLETED	BALANCE	\N	\N	\N	\N	2025-11-10 00:00:40.840372+07	\N	\N	\N	2
2	VCH-20251109170418-420A2D	VOUCHER	5000.00	Voucher claim bebekdungu	COMPLETED	BALANCE	\N	\N	8	bebekdungu	2025-11-10 00:04:18.80315+07	\N	\N	\N	2
3	ADM-BALANCE_DEPOSIT-2-1762707923	CREDIT	500000.00	Admin increased balance_deposit by 500000	COMPLETED	BALANCE_DEPOSIT	\N	\N	\N	\N	2025-11-10 00:05:23.11076+07	\N	\N	\N	2
4	PUR-20251109170532-173620	INVESTMENTS	117000.00	Purchase Sistem Celenix (x1)	COMPLETED	BALANCE_DEPOSIT	1	\N	\N	\N	2025-11-10 00:05:32.133433+07	36	\N	\N	2
5	REB-20251109170532-5839C2	PURCHASE_COMMISSION	11700.00	Purchase rebate L1 from 89595959595 - Sistem Celenix	COMPLETED	BALANCE	\N	1	\N	\N	2025-11-10 00:05:32.137672+07	36	4	2	1
6	CBK-20251109170539-857541	CASHBACK	2340.00	Manual cashback claim 2.00% from Sistem Celenix purchase	COMPLETED	BALANCE	\N	\N	\N	\N	2025-11-10 00:05:39.815023+07	36	4	\N	2
7	ADM-BALANCE-2-1762708045	CREDIT	50000.00	Admin increased balance by 50000	COMPLETED	BALANCE	\N	\N	\N	\N	2025-11-10 00:07:25.146731+07	\N	\N	\N	2
666	AUTO-20251130135531-D86725	INTEREST	4680.00	Automatic profit from Sistem Celenix investment	COMPLETED	BALANCE	\N	\N	\N	\N	2025-11-30 20:55:31.566469+07	36	\N	\N	4
667	PRB-20251130135531-E842D5	PROFIT_COMMISSION	327.60	Profit rebate L1 from 0800123456789 - Sistem Celenix	COMPLETED	BALANCE	\N	1	\N	\N	2025-11-30 20:55:31.635602+07	36	666	4	3
12	ADM-BALANCE_DEPOSIT-3-1762710145	CREDIT	500000.00	Admin increased balance_deposit by 500000	COMPLETED	BALANCE_DEPOSIT	\N	\N	\N	\N	2025-11-10 00:42:25.655255+07	\N	\N	\N	3
13	PUR-20251109174259-160136	INVESTMENTS	117000.00	Purchase Sistem Celenix (x1)	COMPLETED	BALANCE_DEPOSIT	1	\N	\N	\N	2025-11-10 00:42:59.204693+07	36	\N	\N	3
14	REB-20251109174259-5146A6	PURCHASE_COMMISSION	8190.00	Purchase rebate L1 from 88585858585 - Sistem Celenix	COMPLETED	BALANCE	\N	1	\N	\N	2025-11-10 00:42:59.20934+07	36	13	3	2
15	REB-20251109174259-A454F0	PURCHASE_COMMISSION	3510.00	Purchase rebate L2 from 88585858585 - Sistem Celenix	COMPLETED	BALANCE	\N	2	\N	\N	2025-11-10 00:42:59.210999+07	36	13	3	1
16	ATT-20251109174452-A25E8A	ATTENDANCE	590.68	Daily attendance claim	COMPLETED	BALANCE	\N	\N	\N	\N	2025-11-10 00:44:52.104764+07	\N	\N	\N	3
668	PRB-20251130135531-EF9BFF	PROFIT_COMMISSION	187.20	Profit rebate L2 from 0800123456789 - Sistem Celenix	COMPLETED	BALANCE	\N	2	\N	\N	2025-11-30 20:55:31.707472+07	36	666	4	2
18	MSN-20251109175930-2-7	MISSIONS	5000.00	Mission reward: Saatnya memiliki kontribusi mengajak teman memiliki proyek medis sebanyak 1 anggota dan dapatkan kemenangan Rp5.000. (x1)	COMPLETED	BALANCE	\N	\N	\N	\N	2025-11-10 00:59:30.865209+07	\N	\N	\N	2
19	DEP-20251109183643-9C2497	DEPOSIT	10000.00	Deposit via Jayapay (BALANCE_DEPOSIT)	COMPLETED	BALANCE_DEPOSIT	\N	\N	\N	\N	2025-11-10 01:36:43.663643+07	\N	\N	\N	2
20	VCH-20251110020710-DC24B8	VOUCHER	9783.53	Voucher claim Yorobun	COMPLETED	BALANCE	\N	\N	1	Yorobun	2025-11-10 09:07:10.349579+07	\N	\N	\N	4
21	DEP-20251110021409-B5067F	DEPOSIT	50000.00	Deposit via Jayapay (BALANCE_DEPOSIT)	PENDING	BALANCE_DEPOSIT	\N	\N	\N	\N	2025-11-10 09:14:09.445+07	\N	\N	\N	4
22	DEP-20251110021415-FCB096	DEPOSIT	10000.00	Deposit via Jayapay (BALANCE_DEPOSIT)	PENDING	BALANCE_DEPOSIT	\N	\N	\N	\N	2025-11-10 09:14:15.283976+07	\N	\N	\N	4
23	DEP-20251110021421-741377	DEPOSIT	10000.00	Deposit via Jayapay (BALANCE_DEPOSIT)	COMPLETED	BALANCE_DEPOSIT	\N	\N	\N	\N	2025-11-10 09:14:21.991003+07	\N	\N	\N	4
24	DEP-20251110021559-182059	DEPOSIT	15000.00	Deposit via Jayapay (BALANCE_DEPOSIT)	PENDING	BALANCE_DEPOSIT	\N	\N	\N	\N	2025-11-10 09:15:59.366063+07	\N	\N	\N	4
25	DEP-20251110021602-098A78	DEPOSIT	15000.00	Deposit via Klikpay (BALANCE_DEPOSIT)	COMPLETED	BALANCE_DEPOSIT	\N	\N	\N	\N	2025-11-10 09:16:02.298717+07	\N	\N	\N	4
26	ATT-20251110021718-B3C31E	ATTENDANCE	970.05	Daily attendance claim	COMPLETED	BALANCE	\N	\N	\N	\N	2025-11-10 09:17:18.0644+07	\N	\N	\N	4
27	ATT-20251110022149-33ED92	ATTENDANCE	868.55	Daily attendance claim	COMPLETED	BALANCE	\N	\N	\N	\N	2025-11-10 09:21:49.99252+07	\N	\N	\N	5
28	VCH-20251110022155-0ED268	VOUCHER	5988.49	Voucher claim Yorobun	COMPLETED	BALANCE	\N	\N	1	Yorobun	2025-11-10 09:21:55.937309+07	\N	\N	\N	5
29	ADM-BALANCE_DEPOSIT-5-1762741337	CREDIT	7000000.00	Admin increased balance_deposit by 7000000	COMPLETED	BALANCE_DEPOSIT	\N	\N	\N	\N	2025-11-10 09:22:17.764885+07	\N	\N	\N	5
30	DEP-20251110022225-240EAB	DEPOSIT	10000.00	Deposit via Jayapay (BALANCE_DEPOSIT)	COMPLETED	BALANCE_DEPOSIT	\N	\N	\N	\N	2025-11-10 09:22:25.85175+07	\N	\N	\N	5
31	PUR-20251110022338-44DB28	INVESTMENTS	117000.00	Purchase Sistem Celenix (x1)	COMPLETED	BALANCE_DEPOSIT	1	\N	\N	\N	2025-11-10 09:23:38.11294+07	36	\N	\N	5
32	REB-20251110022338-8B7FB4	PURCHASE_COMMISSION	11700.00	Purchase rebate L1 from 80123456789 - Sistem Celenix	COMPLETED	BALANCE	\N	1	\N	\N	2025-11-10 09:23:38.117391+07	36	31	5	4
33	REB-20251110022338-EB46B9	PURCHASE_COMMISSION	3510.00	Purchase rebate L2 from 80123456789 - Sistem Celenix	COMPLETED	BALANCE	\N	2	\N	\N	2025-11-10 09:23:38.118663+07	36	31	5	3
34	REB-20251110022338-CFDC58	PURCHASE_COMMISSION	2340.00	Purchase rebate L3 from 80123456789 - Sistem Celenix	COMPLETED	BALANCE	\N	3	\N	\N	2025-11-10 09:23:38.120118+07	36	31	5	2
669	PRB-20251130135531-7E95AE	PROFIT_COMMISSION	93.60	Profit rebate L3 from 0800123456789 - Sistem Celenix	COMPLETED	BALANCE	\N	3	\N	\N	2025-11-30 20:55:31.780897+07	36	666	4	1
670	AUTO-20251130140032-7AEFA0	INTEREST	4680.00	Automatic profit from Sistem Celenix investment	COMPLETED	BALANCE	\N	\N	\N	\N	2025-11-30 21:00:32.949923+07	36	\N	\N	7
671	PRB-20251130140033-B1012E	PROFIT_COMMISSION	327.60	Profit rebate L1 from 8223456789 - Sistem Celenix	COMPLETED	BALANCE	\N	1	\N	\N	2025-11-30 21:00:33.004995+07	36	670	7	6
672	PRB-20251130140033-B80F96	PROFIT_COMMISSION	187.20	Profit rebate L2 from 8223456789 - Sistem Celenix	COMPLETED	BALANCE	\N	2	\N	\N	2025-11-30 21:00:33.085016+07	36	670	7	5
673	PRB-20251130140033-79E3E5	PROFIT_COMMISSION	93.60	Profit rebate L3 from 8223456789 - Sistem Celenix	COMPLETED	BALANCE	\N	3	\N	\N	2025-11-30 21:00:33.160563+07	36	670	7	4
674	AUTO-20251130140033-F67D57	INTEREST	4680.00	Automatic profit from Sistem Celenix investment	COMPLETED	BALANCE	\N	\N	\N	\N	2025-11-30 21:00:33.448243+07	36	\N	\N	6
675	PRB-20251130140033-2437C1	PROFIT_COMMISSION	327.60	Profit rebate L1 from 81123456789 - Sistem Celenix	COMPLETED	BALANCE	\N	1	\N	\N	2025-11-30 21:00:33.523588+07	36	674	6	5
676	PRB-20251130140033-52490C	PROFIT_COMMISSION	187.20	Profit rebate L2 from 81123456789 - Sistem Celenix	COMPLETED	BALANCE	\N	2	\N	\N	2025-11-30 21:00:33.590758+07	36	674	6	4
677	PRB-20251130140033-AAFBFD	PROFIT_COMMISSION	93.60	Profit rebate L3 from 81123456789 - Sistem Celenix	COMPLETED	BALANCE	\N	3	\N	\N	2025-11-30 21:00:33.842818+07	36	674	6	3
678	AUTO-20251130140034-B5EE19	INTEREST	4680.00	Automatic profit from Sistem Celenix investment	COMPLETED	BALANCE	\N	\N	\N	\N	2025-11-30 21:00:34.116048+07	36	\N	\N	5
10	PUR-20251109173951-3B2B88	INVESTMENTS	299880.00	Purchase Sistem Omnisurg (x1)	COMPLETED	BALANCE_DEPOSIT	1	\N	\N	\N	2025-11-10 00:39:51.476979+07	\N	\N	\N	2
679	PRB-20251130140034-94DFD6	PROFIT_COMMISSION	327.60	Profit rebate L1 from 80123456789 - Sistem Celenix	COMPLETED	BALANCE	\N	1	\N	\N	2025-11-30 21:00:34.173601+07	36	678	5	4
680	PRB-20251130140034-CD525C	PROFIT_COMMISSION	187.20	Profit rebate L2 from 80123456789 - Sistem Celenix	COMPLETED	BALANCE	\N	2	\N	\N	2025-11-30 21:00:34.244995+07	36	678	5	3
681	PRB-20251130140034-B8DAC9	PROFIT_COMMISSION	93.60	Profit rebate L3 from 80123456789 - Sistem Celenix	COMPLETED	BALANCE	\N	3	\N	\N	2025-11-30 21:00:34.299492+07	36	678	5	2
682	AUTO-20251130140034-35C957	INTEREST	4680.00	Automatic profit from Sistem Celenix investment	COMPLETED	BALANCE	\N	\N	\N	\N	2025-11-30 21:00:34.539305+07	36	\N	\N	3
683	PRB-20251130140034-ABFF91	PROFIT_COMMISSION	327.60	Profit rebate L1 from 88585858585 - Sistem Celenix	COMPLETED	BALANCE	\N	1	\N	\N	2025-11-30 21:00:34.615368+07	36	682	3	2
684	PRB-20251130140034-6A8572	PROFIT_COMMISSION	187.20	Profit rebate L2 from 88585858585 - Sistem Celenix	COMPLETED	BALANCE	\N	2	\N	\N	2025-11-30 21:00:34.673774+07	36	682	3	1
685	AUTO-20251130140034-3DF916	INTEREST	4680.00	Automatic profit from Sistem Celenix investment	COMPLETED	BALANCE	\N	\N	\N	\N	2025-11-30 21:00:34.873127+07	36	\N	\N	2
686	PRB-20251130140034-DE8694	PROFIT_COMMISSION	327.60	Profit rebate L1 from 89595959595 - Sistem Celenix	COMPLETED	BALANCE	\N	1	\N	\N	2025-11-30 21:00:34.940178+07	36	685	2	1
692	VCH-20251130144846-15F4A0	VOUCHER	5000.00	Voucher claim 000000	COMPLETED	BALANCE	\N	\N	2	000000	2025-11-30 21:48:46.199704+07	\N	\N	\N	2
55	CBK-20251110022407-57FAF0	CASHBACK	2340.00	Manual cashback claim 2.00% from Sistem Celenix purchase	COMPLETED	BALANCE	\N	\N	\N	\N	2025-11-10 09:24:07.437456+07	36	31	\N	5
61	WD-EFD3336A0F	WITHDRAW	271245.64	Withdrawal request	COMPLETED	BALANCE	\N	\N	\N	\N	2025-11-10 09:25:35.184754+07	\N	\N	\N	5
62	ATT-20251110022733-B15ACF	ATTENDANCE	847.77	Daily attendance claim	COMPLETED	BALANCE	\N	\N	\N	\N	2025-11-10 09:27:33.135722+07	\N	\N	\N	6
63	VCH-20251110022750-2CECB1	VOUCHER	4713.42	Voucher claim Yorobun	COMPLETED	BALANCE	\N	\N	1	Yorobun	2025-11-10 09:27:50.135575+07	\N	\N	\N	6
64	ADM-BALANCE_DEPOSIT-6-1762741694	CREDIT	7000000.00	Admin increased balance_deposit by 7000000	COMPLETED	BALANCE_DEPOSIT	\N	\N	\N	\N	2025-11-10 09:28:14.71163+07	\N	\N	\N	6
65	DEP-20251110022833-0208BC	DEPOSIT	10000.00	Deposit via Jayapay (BALANCE_DEPOSIT)	COMPLETED	BALANCE_DEPOSIT	\N	\N	\N	\N	2025-11-10 09:28:33.58632+07	\N	\N	\N	6
66	PUR-20251110022956-DE4C69	INVESTMENTS	117000.00	Purchase Sistem Celenix (x1)	COMPLETED	BALANCE_DEPOSIT	1	\N	\N	\N	2025-11-10 09:29:56.889868+07	36	\N	\N	6
67	REB-20251110022956-57CBA3	PURCHASE_COMMISSION	11700.00	Purchase rebate L1 from 81123456789 - Sistem Celenix	COMPLETED	BALANCE	\N	1	\N	\N	2025-11-10 09:29:56.894746+07	36	66	6	5
68	REB-20251110022956-7425E2	PURCHASE_COMMISSION	3510.00	Purchase rebate L2 from 81123456789 - Sistem Celenix	COMPLETED	BALANCE	\N	2	\N	\N	2025-11-10 09:29:56.896165+07	36	66	6	4
69	REB-20251110022956-45D9C7	PURCHASE_COMMISSION	2340.00	Purchase rebate L3 from 81123456789 - Sistem Celenix	COMPLETED	BALANCE	\N	3	\N	\N	2025-11-10 09:29:56.897448+07	36	66	6	3
687	WD-68662892D6	WITHDRAW	100000.00	Withdrawal request	PENDING	BALANCE	\N	\N	\N	\N	2025-11-30 21:45:34.822054+07	\N	\N	\N	2
688	PUR-20251130144716-0116F0	INVESTMENTS	2600000.00	Purchase Exx 08 (x1)	COMPLETED	BALANCE_DEPOSIT	1	\N	\N	\N	2025-11-30 21:47:16.211329+07	7	\N	\N	2
689	REB-20251130144716-31227B	PURCHASE_COMMISSION	650000.00	Purchase rebate L1 from 89595959595 - Exx 08	COMPLETED	BALANCE	\N	1	\N	\N	2025-11-30 21:47:16.372426+07	7	688	2	1
690	PUR-20251130144741-292F0C	INVESTMENTS	1500000.00	Purchase Exx 07 (x1)	COMPLETED	BALANCE_DEPOSIT	1	\N	\N	\N	2025-11-30 21:47:41.14354+07	6	\N	\N	2
91	CBK-20251110023020-D2C995	CASHBACK	2340.00	Manual cashback claim 2.00% from Sistem Celenix purchase	COMPLETED	BALANCE	\N	\N	\N	\N	2025-11-10 09:30:20.216339+07	36	66	\N	6
691	REB-20251130144741-A18A39	PURCHASE_COMMISSION	375000.00	Purchase rebate L1 from 89595959595 - Exx 07	COMPLETED	BALANCE	\N	1	\N	\N	2025-11-30 21:47:41.283549+07	6	690	2	1
693	ATT-20251130153430-277B40	ATTENDANCE	500.00	Daily attendance claim	COMPLETED	BALANCE	\N	\N	\N	\N	2025-11-30 22:34:30.326811+07	\N	\N	\N	10
719	ATT-20251201015904-386B51	ATTENDANCE	500.00	Daily attendance claim	COMPLETED	BALANCE	\N	\N	\N	\N	2025-12-01 08:59:04.809127+07	\N	\N	\N	13
771	REG-20-1764590030	CREDIT	10000.00	Registration bonus	COMPLETED	BALANCE_DEPOSIT	\N	\N	\N	\N	2025-12-01 18:53:50.353245+07	\N	\N	\N	20
96	WD-B1CCB5E627	WITHDRAW	269949.79	Withdrawal request	COMPLETED	BALANCE	\N	\N	\N	\N	2025-11-10 09:31:17.183872+07	\N	\N	\N	6
97	ATT-20251110023336-577BAC	ATTENDANCE	505.48	Daily attendance claim	COMPLETED	BALANCE	\N	\N	\N	\N	2025-11-10 09:33:36.763207+07	\N	\N	\N	7
98	VCH-20251110023342-D9BD25	VOUCHER	1380.65	Voucher claim Yorobun	COMPLETED	BALANCE	\N	\N	1	Yorobun	2025-11-10 09:33:42.897371+07	\N	\N	\N	7
99	DEP-20251110023350-846D03	DEPOSIT	10000.00	Deposit via Jayapay (BALANCE_DEPOSIT)	COMPLETED	BALANCE_DEPOSIT	\N	\N	\N	\N	2025-11-10 09:33:50.529319+07	\N	\N	\N	7
100	ADM-BALANCE_DEPOSIT-7-1762742081	CREDIT	7000000.00	Admin increased balance_deposit by 7000000	COMPLETED	BALANCE_DEPOSIT	\N	\N	\N	\N	2025-11-10 09:34:41.740323+07	\N	\N	\N	7
101	PUR-20251110023451-169758	INVESTMENTS	117000.00	Purchase Sistem Celenix (x1)	COMPLETED	BALANCE_DEPOSIT	1	\N	\N	\N	2025-11-10 09:34:51.527809+07	36	\N	\N	7
102	REB-20251110023451-8DD92C	PURCHASE_COMMISSION	11700.00	Purchase rebate L1 from 8223456789 - Sistem Celenix	COMPLETED	BALANCE	\N	1	\N	\N	2025-11-10 09:34:51.531709+07	36	101	7	6
103	REB-20251110023451-4F3797	PURCHASE_COMMISSION	3510.00	Purchase rebate L2 from 8223456789 - Sistem Celenix	COMPLETED	BALANCE	\N	2	\N	\N	2025-11-10 09:34:51.533437+07	36	101	7	5
104	REB-20251110023451-89776D	PURCHASE_COMMISSION	2340.00	Purchase rebate L3 from 8223456789 - Sistem Celenix	COMPLETED	BALANCE	\N	3	\N	\N	2025-11-10 09:34:51.535134+07	36	101	7	4
772	REG-21-1764594393	CREDIT	10000.00	Registration bonus	COMPLETED	BALANCE_DEPOSIT	\N	\N	\N	\N	2025-12-01 20:06:33.247082+07	\N	\N	\N	21
773	ATT-20251201130738-B1CE11	ATTENDANCE	500.00	Daily attendance claim	COMPLETED	BALANCE	\N	\N	\N	\N	2025-12-01 20:07:38.998399+07	\N	\N	\N	21
774	AUTO-20251201135726-E1D82C	INTEREST	4680.00	Automatic profit from Exx 01 investment	COMPLETED	BALANCE	\N	\N	\N	\N	2025-12-01 20:57:26.998237+07	36	\N	\N	4
787	ATT-20251202052408-0D5EF7	ATTENDANCE	500.00	Daily attendance claim	COMPLETED	BALANCE	\N	\N	\N	\N	2025-12-02 12:24:08.734934+07	\N	\N	\N	16
853	AUTO-20251202155445-E698E7	INTEREST	36000.00	Automatic profit from Exx 03 investment	COMPLETED	BALANCE	\N	\N	\N	\N	2025-12-02 22:54:45.616316+07	2	\N	\N	9
854	AUTO-20251202155445-426222	INTEREST	20000.00	Automatic profit from Exx 02 investment	COMPLETED	BALANCE	\N	\N	\N	\N	2025-12-02 22:54:45.902927+07	1	\N	\N	9
694	ATT-20251130153559-6BFCFA	ATTENDANCE	500.00	Daily attendance claim	COMPLETED	BALANCE	\N	\N	\N	\N	2025-11-30 22:35:59.333852+07	\N	\N	\N	9
695	VCH-20251130153611-DAAF34	VOUCHER	5000.00	Voucher claim 000000	COMPLETED	BALANCE	\N	\N	2	000000	2025-11-30 22:36:11.295659+07	\N	\N	\N	9
130	CBK-20251110023523-3302BD	CASHBACK	2340.00	Manual cashback claim 2.00% from Sistem Celenix purchase	COMPLETED	BALANCE	\N	\N	\N	\N	2025-11-10 09:35:23.854401+07	36	101	\N	7
131	WD-68E6B5BDA6	WITHDRAW	266274.73	Withdrawal request	COMPLETED	BALANCE	\N	\N	\N	\N	2025-11-10 09:37:06.462682+07	\N	\N	\N	7
132	MSN-20251110024306-4-7	MISSIONS	5000.00	Mission reward: Saatnya memiliki kontribusi mengajak teman memiliki proyek medis sebanyak 1 anggota dan dapatkan kemenangan Rp5.000. (x1)	COMPLETED	BALANCE	\N	\N	\N	\N	2025-11-10 09:43:06.440179+07	\N	\N	\N	4
133	MSN-20251110024309-4-4	MISSIONS	15000.00	Mission reward: Saatnya memiliki kontribusi mengajak teman memiliki proyek medis sebanyak 2 anggota dan dapatkan kemenangan Rp15.000 (x1)	COMPLETED	BALANCE	\N	\N	\N	\N	2025-11-10 09:43:09.908911+07	\N	\N	\N	4
702	DEP-20251130153910-A318CE	DEPOSIT	100000.00	Deposit via Jayapay (BALANCE_DEPOSIT)	PENDING	BALANCE_DEPOSIT	\N	\N	\N	\N	2025-11-30 22:39:10.476933+07	\N	\N	\N	9
134	WD-37F13B66CF	WITHDRAW	1022640.58	Withdrawal request	REJECTED	BALANCE	\N	\N	\N	\N	2025-11-10 09:44:32.075835+07	\N	\N	\N	4
135	WDREF-05ECAA1C54	REJECT	1022640.58	Withdrawal rejected - refund	COMPLETED	BALANCE	\N	\N	\N	\N	2025-11-10 09:45:38.412122+07	\N	134	\N	4
136	WD-BCC41BF88A	WITHDRAW	1022640.58	Withdrawal request	COMPLETED	BALANCE	\N	\N	\N	\N	2025-11-10 09:46:18.382868+07	\N	\N	\N	4
137	ADM-BALANCE_DEPOSIT-4-1762742857	CREDIT	7000000.00	Admin increased balance_deposit by 7000000	COMPLETED	BALANCE_DEPOSIT	\N	\N	\N	\N	2025-11-10 09:47:37.319565+07	\N	\N	\N	4
138	PUR-20251110024750-A58DED	INVESTMENTS	117000.00	Purchase Sistem Celenix (x1)	COMPLETED	BALANCE_DEPOSIT	1	\N	\N	\N	2025-11-10 09:47:50.992146+07	36	\N	\N	4
139	REB-20251110024750-AC4888	PURCHASE_COMMISSION	11700.00	Purchase rebate L1 from 0800123456789 - Sistem Celenix	COMPLETED	BALANCE	\N	1	\N	\N	2025-11-10 09:47:50.996026+07	36	138	4	3
140	REB-20251110024750-9851DA	PURCHASE_COMMISSION	3510.00	Purchase rebate L2 from 0800123456789 - Sistem Celenix	COMPLETED	BALANCE	\N	2	\N	\N	2025-11-10 09:47:50.997416+07	36	138	4	2
141	REB-20251110024750-0FC251	PURCHASE_COMMISSION	2340.00	Purchase rebate L3 from 0800123456789 - Sistem Celenix	COMPLETED	BALANCE	\N	3	\N	\N	2025-11-10 09:47:50.998722+07	36	138	4	1
703	VCH-20251130154209-2893E8	VOUCHER	5000.00	Voucher claim 000000	COMPLETED	BALANCE	\N	\N	2	000000	2025-11-30 22:42:09.317772+07	\N	\N	\N	11
704	ADM-BALANCE_DEPOSIT-11-1764517332	CREDIT	10000000.00	Admin increased balance_deposit by 10000000	COMPLETED	BALANCE_DEPOSIT	\N	\N	\N	\N	2025-11-30 22:42:12.513392+07	\N	\N	\N	11
720	REG-14-1764574870	CREDIT	10000.00	Registration bonus	COMPLETED	BALANCE_DEPOSIT	\N	\N	\N	\N	2025-12-01 14:41:10.415557+07	\N	\N	\N	14
721	ATT-20251201074407-74F129	ATTENDANCE	500.00	Daily attendance claim	COMPLETED	BALANCE	\N	\N	\N	\N	2025-12-01 14:44:07.100827+07	\N	\N	\N	14
723	ADM-BALANCE-14-1764575203	CREDIT	100000.00	Admin increased balance by 100000	COMPLETED	BALANCE	\N	\N	\N	\N	2025-12-01 14:46:43.154574+07	\N	\N	\N	14
724	WD-8224A59E86	WITHDRAW	100000.00	Withdrawal request	PENDING	BALANCE	\N	\N	\N	\N	2025-12-01 14:48:22.787044+07	\N	\N	\N	14
725	ADM-BALANCE-14-1764575317	CREDIT	100000.00	Admin increased balance by 100000	COMPLETED	BALANCE	\N	\N	\N	\N	2025-12-01 14:48:37.770298+07	\N	\N	\N	14
726	WD-5DD3AED7CC	WITHDRAW	100000.00	Withdrawal request	PENDING	BALANCE	\N	\N	\N	\N	2025-12-01 14:48:52.107399+07	\N	\N	\N	14
775	AUTO-20251201140228-F4341B	INTEREST	4680.00	Automatic profit from Exx 01 investment	COMPLETED	BALANCE	\N	\N	\N	\N	2025-12-01 21:02:28.561608+07	36	\N	\N	7
776	AUTO-20251201140228-72642B	INTEREST	4680.00	Automatic profit from Exx 01 investment	COMPLETED	BALANCE	\N	\N	\N	\N	2025-12-01 21:02:28.97835+07	36	\N	\N	6
777	AUTO-20251201140229-3B27CF	INTEREST	4680.00	Automatic profit from Exx 01 investment	COMPLETED	BALANCE	\N	\N	\N	\N	2025-12-01 21:02:29.311304+07	36	\N	\N	5
778	AUTO-20251201140229-11979E	INTEREST	4680.00	Automatic profit from Exx 01 investment	COMPLETED	BALANCE	\N	\N	\N	\N	2025-12-01 21:02:29.636722+07	36	\N	\N	3
779	AUTO-20251201140229-0610AC	INTEREST	4680.00	Automatic profit from Exx 01 investment	COMPLETED	BALANCE	\N	\N	\N	\N	2025-12-01 21:02:29.877338+07	36	\N	\N	2
788	REG-22-1764653444	CREDIT	10000.00	Registration bonus	COMPLETED	BALANCE_DEPOSIT	\N	\N	\N	\N	2025-12-02 12:30:44.285525+07	\N	\N	\N	22
789	ATT-20251202053136-8EF67D	ATTENDANCE	500.00	Daily attendance claim	COMPLETED	BALANCE	\N	\N	\N	\N	2025-12-02 12:31:36.34039+07	\N	\N	\N	22
167	CBK-20251110024839-A101A7	CASHBACK	2340.00	Manual cashback claim 2.00% from Sistem Celenix purchase	COMPLETED	BALANCE	\N	\N	\N	\N	2025-11-10 09:48:39.141075+07	36	138	\N	4
168	WD-E00143D4B3	WITHDRAW	50000.00	Withdrawal request	REJECTED	BALANCE	\N	\N	\N	\N	2025-11-10 09:51:42.584199+07	\N	\N	\N	4
169	WDREF-DCCC536541	REJECT	50000.00	Withdrawal rejected - refund	COMPLETED	BALANCE	\N	\N	\N	\N	2025-11-10 09:59:25.208503+07	\N	168	\N	4
8	WD-1A948089C1	WITHDRAW	50000.00	Withdrawal request	REJECTED	BALANCE	\N	\N	\N	\N	2025-11-10 00:09:21.327296+07	\N	\N	\N	2
170	WDREF-DF0B901828	REJECT	50000.00	Withdrawal rejected - refund	COMPLETED	BALANCE	\N	\N	\N	\N	2025-11-10 12:52:29.250887+07	\N	8	\N	2
172	WDREF-F2DC9A57F7	REJECT	50000.00	Withdrawal rejected - refund	COMPLETED	BALANCE	\N	\N	\N	\N	2025-11-10 12:53:55.646198+07	\N	171	\N	2
173	ADM-BALANCE_DEPOSIT-2-1762754218	CREDIT	150000.00	Admin increased balance_deposit by 150000	COMPLETED	BALANCE_DEPOSIT	\N	\N	\N	\N	2025-11-10 12:56:58.210895+07	\N	\N	\N	2
696	ADM-BALANCE_DEPOSIT-9-1764517014	CREDIT	10000000.00	Admin increased balance_deposit by 10000000	COMPLETED	BALANCE_DEPOSIT	\N	\N	\N	\N	2025-11-30 22:36:54.855681+07	\N	\N	\N	9
697	ADM-BALANCE_DEPOSIT-10-1764517027	CREDIT	10000000.00	Admin increased balance_deposit by 10000000	COMPLETED	BALANCE_DEPOSIT	\N	\N	\N	\N	2025-11-30 22:37:07.515279+07	\N	\N	\N	10
698	PUR-20251130153742-E7382A	INVESTMENTS	45000.00	Purchase Exx 01 (x1)	COMPLETED	BALANCE_DEPOSIT	1	\N	\N	\N	2025-11-30 22:37:42.352776+07	36	\N	\N	10
699	REB-20251130153742-49DB2D	PURCHASE_COMMISSION	11250.00	Purchase rebate L1 from 857649464994 - Exx 01	COMPLETED	BALANCE	\N	1	\N	\N	2025-11-30 22:37:42.487371+07	36	698	10	9
700	REB-20251130153742-FD7780	PURCHASE_COMMISSION	900.00	Purchase rebate L2 from 857649464994 - Exx 01	COMPLETED	BALANCE	\N	2	\N	\N	2025-11-30 22:37:42.558151+07	36	698	10	2
701	REB-20251130153742-F8F8AB	PURCHASE_COMMISSION	450.00	Purchase rebate L3 from 857649464994 - Exx 01	COMPLETED	BALANCE	\N	3	\N	\N	2025-11-30 22:37:42.631807+07	36	698	10	1
171	WD-33625F0256	WITHDRAW	50000.00	Withdrawal request	COMPLETED	BALANCE	\N	\N	\N	\N	2025-11-10 12:53:36.008394+07	\N	\N	\N	2
180	WD-F0F7B1B55A	WITHDRAW	50000.00	Withdrawal request	COMPLETED	BALANCE	\N	\N	\N	\N	2025-11-10 15:28:00.500638+07	\N	\N	\N	2
181	WD-DFCA4909BF	WITHDRAW	50000.00	Withdrawal request	REJECTED	BALANCE	\N	\N	\N	\N	2025-11-10 16:12:00.666151+07	\N	\N	\N	2
182	WDREF-8C62A618C7	REJECT	50000.00	Withdrawal rejected - refund	COMPLETED	BALANCE	\N	\N	\N	\N	2025-11-10 16:55:00.243299+07	\N	181	\N	2
705	PUR-20251130154237-A1EB7C	INVESTMENTS	45000.00	Purchase Exx 01 (x1)	COMPLETED	BALANCE_DEPOSIT	1	\N	\N	\N	2025-11-30 22:42:37.234478+07	36	\N	\N	11
706	REB-20251130154237-4C60DB	PURCHASE_COMMISSION	11250.00	Purchase rebate L1 from 85764846494 - Exx 01	COMPLETED	BALANCE	\N	1	\N	\N	2025-11-30 22:42:37.409611+07	36	705	11	9
707	REB-20251130154237-79C781	PURCHASE_COMMISSION	900.00	Purchase rebate L2 from 85764846494 - Exx 01	COMPLETED	BALANCE	\N	2	\N	\N	2025-11-30 22:42:37.492073+07	36	705	11	2
708	REB-20251130154237-3131A3	PURCHASE_COMMISSION	450.00	Purchase rebate L3 from 85764846494 - Exx 01	COMPLETED	BALANCE	\N	3	\N	\N	2025-11-30 22:42:37.558732+07	36	705	11	1
709	PUR-20251130154358-81F6F4	INVESTMENTS	45000.00	Purchase Exx 01 (x1)	COMPLETED	BALANCE_DEPOSIT	1	\N	\N	\N	2025-11-30 22:43:58.35531+07	36	\N	\N	9
710	REB-20251130154358-5C24B6	PURCHASE_COMMISSION	11250.00	Purchase rebate L1 from 081808368210 - Exx 01	COMPLETED	BALANCE	\N	1	\N	\N	2025-11-30 22:43:58.494693+07	36	709	9	2
711	REB-20251130154358-08F9C3	PURCHASE_COMMISSION	900.00	Purchase rebate L2 from 081808368210 - Exx 01	COMPLETED	BALANCE	\N	2	\N	\N	2025-11-30 22:43:58.557271+07	36	709	9	1
712	VCH-20251130154441-BBE943	VOUCHER	5000.00	Voucher claim 999999	COMPLETED	BALANCE	\N	\N	3	999999	2025-11-30 22:44:41.881531+07	\N	\N	\N	9
713	PUR-20251130154649-20EF44	INVESTMENTS	100000.00	Purchase Exx 02 (x1)	COMPLETED	BALANCE_DEPOSIT	1	\N	\N	\N	2025-11-30 22:46:49.223474+07	1	\N	\N	9
714	REB-20251130154649-C1B029	PURCHASE_COMMISSION	25000.00	Purchase rebate L1 from 081808368210 - Exx 02	COMPLETED	BALANCE	\N	1	\N	\N	2025-11-30 22:46:49.412632+07	1	713	9	2
715	REB-20251130154649-05BBEC	PURCHASE_COMMISSION	2000.00	Purchase rebate L2 from 081808368210 - Exx 02	COMPLETED	BALANCE	\N	2	\N	\N	2025-11-30 22:46:49.483567+07	1	713	9	1
716	PUR-20251130154706-5AC199	INVESTMENTS	180000.00	Purchase Exx 03 (x1)	COMPLETED	BALANCE_DEPOSIT	1	\N	\N	\N	2025-11-30 22:47:06.507567+07	2	\N	\N	9
717	REB-20251130154706-EBABB6	PURCHASE_COMMISSION	45000.00	Purchase rebate L1 from 081808368210 - Exx 03	COMPLETED	BALANCE	\N	1	\N	\N	2025-11-30 22:47:06.656336+07	2	716	9	2
718	REB-20251130154706-AD4DFA	PURCHASE_COMMISSION	3600.00	Purchase rebate L2 from 081808368210 - Exx 03	COMPLETED	BALANCE	\N	2	\N	\N	2025-11-30 22:47:06.724312+07	2	716	9	1
722	VCH-20251201074527-9D1CD2	VOUCHER	5000.00	Voucher claim 000000	COMPLETED	BALANCE	\N	\N	2	000000	2025-12-01 14:45:27.942501+07	\N	\N	\N	14
727	ADM-BALANCE_DEPOSIT-14-1764575542	CREDIT	100000.00	Admin increased balance_deposit by 100000	COMPLETED	BALANCE_DEPOSIT	\N	\N	\N	\N	2025-12-01 14:52:22.438472+07	\N	\N	\N	14
728	PUR-20251201075228-6EE1C0	INVESTMENTS	45000.00	Purchase Exx 01 (x1)	COMPLETED	BALANCE_DEPOSIT	1	\N	\N	\N	2025-12-01 14:52:28.049703+07	36	\N	\N	14
729	REB-20251201075228-0FDC8A	PURCHASE_COMMISSION	11250.00	Purchase rebate L1 from 081808368211 - Exx 01	COMPLETED	BALANCE	\N	1	\N	\N	2025-12-01 14:52:28.250069+07	36	728	14	9
730	REB-20251201075228-361943	PURCHASE_COMMISSION	900.00	Purchase rebate L2 from 081808368211 - Exx 01	COMPLETED	BALANCE	\N	2	\N	\N	2025-12-01 14:52:28.396541+07	36	728	14	2
731	REB-20251201075228-E26E7B	PURCHASE_COMMISSION	450.00	Purchase rebate L3 from 081808368211 - Exx 01	COMPLETED	BALANCE	\N	3	\N	\N	2025-12-01 14:52:28.488046+07	36	728	14	1
732	PUR-20251201075627-2D208A	INVESTMENTS	100000.00	Purchase Exx 02 (x1)	COMPLETED	BALANCE_DEPOSIT	1	\N	\N	\N	2025-12-01 14:56:27.092747+07	1	\N	\N	14
733	REB-20251201075627-5B9574	PURCHASE_COMMISSION	25000.00	Purchase rebate L1 from 081808368211 - Exx 02	COMPLETED	BALANCE	\N	1	\N	\N	2025-12-01 14:56:27.453894+07	1	732	14	9
734	REB-20251201075627-24134F	PURCHASE_COMMISSION	2000.00	Purchase rebate L2 from 081808368211 - Exx 02	COMPLETED	BALANCE	\N	2	\N	\N	2025-12-01 14:56:27.536795+07	1	732	14	2
735	REB-20251201075627-14FA49	PURCHASE_COMMISSION	1000.00	Purchase rebate L3 from 081808368211 - Exx 02	COMPLETED	BALANCE	\N	3	\N	\N	2025-12-01 14:56:27.689352+07	1	732	14	1
780	AUTO-20251201144840-3188E8	INTEREST	300000.00	Automatic profit from Exx 07 investment	COMPLETED	BALANCE	\N	\N	\N	\N	2025-12-01 21:48:40.867263+07	6	\N	\N	2
781	AUTO-20251201144841-E5744B	INTEREST	520000.00	Automatic profit from Exx 08 investment	COMPLETED	BALANCE	\N	\N	\N	\N	2025-12-01 21:48:41.13906+07	7	\N	\N	2
790	ATT-20251202053405-47BC28	ATTENDANCE	500.00	Daily attendance claim	COMPLETED	BALANCE	\N	\N	\N	\N	2025-12-02 12:34:05.85971+07	\N	\N	\N	17
736	DEP-20251201081901-481B79	DEPOSIT	100000.00	Deposit via Jayapay (BALANCE_DEPOSIT)	PENDING	BALANCE_DEPOSIT	\N	\N	\N	\N	2025-12-01 15:19:01.611431+07	\N	\N	\N	14
782	AUTO-20251201153914-8A289F	INTEREST	9000.00	Automatic profit from Exx 01 investment	COMPLETED	BALANCE	\N	\N	\N	\N	2025-12-01 22:39:14.691272+07	36	\N	\N	10
783	AUTO-20251201154415-9E8B5D	INTEREST	9000.00	Automatic profit from Exx 01 investment	COMPLETED	BALANCE	\N	\N	\N	\N	2025-12-01 22:44:15.865161+07	36	\N	\N	9
784	AUTO-20251201154416-BDAED2	INTEREST	9000.00	Automatic profit from Exx 01 investment	COMPLETED	BALANCE	\N	\N	\N	\N	2025-12-01 22:44:16.179085+07	36	\N	\N	11
785	AUTO-20251201154916-A99E2D	INTEREST	36000.00	Automatic profit from Exx 03 investment	COMPLETED	BALANCE	\N	\N	\N	\N	2025-12-01 22:49:16.94278+07	2	\N	\N	9
786	AUTO-20251201154917-F51A68	INTEREST	20000.00	Automatic profit from Exx 02 investment	COMPLETED	BALANCE	\N	\N	\N	\N	2025-12-01 22:49:17.533108+07	1	\N	\N	9
791	AUTO-20251202075236-4E8B17	INTEREST	9000.00	Automatic profit from Exx 01 investment	COMPLETED	BALANCE	\N	\N	\N	\N	2025-12-02 14:52:36.488136+07	36	\N	\N	14
792	AUTO-20251202075737-BBB8EB	INTEREST	20000.00	Automatic profit from Exx 02 investment	COMPLETED	BALANCE	\N	\N	\N	\N	2025-12-02 14:57:37.399674+07	1	\N	\N	14
227	AUTO-20251126134656-40E0D9	INTEREST	4680.00	Automatic profit from Sistem Celenix investment	COMPLETED	BALANCE	\N	\N	\N	\N	2025-11-26 20:46:56.570941+07	36	\N	\N	4
228	PRB-20251126134656-33A9A2	PROFIT_COMMISSION	327.60	Profit rebate L1 from 0800123456789 - Sistem Celenix	COMPLETED	BALANCE	\N	1	\N	\N	2025-11-26 20:46:56.633001+07	36	227	4	3
229	PRB-20251126134656-A928E4	PROFIT_COMMISSION	187.20	Profit rebate L2 from 0800123456789 - Sistem Celenix	COMPLETED	BALANCE	\N	2	\N	\N	2025-11-26 20:46:56.713136+07	36	227	4	2
230	PRB-20251126134656-203096	PROFIT_COMMISSION	93.60	Profit rebate L3 from 0800123456789 - Sistem Celenix	COMPLETED	BALANCE	\N	3	\N	\N	2025-11-26 20:46:56.793896+07	36	227	4	1
211	AUTO-20251126134655-6A7B36	INTEREST	22648.00	Automatic profit from Sistem Lyvion investment	COMPLETED	BALANCE	\N	\N	\N	\N	2025-11-26 20:46:55.178321+07	\N	\N	\N	4
212	PRB-20251126134655-81238B	PROFIT_COMMISSION	1585.36	Profit rebate L1 from 0800123456789 - Sistem Lyvion	COMPLETED	BALANCE	\N	1	\N	\N	2025-11-26 20:46:55.250534+07	\N	211	4	3
213	PRB-20251126134655-A1E6A6	PROFIT_COMMISSION	905.92	Profit rebate L2 from 0800123456789 - Sistem Lyvion	COMPLETED	BALANCE	\N	2	\N	\N	2025-11-26 20:46:55.322237+07	\N	211	4	2
214	PRB-20251126134655-0861D9	PROFIT_COMMISSION	452.96	Profit rebate L3 from 0800123456789 - Sistem Lyvion	COMPLETED	BALANCE	\N	3	\N	\N	2025-11-26 20:46:55.393825+07	\N	211	4	1
737	REG-15-1764582262	CREDIT	10000.00	Registration bonus	COMPLETED	BALANCE_DEPOSIT	\N	\N	\N	\N	2025-12-01 16:44:22.034177+07	\N	\N	\N	15
793	WD-AC1269F829	WITHDRAW	48000.00	Withdrawal request	PENDING	BALANCE	\N	\N	\N	\N	2025-12-02 16:34:59.071588+07	\N	\N	\N	16
794	VCH-20251202093608-9EDC98	VOUCHER	5000.00	Voucher claim 999999	COMPLETED	BALANCE	\N	\N	3	999999	2025-12-02 16:36:08.95775+07	\N	\N	\N	16
279	AUTO-20251126134711-CF3A7A	INTEREST	4680.00	Automatic profit from Sistem Celenix investment	COMPLETED	BALANCE	\N	\N	\N	\N	2025-11-26 20:47:11.817036+07	36	\N	\N	7
280	PRB-20251126134711-A0D8A0	PROFIT_COMMISSION	327.60	Profit rebate L1 from 8223456789 - Sistem Celenix	COMPLETED	BALANCE	\N	1	\N	\N	2025-11-26 20:47:11.898815+07	36	279	7	6
281	PRB-20251126134711-52C1A5	PROFIT_COMMISSION	187.20	Profit rebate L2 from 8223456789 - Sistem Celenix	COMPLETED	BALANCE	\N	2	\N	\N	2025-11-26 20:47:11.998546+07	36	279	7	5
282	PRB-20251126134712-B89874	PROFIT_COMMISSION	93.60	Profit rebate L3 from 8223456789 - Sistem Celenix	COMPLETED	BALANCE	\N	3	\N	\N	2025-11-26 20:47:12.090588+07	36	279	7	4
738	REG-16-1764582335	CREDIT	10000.00	Registration bonus	COMPLETED	BALANCE_DEPOSIT	\N	\N	\N	\N	2025-12-01 16:45:35.553888+07	\N	\N	\N	16
795	AUTO-20251202102756-816DFD	INTEREST	9000.00	Automatic profit from Exx 01 investment	COMPLETED	BALANCE	\N	\N	\N	\N	2025-12-02 17:27:56.84736+07	36	\N	\N	17
796	AUTO-20251202103257-1D8FEE	INTEREST	9000.00	Automatic profit from Exx 01 investment	COMPLETED	BALANCE	\N	\N	\N	\N	2025-12-02 17:32:57.823906+07	36	\N	\N	16
303	AUTO-20251126134714-FF2A7A	INTEREST	4680.00	Automatic profit from Sistem Celenix investment	COMPLETED	BALANCE	\N	\N	\N	\N	2025-11-26 20:47:14.699716+07	36	\N	\N	6
304	PRB-20251126134714-4E609F	PROFIT_COMMISSION	327.60	Profit rebate L1 from 81123456789 - Sistem Celenix	COMPLETED	BALANCE	\N	1	\N	\N	2025-11-26 20:47:14.765129+07	36	303	6	5
305	PRB-20251126134714-54773F	PROFIT_COMMISSION	187.20	Profit rebate L2 from 81123456789 - Sistem Celenix	COMPLETED	BALANCE	\N	2	\N	\N	2025-11-26 20:47:14.828619+07	36	303	6	4
306	PRB-20251126134714-6792FE	PROFIT_COMMISSION	93.60	Profit rebate L3 from 81123456789 - Sistem Celenix	COMPLETED	BALANCE	\N	3	\N	\N	2025-11-26 20:47:14.891824+07	36	303	6	3
327	AUTO-20251126134717-CBBA52	INTEREST	4680.00	Automatic profit from Sistem Celenix investment	COMPLETED	BALANCE	\N	\N	\N	\N	2025-11-26 20:47:17.168605+07	36	\N	\N	5
328	PRB-20251126134717-674D59	PROFIT_COMMISSION	327.60	Profit rebate L1 from 80123456789 - Sistem Celenix	COMPLETED	BALANCE	\N	1	\N	\N	2025-11-26 20:47:17.247606+07	36	327	5	4
329	PRB-20251126134717-5F8ED3	PROFIT_COMMISSION	187.20	Profit rebate L2 from 80123456789 - Sistem Celenix	COMPLETED	BALANCE	\N	2	\N	\N	2025-11-26 20:47:17.372426+07	36	327	5	3
330	PRB-20251126134717-5AB205	PROFIT_COMMISSION	93.60	Profit rebate L3 from 80123456789 - Sistem Celenix	COMPLETED	BALANCE	\N	3	\N	\N	2025-11-26 20:47:17.479331+07	36	327	5	2
331	AUTO-20251126134717-72DB56	INTEREST	4680.00	Automatic profit from Sistem Celenix investment	COMPLETED	BALANCE	\N	\N	\N	\N	2025-11-26 20:47:17.845682+07	36	\N	\N	3
332	PRB-20251126134717-91EECE	PROFIT_COMMISSION	327.60	Profit rebate L1 from 88585858585 - Sistem Celenix	COMPLETED	BALANCE	\N	1	\N	\N	2025-11-26 20:47:17.92509+07	36	331	3	2
333	PRB-20251126134717-ED1F2C	PROFIT_COMMISSION	187.20	Profit rebate L2 from 88585858585 - Sistem Celenix	COMPLETED	BALANCE	\N	2	\N	\N	2025-11-26 20:47:17.995788+07	36	331	3	1
739	REG-17-1764583437	CREDIT	10000.00	Registration bonus	COMPLETED	BALANCE_DEPOSIT	\N	\N	\N	\N	2025-12-01 17:03:57.385527+07	\N	\N	\N	17
797	AUTO-20251202104259-17CAED	INTEREST	9000.00	Automatic profit from Exx 01 investment	COMPLETED	BALANCE	\N	\N	\N	\N	2025-12-02 17:42:59.629168+07	36	\N	\N	18
336	AUTO-20251126134718-2D6839	INTEREST	4680.00	Automatic profit from Sistem Celenix investment	COMPLETED	BALANCE	\N	\N	\N	\N	2025-11-26 20:47:18.556357+07	36	\N	\N	2
337	PRB-20251126134718-C98DE9	PROFIT_COMMISSION	327.60	Profit rebate L1 from 89595959595 - Sistem Celenix	COMPLETED	BALANCE	\N	1	\N	\N	2025-11-26 20:47:18.62068+07	36	336	2	1
798	AUTO-20251202104800-30DB0E	INTEREST	9000.00	Automatic profit from Exx 01 investment	COMPLETED	BALANCE	\N	\N	\N	\N	2025-12-02 17:48:00.550154+07	36	\N	\N	19
806	REG-25-1764673128	CREDIT	10000.00	Registration bonus	COMPLETED	BALANCE_DEPOSIT	\N	\N	\N	\N	2025-12-02 17:58:48.680271+07	\N	\N	\N	25
808	PUR-20251202105930-7E1912	INVESTMENTS	45000.00	Purchase Exx 01 (x1)	COMPLETED	BALANCE_DEPOSIT	1	\N	\N	\N	2025-12-02 17:59:30.065181+07	36	\N	\N	25
809	REB-20251202105930-04F6ED	PURCHASE_COMMISSION	11250.00	Purchase rebate L1 from 857468464646 - Exx 01	COMPLETED	BALANCE	\N	1	\N	\N	2025-12-02 17:59:30.203248+07	36	808	25	23
810	REB-20251202105930-837AD0	PURCHASE_COMMISSION	900.00	Purchase rebate L2 from 857468464646 - Exx 01	COMPLETED	BALANCE	\N	2	\N	\N	2025-12-02 17:59:30.269139+07	36	808	25	19
811	REB-20251202105930-A20064	PURCHASE_COMMISSION	450.00	Purchase rebate L3 from 857468464646 - Exx 01	COMPLETED	BALANCE	\N	3	\N	\N	2025-12-02 17:59:30.335446+07	36	808	25	16
818	REG-27-1764673362	CREDIT	10000.00	Registration bonus	COMPLETED	BALANCE_DEPOSIT	\N	\N	\N	\N	2025-12-02 18:02:42.864286+07	\N	\N	\N	27
819	MSN-20251202110408-23-13	MISSIONS	25000.00	Mission reward: 3 orang tersisa untuk meningkatkan ke level berikutnya (x1)	COMPLETED	BALANCE	\N	\N	\N	\N	2025-12-02 18:04:08.531625+07	\N	\N	\N	23
362	AUTO-20251127134704-FF9AB4	INTEREST	4680.00	Automatic profit from Sistem Celenix investment	COMPLETED	BALANCE	\N	\N	\N	\N	2025-11-27 20:47:04.987005+07	36	\N	\N	4
363	PRB-20251127134705-1F9CF6	PROFIT_COMMISSION	327.60	Profit rebate L1 from 0800123456789 - Sistem Celenix	COMPLETED	BALANCE	\N	1	\N	\N	2025-11-27 20:47:05.036487+07	36	362	4	3
364	PRB-20251127134705-BCC92C	PROFIT_COMMISSION	187.20	Profit rebate L2 from 0800123456789 - Sistem Celenix	COMPLETED	BALANCE	\N	2	\N	\N	2025-11-27 20:47:05.11113+07	36	362	4	2
365	PRB-20251127134705-0CC021	PROFIT_COMMISSION	93.60	Profit rebate L3 from 0800123456789 - Sistem Celenix	COMPLETED	BALANCE	\N	3	\N	\N	2025-11-27 20:47:05.175652+07	36	362	4	1
740	VCH-20251201100422-7464ED	VOUCHER	5000.00	Voucher claim 000000	COMPLETED	BALANCE	\N	\N	2	000000	2025-12-01 17:04:22.523165+07	\N	\N	\N	17
741	ATT-20251201100428-F8EC35	ATTENDANCE	500.00	Daily attendance claim	COMPLETED	BALANCE	\N	\N	\N	\N	2025-12-01 17:04:28.98118+07	\N	\N	\N	17
742	ADM-BALANCE_DEPOSIT-17-1764584226	CREDIT	50000.00	Admin increased balance_deposit by 50000	COMPLETED	BALANCE_DEPOSIT	\N	\N	\N	\N	2025-12-01 17:17:06.373506+07	\N	\N	\N	17
749	ADM-BALANCE-16-1764584878	CREDIT	50000.00	Admin increased balance by 50000	COMPLETED	BALANCE	\N	\N	\N	\N	2025-12-01 17:27:58.688987+07	\N	\N	\N	16
750	ADM-BALANCE_DEPOSIT-16-1764584893	CREDIT	50000.00	Admin increased balance_deposit by 50000	COMPLETED	BALANCE_DEPOSIT	\N	\N	\N	\N	2025-12-01 17:28:13.045625+07	\N	\N	\N	16
751	PUR-20251201102830-DAD871	INVESTMENTS	45000.00	Purchase Exx 01 (x1)	COMPLETED	BALANCE_DEPOSIT	1	\N	\N	\N	2025-12-01 17:28:30.473429+07	36	\N	\N	16
752	REB-20251201102830-B72188	PURCHASE_COMMISSION	11250.00	Purchase rebate L1 from 082122425470 - Exx 01	COMPLETED	BALANCE	\N	1	\N	\N	2025-12-01 17:28:30.645699+07	36	751	16	14
753	REB-20251201102830-064785	PURCHASE_COMMISSION	900.00	Purchase rebate L2 from 082122425470 - Exx 01	COMPLETED	BALANCE	\N	2	\N	\N	2025-12-01 17:28:30.710191+07	36	751	16	9
754	REB-20251201102830-74D1AF	PURCHASE_COMMISSION	450.00	Purchase rebate L3 from 082122425470 - Exx 01	COMPLETED	BALANCE	\N	3	\N	\N	2025-12-01 17:28:30.795939+07	36	751	16	2
757	WD-43448CA808	WITHDRAW	66750.00	Withdrawal request	COMPLETED	BALANCE	\N	\N	\N	\N	2025-12-01 17:32:20.024867+07	\N	\N	\N	16
759	ADM-BALANCE_DEPOSIT-18-1764585485	CREDIT	35000.00	Admin increased balance_deposit by 35000	COMPLETED	BALANCE_DEPOSIT	\N	\N	\N	\N	2025-12-01 17:38:05.287707+07	\N	\N	\N	18
765	ADM-BALANCE_DEPOSIT-19-1764585788	CREDIT	35000.00	Admin increased balance_deposit by 35000	COMPLETED	BALANCE_DEPOSIT	\N	\N	\N	\N	2025-12-01 17:43:08.795198+07	\N	\N	\N	19
146	PUR-20251110024755-68E8E7	INVESTMENTS	566200.00	Purchase Sistem Lyvion (x1)	COMPLETED	BALANCE_DEPOSIT	1	\N	\N	\N	2025-11-10 09:47:55.837092+07	\N	\N	\N	4
770	MSN-20251201104409-16-13	MISSIONS	25000.00	Mission reward: 3 orang tersisa untuk meningkatkan ke level berikutnya (x1)	COMPLETED	BALANCE	\N	\N	\N	\N	2025-12-01 17:44:09.749775+07	\N	\N	\N	16
799	REG-23-1764672814	CREDIT	10000.00	Registration bonus	COMPLETED	BALANCE_DEPOSIT	\N	\N	\N	\N	2025-12-02 17:53:34.839061+07	\N	\N	\N	23
800	REG-24-1764672918	CREDIT	10000.00	Registration bonus	COMPLETED	BALANCE_DEPOSIT	\N	\N	\N	\N	2025-12-02 17:55:18.936662+07	\N	\N	\N	24
801	ADM-BALANCE_DEPOSIT-24-1764672947	CREDIT	45000.00	Admin increased balance_deposit by 45000	COMPLETED	BALANCE_DEPOSIT	\N	\N	\N	\N	2025-12-02 17:55:47.251418+07	\N	\N	\N	24
802	PUR-20251202105601-FC7C09	INVESTMENTS	45000.00	Purchase Exx 01 (x1)	COMPLETED	BALANCE_DEPOSIT	1	\N	\N	\N	2025-12-02 17:56:01.768823+07	36	\N	\N	24
803	REB-20251202105601-A0A9CA	PURCHASE_COMMISSION	11250.00	Purchase rebate L1 from 8543484618 - Exx 01	COMPLETED	BALANCE	\N	1	\N	\N	2025-12-02 17:56:01.91584+07	36	802	24	23
386	AUTO-20251127135208-8CAD10	INTEREST	4680.00	Automatic profit from Sistem Celenix investment	COMPLETED	BALANCE	\N	\N	\N	\N	2025-11-27 20:52:08.154189+07	36	\N	\N	7
387	PRB-20251127135208-D18E6C	PROFIT_COMMISSION	327.60	Profit rebate L1 from 8223456789 - Sistem Celenix	COMPLETED	BALANCE	\N	1	\N	\N	2025-11-27 20:52:08.217881+07	36	386	7	6
388	PRB-20251127135208-D8F4AC	PROFIT_COMMISSION	187.20	Profit rebate L2 from 8223456789 - Sistem Celenix	COMPLETED	BALANCE	\N	2	\N	\N	2025-11-27 20:52:08.279776+07	36	386	7	5
389	PRB-20251127135208-889A73	PROFIT_COMMISSION	93.60	Profit rebate L3 from 8223456789 - Sistem Celenix	COMPLETED	BALANCE	\N	3	\N	\N	2025-11-27 20:52:08.341344+07	36	386	7	4
804	REB-20251202105601-546144	PURCHASE_COMMISSION	900.00	Purchase rebate L2 from 8543484618 - Exx 01	COMPLETED	BALANCE	\N	2	\N	\N	2025-12-02 17:56:01.988478+07	36	802	24	19
805	REB-20251202105602-B0FFB3	PURCHASE_COMMISSION	450.00	Purchase rebate L3 from 8543484618 - Exx 01	COMPLETED	BALANCE	\N	3	\N	\N	2025-12-02 17:56:02.079536+07	36	802	24	16
807	ADM-BALANCE_DEPOSIT-25-1764673162	CREDIT	35000.00	Admin increased balance_deposit by 35000	COMPLETED	BALANCE_DEPOSIT	\N	\N	\N	\N	2025-12-02 17:59:22.865983+07	\N	\N	\N	25
812	REG-26-1764673240	CREDIT	10000.00	Registration bonus	COMPLETED	BALANCE_DEPOSIT	\N	\N	\N	\N	2025-12-02 18:00:40.846316+07	\N	\N	\N	26
813	ADM-BALANCE_DEPOSIT-26-1764673262	CREDIT	35000.00	Admin increased balance_deposit by 35000	COMPLETED	BALANCE_DEPOSIT	\N	\N	\N	\N	2025-12-02 18:01:02.419993+07	\N	\N	\N	26
814	PUR-20251202110111-687668	INVESTMENTS	45000.00	Purchase Exx 01 (x1)	COMPLETED	BALANCE_DEPOSIT	1	\N	\N	\N	2025-12-02 18:01:11.434924+07	36	\N	\N	26
815	REB-20251202110111-A2F16C	PURCHASE_COMMISSION	11250.00	Purchase rebate L1 from 85731945734985 - Exx 01	COMPLETED	BALANCE	\N	1	\N	\N	2025-12-02 18:01:11.652187+07	36	814	26	23
816	REB-20251202110111-C8DC21	PURCHASE_COMMISSION	900.00	Purchase rebate L2 from 85731945734985 - Exx 01	COMPLETED	BALANCE	\N	2	\N	\N	2025-12-02 18:01:11.741449+07	36	814	26	19
817	REB-20251202110111-FB6128	PURCHASE_COMMISSION	450.00	Purchase rebate L3 from 85731945734985 - Exx 01	COMPLETED	BALANCE	\N	3	\N	\N	2025-12-02 18:01:11.80884+07	36	814	26	16
743	PUR-20251201102423-D06D99	INVESTMENTS	45000.00	Purchase Exx 01 (x1)	COMPLETED	BALANCE_DEPOSIT	1	\N	\N	\N	2025-12-01 17:24:23.281375+07	36	\N	\N	17
744	REB-20251201102423-2C1CDC	PURCHASE_COMMISSION	11250.00	Purchase rebate L1 from 082122425471 - Exx 01	COMPLETED	BALANCE	\N	1	\N	\N	2025-12-01 17:24:23.41559+07	36	743	17	16
745	REB-20251201102423-3FC2D2	PURCHASE_COMMISSION	900.00	Purchase rebate L2 from 082122425471 - Exx 01	COMPLETED	BALANCE	\N	2	\N	\N	2025-12-01 17:24:23.476032+07	36	743	17	14
410	AUTO-20251127135210-D2A3C7	INTEREST	4680.00	Automatic profit from Sistem Celenix investment	COMPLETED	BALANCE	\N	\N	\N	\N	2025-11-27 20:52:10.772279+07	36	\N	\N	6
411	PRB-20251127135210-BBD838	PROFIT_COMMISSION	327.60	Profit rebate L1 from 81123456789 - Sistem Celenix	COMPLETED	BALANCE	\N	1	\N	\N	2025-11-27 20:52:10.836362+07	36	410	6	5
412	PRB-20251127135210-E04A8A	PROFIT_COMMISSION	187.20	Profit rebate L2 from 81123456789 - Sistem Celenix	COMPLETED	BALANCE	\N	2	\N	\N	2025-11-27 20:52:10.898451+07	36	410	6	4
413	PRB-20251127135210-FDDEC3	PROFIT_COMMISSION	93.60	Profit rebate L3 from 81123456789 - Sistem Celenix	COMPLETED	BALANCE	\N	3	\N	\N	2025-11-27 20:52:10.96027+07	36	410	6	3
746	REB-20251201102423-038049	PURCHASE_COMMISSION	450.00	Purchase rebate L3 from 082122425471 - Exx 01	COMPLETED	BALANCE	\N	3	\N	\N	2025-12-01 17:24:23.550985+07	36	743	17	9
747	ATT-20251201102646-74CD56	ATTENDANCE	500.00	Daily attendance claim	COMPLETED	BALANCE	\N	\N	\N	\N	2025-12-01 17:26:46.288765+07	\N	\N	\N	16
748	VCH-20251201102715-CC3E78	VOUCHER	5000.00	Voucher claim 000000	COMPLETED	BALANCE	\N	\N	2	000000	2025-12-01 17:27:15.082136+07	\N	\N	\N	16
755	WD-647B14DE27	WITHDRAW	66750.00	Withdrawal request	REJECTED	BALANCE	\N	\N	\N	\N	2025-12-01 17:29:46.813381+07	\N	\N	\N	16
756	WDREF-123F299890	REJECT	66750.00	Withdrawal rejected - refund	COMPLETED	BALANCE	\N	\N	\N	\N	2025-12-01 17:30:05.83642+07	\N	755	\N	16
758	REG-18-1764585429	CREDIT	10000.00	Registration bonus	COMPLETED	BALANCE_DEPOSIT	\N	\N	\N	\N	2025-12-01 17:37:09.198162+07	\N	\N	\N	18
821	REG-28-1764680058	CREDIT	10000.00	Registration bonus	COMPLETED	BALANCE_DEPOSIT	\N	\N	\N	\N	2025-12-02 19:54:18.9542+07	\N	\N	\N	28
822	ADM-BALANCE_DEPOSIT-28-1764680080	CREDIT	35000.00	Admin increased balance_deposit by 35000	COMPLETED	BALANCE_DEPOSIT	\N	\N	\N	\N	2025-12-02 19:54:40.630176+07	\N	\N	\N	28
823	PUR-20251202125449-55EFAF	INVESTMENTS	45000.00	Purchase Exx 01 (x1)	COMPLETED	BALANCE_DEPOSIT	1	\N	\N	\N	2025-12-02 19:54:49.376502+07	36	\N	\N	28
824	REB-20251202125449-054486	PURCHASE_COMMISSION	11250.00	Purchase rebate L1 from 8576186464843 - Exx 01	COMPLETED	BALANCE	\N	1	\N	\N	2025-12-02 19:54:49.529601+07	36	823	28	23
825	REB-20251202125449-4F35B8	PURCHASE_COMMISSION	900.00	Purchase rebate L2 from 8576186464843 - Exx 01	COMPLETED	BALANCE	\N	2	\N	\N	2025-12-02 19:54:49.601143+07	36	823	28	19
826	REB-20251202125449-4BA796	PURCHASE_COMMISSION	450.00	Purchase rebate L3 from 8576186464843 - Exx 01	COMPLETED	BALANCE	\N	3	\N	\N	2025-12-02 19:54:49.667617+07	36	823	28	16
820	WD-34C76E09A3	WITHDRAW	58750.00	Withdrawal request	COMPLETED	BALANCE	\N	\N	\N	\N	2025-12-02 19:51:37.056129+07	\N	\N	\N	23
827	REG-29-1764680143	CREDIT	10000.00	Registration bonus	COMPLETED	BALANCE_DEPOSIT	\N	\N	\N	\N	2025-12-02 19:55:43.414458+07	\N	\N	\N	29
828	ADM-BALANCE_DEPOSIT-29-1764680171	CREDIT	35000.00	Admin increased balance_deposit by 35000	COMPLETED	BALANCE_DEPOSIT	\N	\N	\N	\N	2025-12-02 19:56:11.562008+07	\N	\N	\N	29
829	PUR-20251202125621-8E3F2F	INVESTMENTS	45000.00	Purchase Exx 01 (x1)	COMPLETED	BALANCE_DEPOSIT	1	\N	\N	\N	2025-12-02 19:56:21.061881+07	36	\N	\N	29
830	REB-20251202125621-CEE0B1	PURCHASE_COMMISSION	11250.00	Purchase rebate L1 from 8755484645 - Exx 01	COMPLETED	BALANCE	\N	1	\N	\N	2025-12-02 19:56:21.214931+07	36	829	29	23
831	REB-20251202125621-6178DD	PURCHASE_COMMISSION	900.00	Purchase rebate L2 from 8755484645 - Exx 01	COMPLETED	BALANCE	\N	2	\N	\N	2025-12-02 19:56:21.296234+07	36	829	29	19
434	AUTO-20251127135213-E5EF0C	INTEREST	4680.00	Automatic profit from Sistem Celenix investment	COMPLETED	BALANCE	\N	\N	\N	\N	2025-11-27 20:52:13.222328+07	36	\N	\N	5
435	PRB-20251127135213-EF502B	PROFIT_COMMISSION	327.60	Profit rebate L1 from 80123456789 - Sistem Celenix	COMPLETED	BALANCE	\N	1	\N	\N	2025-11-27 20:52:13.285371+07	36	434	5	4
436	PRB-20251127135213-687DC4	PROFIT_COMMISSION	187.20	Profit rebate L2 from 80123456789 - Sistem Celenix	COMPLETED	BALANCE	\N	2	\N	\N	2025-11-27 20:52:13.354153+07	36	434	5	3
437	PRB-20251127135213-1530BA	PROFIT_COMMISSION	93.60	Profit rebate L3 from 80123456789 - Sistem Celenix	COMPLETED	BALANCE	\N	3	\N	\N	2025-11-27 20:52:13.419555+07	36	434	5	2
438	AUTO-20251127135213-8FE954	INTEREST	4680.00	Automatic profit from Sistem Celenix investment	COMPLETED	BALANCE	\N	\N	\N	\N	2025-11-27 20:52:13.633213+07	36	\N	\N	3
439	PRB-20251127135213-EC05F1	PROFIT_COMMISSION	327.60	Profit rebate L1 from 88585858585 - Sistem Celenix	COMPLETED	BALANCE	\N	1	\N	\N	2025-11-27 20:52:13.689078+07	36	438	3	2
440	PRB-20251127135213-EA92A4	PROFIT_COMMISSION	187.20	Profit rebate L2 from 88585858585 - Sistem Celenix	COMPLETED	BALANCE	\N	2	\N	\N	2025-11-27 20:52:13.753219+07	36	438	3	1
832	REB-20251202125621-B59C59	PURCHASE_COMMISSION	450.00	Purchase rebate L3 from 8755484645 - Exx 01	COMPLETED	BALANCE	\N	3	\N	\N	2025-12-02 19:56:21.42262+07	36	829	29	16
835	PUR-20251202125747-D4137E	INVESTMENTS	45000.00	Purchase Exx 01 (x1)	COMPLETED	BALANCE_DEPOSIT	1	\N	\N	\N	2025-12-02 19:57:47.253668+07	36	\N	\N	30
443	AUTO-20251127135214-1DAD5A	INTEREST	4680.00	Automatic profit from Sistem Celenix investment	COMPLETED	BALANCE	\N	\N	\N	\N	2025-11-27 20:52:14.200775+07	36	\N	\N	2
444	PRB-20251127135214-ACE409	PROFIT_COMMISSION	327.60	Profit rebate L1 from 89595959595 - Sistem Celenix	COMPLETED	BALANCE	\N	1	\N	\N	2025-11-27 20:52:14.269338+07	36	443	2	1
836	REB-20251202125747-8D2E90	PURCHASE_COMMISSION	11250.00	Purchase rebate L1 from 8546348181316 - Exx 01	COMPLETED	BALANCE	\N	1	\N	\N	2025-12-02 19:57:47.713839+07	36	835	30	23
837	REB-20251202125747-5ABCAF	PURCHASE_COMMISSION	900.00	Purchase rebate L2 from 8546348181316 - Exx 01	COMPLETED	BALANCE	\N	2	\N	\N	2025-12-02 19:57:47.857344+07	36	835	30	19
838	REB-20251202125748-542C3E	PURCHASE_COMMISSION	450.00	Purchase rebate L3 from 8546348181316 - Exx 01	COMPLETED	BALANCE	\N	3	\N	\N	2025-12-02 19:57:48.043576+07	36	835	30	16
760	PUR-20251201103939-402A1C	INVESTMENTS	45000.00	Purchase Exx 01 (x1)	COMPLETED	BALANCE_DEPOSIT	1	\N	\N	\N	2025-12-01 17:39:39.781435+07	36	\N	\N	18
761	REB-20251201103939-75CCDD	PURCHASE_COMMISSION	11250.00	Purchase rebate L1 from 082122425472 - Exx 01	COMPLETED	BALANCE	\N	1	\N	\N	2025-12-01 17:39:39.943534+07	36	760	18	16
762	REB-20251201103940-9FD07B	PURCHASE_COMMISSION	900.00	Purchase rebate L2 from 082122425472 - Exx 01	COMPLETED	BALANCE	\N	2	\N	\N	2025-12-01 17:39:40.019845+07	36	760	18	14
763	REB-20251201103940-94FF64	PURCHASE_COMMISSION	450.00	Purchase rebate L3 from 082122425472 - Exx 01	COMPLETED	BALANCE	\N	3	\N	\N	2025-12-01 17:39:40.084259+07	36	760	18	9
764	REG-19-1764585655	CREDIT	10000.00	Registration bonus	COMPLETED	BALANCE_DEPOSIT	\N	\N	\N	\N	2025-12-01 17:40:55.979997+07	\N	\N	\N	19
766	PUR-20251201104336-0349B7	INVESTMENTS	45000.00	Purchase Exx 01 (x1)	COMPLETED	BALANCE_DEPOSIT	1	\N	\N	\N	2025-12-01 17:43:36.45025+07	36	\N	\N	19
767	REB-20251201104337-A924D6	PURCHASE_COMMISSION	11250.00	Purchase rebate L1 from 082122425473 - Exx 01	COMPLETED	BALANCE	\N	1	\N	\N	2025-12-01 17:43:37.193183+07	36	766	19	16
768	REB-20251201104337-264757	PURCHASE_COMMISSION	900.00	Purchase rebate L2 from 082122425473 - Exx 01	COMPLETED	BALANCE	\N	2	\N	\N	2025-12-01 17:43:37.328651+07	36	766	19	14
769	REB-20251201104337-2AE8B7	PURCHASE_COMMISSION	450.00	Purchase rebate L3 from 082122425473 - Exx 01	COMPLETED	BALANCE	\N	3	\N	\N	2025-12-01 17:43:37.489399+07	36	766	19	9
833	REG-30-1764680217	CREDIT	10000.00	Registration bonus	COMPLETED	BALANCE_DEPOSIT	\N	\N	\N	\N	2025-12-02 19:56:57.90263+07	\N	\N	\N	30
834	ADM-BALANCE_DEPOSIT-30-1764680256	CREDIT	35000.00	Admin increased balance_deposit by 35000	COMPLETED	BALANCE_DEPOSIT	\N	\N	\N	\N	2025-12-02 19:57:36.627951+07	\N	\N	\N	30
839	MSN-20251202125827-23-12	MISSIONS	50000.00	Mission reward: 6 orang tersisa untuk meningkatkan ke level berikutnya (x1)	COMPLETED	BALANCE	\N	\N	\N	\N	2025-12-02 19:58:27.447224+07	\N	\N	\N	23
469	AUTO-20251128135102-4578D0	INTEREST	4680.00	Automatic profit from Sistem Celenix investment	COMPLETED	BALANCE	\N	\N	\N	\N	2025-11-28 20:51:02.410838+07	36	\N	\N	4
470	PRB-20251128135102-DF7074	PROFIT_COMMISSION	327.60	Profit rebate L1 from 0800123456789 - Sistem Celenix	COMPLETED	BALANCE	\N	1	\N	\N	2025-11-28 20:51:02.967961+07	36	469	4	3
471	PRB-20251128135103-D43B61	PROFIT_COMMISSION	187.20	Profit rebate L2 from 0800123456789 - Sistem Celenix	COMPLETED	BALANCE	\N	2	\N	\N	2025-11-28 20:51:03.057841+07	36	469	4	2
472	PRB-20251128135103-0BCE39	PROFIT_COMMISSION	93.60	Profit rebate L3 from 0800123456789 - Sistem Celenix	COMPLETED	BALANCE	\N	3	\N	\N	2025-11-28 20:51:03.176811+07	36	469	4	1
840	ATT-20251202133326-C1F66F	ATTENDANCE	500.00	Daily attendance claim	COMPLETED	BALANCE	\N	\N	\N	\N	2025-12-02 20:33:26.614297+07	\N	\N	\N	23
493	AUTO-20251128135610-7136C2	INTEREST	4680.00	Automatic profit from Sistem Celenix investment	COMPLETED	BALANCE	\N	\N	\N	\N	2025-11-28 20:56:10.160352+07	36	\N	\N	7
494	PRB-20251128135610-87D68A	PROFIT_COMMISSION	327.60	Profit rebate L1 from 8223456789 - Sistem Celenix	COMPLETED	BALANCE	\N	1	\N	\N	2025-11-28 20:56:10.220415+07	36	493	7	6
495	PRB-20251128135610-4C7612	PROFIT_COMMISSION	187.20	Profit rebate L2 from 8223456789 - Sistem Celenix	COMPLETED	BALANCE	\N	2	\N	\N	2025-11-28 20:56:10.280479+07	36	493	7	5
496	PRB-20251128135610-9AC161	PROFIT_COMMISSION	93.60	Profit rebate L3 from 8223456789 - Sistem Celenix	COMPLETED	BALANCE	\N	3	\N	\N	2025-11-28 20:56:10.339792+07	36	493	7	4
517	AUTO-20251128135612-72ABC5	INTEREST	4680.00	Automatic profit from Sistem Celenix investment	COMPLETED	BALANCE	\N	\N	\N	\N	2025-11-28 20:56:12.758316+07	36	\N	\N	6
518	PRB-20251128135612-1BC1A1	PROFIT_COMMISSION	327.60	Profit rebate L1 from 81123456789 - Sistem Celenix	COMPLETED	BALANCE	\N	1	\N	\N	2025-11-28 20:56:12.817069+07	36	517	6	5
519	PRB-20251128135612-2D0E33	PROFIT_COMMISSION	187.20	Profit rebate L2 from 81123456789 - Sistem Celenix	COMPLETED	BALANCE	\N	2	\N	\N	2025-11-28 20:56:12.877737+07	36	517	6	4
520	PRB-20251128135612-BA5465	PROFIT_COMMISSION	93.60	Profit rebate L3 from 81123456789 - Sistem Celenix	COMPLETED	BALANCE	\N	3	\N	\N	2025-11-28 20:56:12.936491+07	36	517	6	3
841	AUTO-20251202135905-941A7F	INTEREST	4680.00	Automatic profit from Exx 01 investment	COMPLETED	BALANCE	\N	\N	\N	\N	2025-12-02 20:59:05.129895+07	36	\N	\N	4
842	AUTO-20251202140406-61BCFC	INTEREST	4680.00	Automatic profit from Exx 01 investment	COMPLETED	BALANCE	\N	\N	\N	\N	2025-12-02 21:04:06.238752+07	36	\N	\N	7
843	AUTO-20251202140406-DAC0F2	INTEREST	4680.00	Automatic profit from Exx 01 investment	COMPLETED	BALANCE	\N	\N	\N	\N	2025-12-02 21:04:06.597213+07	36	\N	\N	6
844	AUTO-20251202140406-F8087B	INTEREST	4680.00	Automatic profit from Exx 01 investment	COMPLETED	BALANCE	\N	\N	\N	\N	2025-12-02 21:04:06.961375+07	36	\N	\N	5
845	AUTO-20251202140407-1C3649	INTEREST	4680.00	Automatic profit from Exx 01 investment	COMPLETED	BALANCE	\N	\N	\N	\N	2025-12-02 21:04:07.265076+07	36	\N	\N	3
846	AUTO-20251202140407-887C77	INTEREST	4680.00	Automatic profit from Exx 01 investment	COMPLETED	BALANCE	\N	\N	\N	\N	2025-12-02 21:04:07.547886+07	36	\N	\N	2
541	AUTO-20251128135615-3F94BD	INTEREST	4680.00	Automatic profit from Sistem Celenix investment	COMPLETED	BALANCE	\N	\N	\N	\N	2025-11-28 20:56:15.190202+07	36	\N	\N	5
542	PRB-20251128135615-479129	PROFIT_COMMISSION	327.60	Profit rebate L1 from 80123456789 - Sistem Celenix	COMPLETED	BALANCE	\N	1	\N	\N	2025-11-28 20:56:15.249083+07	36	541	5	4
543	PRB-20251128135615-CAB100	PROFIT_COMMISSION	187.20	Profit rebate L2 from 80123456789 - Sistem Celenix	COMPLETED	BALANCE	\N	2	\N	\N	2025-11-28 20:56:15.309889+07	36	541	5	3
544	PRB-20251128135615-71308D	PROFIT_COMMISSION	93.60	Profit rebate L3 from 80123456789 - Sistem Celenix	COMPLETED	BALANCE	\N	3	\N	\N	2025-11-28 20:56:15.373876+07	36	541	5	2
545	AUTO-20251128135615-3BA152	INTEREST	4680.00	Automatic profit from Sistem Celenix investment	COMPLETED	BALANCE	\N	\N	\N	\N	2025-11-28 20:56:15.578345+07	36	\N	\N	3
546	PRB-20251128135615-EB4828	PROFIT_COMMISSION	327.60	Profit rebate L1 from 88585858585 - Sistem Celenix	COMPLETED	BALANCE	\N	1	\N	\N	2025-11-28 20:56:15.63729+07	36	545	3	2
547	PRB-20251128135615-CD0A46	PROFIT_COMMISSION	187.20	Profit rebate L2 from 88585858585 - Sistem Celenix	COMPLETED	BALANCE	\N	2	\N	\N	2025-11-28 20:56:15.741672+07	36	545	3	1
550	AUTO-20251128135616-7BCBC2	INTEREST	4680.00	Automatic profit from Sistem Celenix investment	COMPLETED	BALANCE	\N	\N	\N	\N	2025-11-28 20:56:16.321945+07	36	\N	\N	2
551	PRB-20251128135616-1CF0ED	PROFIT_COMMISSION	327.60	Profit rebate L1 from 89595959595 - Sistem Celenix	COMPLETED	BALANCE	\N	1	\N	\N	2025-11-28 20:56:16.404148+07	36	550	2	1
552	DEP-20251129093849-B1AE66	DEPOSIT	100000.00	Deposit via Jayapay (BALANCE_DEPOSIT)	PENDING	BALANCE_DEPOSIT	\N	\N	\N	\N	2025-11-29 16:38:49.678749+07	\N	\N	\N	2
847	AUTO-20251202144931-536C9D	INTEREST	300000.00	Automatic profit from Exx 07 investment	COMPLETED	BALANCE	\N	\N	\N	\N	2025-12-02 21:49:31.365936+07	6	\N	\N	2
848	AUTO-20251202144931-ED7EAB	INTEREST	520000.00	Automatic profit from Exx 08 investment	COMPLETED	BALANCE	\N	\N	\N	\N	2025-12-02 21:49:31.655447+07	7	\N	\N	2
849	REG-31-1764687201	CREDIT	10000.00	Registration bonus	COMPLETED	BALANCE_DEPOSIT	\N	\N	\N	\N	2025-12-02 21:53:21.93442+07	\N	\N	\N	31
577	AUTO-20251129135226-3176D8	INTEREST	4680.00	Automatic profit from Sistem Celenix investment	COMPLETED	BALANCE	\N	\N	\N	\N	2025-11-29 20:52:26.477277+07	36	\N	\N	4
578	PRB-20251129135226-08E009	PROFIT_COMMISSION	327.60	Profit rebate L1 from 0800123456789 - Sistem Celenix	COMPLETED	BALANCE	\N	1	\N	\N	2025-11-29 20:52:26.559596+07	36	577	4	3
579	PRB-20251129135226-CD2875	PROFIT_COMMISSION	187.20	Profit rebate L2 from 0800123456789 - Sistem Celenix	COMPLETED	BALANCE	\N	2	\N	\N	2025-11-29 20:52:26.629281+07	36	577	4	2
580	PRB-20251129135226-9302EC	PROFIT_COMMISSION	93.60	Profit rebate L3 from 0800123456789 - Sistem Celenix	COMPLETED	BALANCE	\N	3	\N	\N	2025-11-29 20:52:26.726393+07	36	577	4	1
601	AUTO-20251129135729-B6241D	INTEREST	4680.00	Automatic profit from Sistem Celenix investment	COMPLETED	BALANCE	\N	\N	\N	\N	2025-11-29 20:57:29.994219+07	36	\N	\N	7
602	PRB-20251129135730-391EC1	PROFIT_COMMISSION	327.60	Profit rebate L1 from 8223456789 - Sistem Celenix	COMPLETED	BALANCE	\N	1	\N	\N	2025-11-29 20:57:30.062335+07	36	601	7	6
603	PRB-20251129135730-907AB9	PROFIT_COMMISSION	187.20	Profit rebate L2 from 8223456789 - Sistem Celenix	COMPLETED	BALANCE	\N	2	\N	\N	2025-11-29 20:57:30.12781+07	36	601	7	5
604	PRB-20251129135730-A6A7D6	PROFIT_COMMISSION	93.60	Profit rebate L3 from 8223456789 - Sistem Celenix	COMPLETED	BALANCE	\N	3	\N	\N	2025-11-29 20:57:30.194034+07	36	601	7	4
850	AUTO-20251202153942-1DB958	INTEREST	9000.00	Automatic profit from Exx 01 investment	COMPLETED	BALANCE	\N	\N	\N	\N	2025-12-02 22:39:42.253886+07	36	\N	\N	10
851	AUTO-20251202154443-ACA571	INTEREST	9000.00	Automatic profit from Exx 01 investment	COMPLETED	BALANCE	\N	\N	\N	\N	2025-12-02 22:44:43.239037+07	36	\N	\N	9
852	AUTO-20251202154443-7D1F37	INTEREST	9000.00	Automatic profit from Exx 01 investment	COMPLETED	BALANCE	\N	\N	\N	\N	2025-12-02 22:44:43.735817+07	36	\N	\N	11
625	AUTO-20251129135732-1BFA90	INTEREST	4680.00	Automatic profit from Sistem Celenix investment	COMPLETED	BALANCE	\N	\N	\N	\N	2025-11-29 20:57:32.89144+07	36	\N	\N	6
626	PRB-20251129135732-1D8C53	PROFIT_COMMISSION	327.60	Profit rebate L1 from 81123456789 - Sistem Celenix	COMPLETED	BALANCE	\N	1	\N	\N	2025-11-29 20:57:32.954511+07	36	625	6	5
627	PRB-20251129135733-93E31B	PROFIT_COMMISSION	187.20	Profit rebate L2 from 81123456789 - Sistem Celenix	COMPLETED	BALANCE	\N	2	\N	\N	2025-11-29 20:57:33.01685+07	36	625	6	4
628	PRB-20251129135733-B695B9	PROFIT_COMMISSION	93.60	Profit rebate L3 from 81123456789 - Sistem Celenix	COMPLETED	BALANCE	\N	3	\N	\N	2025-11-29 20:57:33.079796+07	36	625	6	3
649	AUTO-20251129135735-0B844D	INTEREST	4680.00	Automatic profit from Sistem Celenix investment	COMPLETED	BALANCE	\N	\N	\N	\N	2025-11-29 20:57:35.435947+07	36	\N	\N	5
650	PRB-20251129135735-2E6FD5	PROFIT_COMMISSION	327.60	Profit rebate L1 from 80123456789 - Sistem Celenix	COMPLETED	BALANCE	\N	1	\N	\N	2025-11-29 20:57:35.507685+07	36	649	5	4
651	PRB-20251129135735-F8A3EB	PROFIT_COMMISSION	187.20	Profit rebate L2 from 80123456789 - Sistem Celenix	COMPLETED	BALANCE	\N	2	\N	\N	2025-11-29 20:57:35.575462+07	36	649	5	3
652	PRB-20251129135735-985DAD	PROFIT_COMMISSION	93.60	Profit rebate L3 from 80123456789 - Sistem Celenix	COMPLETED	BALANCE	\N	3	\N	\N	2025-11-29 20:57:35.640752+07	36	649	5	2
653	AUTO-20251129135735-B37831	INTEREST	4680.00	Automatic profit from Sistem Celenix investment	COMPLETED	BALANCE	\N	\N	\N	\N	2025-11-29 20:57:35.855425+07	36	\N	\N	3
654	PRB-20251129135735-201C48	PROFIT_COMMISSION	327.60	Profit rebate L1 from 88585858585 - Sistem Celenix	COMPLETED	BALANCE	\N	1	\N	\N	2025-11-29 20:57:35.921034+07	36	653	3	2
655	PRB-20251129135735-1DDFBA	PROFIT_COMMISSION	187.20	Profit rebate L2 from 88585858585 - Sistem Celenix	COMPLETED	BALANCE	\N	2	\N	\N	2025-11-29 20:57:35.986757+07	36	653	3	1
658	AUTO-20251129135736-66A6A9	INTEREST	4680.00	Automatic profit from Sistem Celenix investment	COMPLETED	BALANCE	\N	\N	\N	\N	2025-11-29 20:57:36.434613+07	36	\N	\N	2
659	PRB-20251129135736-04E7FC	PROFIT_COMMISSION	327.60	Profit rebate L1 from 89595959595 - Sistem Celenix	COMPLETED	BALANCE	\N	1	\N	\N	2025-11-29 20:57:36.498116+07	36	658	2	1
660	ATT-20251129200202-6E2664	ATTENDANCE	472.40	Daily attendance claim	COMPLETED	BALANCE	\N	\N	\N	\N	2025-11-30 03:02:02.717392+07	\N	\N	\N	2
661	DEP-20251130031220-E61609	DEPOSIT	30000.00	Deposit via Jayapay (BALANCE_DEPOSIT)	PENDING	BALANCE_DEPOSIT	\N	\N	\N	\N	2025-11-30 10:12:20.822687+07	\N	\N	\N	2
664	WD-861A13481A	WITHDRAW	100000.00	Withdrawal request	PENDING	BALANCE	\N	\N	\N	\N	2025-11-30 17:32:42.986899+07	\N	\N	\N	2
665	WD-484EB56D88	WITHDRAW	100000.00	Withdrawal request	PENDING	BALANCE	\N	\N	\N	\N	2025-11-30 17:39:21.800122+07	\N	\N	\N	2
11	REB-20251109173951-99333E	PURCHASE_COMMISSION	20991.60	Purchase rebate L1 from 89595959595 - Sistem Omnisurg	COMPLETED	BALANCE	\N	1	\N	\N	2025-11-10 00:39:51.482608+07	\N	10	2	1
17	CBK-20251109175906-B8E27A	CASHBACK	5997.60	Manual cashback claim 2.00% from Sistem Omnisurg purchase	COMPLETED	BALANCE	\N	\N	\N	\N	2025-11-10 00:59:06.477258+07	\N	10	\N	2
35	PUR-20251110022347-1F0F6D	INVESTMENTS	299880.00	Purchase Sistem Omnisurg (x1)	COMPLETED	BALANCE_DEPOSIT	1	\N	\N	\N	2025-11-10 09:23:47.253755+07	\N	\N	\N	5
36	REB-20251110022347-181F56	PURCHASE_COMMISSION	29988.00	Purchase rebate L1 from 80123456789 - Sistem Omnisurg	COMPLETED	BALANCE	\N	1	\N	\N	2025-11-10 09:23:47.257561+07	\N	35	5	4
37	REB-20251110022347-DBABA1	PURCHASE_COMMISSION	8996.40	Purchase rebate L2 from 80123456789 - Sistem Omnisurg	COMPLETED	BALANCE	\N	2	\N	\N	2025-11-10 09:23:47.258968+07	\N	35	5	3
38	REB-20251110022347-0C240D	PURCHASE_COMMISSION	5997.60	Purchase rebate L3 from 80123456789 - Sistem Omnisurg	COMPLETED	BALANCE	\N	3	\N	\N	2025-11-10 09:23:47.260175+07	\N	35	5	2
39	PUR-20251110022349-8F0F00	INVESTMENTS	566200.00	Purchase Sistem Lyvion (x1)	COMPLETED	BALANCE_DEPOSIT	1	\N	\N	\N	2025-11-10 09:23:49.916988+07	\N	\N	\N	5
40	REB-20251110022349-F061BA	PURCHASE_COMMISSION	56620.00	Purchase rebate L1 from 80123456789 - Sistem Lyvion	COMPLETED	BALANCE	\N	1	\N	\N	2025-11-10 09:23:49.921066+07	\N	39	5	4
41	REB-20251110022349-DC5275	PURCHASE_COMMISSION	16986.00	Purchase rebate L2 from 80123456789 - Sistem Lyvion	COMPLETED	BALANCE	\N	2	\N	\N	2025-11-10 09:23:49.922749+07	\N	39	5	3
42	REB-20251110022349-45D7ED	PURCHASE_COMMISSION	11324.00	Purchase rebate L3 from 80123456789 - Sistem Lyvion	COMPLETED	BALANCE	\N	3	\N	\N	2025-11-10 09:23:49.924255+07	\N	39	5	2
43	PUR-20251110022354-392F7E	INVESTMENTS	988000.00	Purchase Sistem Hermis (x1)	COMPLETED	BALANCE_DEPOSIT	1	\N	\N	\N	2025-11-10 09:23:54.761549+07	\N	\N	\N	5
44	REB-20251110022354-4956DB	PURCHASE_COMMISSION	98800.00	Purchase rebate L1 from 80123456789 - Sistem Hermis	COMPLETED	BALANCE	\N	1	\N	\N	2025-11-10 09:23:54.764928+07	\N	43	5	4
45	REB-20251110022354-421481	PURCHASE_COMMISSION	29640.00	Purchase rebate L2 from 80123456789 - Sistem Hermis	COMPLETED	BALANCE	\N	2	\N	\N	2025-11-10 09:23:54.766363+07	\N	43	5	3
46	REB-20251110022354-AAAF7A	PURCHASE_COMMISSION	19760.00	Purchase rebate L3 from 80123456789 - Sistem Hermis	COMPLETED	BALANCE	\N	3	\N	\N	2025-11-10 09:23:54.767883+07	\N	43	5	2
47	PUR-20251110022357-AB09D6	INVESTMENTS	1864500.00	Purchase Sistem Vitaris (x1)	COMPLETED	BALANCE_DEPOSIT	1	\N	\N	\N	2025-11-10 09:23:57.684557+07	\N	\N	\N	5
48	REB-20251110022357-C61A12	PURCHASE_COMMISSION	186450.00	Purchase rebate L1 from 80123456789 - Sistem Vitaris	COMPLETED	BALANCE	\N	1	\N	\N	2025-11-10 09:23:57.689084+07	\N	47	5	4
49	REB-20251110022357-A32626	PURCHASE_COMMISSION	55935.00	Purchase rebate L2 from 80123456789 - Sistem Vitaris	COMPLETED	BALANCE	\N	2	\N	\N	2025-11-10 09:23:57.690625+07	\N	47	5	3
50	REB-20251110022357-B5F6F5	PURCHASE_COMMISSION	37290.00	Purchase rebate L3 from 80123456789 - Sistem Vitaris	COMPLETED	BALANCE	\N	3	\N	\N	2025-11-10 09:23:57.692006+07	\N	47	5	2
51	PUR-20251110022400-81E433	INVESTMENTS	2777000.00	Purchase Sistem Surgena (x1)	COMPLETED	BALANCE_DEPOSIT	1	\N	\N	\N	2025-11-10 09:24:00.282084+07	\N	\N	\N	5
52	REB-20251110022400-BD5847	PURCHASE_COMMISSION	277700.00	Purchase rebate L1 from 80123456789 - Sistem Surgena	COMPLETED	BALANCE	\N	1	\N	\N	2025-11-10 09:24:00.286486+07	\N	51	5	4
53	REB-20251110022400-A7CC0C	PURCHASE_COMMISSION	83310.00	Purchase rebate L2 from 80123456789 - Sistem Surgena	COMPLETED	BALANCE	\N	2	\N	\N	2025-11-10 09:24:00.288027+07	\N	51	5	3
54	REB-20251110022400-B93E56	PURCHASE_COMMISSION	55540.00	Purchase rebate L3 from 80123456789 - Sistem Surgena	COMPLETED	BALANCE	\N	3	\N	\N	2025-11-10 09:24:00.289547+07	\N	51	5	2
56	CBK-20251110022411-95673D	CASHBACK	16986.00	Manual cashback claim 3.00% from Sistem Lyvion purchase	COMPLETED	BALANCE	\N	\N	\N	\N	2025-11-10 09:24:11.308009+07	\N	39	\N	5
58	CBK-20251110022414-5C4E69	CASHBACK	39520.00	Manual cashback claim 4.00% from Sistem Hermis purchase	COMPLETED	BALANCE	\N	\N	\N	\N	2025-11-10 09:24:14.093969+07	\N	43	\N	5
59	CBK-20251110022415-D8B071	CASHBACK	74580.00	Manual cashback claim 4.00% from Sistem Vitaris purchase	COMPLETED	BALANCE	\N	\N	\N	\N	2025-11-10 09:24:15.426973+07	\N	47	\N	5
60	CBK-20251110022416-3A75A4	CASHBACK	124965.00	Manual cashback claim 4.50% from Sistem Surgena purchase	COMPLETED	BALANCE	\N	\N	\N	\N	2025-11-10 09:24:16.501516+07	\N	51	\N	5
57	CBK-20251110022412-48CA52	CASHBACK	5997.60	Manual cashback claim 2.00% from Sistem Omnisurg purchase	COMPLETED	BALANCE	\N	\N	\N	\N	2025-11-10 09:24:12.652223+07	\N	35	\N	5
70	PUR-20251110022959-EBCE7E	INVESTMENTS	299880.00	Purchase Sistem Omnisurg (x1)	COMPLETED	BALANCE_DEPOSIT	1	\N	\N	\N	2025-11-10 09:29:59.397044+07	\N	\N	\N	6
71	REB-20251110022959-35E57A	PURCHASE_COMMISSION	29988.00	Purchase rebate L1 from 81123456789 - Sistem Omnisurg	COMPLETED	BALANCE	\N	1	\N	\N	2025-11-10 09:29:59.400789+07	\N	70	6	5
72	REB-20251110022959-FD06FB	PURCHASE_COMMISSION	8996.40	Purchase rebate L2 from 81123456789 - Sistem Omnisurg	COMPLETED	BALANCE	\N	2	\N	\N	2025-11-10 09:29:59.402252+07	\N	70	6	4
73	REB-20251110022959-AD2F41	PURCHASE_COMMISSION	5997.60	Purchase rebate L3 from 81123456789 - Sistem Omnisurg	COMPLETED	BALANCE	\N	3	\N	\N	2025-11-10 09:29:59.403571+07	\N	70	6	3
74	PUR-20251110023001-908129	INVESTMENTS	566200.00	Purchase Sistem Lyvion (x1)	COMPLETED	BALANCE_DEPOSIT	1	\N	\N	\N	2025-11-10 09:30:01.473991+07	\N	\N	\N	6
75	REB-20251110023001-BBA9F3	PURCHASE_COMMISSION	56620.00	Purchase rebate L1 from 81123456789 - Sistem Lyvion	COMPLETED	BALANCE	\N	1	\N	\N	2025-11-10 09:30:01.481146+07	\N	74	6	5
76	REB-20251110023001-F08C88	PURCHASE_COMMISSION	16986.00	Purchase rebate L2 from 81123456789 - Sistem Lyvion	COMPLETED	BALANCE	\N	2	\N	\N	2025-11-10 09:30:01.48435+07	\N	74	6	4
77	REB-20251110023001-85B6B4	PURCHASE_COMMISSION	11324.00	Purchase rebate L3 from 81123456789 - Sistem Lyvion	COMPLETED	BALANCE	\N	3	\N	\N	2025-11-10 09:30:01.48829+07	\N	74	6	3
78	PUR-20251110023005-0E6DAC	INVESTMENTS	988000.00	Purchase Sistem Hermis (x1)	COMPLETED	BALANCE_DEPOSIT	1	\N	\N	\N	2025-11-10 09:30:05.587902+07	\N	\N	\N	6
79	REB-20251110023005-402A31	PURCHASE_COMMISSION	98800.00	Purchase rebate L1 from 81123456789 - Sistem Hermis	COMPLETED	BALANCE	\N	1	\N	\N	2025-11-10 09:30:05.591485+07	\N	78	6	5
80	REB-20251110023005-5C9403	PURCHASE_COMMISSION	29640.00	Purchase rebate L2 from 81123456789 - Sistem Hermis	COMPLETED	BALANCE	\N	2	\N	\N	2025-11-10 09:30:05.592811+07	\N	78	6	4
81	REB-20251110023005-E7CF38	PURCHASE_COMMISSION	19760.00	Purchase rebate L3 from 81123456789 - Sistem Hermis	COMPLETED	BALANCE	\N	3	\N	\N	2025-11-10 09:30:05.594139+07	\N	78	6	3
82	PUR-20251110023008-C05212	INVESTMENTS	1864500.00	Purchase Sistem Vitaris (x1)	COMPLETED	BALANCE_DEPOSIT	1	\N	\N	\N	2025-11-10 09:30:08.351606+07	\N	\N	\N	6
83	REB-20251110023008-CFD789	PURCHASE_COMMISSION	186450.00	Purchase rebate L1 from 81123456789 - Sistem Vitaris	COMPLETED	BALANCE	\N	1	\N	\N	2025-11-10 09:30:08.354997+07	\N	82	6	5
84	REB-20251110023008-7AF99E	PURCHASE_COMMISSION	55935.00	Purchase rebate L2 from 81123456789 - Sistem Vitaris	COMPLETED	BALANCE	\N	2	\N	\N	2025-11-10 09:30:08.356529+07	\N	82	6	4
85	REB-20251110023008-48F7BD	PURCHASE_COMMISSION	37290.00	Purchase rebate L3 from 81123456789 - Sistem Vitaris	COMPLETED	BALANCE	\N	3	\N	\N	2025-11-10 09:30:08.359248+07	\N	82	6	3
86	PUR-20251110023010-8503A4	INVESTMENTS	2777000.00	Purchase Sistem Surgena (x1)	COMPLETED	BALANCE_DEPOSIT	1	\N	\N	\N	2025-11-10 09:30:10.783862+07	\N	\N	\N	6
87	REB-20251110023010-54FCAC	PURCHASE_COMMISSION	277700.00	Purchase rebate L1 from 81123456789 - Sistem Surgena	COMPLETED	BALANCE	\N	1	\N	\N	2025-11-10 09:30:10.787372+07	\N	86	6	5
88	REB-20251110023010-FA38B6	PURCHASE_COMMISSION	83310.00	Purchase rebate L2 from 81123456789 - Sistem Surgena	COMPLETED	BALANCE	\N	2	\N	\N	2025-11-10 09:30:10.788889+07	\N	86	6	4
89	REB-20251110023010-7FE5F2	PURCHASE_COMMISSION	55540.00	Purchase rebate L3 from 81123456789 - Sistem Surgena	COMPLETED	BALANCE	\N	3	\N	\N	2025-11-10 09:30:10.790392+07	\N	86	6	3
90	CBK-20251110023016-BBFFF2	CASHBACK	5997.60	Manual cashback claim 2.00% from Sistem Omnisurg purchase	COMPLETED	BALANCE	\N	\N	\N	\N	2025-11-10 09:30:16.67825+07	\N	70	\N	6
92	CBK-20251110023022-200A5C	CASHBACK	39520.00	Manual cashback claim 4.00% from Sistem Hermis purchase	COMPLETED	BALANCE	\N	\N	\N	\N	2025-11-10 09:30:22.830114+07	\N	78	\N	6
93	CBK-20251110023028-2D5263	CASHBACK	16986.00	Manual cashback claim 3.00% from Sistem Lyvion purchase	COMPLETED	BALANCE	\N	\N	\N	\N	2025-11-10 09:30:28.516886+07	\N	74	\N	6
94	CBK-20251110023031-70A205	CASHBACK	74580.00	Manual cashback claim 4.00% from Sistem Vitaris purchase	COMPLETED	BALANCE	\N	\N	\N	\N	2025-11-10 09:30:31.744526+07	\N	82	\N	6
95	CBK-20251110023033-28F0AB	CASHBACK	124965.00	Manual cashback claim 4.50% from Sistem Surgena purchase	COMPLETED	BALANCE	\N	\N	\N	\N	2025-11-10 09:30:33.034808+07	\N	86	\N	6
105	PUR-20251110023453-A0E768	INVESTMENTS	299880.00	Purchase Sistem Omnisurg (x1)	COMPLETED	BALANCE_DEPOSIT	1	\N	\N	\N	2025-11-10 09:34:53.869538+07	\N	\N	\N	7
106	REB-20251110023453-C8ED47	PURCHASE_COMMISSION	29988.00	Purchase rebate L1 from 8223456789 - Sistem Omnisurg	COMPLETED	BALANCE	\N	1	\N	\N	2025-11-10 09:34:53.872811+07	\N	105	7	6
107	REB-20251110023453-5C6D50	PURCHASE_COMMISSION	8996.40	Purchase rebate L2 from 8223456789 - Sistem Omnisurg	COMPLETED	BALANCE	\N	2	\N	\N	2025-11-10 09:34:53.874079+07	\N	105	7	5
108	REB-20251110023453-7F1A7A	PURCHASE_COMMISSION	5997.60	Purchase rebate L3 from 8223456789 - Sistem Omnisurg	COMPLETED	BALANCE	\N	3	\N	\N	2025-11-10 09:34:53.875211+07	\N	105	7	4
109	PUR-20251110023456-44972F	INVESTMENTS	566200.00	Purchase Sistem Lyvion (x1)	COMPLETED	BALANCE_DEPOSIT	1	\N	\N	\N	2025-11-10 09:34:56.252145+07	\N	\N	\N	7
110	REB-20251110023456-7E3BB4	PURCHASE_COMMISSION	56620.00	Purchase rebate L1 from 8223456789 - Sistem Lyvion	COMPLETED	BALANCE	\N	1	\N	\N	2025-11-10 09:34:56.256004+07	\N	109	7	6
111	REB-20251110023456-B92C8D	PURCHASE_COMMISSION	16986.00	Purchase rebate L2 from 8223456789 - Sistem Lyvion	COMPLETED	BALANCE	\N	2	\N	\N	2025-11-10 09:34:56.257431+07	\N	109	7	5
112	REB-20251110023456-BC20CC	PURCHASE_COMMISSION	11324.00	Purchase rebate L3 from 8223456789 - Sistem Lyvion	COMPLETED	BALANCE	\N	3	\N	\N	2025-11-10 09:34:56.258962+07	\N	109	7	4
113	PUR-20251110023458-193954	INVESTMENTS	988000.00	Purchase Sistem Hermis (x1)	COMPLETED	BALANCE_DEPOSIT	1	\N	\N	\N	2025-11-10 09:34:58.671722+07	\N	\N	\N	7
114	REB-20251110023458-A52089	PURCHASE_COMMISSION	98800.00	Purchase rebate L1 from 8223456789 - Sistem Hermis	COMPLETED	BALANCE	\N	1	\N	\N	2025-11-10 09:34:58.675318+07	\N	113	7	6
115	REB-20251110023458-273AE0	PURCHASE_COMMISSION	29640.00	Purchase rebate L2 from 8223456789 - Sistem Hermis	COMPLETED	BALANCE	\N	2	\N	\N	2025-11-10 09:34:58.67675+07	\N	113	7	5
116	REB-20251110023458-F659E3	PURCHASE_COMMISSION	19760.00	Purchase rebate L3 from 8223456789 - Sistem Hermis	COMPLETED	BALANCE	\N	3	\N	\N	2025-11-10 09:34:58.678173+07	\N	113	7	4
117	PUR-20251110023500-BF5298	INVESTMENTS	1864500.00	Purchase Sistem Vitaris (x1)	COMPLETED	BALANCE_DEPOSIT	1	\N	\N	\N	2025-11-10 09:35:00.966496+07	\N	\N	\N	7
118	REB-20251110023500-138224	PURCHASE_COMMISSION	186450.00	Purchase rebate L1 from 8223456789 - Sistem Vitaris	COMPLETED	BALANCE	\N	1	\N	\N	2025-11-10 09:35:00.971452+07	\N	117	7	6
119	REB-20251110023500-1CAE07	PURCHASE_COMMISSION	55935.00	Purchase rebate L2 from 8223456789 - Sistem Vitaris	COMPLETED	BALANCE	\N	2	\N	\N	2025-11-10 09:35:00.972783+07	\N	117	7	5
120	REB-20251110023500-F0462D	PURCHASE_COMMISSION	37290.00	Purchase rebate L3 from 8223456789 - Sistem Vitaris	COMPLETED	BALANCE	\N	3	\N	\N	2025-11-10 09:35:00.974442+07	\N	117	7	4
121	PUR-20251110023503-04627E	INVESTMENTS	2777000.00	Purchase Sistem Surgena (x1)	COMPLETED	BALANCE_DEPOSIT	1	\N	\N	\N	2025-11-10 09:35:03.089176+07	\N	\N	\N	7
122	REB-20251110023503-F30511	PURCHASE_COMMISSION	277700.00	Purchase rebate L1 from 8223456789 - Sistem Surgena	COMPLETED	BALANCE	\N	1	\N	\N	2025-11-10 09:35:03.093223+07	\N	121	7	6
123	REB-20251110023503-DC8C0B	PURCHASE_COMMISSION	83310.00	Purchase rebate L2 from 8223456789 - Sistem Surgena	COMPLETED	BALANCE	\N	2	\N	\N	2025-11-10 09:35:03.094691+07	\N	121	7	5
124	REB-20251110023503-A81F9C	PURCHASE_COMMISSION	55540.00	Purchase rebate L3 from 8223456789 - Sistem Surgena	COMPLETED	BALANCE	\N	3	\N	\N	2025-11-10 09:35:03.096186+07	\N	121	7	4
125	CBK-20251110023511-2268CA	CASHBACK	124965.00	Manual cashback claim 4.50% from Sistem Surgena purchase	COMPLETED	BALANCE	\N	\N	\N	\N	2025-11-10 09:35:11.575177+07	\N	121	\N	7
126	CBK-20251110023512-DB41F1	CASHBACK	74580.00	Manual cashback claim 4.00% from Sistem Vitaris purchase	COMPLETED	BALANCE	\N	\N	\N	\N	2025-11-10 09:35:12.857748+07	\N	117	\N	7
128	CBK-20251110023515-5E15F7	CASHBACK	16986.00	Manual cashback claim 3.00% from Sistem Lyvion purchase	COMPLETED	BALANCE	\N	\N	\N	\N	2025-11-10 09:35:15.704918+07	\N	109	\N	7
127	CBK-20251110023513-1D5705	CASHBACK	39520.00	Manual cashback claim 4.00% from Sistem Hermis purchase	COMPLETED	BALANCE	\N	\N	\N	\N	2025-11-10 09:35:13.976707+07	\N	113	\N	7
129	CBK-20251110023518-60D473	CASHBACK	5997.60	Manual cashback claim 2.00% from Sistem Omnisurg purchase	COMPLETED	BALANCE	\N	\N	\N	\N	2025-11-10 09:35:18.827082+07	\N	105	\N	7
163	CBK-20251110024827-5B5386	CASHBACK	74580.00	Manual cashback claim 4.00% from Sistem Vitaris purchase	COMPLETED	BALANCE	\N	\N	\N	\N	2025-11-10 09:48:27.054236+07	\N	154	\N	4
142	PUR-20251110024753-2336C9	INVESTMENTS	299880.00	Purchase Sistem Omnisurg (x1)	COMPLETED	BALANCE_DEPOSIT	1	\N	\N	\N	2025-11-10 09:47:53.242489+07	\N	\N	\N	4
143	REB-20251110024753-5D1607	PURCHASE_COMMISSION	29988.00	Purchase rebate L1 from 0800123456789 - Sistem Omnisurg	COMPLETED	BALANCE	\N	1	\N	\N	2025-11-10 09:47:53.246216+07	\N	142	4	3
144	REB-20251110024753-35FE15	PURCHASE_COMMISSION	8996.40	Purchase rebate L2 from 0800123456789 - Sistem Omnisurg	COMPLETED	BALANCE	\N	2	\N	\N	2025-11-10 09:47:53.247684+07	\N	142	4	2
145	REB-20251110024753-F94C59	PURCHASE_COMMISSION	5997.60	Purchase rebate L3 from 0800123456789 - Sistem Omnisurg	COMPLETED	BALANCE	\N	3	\N	\N	2025-11-10 09:47:53.249119+07	\N	142	4	1
147	REB-20251110024755-A5D0F0	PURCHASE_COMMISSION	56620.00	Purchase rebate L1 from 0800123456789 - Sistem Lyvion	COMPLETED	BALANCE	\N	1	\N	\N	2025-11-10 09:47:55.843369+07	\N	146	4	3
148	REB-20251110024755-43CE16	PURCHASE_COMMISSION	16986.00	Purchase rebate L2 from 0800123456789 - Sistem Lyvion	COMPLETED	BALANCE	\N	2	\N	\N	2025-11-10 09:47:55.845199+07	\N	146	4	2
149	REB-20251110024755-A5940B	PURCHASE_COMMISSION	11324.00	Purchase rebate L3 from 0800123456789 - Sistem Lyvion	COMPLETED	BALANCE	\N	3	\N	\N	2025-11-10 09:47:55.846899+07	\N	146	4	1
150	PUR-20251110024758-7EC1D9	INVESTMENTS	988000.00	Purchase Sistem Hermis (x1)	COMPLETED	BALANCE_DEPOSIT	1	\N	\N	\N	2025-11-10 09:47:58.118409+07	\N	\N	\N	4
151	REB-20251110024758-A834E3	PURCHASE_COMMISSION	98800.00	Purchase rebate L1 from 0800123456789 - Sistem Hermis	COMPLETED	BALANCE	\N	1	\N	\N	2025-11-10 09:47:58.123428+07	\N	150	4	3
152	REB-20251110024758-AC12F1	PURCHASE_COMMISSION	29640.00	Purchase rebate L2 from 0800123456789 - Sistem Hermis	COMPLETED	BALANCE	\N	2	\N	\N	2025-11-10 09:47:58.124932+07	\N	150	4	2
153	REB-20251110024758-55B85B	PURCHASE_COMMISSION	19760.00	Purchase rebate L3 from 0800123456789 - Sistem Hermis	COMPLETED	BALANCE	\N	3	\N	\N	2025-11-10 09:47:58.126532+07	\N	150	4	1
154	PUR-20251110024800-9226A4	INVESTMENTS	1864500.00	Purchase Sistem Vitaris (x1)	COMPLETED	BALANCE_DEPOSIT	1	\N	\N	\N	2025-11-10 09:48:00.493726+07	\N	\N	\N	4
155	REB-20251110024800-0F913B	PURCHASE_COMMISSION	186450.00	Purchase rebate L1 from 0800123456789 - Sistem Vitaris	COMPLETED	BALANCE	\N	1	\N	\N	2025-11-10 09:48:00.498101+07	\N	154	4	3
156	REB-20251110024800-0BB790	PURCHASE_COMMISSION	55935.00	Purchase rebate L2 from 0800123456789 - Sistem Vitaris	COMPLETED	BALANCE	\N	2	\N	\N	2025-11-10 09:48:00.499549+07	\N	154	4	2
157	REB-20251110024800-2FBC11	PURCHASE_COMMISSION	37290.00	Purchase rebate L3 from 0800123456789 - Sistem Vitaris	COMPLETED	BALANCE	\N	3	\N	\N	2025-11-10 09:48:00.500925+07	\N	154	4	1
158	PUR-20251110024802-F0ED80	INVESTMENTS	2777000.00	Purchase Sistem Surgena (x1)	COMPLETED	BALANCE_DEPOSIT	1	\N	\N	\N	2025-11-10 09:48:02.760864+07	\N	\N	\N	4
159	REB-20251110024802-2AC235	PURCHASE_COMMISSION	277700.00	Purchase rebate L1 from 0800123456789 - Sistem Surgena	COMPLETED	BALANCE	\N	1	\N	\N	2025-11-10 09:48:02.76433+07	\N	158	4	3
160	REB-20251110024802-27773A	PURCHASE_COMMISSION	83310.00	Purchase rebate L2 from 0800123456789 - Sistem Surgena	COMPLETED	BALANCE	\N	2	\N	\N	2025-11-10 09:48:02.76614+07	\N	158	4	2
161	REB-20251110024802-A8CFDD	PURCHASE_COMMISSION	55540.00	Purchase rebate L3 from 0800123456789 - Sistem Surgena	COMPLETED	BALANCE	\N	3	\N	\N	2025-11-10 09:48:02.767907+07	\N	158	4	1
162	CBK-20251110024825-24BCC0	CASHBACK	124965.00	Manual cashback claim 4.50% from Sistem Surgena purchase	COMPLETED	BALANCE	\N	\N	\N	\N	2025-11-10 09:48:25.881638+07	\N	158	\N	4
164	CBK-20251110024828-C76ABC	CASHBACK	39520.00	Manual cashback claim 4.00% from Sistem Hermis purchase	COMPLETED	BALANCE	\N	\N	\N	\N	2025-11-10 09:48:28.083036+07	\N	150	\N	4
165	CBK-20251110024831-920F9A	CASHBACK	16986.00	Manual cashback claim 3.00% from Sistem Lyvion purchase	COMPLETED	BALANCE	\N	\N	\N	\N	2025-11-10 09:48:31.085992+07	\N	146	\N	4
166	CBK-20251110024834-E068B7	CASHBACK	5997.60	Manual cashback claim 2.00% from Sistem Omnisurg purchase	COMPLETED	BALANCE	\N	\N	\N	\N	2025-11-10 09:48:34.417059+07	\N	142	\N	4
174	PUR-20251110055739-B9F7EF	INVESTMENTS	566200.00	Purchase Sistem Lyvion (x1)	COMPLETED	BALANCE_DEPOSIT	1	\N	\N	\N	2025-11-10 12:57:39.116594+07	\N	\N	\N	2
175	REB-20251110055739-A08808	PURCHASE_COMMISSION	56620.00	Purchase rebate L1 from 89595959595 - Sistem Lyvion	COMPLETED	BALANCE	\N	1	\N	\N	2025-11-10 12:57:39.120044+07	\N	174	2	1
176	CBK-20251110055747-20CE33	CASHBACK	16986.00	Manual cashback claim 3.00% from Sistem Lyvion purchase	COMPLETED	BALANCE	\N	\N	\N	\N	2025-11-10 12:57:47.07323+07	\N	174	\N	2
177	PUR-20251110055834-478B45	INVESTMENTS	988000.00	Purchase Sistem Hermis (x1)	COMPLETED	BALANCE_DEPOSIT	1	\N	\N	\N	2025-11-10 12:58:34.574433+07	\N	\N	\N	2
178	REB-20251110055834-D25AA4	PURCHASE_COMMISSION	98800.00	Purchase rebate L1 from 89595959595 - Sistem Hermis	COMPLETED	BALANCE	\N	1	\N	\N	2025-11-10 12:58:34.577576+07	\N	177	2	1
179	CBK-20251110055845-09F735	CASHBACK	39520.00	Manual cashback claim 4.00% from Sistem Hermis purchase	COMPLETED	BALANCE	\N	\N	\N	\N	2025-11-10 12:58:45.713608+07	\N	177	\N	2
183	AUTO-20251126134651-16C28D	INTEREST	39520.00	Automatic profit from Sistem Hermis investment	COMPLETED	BALANCE	\N	\N	\N	\N	2025-11-26 20:46:51.101377+07	\N	\N	\N	2
184	PRB-20251126134651-1A4B36	PROFIT_COMMISSION	2766.40	Profit rebate L1 from 89595959595 - Sistem Hermis	COMPLETED	BALANCE	\N	1	\N	\N	2025-11-26 20:46:51.205841+07	\N	183	2	1
185	AUTO-20251126134651-AF6A00	INTEREST	22648.00	Automatic profit from Sistem Lyvion investment	COMPLETED	BALANCE	\N	\N	\N	\N	2025-11-26 20:46:51.397513+07	\N	\N	\N	2
186	PRB-20251126134651-F7E454	PROFIT_COMMISSION	1585.36	Profit rebate L1 from 89595959595 - Sistem Lyvion	COMPLETED	BALANCE	\N	1	\N	\N	2025-11-26 20:46:51.458526+07	\N	185	2	1
187	AUTO-20251126134651-3BA3E0	INTEREST	111080.00	Automatic profit from Sistem Surgena investment	COMPLETED	BALANCE	\N	\N	\N	\N	2025-11-26 20:46:51.638524+07	\N	\N	\N	4
188	PRB-20251126134651-0BE58E	PROFIT_COMMISSION	7775.60	Profit rebate L1 from 0800123456789 - Sistem Surgena	COMPLETED	BALANCE	\N	1	\N	\N	2025-11-26 20:46:51.73624+07	\N	187	4	3
189	PRB-20251126134651-DBDDE8	PROFIT_COMMISSION	4443.20	Profit rebate L2 from 0800123456789 - Sistem Surgena	COMPLETED	BALANCE	\N	2	\N	\N	2025-11-26 20:46:51.832941+07	\N	187	4	2
190	PRB-20251126134651-FB2511	PROFIT_COMMISSION	2221.60	Profit rebate L3 from 0800123456789 - Sistem Surgena	COMPLETED	BALANCE	\N	3	\N	\N	2025-11-26 20:46:51.892645+07	\N	187	4	1
195	AUTO-20251126134652-9358D5	INTEREST	74580.00	Automatic profit from Sistem Vitaris investment	COMPLETED	BALANCE	\N	\N	\N	\N	2025-11-26 20:46:52.83444+07	\N	\N	\N	4
196	PRB-20251126134652-7A69F3	PROFIT_COMMISSION	5220.60	Profit rebate L1 from 0800123456789 - Sistem Vitaris	COMPLETED	BALANCE	\N	1	\N	\N	2025-11-26 20:46:52.897488+07	\N	195	4	3
197	PRB-20251126134653-6D62A2	PROFIT_COMMISSION	2983.20	Profit rebate L2 from 0800123456789 - Sistem Vitaris	COMPLETED	BALANCE	\N	2	\N	\N	2025-11-26 20:46:53.219768+07	\N	195	4	2
198	PRB-20251126134653-B08666	PROFIT_COMMISSION	1491.60	Profit rebate L3 from 0800123456789 - Sistem Vitaris	COMPLETED	BALANCE	\N	3	\N	\N	2025-11-26 20:46:53.316446+07	\N	195	4	1
203	AUTO-20251126134654-0AB72A	INTEREST	39520.00	Automatic profit from Sistem Hermis investment	COMPLETED	BALANCE	\N	\N	\N	\N	2025-11-26 20:46:54.144652+07	\N	\N	\N	4
204	PRB-20251126134654-D323D8	PROFIT_COMMISSION	2766.40	Profit rebate L1 from 0800123456789 - Sistem Hermis	COMPLETED	BALANCE	\N	1	\N	\N	2025-11-26 20:46:54.232701+07	\N	203	4	3
205	PRB-20251126134654-944834	PROFIT_COMMISSION	1580.80	Profit rebate L2 from 0800123456789 - Sistem Hermis	COMPLETED	BALANCE	\N	2	\N	\N	2025-11-26 20:46:54.299176+07	\N	203	4	2
206	PRB-20251126134654-952880	PROFIT_COMMISSION	790.40	Profit rebate L3 from 0800123456789 - Sistem Hermis	COMPLETED	BALANCE	\N	3	\N	\N	2025-11-26 20:46:54.392545+07	\N	203	4	1
1311	DEP-20260111110233-3C1224	DEPOSIT	50000.00	Deposit via Jayapay (BALANCE_DEPOSIT)	FAILED	BALANCE_DEPOSIT	\N	\N	\N	\N	2026-01-11 11:02:33.510409+07	\N	\N	\N	2
219	AUTO-20251126134655-C0A709	INTEREST	11995.20	Automatic profit from Sistem Omnisurg investment	COMPLETED	BALANCE	\N	\N	\N	\N	2025-11-26 20:46:55.954479+07	\N	\N	\N	4
220	PRB-20251126134656-066A6C	PROFIT_COMMISSION	839.66	Profit rebate L1 from 0800123456789 - Sistem Omnisurg	COMPLETED	BALANCE	\N	1	\N	\N	2025-11-26 20:46:56.019146+07	\N	219	4	3
221	PRB-20251126134656-273625	PROFIT_COMMISSION	479.81	Profit rebate L2 from 0800123456789 - Sistem Omnisurg	COMPLETED	BALANCE	\N	2	\N	\N	2025-11-26 20:46:56.081586+07	\N	219	4	2
222	PRB-20251126134656-229B41	PROFIT_COMMISSION	239.90	Profit rebate L3 from 0800123456789 - Sistem Omnisurg	COMPLETED	BALANCE	\N	3	\N	\N	2025-11-26 20:46:56.142526+07	\N	219	4	1
232	AUTO-20251126134656-8AE524	INTEREST	111080.00	Automatic profit from Sistem Surgena investment	COMPLETED	BALANCE	\N	\N	\N	\N	2025-11-26 20:46:56.980736+07	\N	\N	\N	7
234	PRB-20251126134657-61147C	PROFIT_COMMISSION	7775.60	Profit rebate L1 from 8223456789 - Sistem Surgena	COMPLETED	BALANCE	\N	1	\N	\N	2025-11-26 20:46:57.042871+07	\N	232	7	6
236	PRB-20251126134657-C64986	PROFIT_COMMISSION	4443.20	Profit rebate L2 from 8223456789 - Sistem Surgena	COMPLETED	BALANCE	\N	2	\N	\N	2025-11-26 20:46:57.115661+07	\N	232	7	5
238	PRB-20251126134658-219783	PROFIT_COMMISSION	2221.60	Profit rebate L3 from 8223456789 - Sistem Surgena	COMPLETED	BALANCE	\N	3	\N	\N	2025-11-26 20:46:58.690776+07	\N	232	7	4
243	AUTO-20251126134659-E7CF74	INTEREST	74580.00	Automatic profit from Sistem Vitaris investment	COMPLETED	BALANCE	\N	\N	\N	\N	2025-11-26 20:46:59.444368+07	\N	\N	\N	7
244	PRB-20251126134659-245BA2	PROFIT_COMMISSION	5220.60	Profit rebate L1 from 8223456789 - Sistem Vitaris	COMPLETED	BALANCE	\N	1	\N	\N	2025-11-26 20:46:59.520699+07	\N	243	7	6
245	PRB-20251126134659-DF2CA1	PROFIT_COMMISSION	2983.20	Profit rebate L2 from 8223456789 - Sistem Vitaris	COMPLETED	BALANCE	\N	2	\N	\N	2025-11-26 20:46:59.603344+07	\N	243	7	5
246	PRB-20251126134700-66DEA7	PROFIT_COMMISSION	1491.60	Profit rebate L3 from 8223456789 - Sistem Vitaris	COMPLETED	BALANCE	\N	3	\N	\N	2025-11-26 20:47:00.168122+07	\N	243	7	4
251	AUTO-20251126134700-D37C29	INTEREST	39520.00	Automatic profit from Sistem Hermis investment	COMPLETED	BALANCE	\N	\N	\N	\N	2025-11-26 20:47:00.752363+07	\N	\N	\N	7
252	PRB-20251126134700-0C1C0B	PROFIT_COMMISSION	2766.40	Profit rebate L1 from 8223456789 - Sistem Hermis	COMPLETED	BALANCE	\N	1	\N	\N	2025-11-26 20:47:00.814561+07	\N	251	7	6
253	PRB-20251126134700-AA48F5	PROFIT_COMMISSION	1580.80	Profit rebate L2 from 8223456789 - Sistem Hermis	COMPLETED	BALANCE	\N	2	\N	\N	2025-11-26 20:47:00.873612+07	\N	251	7	5
254	PRB-20251126134700-39181C	PROFIT_COMMISSION	790.40	Profit rebate L3 from 8223456789 - Sistem Hermis	COMPLETED	BALANCE	\N	3	\N	\N	2025-11-26 20:47:00.934094+07	\N	251	7	4
259	AUTO-20251126134701-4FDDF8	INTEREST	22648.00	Automatic profit from Sistem Lyvion investment	COMPLETED	BALANCE	\N	\N	\N	\N	2025-11-26 20:47:01.754865+07	\N	\N	\N	7
260	PRB-20251126134701-5D1D27	PROFIT_COMMISSION	1585.36	Profit rebate L1 from 8223456789 - Sistem Lyvion	COMPLETED	BALANCE	\N	1	\N	\N	2025-11-26 20:47:01.808776+07	\N	259	7	6
261	PRB-20251126134701-5A5B6C	PROFIT_COMMISSION	905.92	Profit rebate L2 from 8223456789 - Sistem Lyvion	COMPLETED	BALANCE	\N	2	\N	\N	2025-11-26 20:47:01.882903+07	\N	259	7	5
262	PRB-20251126134701-57B111	PROFIT_COMMISSION	452.96	Profit rebate L3 from 8223456789 - Sistem Lyvion	COMPLETED	BALANCE	\N	3	\N	\N	2025-11-26 20:47:01.945614+07	\N	259	7	4
267	AUTO-20251126134702-5FD2C0	INTEREST	11995.20	Automatic profit from Sistem Omnisurg investment	COMPLETED	BALANCE	\N	\N	\N	\N	2025-11-26 20:47:02.517061+07	\N	\N	\N	7
268	PRB-20251126134702-9B115E	PROFIT_COMMISSION	839.66	Profit rebate L1 from 8223456789 - Sistem Omnisurg	COMPLETED	BALANCE	\N	1	\N	\N	2025-11-26 20:47:02.56792+07	\N	267	7	6
269	PRB-20251126134702-090922	PROFIT_COMMISSION	479.81	Profit rebate L2 from 8223456789 - Sistem Omnisurg	COMPLETED	BALANCE	\N	2	\N	\N	2025-11-26 20:47:02.6404+07	\N	267	7	5
270	PRB-20251126134702-BF7DB2	PROFIT_COMMISSION	239.90	Profit rebate L3 from 8223456789 - Sistem Omnisurg	COMPLETED	BALANCE	\N	3	\N	\N	2025-11-26 20:47:02.69803+07	\N	267	7	4
283	AUTO-20251126134712-10C0FB	INTEREST	111080.00	Automatic profit from Sistem Surgena investment	COMPLETED	BALANCE	\N	\N	\N	\N	2025-11-26 20:47:12.521742+07	\N	\N	\N	6
284	PRB-20251126134712-E4BC9D	PROFIT_COMMISSION	7775.60	Profit rebate L1 from 81123456789 - Sistem Surgena	COMPLETED	BALANCE	\N	1	\N	\N	2025-11-26 20:47:12.584912+07	\N	283	6	5
285	PRB-20251126134712-458048	PROFIT_COMMISSION	4443.20	Profit rebate L2 from 81123456789 - Sistem Surgena	COMPLETED	BALANCE	\N	2	\N	\N	2025-11-26 20:47:12.654575+07	\N	283	6	4
286	PRB-20251126134712-87AF26	PROFIT_COMMISSION	2221.60	Profit rebate L3 from 81123456789 - Sistem Surgena	COMPLETED	BALANCE	\N	3	\N	\N	2025-11-26 20:47:12.718121+07	\N	283	6	3
287	AUTO-20251126134712-8C0615	INTEREST	74580.00	Automatic profit from Sistem Vitaris investment	COMPLETED	BALANCE	\N	\N	\N	\N	2025-11-26 20:47:12.955016+07	\N	\N	\N	6
288	PRB-20251126134713-5F8085	PROFIT_COMMISSION	5220.60	Profit rebate L1 from 81123456789 - Sistem Vitaris	COMPLETED	BALANCE	\N	1	\N	\N	2025-11-26 20:47:13.018612+07	\N	287	6	5
289	PRB-20251126134713-EFEC24	PROFIT_COMMISSION	2983.20	Profit rebate L2 from 81123456789 - Sistem Vitaris	COMPLETED	BALANCE	\N	2	\N	\N	2025-11-26 20:47:13.083569+07	\N	287	6	4
290	PRB-20251126134713-EEFA47	PROFIT_COMMISSION	1491.60	Profit rebate L3 from 81123456789 - Sistem Vitaris	COMPLETED	BALANCE	\N	3	\N	\N	2025-11-26 20:47:13.150053+07	\N	287	6	3
291	AUTO-20251126134713-9D9B68	INTEREST	39520.00	Automatic profit from Sistem Hermis investment	COMPLETED	BALANCE	\N	\N	\N	\N	2025-11-26 20:47:13.388059+07	\N	\N	\N	6
292	PRB-20251126134713-5C428A	PROFIT_COMMISSION	2766.40	Profit rebate L1 from 81123456789 - Sistem Hermis	COMPLETED	BALANCE	\N	1	\N	\N	2025-11-26 20:47:13.452652+07	\N	291	6	5
293	PRB-20251126134713-D74B05	PROFIT_COMMISSION	1580.80	Profit rebate L2 from 81123456789 - Sistem Hermis	COMPLETED	BALANCE	\N	2	\N	\N	2025-11-26 20:47:13.517178+07	\N	291	6	4
294	PRB-20251126134713-22CCED	PROFIT_COMMISSION	790.40	Profit rebate L3 from 81123456789 - Sistem Hermis	COMPLETED	BALANCE	\N	3	\N	\N	2025-11-26 20:47:13.583852+07	\N	291	6	3
295	AUTO-20251126134713-ABBABD	INTEREST	22648.00	Automatic profit from Sistem Lyvion investment	COMPLETED	BALANCE	\N	\N	\N	\N	2025-11-26 20:47:13.847374+07	\N	\N	\N	6
296	PRB-20251126134713-DA396B	PROFIT_COMMISSION	1585.36	Profit rebate L1 from 81123456789 - Sistem Lyvion	COMPLETED	BALANCE	\N	1	\N	\N	2025-11-26 20:47:13.911533+07	\N	295	6	5
297	PRB-20251126134713-662CEB	PROFIT_COMMISSION	905.92	Profit rebate L2 from 81123456789 - Sistem Lyvion	COMPLETED	BALANCE	\N	2	\N	\N	2025-11-26 20:47:13.975262+07	\N	295	6	4
298	PRB-20251126134714-34337D	PROFIT_COMMISSION	452.96	Profit rebate L3 from 81123456789 - Sistem Lyvion	COMPLETED	BALANCE	\N	3	\N	\N	2025-11-26 20:47:14.040444+07	\N	295	6	3
299	AUTO-20251126134714-24E9EC	INTEREST	11995.20	Automatic profit from Sistem Omnisurg investment	COMPLETED	BALANCE	\N	\N	\N	\N	2025-11-26 20:47:14.276167+07	\N	\N	\N	6
300	PRB-20251126134714-12E2F2	PROFIT_COMMISSION	839.66	Profit rebate L1 from 81123456789 - Sistem Omnisurg	COMPLETED	BALANCE	\N	1	\N	\N	2025-11-26 20:47:14.338581+07	\N	299	6	5
301	PRB-20251126134714-756555	PROFIT_COMMISSION	479.81	Profit rebate L2 from 81123456789 - Sistem Omnisurg	COMPLETED	BALANCE	\N	2	\N	\N	2025-11-26 20:47:14.401918+07	\N	299	6	4
302	PRB-20251126134714-0E5876	PROFIT_COMMISSION	239.90	Profit rebate L3 from 81123456789 - Sistem Omnisurg	COMPLETED	BALANCE	\N	3	\N	\N	2025-11-26 20:47:14.465115+07	\N	299	6	3
307	AUTO-20251126134715-B1977A	INTEREST	111080.00	Automatic profit from Sistem Surgena investment	COMPLETED	BALANCE	\N	\N	\N	\N	2025-11-26 20:47:15.12342+07	\N	\N	\N	5
308	PRB-20251126134715-AD3840	PROFIT_COMMISSION	7775.60	Profit rebate L1 from 80123456789 - Sistem Surgena	COMPLETED	BALANCE	\N	1	\N	\N	2025-11-26 20:47:15.186892+07	\N	307	5	4
309	PRB-20251126134715-F6EC05	PROFIT_COMMISSION	4443.20	Profit rebate L2 from 80123456789 - Sistem Surgena	COMPLETED	BALANCE	\N	2	\N	\N	2025-11-26 20:47:15.248652+07	\N	307	5	3
310	PRB-20251126134715-64FF68	PROFIT_COMMISSION	2221.60	Profit rebate L3 from 80123456789 - Sistem Surgena	COMPLETED	BALANCE	\N	3	\N	\N	2025-11-26 20:47:15.312616+07	\N	307	5	2
311	AUTO-20251126134715-277B66	INTEREST	74580.00	Automatic profit from Sistem Vitaris investment	COMPLETED	BALANCE	\N	\N	\N	\N	2025-11-26 20:47:15.528614+07	\N	\N	\N	5
312	PRB-20251126134715-615BE0	PROFIT_COMMISSION	5220.60	Profit rebate L1 from 80123456789 - Sistem Vitaris	COMPLETED	BALANCE	\N	1	\N	\N	2025-11-26 20:47:15.590971+07	\N	311	5	4
313	PRB-20251126134715-6A1270	PROFIT_COMMISSION	2983.20	Profit rebate L2 from 80123456789 - Sistem Vitaris	COMPLETED	BALANCE	\N	2	\N	\N	2025-11-26 20:47:15.656103+07	\N	311	5	3
314	PRB-20251126134715-25082B	PROFIT_COMMISSION	1491.60	Profit rebate L3 from 80123456789 - Sistem Vitaris	COMPLETED	BALANCE	\N	3	\N	\N	2025-11-26 20:47:15.721434+07	\N	311	5	2
315	AUTO-20251126134715-DA5498	INTEREST	39520.00	Automatic profit from Sistem Hermis investment	COMPLETED	BALANCE	\N	\N	\N	\N	2025-11-26 20:47:15.949692+07	\N	\N	\N	5
316	PRB-20251126134716-51CDAA	PROFIT_COMMISSION	2766.40	Profit rebate L1 from 80123456789 - Sistem Hermis	COMPLETED	BALANCE	\N	1	\N	\N	2025-11-26 20:47:16.014301+07	\N	315	5	4
317	PRB-20251126134716-5CBEB4	PROFIT_COMMISSION	1580.80	Profit rebate L2 from 80123456789 - Sistem Hermis	COMPLETED	BALANCE	\N	2	\N	\N	2025-11-26 20:47:16.079974+07	\N	315	5	3
318	PRB-20251126134716-402A8C	PROFIT_COMMISSION	790.40	Profit rebate L3 from 80123456789 - Sistem Hermis	COMPLETED	BALANCE	\N	3	\N	\N	2025-11-26 20:47:16.146717+07	\N	315	5	2
319	AUTO-20251126134716-662970	INTEREST	22648.00	Automatic profit from Sistem Lyvion investment	COMPLETED	BALANCE	\N	\N	\N	\N	2025-11-26 20:47:16.361544+07	\N	\N	\N	5
320	PRB-20251126134716-F34230	PROFIT_COMMISSION	1585.36	Profit rebate L1 from 80123456789 - Sistem Lyvion	COMPLETED	BALANCE	\N	1	\N	\N	2025-11-26 20:47:16.425302+07	\N	319	5	4
321	PRB-20251126134716-5867FC	PROFIT_COMMISSION	905.92	Profit rebate L2 from 80123456789 - Sistem Lyvion	COMPLETED	BALANCE	\N	2	\N	\N	2025-11-26 20:47:16.490562+07	\N	319	5	3
322	PRB-20251126134716-E34BDE	PROFIT_COMMISSION	452.96	Profit rebate L3 from 80123456789 - Sistem Lyvion	COMPLETED	BALANCE	\N	3	\N	\N	2025-11-26 20:47:16.552075+07	\N	319	5	2
323	AUTO-20251126134716-4F327E	INTEREST	11995.20	Automatic profit from Sistem Omnisurg investment	COMPLETED	BALANCE	\N	\N	\N	\N	2025-11-26 20:47:16.761943+07	\N	\N	\N	5
324	PRB-20251126134716-1A26D8	PROFIT_COMMISSION	839.66	Profit rebate L1 from 80123456789 - Sistem Omnisurg	COMPLETED	BALANCE	\N	1	\N	\N	2025-11-26 20:47:16.825246+07	\N	323	5	4
325	PRB-20251126134716-B6BEC3	PROFIT_COMMISSION	479.81	Profit rebate L2 from 80123456789 - Sistem Omnisurg	COMPLETED	BALANCE	\N	2	\N	\N	2025-11-26 20:47:16.887742+07	\N	323	5	3
326	PRB-20251126134716-3778A0	PROFIT_COMMISSION	239.90	Profit rebate L3 from 80123456789 - Sistem Omnisurg	COMPLETED	BALANCE	\N	3	\N	\N	2025-11-26 20:47:16.949386+07	\N	323	5	2
334	AUTO-20251126134718-EBD169	INTEREST	11995.20	Automatic profit from Sistem Omnisurg investment	COMPLETED	BALANCE	\N	\N	\N	\N	2025-11-26 20:47:18.277914+07	\N	\N	\N	2
335	PRB-20251126134718-95F072	PROFIT_COMMISSION	839.66	Profit rebate L1 from 89595959595 - Sistem Omnisurg	COMPLETED	BALANCE	\N	1	\N	\N	2025-11-26 20:47:18.364546+07	\N	334	2	1
338	AUTO-20251127134701-A95E31	INTEREST	39520.00	Automatic profit from Sistem Hermis investment	COMPLETED	BALANCE	\N	\N	\N	\N	2025-11-27 20:47:01.039837+07	\N	\N	\N	2
339	PRB-20251127134701-351027	PROFIT_COMMISSION	2766.40	Profit rebate L1 from 89595959595 - Sistem Hermis	COMPLETED	BALANCE	\N	1	\N	\N	2025-11-27 20:47:01.123165+07	\N	338	2	1
340	AUTO-20251127134701-7883C9	INTEREST	22648.00	Automatic profit from Sistem Lyvion investment	COMPLETED	BALANCE	\N	\N	\N	\N	2025-11-27 20:47:01.318989+07	\N	\N	\N	2
341	PRB-20251127134701-F22731	PROFIT_COMMISSION	1585.36	Profit rebate L1 from 89595959595 - Sistem Lyvion	COMPLETED	BALANCE	\N	1	\N	\N	2025-11-27 20:47:01.372157+07	\N	340	2	1
342	AUTO-20251127134701-DF0405	INTEREST	111080.00	Automatic profit from Sistem Surgena investment	COMPLETED	BALANCE	\N	\N	\N	\N	2025-11-27 20:47:01.569118+07	\N	\N	\N	4
343	PRB-20251127134701-E4EAD5	PROFIT_COMMISSION	7775.60	Profit rebate L1 from 0800123456789 - Sistem Surgena	COMPLETED	BALANCE	\N	1	\N	\N	2025-11-27 20:47:01.630992+07	\N	342	4	3
344	PRB-20251127134701-F6DCD2	PROFIT_COMMISSION	4443.20	Profit rebate L2 from 0800123456789 - Sistem Surgena	COMPLETED	BALANCE	\N	2	\N	\N	2025-11-27 20:47:01.695139+07	\N	342	4	2
345	PRB-20251127134701-968675	PROFIT_COMMISSION	2221.60	Profit rebate L3 from 0800123456789 - Sistem Surgena	COMPLETED	BALANCE	\N	3	\N	\N	2025-11-27 20:47:01.758053+07	\N	342	4	1
346	AUTO-20251127134701-9B6936	INTEREST	74580.00	Automatic profit from Sistem Vitaris investment	COMPLETED	BALANCE	\N	\N	\N	\N	2025-11-27 20:47:01.952926+07	\N	\N	\N	4
347	PRB-20251127134702-6EA447	PROFIT_COMMISSION	5220.60	Profit rebate L1 from 0800123456789 - Sistem Vitaris	COMPLETED	BALANCE	\N	1	\N	\N	2025-11-27 20:47:02.004859+07	\N	346	4	3
348	PRB-20251127134702-6917F1	PROFIT_COMMISSION	2983.20	Profit rebate L2 from 0800123456789 - Sistem Vitaris	COMPLETED	BALANCE	\N	2	\N	\N	2025-11-27 20:47:02.078254+07	\N	346	4	2
349	PRB-20251127134702-EDACC1	PROFIT_COMMISSION	1491.60	Profit rebate L3 from 0800123456789 - Sistem Vitaris	COMPLETED	BALANCE	\N	3	\N	\N	2025-11-27 20:47:02.12993+07	\N	346	4	1
350	AUTO-20251127134702-CA2011	INTEREST	39520.00	Automatic profit from Sistem Hermis investment	COMPLETED	BALANCE	\N	\N	\N	\N	2025-11-27 20:47:02.330476+07	\N	\N	\N	4
351	PRB-20251127134702-8E2E08	PROFIT_COMMISSION	2766.40	Profit rebate L1 from 0800123456789 - Sistem Hermis	COMPLETED	BALANCE	\N	1	\N	\N	2025-11-27 20:47:02.39363+07	\N	350	4	3
352	PRB-20251127134702-5E7A54	PROFIT_COMMISSION	1580.80	Profit rebate L2 from 0800123456789 - Sistem Hermis	COMPLETED	BALANCE	\N	2	\N	\N	2025-11-27 20:47:02.454489+07	\N	350	4	2
353	PRB-20251127134702-0A25A1	PROFIT_COMMISSION	790.40	Profit rebate L3 from 0800123456789 - Sistem Hermis	COMPLETED	BALANCE	\N	3	\N	\N	2025-11-27 20:47:02.519227+07	\N	350	4	1
354	AUTO-20251127134702-506216	INTEREST	22648.00	Automatic profit from Sistem Lyvion investment	COMPLETED	BALANCE	\N	\N	\N	\N	2025-11-27 20:47:02.704332+07	\N	\N	\N	4
355	PRB-20251127134704-AAD75A	PROFIT_COMMISSION	1585.36	Profit rebate L1 from 0800123456789 - Sistem Lyvion	COMPLETED	BALANCE	\N	1	\N	\N	2025-11-27 20:47:04.292023+07	\N	354	4	3
356	PRB-20251127134704-B5275B	PROFIT_COMMISSION	905.92	Profit rebate L2 from 0800123456789 - Sistem Lyvion	COMPLETED	BALANCE	\N	2	\N	\N	2025-11-27 20:47:04.3576+07	\N	354	4	2
357	PRB-20251127134704-AB5B9B	PROFIT_COMMISSION	452.96	Profit rebate L3 from 0800123456789 - Sistem Lyvion	COMPLETED	BALANCE	\N	3	\N	\N	2025-11-27 20:47:04.422993+07	\N	354	4	1
358	AUTO-20251127134704-006013	INTEREST	11995.20	Automatic profit from Sistem Omnisurg investment	COMPLETED	BALANCE	\N	\N	\N	\N	2025-11-27 20:47:04.610126+07	\N	\N	\N	4
359	PRB-20251127134704-1B4031	PROFIT_COMMISSION	839.66	Profit rebate L1 from 0800123456789 - Sistem Omnisurg	COMPLETED	BALANCE	\N	1	\N	\N	2025-11-27 20:47:04.67436+07	\N	358	4	3
360	PRB-20251127134704-88366C	PROFIT_COMMISSION	479.81	Profit rebate L2 from 0800123456789 - Sistem Omnisurg	COMPLETED	BALANCE	\N	2	\N	\N	2025-11-27 20:47:04.738953+07	\N	358	4	2
361	PRB-20251127134704-215148	PROFIT_COMMISSION	239.90	Profit rebate L3 from 0800123456789 - Sistem Omnisurg	COMPLETED	BALANCE	\N	3	\N	\N	2025-11-27 20:47:04.80176+07	\N	358	4	1
366	AUTO-20251127134705-14B960	INTEREST	111080.00	Automatic profit from Sistem Surgena investment	COMPLETED	BALANCE	\N	\N	\N	\N	2025-11-27 20:47:05.361776+07	\N	\N	\N	7
367	PRB-20251127134705-6B0981	PROFIT_COMMISSION	7775.60	Profit rebate L1 from 8223456789 - Sistem Surgena	COMPLETED	BALANCE	\N	1	\N	\N	2025-11-27 20:47:05.420545+07	\N	366	7	6
368	PRB-20251127134705-E77FD0	PROFIT_COMMISSION	4443.20	Profit rebate L2 from 8223456789 - Sistem Surgena	COMPLETED	BALANCE	\N	2	\N	\N	2025-11-27 20:47:05.485137+07	\N	366	7	5
369	PRB-20251127134705-95C4DE	PROFIT_COMMISSION	2221.60	Profit rebate L3 from 8223456789 - Sistem Surgena	COMPLETED	BALANCE	\N	3	\N	\N	2025-11-27 20:47:05.555688+07	\N	366	7	4
370	AUTO-20251127134705-11BDF5	INTEREST	74580.00	Automatic profit from Sistem Vitaris investment	COMPLETED	BALANCE	\N	\N	\N	\N	2025-11-27 20:47:05.809409+07	\N	\N	\N	7
371	PRB-20251127134705-44394A	PROFIT_COMMISSION	5220.60	Profit rebate L1 from 8223456789 - Sistem Vitaris	COMPLETED	BALANCE	\N	1	\N	\N	2025-11-27 20:47:05.862036+07	\N	370	7	6
372	PRB-20251127134705-B4C8F9	PROFIT_COMMISSION	2983.20	Profit rebate L2 from 8223456789 - Sistem Vitaris	COMPLETED	BALANCE	\N	2	\N	\N	2025-11-27 20:47:05.941678+07	\N	370	7	5
373	PRB-20251127134706-BC5FE4	PROFIT_COMMISSION	1491.60	Profit rebate L3 from 8223456789 - Sistem Vitaris	COMPLETED	BALANCE	\N	3	\N	\N	2025-11-27 20:47:06.0039+07	\N	370	7	4
374	AUTO-20251127134706-88AC16	INTEREST	39520.00	Automatic profit from Sistem Hermis investment	COMPLETED	BALANCE	\N	\N	\N	\N	2025-11-27 20:47:06.250572+07	\N	\N	\N	7
375	PRB-20251127134706-C83700	PROFIT_COMMISSION	2766.40	Profit rebate L1 from 8223456789 - Sistem Hermis	COMPLETED	BALANCE	\N	1	\N	\N	2025-11-27 20:47:06.315865+07	\N	374	7	6
376	PRB-20251127134706-8D5321	PROFIT_COMMISSION	1580.80	Profit rebate L2 from 8223456789 - Sistem Hermis	COMPLETED	BALANCE	\N	2	\N	\N	2025-11-27 20:47:06.376084+07	\N	374	7	5
377	PRB-20251127134706-83D52D	PROFIT_COMMISSION	790.40	Profit rebate L3 from 8223456789 - Sistem Hermis	COMPLETED	BALANCE	\N	3	\N	\N	2025-11-27 20:47:06.436161+07	\N	374	7	4
378	AUTO-20251127134706-D5140C	INTEREST	22648.00	Automatic profit from Sistem Lyvion investment	COMPLETED	BALANCE	\N	\N	\N	\N	2025-11-27 20:47:06.696912+07	\N	\N	\N	7
379	PRB-20251127134706-9B07AF	PROFIT_COMMISSION	1585.36	Profit rebate L1 from 8223456789 - Sistem Lyvion	COMPLETED	BALANCE	\N	1	\N	\N	2025-11-27 20:47:06.754978+07	\N	378	7	6
380	PRB-20251127134706-1B68C2	PROFIT_COMMISSION	905.92	Profit rebate L2 from 8223456789 - Sistem Lyvion	COMPLETED	BALANCE	\N	2	\N	\N	2025-11-27 20:47:06.819841+07	\N	378	7	5
381	PRB-20251127134706-3CAE25	PROFIT_COMMISSION	452.96	Profit rebate L3 from 8223456789 - Sistem Lyvion	COMPLETED	BALANCE	\N	3	\N	\N	2025-11-27 20:47:06.878261+07	\N	378	7	4
382	AUTO-20251127134707-BF016A	INTEREST	11995.20	Automatic profit from Sistem Omnisurg investment	COMPLETED	BALANCE	\N	\N	\N	\N	2025-11-27 20:47:07.122213+07	\N	\N	\N	7
383	PRB-20251127134707-84FAFD	PROFIT_COMMISSION	839.66	Profit rebate L1 from 8223456789 - Sistem Omnisurg	COMPLETED	BALANCE	\N	1	\N	\N	2025-11-27 20:47:07.191259+07	\N	382	7	6
384	PRB-20251127134707-4CF7B8	PROFIT_COMMISSION	479.81	Profit rebate L2 from 8223456789 - Sistem Omnisurg	COMPLETED	BALANCE	\N	2	\N	\N	2025-11-27 20:47:07.253255+07	\N	382	7	5
385	PRB-20251127134707-4E36F8	PROFIT_COMMISSION	239.90	Profit rebate L3 from 8223456789 - Sistem Omnisurg	COMPLETED	BALANCE	\N	3	\N	\N	2025-11-27 20:47:07.315907+07	\N	382	7	4
390	AUTO-20251127135208-FE7785	INTEREST	111080.00	Automatic profit from Sistem Surgena investment	COMPLETED	BALANCE	\N	\N	\N	\N	2025-11-27 20:52:08.600443+07	\N	\N	\N	6
391	PRB-20251127135208-24348A	PROFIT_COMMISSION	7775.60	Profit rebate L1 from 81123456789 - Sistem Surgena	COMPLETED	BALANCE	\N	1	\N	\N	2025-11-27 20:52:08.663466+07	\N	390	6	5
392	PRB-20251127135208-F74E5F	PROFIT_COMMISSION	4443.20	Profit rebate L2 from 81123456789 - Sistem Surgena	COMPLETED	BALANCE	\N	2	\N	\N	2025-11-27 20:52:08.721148+07	\N	390	6	4
393	PRB-20251127135208-B3FC20	PROFIT_COMMISSION	2221.60	Profit rebate L3 from 81123456789 - Sistem Surgena	COMPLETED	BALANCE	\N	3	\N	\N	2025-11-27 20:52:08.785074+07	\N	390	6	3
394	AUTO-20251127135209-412A9C	INTEREST	74580.00	Automatic profit from Sistem Vitaris investment	COMPLETED	BALANCE	\N	\N	\N	\N	2025-11-27 20:52:09.023867+07	\N	\N	\N	6
395	PRB-20251127135209-59C0A4	PROFIT_COMMISSION	5220.60	Profit rebate L1 from 81123456789 - Sistem Vitaris	COMPLETED	BALANCE	\N	1	\N	\N	2025-11-27 20:52:09.090729+07	\N	394	6	5
396	PRB-20251127135209-50593A	PROFIT_COMMISSION	2983.20	Profit rebate L2 from 81123456789 - Sistem Vitaris	COMPLETED	BALANCE	\N	2	\N	\N	2025-11-27 20:52:09.175196+07	\N	394	6	4
397	PRB-20251127135209-9E1ED4	PROFIT_COMMISSION	1491.60	Profit rebate L3 from 81123456789 - Sistem Vitaris	COMPLETED	BALANCE	\N	3	\N	\N	2025-11-27 20:52:09.237781+07	\N	394	6	3
398	AUTO-20251127135209-5106CA	INTEREST	39520.00	Automatic profit from Sistem Hermis investment	COMPLETED	BALANCE	\N	\N	\N	\N	2025-11-27 20:52:09.471361+07	\N	\N	\N	6
399	PRB-20251127135209-D511D9	PROFIT_COMMISSION	2766.40	Profit rebate L1 from 81123456789 - Sistem Hermis	COMPLETED	BALANCE	\N	1	\N	\N	2025-11-27 20:52:09.545356+07	\N	398	6	5
400	PRB-20251127135209-57CF4A	PROFIT_COMMISSION	1580.80	Profit rebate L2 from 81123456789 - Sistem Hermis	COMPLETED	BALANCE	\N	2	\N	\N	2025-11-27 20:52:09.602099+07	\N	398	6	4
401	PRB-20251127135209-31E497	PROFIT_COMMISSION	790.40	Profit rebate L3 from 81123456789 - Sistem Hermis	COMPLETED	BALANCE	\N	3	\N	\N	2025-11-27 20:52:09.677125+07	\N	398	6	3
402	AUTO-20251127135209-39386C	INTEREST	22648.00	Automatic profit from Sistem Lyvion investment	COMPLETED	BALANCE	\N	\N	\N	\N	2025-11-27 20:52:09.917506+07	\N	\N	\N	6
403	PRB-20251127135209-2035D8	PROFIT_COMMISSION	1585.36	Profit rebate L1 from 81123456789 - Sistem Lyvion	COMPLETED	BALANCE	\N	1	\N	\N	2025-11-27 20:52:09.980503+07	\N	402	6	5
404	PRB-20251127135210-9529DB	PROFIT_COMMISSION	905.92	Profit rebate L2 from 81123456789 - Sistem Lyvion	COMPLETED	BALANCE	\N	2	\N	\N	2025-11-27 20:52:10.033943+07	\N	402	6	4
405	PRB-20251127135210-C9425E	PROFIT_COMMISSION	452.96	Profit rebate L3 from 81123456789 - Sistem Lyvion	COMPLETED	BALANCE	\N	3	\N	\N	2025-11-27 20:52:10.096302+07	\N	402	6	3
406	AUTO-20251127135210-190186	INTEREST	11995.20	Automatic profit from Sistem Omnisurg investment	COMPLETED	BALANCE	\N	\N	\N	\N	2025-11-27 20:52:10.346464+07	\N	\N	\N	6
407	PRB-20251127135210-471092	PROFIT_COMMISSION	839.66	Profit rebate L1 from 81123456789 - Sistem Omnisurg	COMPLETED	BALANCE	\N	1	\N	\N	2025-11-27 20:52:10.408679+07	\N	406	6	5
408	PRB-20251127135210-DF1071	PROFIT_COMMISSION	479.81	Profit rebate L2 from 81123456789 - Sistem Omnisurg	COMPLETED	BALANCE	\N	2	\N	\N	2025-11-27 20:52:10.471381+07	\N	406	6	4
409	PRB-20251127135210-FD6A1D	PROFIT_COMMISSION	239.90	Profit rebate L3 from 81123456789 - Sistem Omnisurg	COMPLETED	BALANCE	\N	3	\N	\N	2025-11-27 20:52:10.534266+07	\N	406	6	3
414	AUTO-20251127135211-67134F	INTEREST	111080.00	Automatic profit from Sistem Surgena investment	COMPLETED	BALANCE	\N	\N	\N	\N	2025-11-27 20:52:11.195735+07	\N	\N	\N	5
415	PRB-20251127135211-07A634	PROFIT_COMMISSION	7775.60	Profit rebate L1 from 80123456789 - Sistem Surgena	COMPLETED	BALANCE	\N	1	\N	\N	2025-11-27 20:52:11.258441+07	\N	414	5	4
416	PRB-20251127135211-F88328	PROFIT_COMMISSION	4443.20	Profit rebate L2 from 80123456789 - Sistem Surgena	COMPLETED	BALANCE	\N	2	\N	\N	2025-11-27 20:52:11.321724+07	\N	414	5	3
417	PRB-20251127135211-43A553	PROFIT_COMMISSION	2221.60	Profit rebate L3 from 80123456789 - Sistem Surgena	COMPLETED	BALANCE	\N	3	\N	\N	2025-11-27 20:52:11.385106+07	\N	414	5	2
418	AUTO-20251127135211-91DAB7	INTEREST	74580.00	Automatic profit from Sistem Vitaris investment	COMPLETED	BALANCE	\N	\N	\N	\N	2025-11-27 20:52:11.593262+07	\N	\N	\N	5
419	PRB-20251127135211-A4485A	PROFIT_COMMISSION	5220.60	Profit rebate L1 from 80123456789 - Sistem Vitaris	COMPLETED	BALANCE	\N	1	\N	\N	2025-11-27 20:52:11.656426+07	\N	418	5	4
420	PRB-20251127135211-FFC03A	PROFIT_COMMISSION	2983.20	Profit rebate L2 from 80123456789 - Sistem Vitaris	COMPLETED	BALANCE	\N	2	\N	\N	2025-11-27 20:52:11.71774+07	\N	418	5	3
421	PRB-20251127135211-6629C2	PROFIT_COMMISSION	1491.60	Profit rebate L3 from 80123456789 - Sistem Vitaris	COMPLETED	BALANCE	\N	3	\N	\N	2025-11-27 20:52:11.822046+07	\N	418	5	2
422	AUTO-20251127135212-5CB617	INTEREST	39520.00	Automatic profit from Sistem Hermis investment	COMPLETED	BALANCE	\N	\N	\N	\N	2025-11-27 20:52:12.029777+07	\N	\N	\N	5
423	PRB-20251127135212-78C60E	PROFIT_COMMISSION	2766.40	Profit rebate L1 from 80123456789 - Sistem Hermis	COMPLETED	BALANCE	\N	1	\N	\N	2025-11-27 20:52:12.091457+07	\N	422	5	4
424	PRB-20251127135212-494FE8	PROFIT_COMMISSION	1580.80	Profit rebate L2 from 80123456789 - Sistem Hermis	COMPLETED	BALANCE	\N	2	\N	\N	2025-11-27 20:52:12.155023+07	\N	422	5	3
425	PRB-20251127135212-71FF5F	PROFIT_COMMISSION	790.40	Profit rebate L3 from 80123456789 - Sistem Hermis	COMPLETED	BALANCE	\N	3	\N	\N	2025-11-27 20:52:12.217155+07	\N	422	5	2
426	AUTO-20251127135212-945140	INTEREST	22648.00	Automatic profit from Sistem Lyvion investment	COMPLETED	BALANCE	\N	\N	\N	\N	2025-11-27 20:52:12.428453+07	\N	\N	\N	5
427	PRB-20251127135212-428D2D	PROFIT_COMMISSION	1585.36	Profit rebate L1 from 80123456789 - Sistem Lyvion	COMPLETED	BALANCE	\N	1	\N	\N	2025-11-27 20:52:12.489386+07	\N	426	5	4
428	PRB-20251127135212-4C4BAF	PROFIT_COMMISSION	905.92	Profit rebate L2 from 80123456789 - Sistem Lyvion	COMPLETED	BALANCE	\N	2	\N	\N	2025-11-27 20:52:12.555511+07	\N	426	5	3
429	PRB-20251127135212-E93EAA	PROFIT_COMMISSION	452.96	Profit rebate L3 from 80123456789 - Sistem Lyvion	COMPLETED	BALANCE	\N	3	\N	\N	2025-11-27 20:52:12.617056+07	\N	426	5	2
430	AUTO-20251127135212-68584D	INTEREST	11995.20	Automatic profit from Sistem Omnisurg investment	COMPLETED	BALANCE	\N	\N	\N	\N	2025-11-27 20:52:12.829291+07	\N	\N	\N	5
431	PRB-20251127135212-F3F13C	PROFIT_COMMISSION	839.66	Profit rebate L1 from 80123456789 - Sistem Omnisurg	COMPLETED	BALANCE	\N	1	\N	\N	2025-11-27 20:52:12.8859+07	\N	430	5	4
432	PRB-20251127135212-5D9B66	PROFIT_COMMISSION	479.81	Profit rebate L2 from 80123456789 - Sistem Omnisurg	COMPLETED	BALANCE	\N	2	\N	\N	2025-11-27 20:52:12.954769+07	\N	430	5	3
433	PRB-20251127135213-83152E	PROFIT_COMMISSION	239.90	Profit rebate L3 from 80123456789 - Sistem Omnisurg	COMPLETED	BALANCE	\N	3	\N	\N	2025-11-27 20:52:13.002589+07	\N	430	5	2
441	AUTO-20251127135213-77B17A	INTEREST	11995.20	Automatic profit from Sistem Omnisurg investment	COMPLETED	BALANCE	\N	\N	\N	\N	2025-11-27 20:52:13.952275+07	\N	\N	\N	2
442	PRB-20251127135214-3D41B7	PROFIT_COMMISSION	839.66	Profit rebate L1 from 89595959595 - Sistem Omnisurg	COMPLETED	BALANCE	\N	1	\N	\N	2025-11-27 20:52:14.017837+07	\N	441	2	1
445	AUTO-20251128135054-B2B915	INTEREST	39520.00	Automatic profit from Sistem Hermis investment	COMPLETED	BALANCE	\N	\N	\N	\N	2025-11-28 20:50:54.833349+07	\N	\N	\N	2
446	PRB-20251128135055-012D0C	PROFIT_COMMISSION	2766.40	Profit rebate L1 from 89595959595 - Sistem Hermis	COMPLETED	BALANCE	\N	1	\N	\N	2025-11-28 20:50:55.055041+07	\N	445	2	1
447	AUTO-20251128135055-7347BA	INTEREST	22648.00	Automatic profit from Sistem Lyvion investment	COMPLETED	BALANCE	\N	\N	\N	\N	2025-11-28 20:50:55.341337+07	\N	\N	\N	2
448	PRB-20251128135055-E54614	PROFIT_COMMISSION	1585.36	Profit rebate L1 from 89595959595 - Sistem Lyvion	COMPLETED	BALANCE	\N	1	\N	\N	2025-11-28 20:50:55.429543+07	\N	447	2	1
449	AUTO-20251128135056-47C3A0	INTEREST	111080.00	Automatic profit from Sistem Surgena investment	COMPLETED	BALANCE	\N	\N	\N	\N	2025-11-28 20:50:56.041958+07	\N	\N	\N	4
450	PRB-20251128135056-B89CF8	PROFIT_COMMISSION	7775.60	Profit rebate L1 from 0800123456789 - Sistem Surgena	COMPLETED	BALANCE	\N	1	\N	\N	2025-11-28 20:50:56.134171+07	\N	449	4	3
451	PRB-20251128135057-770D23	PROFIT_COMMISSION	4443.20	Profit rebate L2 from 0800123456789 - Sistem Surgena	COMPLETED	BALANCE	\N	2	\N	\N	2025-11-28 20:50:57.416949+07	\N	449	4	2
452	PRB-20251128135058-273F36	PROFIT_COMMISSION	2221.60	Profit rebate L3 from 0800123456789 - Sistem Surgena	COMPLETED	BALANCE	\N	3	\N	\N	2025-11-28 20:50:58.106967+07	\N	449	4	1
453	AUTO-20251128135059-090923	INTEREST	74580.00	Automatic profit from Sistem Vitaris investment	COMPLETED	BALANCE	\N	\N	\N	\N	2025-11-28 20:50:59.366455+07	\N	\N	\N	4
454	PRB-20251128135059-58A948	PROFIT_COMMISSION	5220.60	Profit rebate L1 from 0800123456789 - Sistem Vitaris	COMPLETED	BALANCE	\N	1	\N	\N	2025-11-28 20:50:59.453606+07	\N	453	4	3
455	PRB-20251128135059-D15984	PROFIT_COMMISSION	2983.20	Profit rebate L2 from 0800123456789 - Sistem Vitaris	COMPLETED	BALANCE	\N	2	\N	\N	2025-11-28 20:50:59.545485+07	\N	453	4	2
456	PRB-20251128135059-96241F	PROFIT_COMMISSION	1491.60	Profit rebate L3 from 0800123456789 - Sistem Vitaris	COMPLETED	BALANCE	\N	3	\N	\N	2025-11-28 20:50:59.660202+07	\N	453	4	1
457	AUTO-20251128135100-100389	INTEREST	39520.00	Automatic profit from Sistem Hermis investment	COMPLETED	BALANCE	\N	\N	\N	\N	2025-11-28 20:51:00.196767+07	\N	\N	\N	4
458	PRB-20251128135100-D3DB67	PROFIT_COMMISSION	2766.40	Profit rebate L1 from 0800123456789 - Sistem Hermis	COMPLETED	BALANCE	\N	1	\N	\N	2025-11-28 20:51:00.284758+07	\N	457	4	3
459	PRB-20251128135100-83252F	PROFIT_COMMISSION	1580.80	Profit rebate L2 from 0800123456789 - Sistem Hermis	COMPLETED	BALANCE	\N	2	\N	\N	2025-11-28 20:51:00.369326+07	\N	457	4	2
460	PRB-20251128135100-2CAFD3	PROFIT_COMMISSION	790.40	Profit rebate L3 from 0800123456789 - Sistem Hermis	COMPLETED	BALANCE	\N	3	\N	\N	2025-11-28 20:51:00.483261+07	\N	457	4	1
461	AUTO-20251128135100-0EA5B4	INTEREST	22648.00	Automatic profit from Sistem Lyvion investment	COMPLETED	BALANCE	\N	\N	\N	\N	2025-11-28 20:51:00.781359+07	\N	\N	\N	4
462	PRB-20251128135101-34DF77	PROFIT_COMMISSION	1585.36	Profit rebate L1 from 0800123456789 - Sistem Lyvion	COMPLETED	BALANCE	\N	1	\N	\N	2025-11-28 20:51:01.111416+07	\N	461	4	3
463	PRB-20251128135101-9318AE	PROFIT_COMMISSION	905.92	Profit rebate L2 from 0800123456789 - Sistem Lyvion	COMPLETED	BALANCE	\N	2	\N	\N	2025-11-28 20:51:01.477003+07	\N	461	4	2
464	PRB-20251128135101-AFE2E8	PROFIT_COMMISSION	452.96	Profit rebate L3 from 0800123456789 - Sistem Lyvion	COMPLETED	BALANCE	\N	3	\N	\N	2025-11-28 20:51:01.595223+07	\N	461	4	1
465	AUTO-20251128135101-610AE2	INTEREST	11995.20	Automatic profit from Sistem Omnisurg investment	COMPLETED	BALANCE	\N	\N	\N	\N	2025-11-28 20:51:01.890402+07	\N	\N	\N	4
466	PRB-20251128135101-45C50D	PROFIT_COMMISSION	839.66	Profit rebate L1 from 0800123456789 - Sistem Omnisurg	COMPLETED	BALANCE	\N	1	\N	\N	2025-11-28 20:51:01.979429+07	\N	465	4	3
467	PRB-20251128135102-4CFE40	PROFIT_COMMISSION	479.81	Profit rebate L2 from 0800123456789 - Sistem Omnisurg	COMPLETED	BALANCE	\N	2	\N	\N	2025-11-28 20:51:02.064964+07	\N	465	4	2
468	PRB-20251128135102-AEBD48	PROFIT_COMMISSION	239.90	Profit rebate L3 from 0800123456789 - Sistem Omnisurg	COMPLETED	BALANCE	\N	3	\N	\N	2025-11-28 20:51:02.150041+07	\N	465	4	1
473	AUTO-20251128135103-18AB60	INTEREST	111080.00	Automatic profit from Sistem Surgena investment	COMPLETED	BALANCE	\N	\N	\N	\N	2025-11-28 20:51:03.468597+07	\N	\N	\N	7
474	PRB-20251128135103-58B051	PROFIT_COMMISSION	7775.60	Profit rebate L1 from 8223456789 - Sistem Surgena	COMPLETED	BALANCE	\N	1	\N	\N	2025-11-28 20:51:03.557021+07	\N	473	7	6
475	PRB-20251128135103-3A129A	PROFIT_COMMISSION	4443.20	Profit rebate L2 from 8223456789 - Sistem Surgena	COMPLETED	BALANCE	\N	2	\N	\N	2025-11-28 20:51:03.878146+07	\N	473	7	5
476	PRB-20251128135104-4EF486	PROFIT_COMMISSION	2221.60	Profit rebate L3 from 8223456789 - Sistem Surgena	COMPLETED	BALANCE	\N	3	\N	\N	2025-11-28 20:51:04.217198+07	\N	473	7	4
477	AUTO-20251128135104-39624D	INTEREST	74580.00	Automatic profit from Sistem Vitaris investment	COMPLETED	BALANCE	\N	\N	\N	\N	2025-11-28 20:51:04.964414+07	\N	\N	\N	7
478	PRB-20251128135105-D2FC11	PROFIT_COMMISSION	5220.60	Profit rebate L1 from 8223456789 - Sistem Vitaris	COMPLETED	BALANCE	\N	1	\N	\N	2025-11-28 20:51:05.054616+07	\N	477	7	6
479	PRB-20251128135105-A56B4C	PROFIT_COMMISSION	2983.20	Profit rebate L2 from 8223456789 - Sistem Vitaris	COMPLETED	BALANCE	\N	2	\N	\N	2025-11-28 20:51:05.144932+07	\N	477	7	5
480	PRB-20251128135105-DAD6B8	PROFIT_COMMISSION	1491.60	Profit rebate L3 from 8223456789 - Sistem Vitaris	COMPLETED	BALANCE	\N	3	\N	\N	2025-11-28 20:51:05.233335+07	\N	477	7	4
481	AUTO-20251128135105-09D2B6	INTEREST	39520.00	Automatic profit from Sistem Hermis investment	COMPLETED	BALANCE	\N	\N	\N	\N	2025-11-28 20:51:05.585802+07	\N	\N	\N	7
482	PRB-20251128135106-7FA1E8	PROFIT_COMMISSION	2766.40	Profit rebate L1 from 8223456789 - Sistem Hermis	COMPLETED	BALANCE	\N	1	\N	\N	2025-11-28 20:51:06.176955+07	\N	481	7	6
483	PRB-20251128135106-A68EC0	PROFIT_COMMISSION	1580.80	Profit rebate L2 from 8223456789 - Sistem Hermis	COMPLETED	BALANCE	\N	2	\N	\N	2025-11-28 20:51:06.267188+07	\N	481	7	5
484	PRB-20251128135106-870014	PROFIT_COMMISSION	790.40	Profit rebate L3 from 8223456789 - Sistem Hermis	COMPLETED	BALANCE	\N	3	\N	\N	2025-11-28 20:51:06.355473+07	\N	481	7	4
485	AUTO-20251128135107-0CF7EA	INTEREST	22648.00	Automatic profit from Sistem Lyvion investment	COMPLETED	BALANCE	\N	\N	\N	\N	2025-11-28 20:51:07.28774+07	\N	\N	\N	7
486	PRB-20251128135107-954A23	PROFIT_COMMISSION	1585.36	Profit rebate L1 from 8223456789 - Sistem Lyvion	COMPLETED	BALANCE	\N	1	\N	\N	2025-11-28 20:51:07.375024+07	\N	485	7	6
487	PRB-20251128135107-1C8FD2	PROFIT_COMMISSION	905.92	Profit rebate L2 from 8223456789 - Sistem Lyvion	COMPLETED	BALANCE	\N	2	\N	\N	2025-11-28 20:51:07.463957+07	\N	485	7	5
488	PRB-20251128135107-C97D5A	PROFIT_COMMISSION	452.96	Profit rebate L3 from 8223456789 - Sistem Lyvion	COMPLETED	BALANCE	\N	3	\N	\N	2025-11-28 20:51:07.796922+07	\N	485	7	4
489	AUTO-20251128135108-247D5F	INTEREST	11995.20	Automatic profit from Sistem Omnisurg investment	COMPLETED	BALANCE	\N	\N	\N	\N	2025-11-28 20:51:08.480745+07	\N	\N	\N	7
490	PRB-20251128135108-080834	PROFIT_COMMISSION	839.66	Profit rebate L1 from 8223456789 - Sistem Omnisurg	COMPLETED	BALANCE	\N	1	\N	\N	2025-11-28 20:51:08.567177+07	\N	489	7	6
491	PRB-20251128135108-1011F2	PROFIT_COMMISSION	479.81	Profit rebate L2 from 8223456789 - Sistem Omnisurg	COMPLETED	BALANCE	\N	2	\N	\N	2025-11-28 20:51:08.915324+07	\N	489	7	5
492	PRB-20251128135109-03E2A0	PROFIT_COMMISSION	239.90	Profit rebate L3 from 8223456789 - Sistem Omnisurg	COMPLETED	BALANCE	\N	3	\N	\N	2025-11-28 20:51:09.005533+07	\N	489	7	4
497	AUTO-20251128135610-574F55	INTEREST	111080.00	Automatic profit from Sistem Surgena investment	COMPLETED	BALANCE	\N	\N	\N	\N	2025-11-28 20:56:10.583552+07	\N	\N	\N	6
498	PRB-20251128135610-7C3D59	PROFIT_COMMISSION	7775.60	Profit rebate L1 from 81123456789 - Sistem Surgena	COMPLETED	BALANCE	\N	1	\N	\N	2025-11-28 20:56:10.645198+07	\N	497	6	5
499	PRB-20251128135610-E5B9CF	PROFIT_COMMISSION	4443.20	Profit rebate L2 from 81123456789 - Sistem Surgena	COMPLETED	BALANCE	\N	2	\N	\N	2025-11-28 20:56:10.709946+07	\N	497	6	4
500	PRB-20251128135610-42DB32	PROFIT_COMMISSION	2221.60	Profit rebate L3 from 81123456789 - Sistem Surgena	COMPLETED	BALANCE	\N	3	\N	\N	2025-11-28 20:56:10.770126+07	\N	497	6	3
501	AUTO-20251128135610-BE001A	INTEREST	74580.00	Automatic profit from Sistem Vitaris investment	COMPLETED	BALANCE	\N	\N	\N	\N	2025-11-28 20:56:10.990237+07	\N	\N	\N	6
502	PRB-20251128135611-E198C7	PROFIT_COMMISSION	5220.60	Profit rebate L1 from 81123456789 - Sistem Vitaris	COMPLETED	BALANCE	\N	1	\N	\N	2025-11-28 20:56:11.079655+07	\N	501	6	5
503	PRB-20251128135611-057DFB	PROFIT_COMMISSION	2983.20	Profit rebate L2 from 81123456789 - Sistem Vitaris	COMPLETED	BALANCE	\N	2	\N	\N	2025-11-28 20:56:11.139459+07	\N	501	6	4
504	PRB-20251128135611-E9F1AD	PROFIT_COMMISSION	1491.60	Profit rebate L3 from 81123456789 - Sistem Vitaris	COMPLETED	BALANCE	\N	3	\N	\N	2025-11-28 20:56:11.200516+07	\N	501	6	3
505	AUTO-20251128135611-F282C6	INTEREST	39520.00	Automatic profit from Sistem Hermis investment	COMPLETED	BALANCE	\N	\N	\N	\N	2025-11-28 20:56:11.425087+07	\N	\N	\N	6
506	PRB-20251128135611-69EEB0	PROFIT_COMMISSION	2766.40	Profit rebate L1 from 81123456789 - Sistem Hermis	COMPLETED	BALANCE	\N	1	\N	\N	2025-11-28 20:56:11.489892+07	\N	505	6	5
507	PRB-20251128135611-484078	PROFIT_COMMISSION	1580.80	Profit rebate L2 from 81123456789 - Sistem Hermis	COMPLETED	BALANCE	\N	2	\N	\N	2025-11-28 20:56:11.548742+07	\N	505	6	4
508	PRB-20251128135611-689E37	PROFIT_COMMISSION	790.40	Profit rebate L3 from 81123456789 - Sistem Hermis	COMPLETED	BALANCE	\N	3	\N	\N	2025-11-28 20:56:11.673418+07	\N	505	6	3
509	AUTO-20251128135611-14DEA2	INTEREST	22648.00	Automatic profit from Sistem Lyvion investment	COMPLETED	BALANCE	\N	\N	\N	\N	2025-11-28 20:56:11.893311+07	\N	\N	\N	6
510	PRB-20251128135611-7C3882	PROFIT_COMMISSION	1585.36	Profit rebate L1 from 81123456789 - Sistem Lyvion	COMPLETED	BALANCE	\N	1	\N	\N	2025-11-28 20:56:11.954144+07	\N	509	6	5
511	PRB-20251128135612-24AC04	PROFIT_COMMISSION	905.92	Profit rebate L2 from 81123456789 - Sistem Lyvion	COMPLETED	BALANCE	\N	2	\N	\N	2025-11-28 20:56:12.014163+07	\N	509	6	4
512	PRB-20251128135612-CB2831	PROFIT_COMMISSION	452.96	Profit rebate L3 from 81123456789 - Sistem Lyvion	COMPLETED	BALANCE	\N	3	\N	\N	2025-11-28 20:56:12.075315+07	\N	509	6	3
513	AUTO-20251128135612-79DC19	INTEREST	11995.20	Automatic profit from Sistem Omnisurg investment	COMPLETED	BALANCE	\N	\N	\N	\N	2025-11-28 20:56:12.302233+07	\N	\N	\N	6
514	PRB-20251128135612-164D70	PROFIT_COMMISSION	839.66	Profit rebate L1 from 81123456789 - Sistem Omnisurg	COMPLETED	BALANCE	\N	1	\N	\N	2025-11-28 20:56:12.375993+07	\N	513	6	5
515	PRB-20251128135612-9A9263	PROFIT_COMMISSION	479.81	Profit rebate L2 from 81123456789 - Sistem Omnisurg	COMPLETED	BALANCE	\N	2	\N	\N	2025-11-28 20:56:12.450995+07	\N	513	6	4
516	PRB-20251128135612-F4A92F	PROFIT_COMMISSION	239.90	Profit rebate L3 from 81123456789 - Sistem Omnisurg	COMPLETED	BALANCE	\N	3	\N	\N	2025-11-28 20:56:12.520293+07	\N	513	6	3
521	AUTO-20251128135613-951B62	INTEREST	111080.00	Automatic profit from Sistem Surgena investment	COMPLETED	BALANCE	\N	\N	\N	\N	2025-11-28 20:56:13.187286+07	\N	\N	\N	5
522	PRB-20251128135613-A73D0F	PROFIT_COMMISSION	7775.60	Profit rebate L1 from 80123456789 - Sistem Surgena	COMPLETED	BALANCE	\N	1	\N	\N	2025-11-28 20:56:13.247158+07	\N	521	5	4
523	PRB-20251128135613-C98859	PROFIT_COMMISSION	4443.20	Profit rebate L2 from 80123456789 - Sistem Surgena	COMPLETED	BALANCE	\N	2	\N	\N	2025-11-28 20:56:13.306837+07	\N	521	5	3
524	PRB-20251128135613-56E9FA	PROFIT_COMMISSION	2221.60	Profit rebate L3 from 80123456789 - Sistem Surgena	COMPLETED	BALANCE	\N	3	\N	\N	2025-11-28 20:56:13.366453+07	\N	521	5	2
525	AUTO-20251128135613-C62C09	INTEREST	74580.00	Automatic profit from Sistem Vitaris investment	COMPLETED	BALANCE	\N	\N	\N	\N	2025-11-28 20:56:13.569614+07	\N	\N	\N	5
526	PRB-20251128135613-6CD37B	PROFIT_COMMISSION	5220.60	Profit rebate L1 from 80123456789 - Sistem Vitaris	COMPLETED	BALANCE	\N	1	\N	\N	2025-11-28 20:56:13.633288+07	\N	525	5	4
527	PRB-20251128135613-803185	PROFIT_COMMISSION	2983.20	Profit rebate L2 from 80123456789 - Sistem Vitaris	COMPLETED	BALANCE	\N	2	\N	\N	2025-11-28 20:56:13.695345+07	\N	525	5	3
528	PRB-20251128135613-A82FFB	PROFIT_COMMISSION	1491.60	Profit rebate L3 from 80123456789 - Sistem Vitaris	COMPLETED	BALANCE	\N	3	\N	\N	2025-11-28 20:56:13.756316+07	\N	525	5	2
529	AUTO-20251128135613-349614	INTEREST	39520.00	Automatic profit from Sistem Hermis investment	COMPLETED	BALANCE	\N	\N	\N	\N	2025-11-28 20:56:13.959786+07	\N	\N	\N	5
530	PRB-20251128135614-5EC6F9	PROFIT_COMMISSION	2766.40	Profit rebate L1 from 80123456789 - Sistem Hermis	COMPLETED	BALANCE	\N	1	\N	\N	2025-11-28 20:56:14.018141+07	\N	529	5	4
531	PRB-20251128135614-DE75FA	PROFIT_COMMISSION	1580.80	Profit rebate L2 from 80123456789 - Sistem Hermis	COMPLETED	BALANCE	\N	2	\N	\N	2025-11-28 20:56:14.083885+07	\N	529	5	3
532	PRB-20251128135614-F7512B	PROFIT_COMMISSION	790.40	Profit rebate L3 from 80123456789 - Sistem Hermis	COMPLETED	BALANCE	\N	3	\N	\N	2025-11-28 20:56:14.144019+07	\N	529	5	2
533	AUTO-20251128135614-F7DB56	INTEREST	22648.00	Automatic profit from Sistem Lyvion investment	COMPLETED	BALANCE	\N	\N	\N	\N	2025-11-28 20:56:14.348227+07	\N	\N	\N	5
534	PRB-20251128135614-BEC12B	PROFIT_COMMISSION	1585.36	Profit rebate L1 from 80123456789 - Sistem Lyvion	COMPLETED	BALANCE	\N	1	\N	\N	2025-11-28 20:56:14.408052+07	\N	533	5	4
535	PRB-20251128135614-97FD7E	PROFIT_COMMISSION	905.92	Profit rebate L2 from 80123456789 - Sistem Lyvion	COMPLETED	BALANCE	\N	2	\N	\N	2025-11-28 20:56:14.476486+07	\N	533	5	3
536	PRB-20251128135614-E045E0	PROFIT_COMMISSION	452.96	Profit rebate L3 from 80123456789 - Sistem Lyvion	COMPLETED	BALANCE	\N	3	\N	\N	2025-11-28 20:56:14.538965+07	\N	533	5	2
537	AUTO-20251128135614-14AEAD	INTEREST	11995.20	Automatic profit from Sistem Omnisurg investment	COMPLETED	BALANCE	\N	\N	\N	\N	2025-11-28 20:56:14.797967+07	\N	\N	\N	5
538	PRB-20251128135614-07844F	PROFIT_COMMISSION	839.66	Profit rebate L1 from 80123456789 - Sistem Omnisurg	COMPLETED	BALANCE	\N	1	\N	\N	2025-11-28 20:56:14.862609+07	\N	537	5	4
539	PRB-20251128135614-D3B195	PROFIT_COMMISSION	479.81	Profit rebate L2 from 80123456789 - Sistem Omnisurg	COMPLETED	BALANCE	\N	2	\N	\N	2025-11-28 20:56:14.922214+07	\N	537	5	3
540	PRB-20251128135614-C80F98	PROFIT_COMMISSION	239.90	Profit rebate L3 from 80123456789 - Sistem Omnisurg	COMPLETED	BALANCE	\N	3	\N	\N	2025-11-28 20:56:14.983699+07	\N	537	5	2
548	AUTO-20251128135615-A287A6	INTEREST	11995.20	Automatic profit from Sistem Omnisurg investment	COMPLETED	BALANCE	\N	\N	\N	\N	2025-11-28 20:56:15.922531+07	\N	\N	\N	2
549	PRB-20251128135615-3B8F6D	PROFIT_COMMISSION	839.66	Profit rebate L1 from 89595959595 - Sistem Omnisurg	COMPLETED	BALANCE	\N	1	\N	\N	2025-11-28 20:56:15.986349+07	\N	548	2	1
553	AUTO-20251129135223-35D472	INTEREST	39520.00	Automatic profit from Sistem Hermis investment	COMPLETED	BALANCE	\N	\N	\N	\N	2025-11-29 20:52:23.008659+07	\N	\N	\N	2
554	PRB-20251129135223-2CEBD5	PROFIT_COMMISSION	2766.40	Profit rebate L1 from 89595959595 - Sistem Hermis	COMPLETED	BALANCE	\N	1	\N	\N	2025-11-29 20:52:23.08227+07	\N	553	2	1
555	AUTO-20251129135223-5325CD	INTEREST	22648.00	Automatic profit from Sistem Lyvion investment	COMPLETED	BALANCE	\N	\N	\N	\N	2025-11-29 20:52:23.372843+07	\N	\N	\N	2
556	PRB-20251129135223-448426	PROFIT_COMMISSION	1585.36	Profit rebate L1 from 89595959595 - Sistem Lyvion	COMPLETED	BALANCE	\N	1	\N	\N	2025-11-29 20:52:23.442012+07	\N	555	2	1
557	AUTO-20251129135223-95D7B6	INTEREST	111080.00	Automatic profit from Sistem Surgena investment	COMPLETED	BALANCE	\N	\N	\N	\N	2025-11-29 20:52:23.652605+07	\N	\N	\N	4
558	PRB-20251129135223-6B8E0F	PROFIT_COMMISSION	7775.60	Profit rebate L1 from 0800123456789 - Sistem Surgena	COMPLETED	BALANCE	\N	1	\N	\N	2025-11-29 20:52:23.725084+07	\N	557	4	3
559	PRB-20251129135223-F130AA	PROFIT_COMMISSION	4443.20	Profit rebate L2 from 0800123456789 - Sistem Surgena	COMPLETED	BALANCE	\N	2	\N	\N	2025-11-29 20:52:23.831233+07	\N	557	4	2
560	PRB-20251129135223-819BC1	PROFIT_COMMISSION	2221.60	Profit rebate L3 from 0800123456789 - Sistem Surgena	COMPLETED	BALANCE	\N	3	\N	\N	2025-11-29 20:52:23.926569+07	\N	557	4	1
561	AUTO-20251129135224-3E24F1	INTEREST	74580.00	Automatic profit from Sistem Vitaris investment	COMPLETED	BALANCE	\N	\N	\N	\N	2025-11-29 20:52:24.252154+07	\N	\N	\N	4
562	PRB-20251129135224-97FA4C	PROFIT_COMMISSION	5220.60	Profit rebate L1 from 0800123456789 - Sistem Vitaris	COMPLETED	BALANCE	\N	1	\N	\N	2025-11-29 20:52:24.360803+07	\N	561	4	3
563	PRB-20251129135224-D75261	PROFIT_COMMISSION	2983.20	Profit rebate L2 from 0800123456789 - Sistem Vitaris	COMPLETED	BALANCE	\N	2	\N	\N	2025-11-29 20:52:24.463145+07	\N	561	4	2
564	PRB-20251129135224-836CAB	PROFIT_COMMISSION	1491.60	Profit rebate L3 from 0800123456789 - Sistem Vitaris	COMPLETED	BALANCE	\N	3	\N	\N	2025-11-29 20:52:24.545664+07	\N	561	4	1
565	AUTO-20251129135224-F43FDE	INTEREST	39520.00	Automatic profit from Sistem Hermis investment	COMPLETED	BALANCE	\N	\N	\N	\N	2025-11-29 20:52:24.829194+07	\N	\N	\N	4
566	PRB-20251129135224-8EF7D6	PROFIT_COMMISSION	2766.40	Profit rebate L1 from 0800123456789 - Sistem Hermis	COMPLETED	BALANCE	\N	1	\N	\N	2025-11-29 20:52:24.966577+07	\N	565	4	3
567	PRB-20251129135225-3BEA5A	PROFIT_COMMISSION	1580.80	Profit rebate L2 from 0800123456789 - Sistem Hermis	COMPLETED	BALANCE	\N	2	\N	\N	2025-11-29 20:52:25.092083+07	\N	565	4	2
568	PRB-20251129135225-969120	PROFIT_COMMISSION	790.40	Profit rebate L3 from 0800123456789 - Sistem Hermis	COMPLETED	BALANCE	\N	3	\N	\N	2025-11-29 20:52:25.211111+07	\N	565	4	1
569	AUTO-20251129135225-1AB4F3	INTEREST	22648.00	Automatic profit from Sistem Lyvion investment	COMPLETED	BALANCE	\N	\N	\N	\N	2025-11-29 20:52:25.548337+07	\N	\N	\N	4
570	PRB-20251129135225-EA9B50	PROFIT_COMMISSION	1585.36	Profit rebate L1 from 0800123456789 - Sistem Lyvion	COMPLETED	BALANCE	\N	1	\N	\N	2025-11-29 20:52:25.621324+07	\N	569	4	3
571	PRB-20251129135225-77B347	PROFIT_COMMISSION	905.92	Profit rebate L2 from 0800123456789 - Sistem Lyvion	COMPLETED	BALANCE	\N	2	\N	\N	2025-11-29 20:52:25.699676+07	\N	569	4	2
572	PRB-20251129135225-9F17E9	PROFIT_COMMISSION	452.96	Profit rebate L3 from 0800123456789 - Sistem Lyvion	COMPLETED	BALANCE	\N	3	\N	\N	2025-11-29 20:52:25.778262+07	\N	569	4	1
573	AUTO-20251129135226-D65A6F	INTEREST	11995.20	Automatic profit from Sistem Omnisurg investment	COMPLETED	BALANCE	\N	\N	\N	\N	2025-11-29 20:52:26.019288+07	\N	\N	\N	4
574	PRB-20251129135226-41C85B	PROFIT_COMMISSION	839.66	Profit rebate L1 from 0800123456789 - Sistem Omnisurg	COMPLETED	BALANCE	\N	1	\N	\N	2025-11-29 20:52:26.093184+07	\N	573	4	3
575	PRB-20251129135226-6BA870	PROFIT_COMMISSION	479.81	Profit rebate L2 from 0800123456789 - Sistem Omnisurg	COMPLETED	BALANCE	\N	2	\N	\N	2025-11-29 20:52:26.175592+07	\N	573	4	2
576	PRB-20251129135226-1A5871	PROFIT_COMMISSION	239.90	Profit rebate L3 from 0800123456789 - Sistem Omnisurg	COMPLETED	BALANCE	\N	3	\N	\N	2025-11-29 20:52:26.254874+07	\N	573	4	1
581	AUTO-20251129135226-E4AB51	INTEREST	111080.00	Automatic profit from Sistem Surgena investment	COMPLETED	BALANCE	\N	\N	\N	\N	2025-11-29 20:52:26.962067+07	\N	\N	\N	7
582	PRB-20251129135227-B47B2A	PROFIT_COMMISSION	7775.60	Profit rebate L1 from 8223456789 - Sistem Surgena	COMPLETED	BALANCE	\N	1	\N	\N	2025-11-29 20:52:27.043034+07	\N	581	7	6
583	PRB-20251129135227-9BC714	PROFIT_COMMISSION	4443.20	Profit rebate L2 from 8223456789 - Sistem Surgena	COMPLETED	BALANCE	\N	2	\N	\N	2025-11-29 20:52:27.140826+07	\N	581	7	5
584	PRB-20251129135227-D637D4	PROFIT_COMMISSION	2221.60	Profit rebate L3 from 8223456789 - Sistem Surgena	COMPLETED	BALANCE	\N	3	\N	\N	2025-11-29 20:52:27.209256+07	\N	581	7	4
585	AUTO-20251129135227-B9303F	INTEREST	74580.00	Automatic profit from Sistem Vitaris investment	COMPLETED	BALANCE	\N	\N	\N	\N	2025-11-29 20:52:27.542783+07	\N	\N	\N	7
586	PRB-20251129135227-99BCF2	PROFIT_COMMISSION	5220.60	Profit rebate L1 from 8223456789 - Sistem Vitaris	COMPLETED	BALANCE	\N	1	\N	\N	2025-11-29 20:52:27.620225+07	\N	585	7	6
587	PRB-20251129135227-423570	PROFIT_COMMISSION	2983.20	Profit rebate L2 from 8223456789 - Sistem Vitaris	COMPLETED	BALANCE	\N	2	\N	\N	2025-11-29 20:52:27.692078+07	\N	585	7	5
588	PRB-20251129135227-E5883D	PROFIT_COMMISSION	1491.60	Profit rebate L3 from 8223456789 - Sistem Vitaris	COMPLETED	BALANCE	\N	3	\N	\N	2025-11-29 20:52:27.757238+07	\N	585	7	4
589	AUTO-20251129135228-049DD7	INTEREST	39520.00	Automatic profit from Sistem Hermis investment	COMPLETED	BALANCE	\N	\N	\N	\N	2025-11-29 20:52:28.058102+07	\N	\N	\N	7
590	PRB-20251129135228-C6051F	PROFIT_COMMISSION	2766.40	Profit rebate L1 from 8223456789 - Sistem Hermis	COMPLETED	BALANCE	\N	1	\N	\N	2025-11-29 20:52:28.135268+07	\N	589	7	6
591	PRB-20251129135228-BAB756	PROFIT_COMMISSION	1580.80	Profit rebate L2 from 8223456789 - Sistem Hermis	COMPLETED	BALANCE	\N	2	\N	\N	2025-11-29 20:52:28.206655+07	\N	589	7	5
592	PRB-20251129135228-9B3E04	PROFIT_COMMISSION	790.40	Profit rebate L3 from 8223456789 - Sistem Hermis	COMPLETED	BALANCE	\N	3	\N	\N	2025-11-29 20:52:28.29063+07	\N	589	7	4
593	AUTO-20251129135228-85A173	INTEREST	22648.00	Automatic profit from Sistem Lyvion investment	COMPLETED	BALANCE	\N	\N	\N	\N	2025-11-29 20:52:28.572307+07	\N	\N	\N	7
594	PRB-20251129135228-9C5BFA	PROFIT_COMMISSION	1585.36	Profit rebate L1 from 8223456789 - Sistem Lyvion	COMPLETED	BALANCE	\N	1	\N	\N	2025-11-29 20:52:28.638645+07	\N	593	7	6
595	PRB-20251129135228-70082E	PROFIT_COMMISSION	905.92	Profit rebate L2 from 8223456789 - Sistem Lyvion	COMPLETED	BALANCE	\N	2	\N	\N	2025-11-29 20:52:28.710774+07	\N	593	7	5
596	PRB-20251129135228-5D6095	PROFIT_COMMISSION	452.96	Profit rebate L3 from 8223456789 - Sistem Lyvion	COMPLETED	BALANCE	\N	3	\N	\N	2025-11-29 20:52:28.79452+07	\N	593	7	4
597	AUTO-20251129135229-53FBFE	INTEREST	11995.20	Automatic profit from Sistem Omnisurg investment	COMPLETED	BALANCE	\N	\N	\N	\N	2025-11-29 20:52:29.086786+07	\N	\N	\N	7
598	PRB-20251129135229-586084	PROFIT_COMMISSION	839.66	Profit rebate L1 from 8223456789 - Sistem Omnisurg	COMPLETED	BALANCE	\N	1	\N	\N	2025-11-29 20:52:29.16172+07	\N	597	7	6
599	PRB-20251129135229-250A44	PROFIT_COMMISSION	479.81	Profit rebate L2 from 8223456789 - Sistem Omnisurg	COMPLETED	BALANCE	\N	2	\N	\N	2025-11-29 20:52:29.248399+07	\N	597	7	5
600	PRB-20251129135229-055821	PROFIT_COMMISSION	239.90	Profit rebate L3 from 8223456789 - Sistem Omnisurg	COMPLETED	BALANCE	\N	3	\N	\N	2025-11-29 20:52:29.336478+07	\N	597	7	4
605	AUTO-20251129135730-9FB528	INTEREST	111080.00	Automatic profit from Sistem Surgena investment	COMPLETED	BALANCE	\N	\N	\N	\N	2025-11-29 20:57:30.457856+07	\N	\N	\N	6
606	PRB-20251129135730-5AD518	PROFIT_COMMISSION	7775.60	Profit rebate L1 from 81123456789 - Sistem Surgena	COMPLETED	BALANCE	\N	1	\N	\N	2025-11-29 20:57:30.524173+07	\N	605	6	5
607	PRB-20251129135730-ED0C34	PROFIT_COMMISSION	4443.20	Profit rebate L2 from 81123456789 - Sistem Surgena	COMPLETED	BALANCE	\N	2	\N	\N	2025-11-29 20:57:30.601224+07	\N	605	6	4
608	PRB-20251129135730-85A461	PROFIT_COMMISSION	2221.60	Profit rebate L3 from 81123456789 - Sistem Surgena	COMPLETED	BALANCE	\N	3	\N	\N	2025-11-29 20:57:30.678751+07	\N	605	6	3
609	AUTO-20251129135730-F93F4B	INTEREST	74580.00	Automatic profit from Sistem Vitaris investment	COMPLETED	BALANCE	\N	\N	\N	\N	2025-11-29 20:57:30.951895+07	\N	\N	\N	6
610	PRB-20251129135731-0E666C	PROFIT_COMMISSION	5220.60	Profit rebate L1 from 81123456789 - Sistem Vitaris	COMPLETED	BALANCE	\N	1	\N	\N	2025-11-29 20:57:31.016305+07	\N	609	6	5
611	PRB-20251129135731-CCB4AA	PROFIT_COMMISSION	2983.20	Profit rebate L2 from 81123456789 - Sistem Vitaris	COMPLETED	BALANCE	\N	2	\N	\N	2025-11-29 20:57:31.325939+07	\N	609	6	4
612	PRB-20251129135731-7B2CF2	PROFIT_COMMISSION	1491.60	Profit rebate L3 from 81123456789 - Sistem Vitaris	COMPLETED	BALANCE	\N	3	\N	\N	2025-11-29 20:57:31.389394+07	\N	609	6	3
613	AUTO-20251129135731-4F1CCE	INTEREST	39520.00	Automatic profit from Sistem Hermis investment	COMPLETED	BALANCE	\N	\N	\N	\N	2025-11-29 20:57:31.622805+07	\N	\N	\N	6
614	PRB-20251129135731-4B771F	PROFIT_COMMISSION	2766.40	Profit rebate L1 from 81123456789 - Sistem Hermis	COMPLETED	BALANCE	\N	1	\N	\N	2025-11-29 20:57:31.686084+07	\N	613	6	5
615	PRB-20251129135731-2ECCAB	PROFIT_COMMISSION	1580.80	Profit rebate L2 from 81123456789 - Sistem Hermis	COMPLETED	BALANCE	\N	2	\N	\N	2025-11-29 20:57:31.748142+07	\N	613	6	4
616	PRB-20251129135731-98E01A	PROFIT_COMMISSION	790.40	Profit rebate L3 from 81123456789 - Sistem Hermis	COMPLETED	BALANCE	\N	3	\N	\N	2025-11-29 20:57:31.810174+07	\N	613	6	3
617	AUTO-20251129135732-38638F	INTEREST	22648.00	Automatic profit from Sistem Lyvion investment	COMPLETED	BALANCE	\N	\N	\N	\N	2025-11-29 20:57:32.038963+07	\N	\N	\N	6
618	PRB-20251129135732-990D3E	PROFIT_COMMISSION	1585.36	Profit rebate L1 from 81123456789 - Sistem Lyvion	COMPLETED	BALANCE	\N	1	\N	\N	2025-11-29 20:57:32.099933+07	\N	617	6	5
619	PRB-20251129135732-064193	PROFIT_COMMISSION	905.92	Profit rebate L2 from 81123456789 - Sistem Lyvion	COMPLETED	BALANCE	\N	2	\N	\N	2025-11-29 20:57:32.162069+07	\N	617	6	4
620	PRB-20251129135732-0885C7	PROFIT_COMMISSION	452.96	Profit rebate L3 from 81123456789 - Sistem Lyvion	COMPLETED	BALANCE	\N	3	\N	\N	2025-11-29 20:57:32.224976+07	\N	617	6	3
621	AUTO-20251129135732-699453	INTEREST	11995.20	Automatic profit from Sistem Omnisurg investment	COMPLETED	BALANCE	\N	\N	\N	\N	2025-11-29 20:57:32.455472+07	\N	\N	\N	6
622	PRB-20251129135732-7A724A	PROFIT_COMMISSION	839.66	Profit rebate L1 from 81123456789 - Sistem Omnisurg	COMPLETED	BALANCE	\N	1	\N	\N	2025-11-29 20:57:32.518865+07	\N	621	6	5
623	PRB-20251129135732-3E2A9A	PROFIT_COMMISSION	479.81	Profit rebate L2 from 81123456789 - Sistem Omnisurg	COMPLETED	BALANCE	\N	2	\N	\N	2025-11-29 20:57:32.587647+07	\N	621	6	4
624	PRB-20251129135732-D2C0D3	PROFIT_COMMISSION	239.90	Profit rebate L3 from 81123456789 - Sistem Omnisurg	COMPLETED	BALANCE	\N	3	\N	\N	2025-11-29 20:57:32.658949+07	\N	621	6	3
629	AUTO-20251129135733-FF970C	INTEREST	111080.00	Automatic profit from Sistem Surgena investment	COMPLETED	BALANCE	\N	\N	\N	\N	2025-11-29 20:57:33.311701+07	\N	\N	\N	5
630	PRB-20251129135733-9DB6A3	PROFIT_COMMISSION	7775.60	Profit rebate L1 from 80123456789 - Sistem Surgena	COMPLETED	BALANCE	\N	1	\N	\N	2025-11-29 20:57:33.37843+07	\N	629	5	4
631	PRB-20251129135733-D4AD4B	PROFIT_COMMISSION	4443.20	Profit rebate L2 from 80123456789 - Sistem Surgena	COMPLETED	BALANCE	\N	2	\N	\N	2025-11-29 20:57:33.443122+07	\N	629	5	3
632	PRB-20251129135733-903CA0	PROFIT_COMMISSION	2221.60	Profit rebate L3 from 80123456789 - Sistem Surgena	COMPLETED	BALANCE	\N	3	\N	\N	2025-11-29 20:57:33.504578+07	\N	629	5	2
633	AUTO-20251129135733-5578D7	INTEREST	74580.00	Automatic profit from Sistem Vitaris investment	COMPLETED	BALANCE	\N	\N	\N	\N	2025-11-29 20:57:33.728549+07	\N	\N	\N	5
634	PRB-20251129135733-8450F5	PROFIT_COMMISSION	5220.60	Profit rebate L1 from 80123456789 - Sistem Vitaris	COMPLETED	BALANCE	\N	1	\N	\N	2025-11-29 20:57:33.792076+07	\N	633	5	4
635	PRB-20251129135733-7541CA	PROFIT_COMMISSION	2983.20	Profit rebate L2 from 80123456789 - Sistem Vitaris	COMPLETED	BALANCE	\N	2	\N	\N	2025-11-29 20:57:33.856307+07	\N	633	5	3
636	PRB-20251129135733-94A84E	PROFIT_COMMISSION	1491.60	Profit rebate L3 from 80123456789 - Sistem Vitaris	COMPLETED	BALANCE	\N	3	\N	\N	2025-11-29 20:57:33.919141+07	\N	633	5	2
637	AUTO-20251129135734-3E16F9	INTEREST	39520.00	Automatic profit from Sistem Hermis investment	COMPLETED	BALANCE	\N	\N	\N	\N	2025-11-29 20:57:34.131401+07	\N	\N	\N	5
638	PRB-20251129135734-AF1ED9	PROFIT_COMMISSION	2766.40	Profit rebate L1 from 80123456789 - Sistem Hermis	COMPLETED	BALANCE	\N	1	\N	\N	2025-11-29 20:57:34.194292+07	\N	637	5	4
639	PRB-20251129135734-1B4078	PROFIT_COMMISSION	1580.80	Profit rebate L2 from 80123456789 - Sistem Hermis	COMPLETED	BALANCE	\N	2	\N	\N	2025-11-29 20:57:34.258894+07	\N	637	5	3
640	PRB-20251129135734-701FB5	PROFIT_COMMISSION	790.40	Profit rebate L3 from 80123456789 - Sistem Hermis	COMPLETED	BALANCE	\N	3	\N	\N	2025-11-29 20:57:34.323988+07	\N	637	5	2
641	AUTO-20251129135734-E02169	INTEREST	22648.00	Automatic profit from Sistem Lyvion investment	COMPLETED	BALANCE	\N	\N	\N	\N	2025-11-29 20:57:34.564609+07	\N	\N	\N	5
642	PRB-20251129135734-6F4BFB	PROFIT_COMMISSION	1585.36	Profit rebate L1 from 80123456789 - Sistem Lyvion	COMPLETED	BALANCE	\N	1	\N	\N	2025-11-29 20:57:34.630376+07	\N	641	5	4
643	PRB-20251129135734-6E3736	PROFIT_COMMISSION	905.92	Profit rebate L2 from 80123456789 - Sistem Lyvion	COMPLETED	BALANCE	\N	2	\N	\N	2025-11-29 20:57:34.712092+07	\N	641	5	3
644	PRB-20251129135734-AB8B1E	PROFIT_COMMISSION	452.96	Profit rebate L3 from 80123456789 - Sistem Lyvion	COMPLETED	BALANCE	\N	3	\N	\N	2025-11-29 20:57:34.774413+07	\N	641	5	2
645	AUTO-20251129135734-7D51E8	INTEREST	11995.20	Automatic profit from Sistem Omnisurg investment	COMPLETED	BALANCE	\N	\N	\N	\N	2025-11-29 20:57:34.990501+07	\N	\N	\N	5
646	PRB-20251129135735-C60EEF	PROFIT_COMMISSION	839.66	Profit rebate L1 from 80123456789 - Sistem Omnisurg	COMPLETED	BALANCE	\N	1	\N	\N	2025-11-29 20:57:35.060398+07	\N	645	5	4
647	PRB-20251129135735-32CBB3	PROFIT_COMMISSION	479.81	Profit rebate L2 from 80123456789 - Sistem Omnisurg	COMPLETED	BALANCE	\N	2	\N	\N	2025-11-29 20:57:35.125748+07	\N	645	5	3
648	PRB-20251129135735-DA7596	PROFIT_COMMISSION	239.90	Profit rebate L3 from 80123456789 - Sistem Omnisurg	COMPLETED	BALANCE	\N	3	\N	\N	2025-11-29 20:57:35.198832+07	\N	645	5	2
656	AUTO-20251129135736-410473	INTEREST	11995.20	Automatic profit from Sistem Omnisurg investment	COMPLETED	BALANCE	\N	\N	\N	\N	2025-11-29 20:57:36.176398+07	\N	\N	\N	2
657	PRB-20251129135736-473288	PROFIT_COMMISSION	839.66	Profit rebate L1 from 89595959595 - Sistem Omnisurg	COMPLETED	BALANCE	\N	1	\N	\N	2025-11-29 20:57:36.242919+07	\N	656	2	1
662	PUR-20251130032010-397A44	INVESTMENTS	1864500.00	Purchase Sistem Vitaris (x1)	COMPLETED	BALANCE_DEPOSIT	1	\N	\N	\N	2025-11-30 10:20:10.204504+07	\N	\N	\N	2
663	REB-20251130032010-FB0970	PURCHASE_COMMISSION	186450.00	Purchase rebate L1 from 89595959595 - Sistem Vitaris	COMPLETED	BALANCE	\N	1	\N	\N	2025-11-30 10:20:10.371139+07	\N	662	2	1
855	AUTO-20251204152149-1F2325	INTEREST	9000.00	Automatic profit from Exx 01 investment	COMPLETED	BALANCE	\N	\N	\N	\N	2025-12-04 22:21:49.437098+07	36	\N	\N	30
856	AUTO-20251204152149-DA22A5	INTEREST	9000.00	Automatic profit from Exx 01 investment	COMPLETED	BALANCE	\N	\N	\N	\N	2025-12-04 22:21:49.818595+07	36	\N	\N	29
857	AUTO-20251204152150-33F373	INTEREST	9000.00	Automatic profit from Exx 01 investment	COMPLETED	BALANCE	\N	\N	\N	\N	2025-12-04 22:21:50.17984+07	36	\N	\N	28
858	AUTO-20251204152150-EE3D72	INTEREST	9000.00	Automatic profit from Exx 01 investment	COMPLETED	BALANCE	\N	\N	\N	\N	2025-12-04 22:21:50.541574+07	36	\N	\N	26
859	AUTO-20251204152150-EB0E25	INTEREST	9000.00	Automatic profit from Exx 01 investment	COMPLETED	BALANCE	\N	\N	\N	\N	2025-12-04 22:21:50.940971+07	36	\N	\N	25
860	AUTO-20251204152151-151EF7	INTEREST	9000.00	Automatic profit from Exx 01 investment	COMPLETED	BALANCE	\N	\N	\N	\N	2025-12-04 22:21:51.32706+07	36	\N	\N	24
861	AUTO-20251204152151-0BC921	INTEREST	9000.00	Automatic profit from Exx 01 investment	COMPLETED	BALANCE	\N	\N	\N	\N	2025-12-04 22:21:51.715269+07	36	\N	\N	19
862	AUTO-20251204152152-3ECC4E	INTEREST	9000.00	Automatic profit from Exx 01 investment	COMPLETED	BALANCE	\N	\N	\N	\N	2025-12-04 22:21:52.066374+07	36	\N	\N	18
863	AUTO-20251204152152-967B21	INTEREST	9000.00	Automatic profit from Exx 01 investment	COMPLETED	BALANCE	\N	\N	\N	\N	2025-12-04 22:21:52.404679+07	36	\N	\N	16
864	AUTO-20251204152152-3B632A	INTEREST	9000.00	Automatic profit from Exx 01 investment	COMPLETED	BALANCE	\N	\N	\N	\N	2025-12-04 22:21:52.703784+07	36	\N	\N	17
865	AUTO-20251204152153-8F9157	INTEREST	20000.00	Automatic profit from Exx 02 investment	COMPLETED	BALANCE	\N	\N	\N	\N	2025-12-04 22:21:53.066885+07	1	\N	\N	14
866	AUTO-20251204152153-7BEF9C	INTEREST	9000.00	Automatic profit from Exx 01 investment	COMPLETED	BALANCE	\N	\N	\N	\N	2025-12-04 22:21:53.347085+07	36	\N	\N	14
867	AUTO-20251204152153-79A195	INTEREST	36000.00	Automatic profit from Exx 03 investment	COMPLETED	BALANCE	\N	\N	\N	\N	2025-12-04 22:21:53.645856+07	2	\N	\N	9
868	AUTO-20251204152153-C016A5	INTEREST	20000.00	Automatic profit from Exx 02 investment	COMPLETED	BALANCE	\N	\N	\N	\N	2025-12-04 22:21:53.927924+07	1	\N	\N	9
869	AUTO-20251204152154-93F732	INTEREST	9000.00	Automatic profit from Exx 01 investment	COMPLETED	BALANCE	\N	\N	\N	\N	2025-12-04 22:21:54.176949+07	36	\N	\N	9
870	AUTO-20251204152154-B4508F	INTEREST	9000.00	Automatic profit from Exx 01 investment	COMPLETED	BALANCE	\N	\N	\N	\N	2025-12-04 22:21:54.437149+07	36	\N	\N	11
872	AUTO-20251204152252-2A5074	INTEREST	9000.00	Automatic profit from Exx 01 investment	COMPLETED	BALANCE	\N	\N	\N	\N	2025-12-04 22:22:52.030473+07	36	\N	\N	10
873	AUTO-20251204152252-DC7AF6	INTEREST	300000.00	Automatic profit from Exx 07 investment	COMPLETED	BALANCE	\N	\N	\N	\N	2025-12-04 22:22:52.328093+07	6	\N	\N	2
874	AUTO-20251204152252-1D8EDB	INTEREST	520000.00	Automatic profit from Exx 08 investment	COMPLETED	BALANCE	\N	\N	\N	\N	2025-12-04 22:22:52.56384+07	7	\N	\N	2
875	AUTO-20251204152252-FE4FB9	INTEREST	4680.00	Automatic profit from Exx 01 investment	COMPLETED	BALANCE	\N	\N	\N	\N	2025-12-04 22:22:52.819831+07	36	\N	\N	4
876	AUTO-20251204152253-B753FF	INTEREST	4680.00	Automatic profit from Exx 01 investment	COMPLETED	BALANCE	\N	\N	\N	\N	2025-12-04 22:22:53.099154+07	36	\N	\N	7
877	AUTO-20251204152253-CDA8B3	INTEREST	4680.00	Automatic profit from Exx 01 investment	COMPLETED	BALANCE	\N	\N	\N	\N	2025-12-04 22:22:53.463641+07	36	\N	\N	6
878	AUTO-20251204152253-088047	INTEREST	4680.00	Automatic profit from Exx 01 investment	COMPLETED	BALANCE	\N	\N	\N	\N	2025-12-04 22:22:53.794474+07	36	\N	\N	5
879	AUTO-20251204152254-A07743	INTEREST	4680.00	Automatic profit from Exx 01 investment	COMPLETED	BALANCE	\N	\N	\N	\N	2025-12-04 22:22:54.121184+07	36	\N	\N	3
880	AUTO-20251204152254-415408	INTEREST	4680.00	Automatic profit from Exx 01 investment	COMPLETED	BALANCE	\N	\N	\N	\N	2025-12-04 22:22:54.370945+07	36	\N	\N	2
881	AUTO-20251205152532-2D6F21	INTEREST	9000.00	Automatic profit from Exx 01 investment	COMPLETED	BALANCE	\N	\N	\N	\N	2025-12-05 22:25:32.306338+07	36	\N	\N	30
882	AUTO-20251205152532-AA7A6D	INTEREST	9000.00	Automatic profit from Exx 01 investment	COMPLETED	BALANCE	\N	\N	\N	\N	2025-12-05 22:25:32.828882+07	36	\N	\N	29
883	AUTO-20251205152533-7097C6	INTEREST	9000.00	Automatic profit from Exx 01 investment	COMPLETED	BALANCE	\N	\N	\N	\N	2025-12-05 22:25:33.217685+07	36	\N	\N	28
884	AUTO-20251205152533-963280	INTEREST	9000.00	Automatic profit from Exx 01 investment	COMPLETED	BALANCE	\N	\N	\N	\N	2025-12-05 22:25:33.597483+07	36	\N	\N	26
885	AUTO-20251205152534-A8EB56	INTEREST	9000.00	Automatic profit from Exx 01 investment	COMPLETED	BALANCE	\N	\N	\N	\N	2025-12-05 22:25:34.015971+07	36	\N	\N	25
886	AUTO-20251205152534-9FF68E	INTEREST	9000.00	Automatic profit from Exx 01 investment	COMPLETED	BALANCE	\N	\N	\N	\N	2025-12-05 22:25:34.417893+07	36	\N	\N	24
887	AUTO-20251205152534-4B380C	INTEREST	9000.00	Automatic profit from Exx 01 investment	COMPLETED	BALANCE	\N	\N	\N	\N	2025-12-05 22:25:34.817492+07	36	\N	\N	19
888	AUTO-20251205152535-2C7303	INTEREST	9000.00	Automatic profit from Exx 01 investment	COMPLETED	BALANCE	\N	\N	\N	\N	2025-12-05 22:25:35.38774+07	36	\N	\N	18
889	AUTO-20251205152535-B5C038	INTEREST	9000.00	Automatic profit from Exx 01 investment	COMPLETED	BALANCE	\N	\N	\N	\N	2025-12-05 22:25:35.834689+07	36	\N	\N	16
890	AUTO-20251205152536-639DCA	INTEREST	9000.00	Automatic profit from Exx 01 investment	COMPLETED	BALANCE	\N	\N	\N	\N	2025-12-05 22:25:36.264373+07	36	\N	\N	17
891	AUTO-20251205152536-6C8BEB	INTEREST	20000.00	Automatic profit from Exx 02 investment	COMPLETED	BALANCE	\N	\N	\N	\N	2025-12-05 22:25:36.695989+07	1	\N	\N	14
892	AUTO-20251205152537-803A73	INTEREST	9000.00	Automatic profit from Exx 01 investment	COMPLETED	BALANCE	\N	\N	\N	\N	2025-12-05 22:25:37.00528+07	36	\N	\N	14
893	AUTO-20251205152537-9E2F58	INTEREST	36000.00	Automatic profit from Exx 03 investment	COMPLETED	BALANCE	\N	\N	\N	\N	2025-12-05 22:25:37.301957+07	2	\N	\N	9
894	AUTO-20251205152537-9976DA	INTEREST	20000.00	Automatic profit from Exx 02 investment	COMPLETED	BALANCE	\N	\N	\N	\N	2025-12-05 22:25:37.594336+07	1	\N	\N	9
895	AUTO-20251205152537-2F034A	INTEREST	9000.00	Automatic profit from Exx 01 investment	COMPLETED	BALANCE	\N	\N	\N	\N	2025-12-05 22:25:37.868917+07	36	\N	\N	9
896	AUTO-20251205152538-E61A12	INTEREST	9000.00	Automatic profit from Exx 01 investment	COMPLETED	BALANCE	\N	\N	\N	\N	2025-12-05 22:25:38.159979+07	36	\N	\N	11
897	AUTO-20251205152538-A02E8F	INTEREST	9000.00	Automatic profit from Exx 01 investment	COMPLETED	BALANCE	\N	\N	\N	\N	2025-12-05 22:25:38.457852+07	36	\N	\N	10
898	AUTO-20251205152538-733111	INTEREST	300000.00	Automatic profit from Exx 07 investment	COMPLETED	BALANCE	\N	\N	\N	\N	2025-12-05 22:25:38.760305+07	6	\N	\N	2
899	AUTO-20251205152539-198986	INTEREST	520000.00	Automatic profit from Exx 08 investment	COMPLETED	BALANCE	\N	\N	\N	\N	2025-12-05 22:25:39.045419+07	7	\N	\N	2
900	AUTO-20251205152539-C5597A	INTEREST	4680.00	Automatic profit from Exx 01 investment	COMPLETED	BALANCE	\N	\N	\N	\N	2025-12-05 22:25:39.335734+07	36	\N	\N	4
901	AUTO-20251205152539-BEFCB1	INTEREST	4680.00	Automatic profit from Exx 01 investment	COMPLETED	BALANCE	\N	\N	\N	\N	2025-12-05 22:25:39.631424+07	36	\N	\N	7
902	AUTO-20251205152540-6EB27C	INTEREST	4680.00	Automatic profit from Exx 01 investment	COMPLETED	BALANCE	\N	\N	\N	\N	2025-12-05 22:25:40.030612+07	36	\N	\N	6
903	AUTO-20251205152540-020ED8	INTEREST	4680.00	Automatic profit from Exx 01 investment	COMPLETED	BALANCE	\N	\N	\N	\N	2025-12-05 22:25:40.402527+07	36	\N	\N	5
904	AUTO-20251205152540-36C3C2	INTEREST	4680.00	Automatic profit from Exx 01 investment	COMPLETED	BALANCE	\N	\N	\N	\N	2025-12-05 22:25:40.742623+07	36	\N	\N	3
905	AUTO-20251205152541-19C653	INTEREST	4680.00	Automatic profit from Exx 01 investment	COMPLETED	BALANCE	\N	\N	\N	\N	2025-12-05 22:25:41.026069+07	36	\N	\N	2
906	AUTO-20251206152753-F5C6EE	INTEREST	9000.00	Automatic profit from Exx 01 investment	COMPLETED	BALANCE	\N	\N	\N	\N	2025-12-06 22:27:53.091404+07	36	\N	\N	30
907	AUTO-20251206152753-7A3D31	INTEREST	9000.00	Automatic profit from Exx 01 investment	COMPLETED	BALANCE	\N	\N	\N	\N	2025-12-06 22:27:53.491687+07	36	\N	\N	29
908	AUTO-20251206152753-7B5793	INTEREST	9000.00	Automatic profit from Exx 01 investment	COMPLETED	BALANCE	\N	\N	\N	\N	2025-12-06 22:27:53.861239+07	36	\N	\N	28
909	AUTO-20251206152754-DD553B	INTEREST	9000.00	Automatic profit from Exx 01 investment	COMPLETED	BALANCE	\N	\N	\N	\N	2025-12-06 22:27:54.217916+07	36	\N	\N	26
910	AUTO-20251206152754-7983F4	INTEREST	9000.00	Automatic profit from Exx 01 investment	COMPLETED	BALANCE	\N	\N	\N	\N	2025-12-06 22:27:54.571435+07	36	\N	\N	25
911	AUTO-20251206152754-6FBD64	INTEREST	9000.00	Automatic profit from Exx 01 investment	COMPLETED	BALANCE	\N	\N	\N	\N	2025-12-06 22:27:54.922782+07	36	\N	\N	24
912	AUTO-20251206152755-FDA94C	INTEREST	9000.00	Automatic profit from Exx 01 investment	COMPLETED	BALANCE	\N	\N	\N	\N	2025-12-06 22:27:55.276649+07	36	\N	\N	19
913	AUTO-20251206152755-9CF02D	INTEREST	9000.00	Automatic profit from Exx 01 investment	COMPLETED	BALANCE	\N	\N	\N	\N	2025-12-06 22:27:55.625261+07	36	\N	\N	18
914	AUTO-20251206152755-7BC04C	INTEREST	9000.00	Automatic profit from Exx 01 investment	COMPLETED	BALANCE	\N	\N	\N	\N	2025-12-06 22:27:55.980197+07	36	\N	\N	16
915	AUTO-20251206152756-582DD3	INTEREST	9000.00	Automatic profit from Exx 01 investment	COMPLETED	BALANCE	\N	\N	\N	\N	2025-12-06 22:27:56.301157+07	36	\N	\N	17
916	AUTO-20251206152756-71876E	INTEREST	20000.00	Automatic profit from Exx 02 investment	COMPLETED	BALANCE	\N	\N	\N	\N	2025-12-06 22:27:56.657271+07	1	\N	\N	14
917	AUTO-20251206152756-4B7609	INTEREST	9000.00	Automatic profit from Exx 01 investment	COMPLETED	BALANCE	\N	\N	\N	\N	2025-12-06 22:27:56.936777+07	36	\N	\N	14
918	AUTO-20251206152757-22541E	INTEREST	36000.00	Automatic profit from Exx 03 investment	COMPLETED	BALANCE	\N	\N	\N	\N	2025-12-06 22:27:57.217409+07	2	\N	\N	9
919	AUTO-20251206152757-52C6D2	INTEREST	20000.00	Automatic profit from Exx 02 investment	COMPLETED	BALANCE	\N	\N	\N	\N	2025-12-06 22:27:57.479731+07	1	\N	\N	9
920	AUTO-20251206152757-11B77A	INTEREST	9000.00	Automatic profit from Exx 01 investment	COMPLETED	BALANCE	\N	\N	\N	\N	2025-12-06 22:27:57.732578+07	36	\N	\N	9
921	AUTO-20251206152757-5FE4BA	INTEREST	9000.00	Automatic profit from Exx 01 investment	COMPLETED	BALANCE	\N	\N	\N	\N	2025-12-06 22:27:57.986691+07	36	\N	\N	11
922	AUTO-20251206152758-2A16E1	INTEREST	9000.00	Automatic profit from Exx 01 investment	COMPLETED	BALANCE	\N	\N	\N	\N	2025-12-06 22:27:58.287255+07	36	\N	\N	10
923	AUTO-20251206152758-425B77	INTEREST	300000.00	Automatic profit from Exx 07 investment	COMPLETED	BALANCE	\N	\N	\N	\N	2025-12-06 22:27:58.559856+07	6	\N	\N	2
924	AUTO-20251206152758-6EBB8E	INTEREST	520000.00	Automatic profit from Exx 08 investment	COMPLETED	BALANCE	\N	\N	\N	\N	2025-12-06 22:27:58.786335+07	7	\N	\N	2
925	AUTO-20251206152759-6C0707	INTEREST	4680.00	Automatic profit from Exx 01 investment	COMPLETED	BALANCE	\N	\N	\N	\N	2025-12-06 22:27:59.012972+07	36	\N	\N	4
926	AUTO-20251206152759-A8A601	INTEREST	4680.00	Automatic profit from Exx 01 investment	COMPLETED	BALANCE	\N	\N	\N	\N	2025-12-06 22:27:59.297865+07	36	\N	\N	7
927	AUTO-20251206152759-C7ABF2	INTEREST	4680.00	Automatic profit from Exx 01 investment	COMPLETED	BALANCE	\N	\N	\N	\N	2025-12-06 22:27:59.6514+07	36	\N	\N	6
928	AUTO-20251206152759-B52B4B	INTEREST	4680.00	Automatic profit from Exx 01 investment	COMPLETED	BALANCE	\N	\N	\N	\N	2025-12-06 22:27:59.98123+07	36	\N	\N	5
929	AUTO-20251206152800-8CA71F	INTEREST	4680.00	Automatic profit from Exx 01 investment	COMPLETED	BALANCE	\N	\N	\N	\N	2025-12-06 22:28:00.286304+07	36	\N	\N	3
930	AUTO-20251206152800-DB6A67	INTEREST	4680.00	Automatic profit from Exx 01 investment	COMPLETED	BALANCE	\N	\N	\N	\N	2025-12-06 22:28:00.541091+07	36	\N	\N	2
931	ATT-20251206154157-3159CF	ATTENDANCE	500.00	Daily attendance claim	COMPLETED	BALANCE	\N	\N	\N	\N	2025-12-06 22:41:57.385139+07	\N	\N	\N	2
932	DEP-20251206165728-6F37A8	DEPOSIT	2000000.00	Deposit via Jayapay (BALANCE_DEPOSIT)	FAILED	BALANCE_DEPOSIT	\N	\N	\N	\N	2025-12-06 23:57:28.686553+07	\N	\N	\N	2
934	WD-7C24AD35EC	WITHDRAW	70000.00	Withdrawal request	PENDING	BALANCE	\N	\N	\N	\N	2025-12-06 23:59:58.559111+07	\N	\N	\N	2
935	ATT-20251206175821-3E5679	ATTENDANCE	500.00	Daily attendance claim	COMPLETED	BALANCE	\N	\N	\N	\N	2025-12-07 00:58:21.69913+07	\N	\N	\N	2
936	DEP-20251207162945-437066	DEPOSIT	500000.00	Deposit via Jayapay (BALANCE_DEPOSIT)	FAILED	BALANCE_DEPOSIT	\N	\N	\N	\N	2025-12-07 16:29:45.293058+07	\N	\N	\N	2
937	WD-951868BD5D	WITHDRAW	100000.00	Withdrawal request	PENDING	BALANCE	\N	\N	\N	\N	2025-12-07 16:29:58.913305+07	\N	\N	\N	2
938	PUR-20251207093138-92C2A3	INVESTMENTS	470000.00	Purchase Exx 05 (x1)	COMPLETED	BALANCE_DEPOSIT	1	\N	\N	\N	2025-12-07 16:31:38.909389+07	4	\N	\N	2
939	REB-20251207093139-C59786	PURCHASE_COMMISSION	117500.00	Purchase rebate L1 from 89595959595 - Exx 05	COMPLETED	BALANCE	\N	1	\N	\N	2025-12-07 16:31:39.105418+07	4	938	2	1
940	PUR-20251207093144-46A69C	INVESTMENTS	700000.00	Purchase Exx 06 (x1)	COMPLETED	BALANCE_DEPOSIT	1	\N	\N	\N	2025-12-07 16:31:44.9628+07	5	\N	\N	2
941	REB-20251207093145-43849F	PURCHASE_COMMISSION	175000.00	Purchase rebate L1 from 89595959595 - Exx 06	COMPLETED	BALANCE	\N	1	\N	\N	2025-12-07 16:31:45.101494+07	5	940	2	1
942	PUR-20251207094041-66A22A	INVESTMENTS	300000.00	Purchase Exx 04 (x1)	COMPLETED	BALANCE_DEPOSIT	1	\N	\N	\N	2025-12-07 16:40:41.953445+07	3	\N	\N	2
943	REB-20251207094042-77690E	PURCHASE_COMMISSION	75000.00	Purchase rebate L1 from 89595959595 - Exx 04	COMPLETED	BALANCE	\N	1	\N	\N	2025-12-07 16:40:42.100805+07	3	942	2	1
944	WD-7E18AD3148	WITHDRAW	100000.00	Withdrawal request	PENDING	BALANCE	\N	\N	\N	\N	2025-12-07 16:47:31.796473+07	\N	\N	\N	2
945	WD-458E362D1A	WITHDRAW	100000.00	Withdrawal request	PENDING	BALANCE	\N	\N	\N	\N	2025-12-07 16:50:35.918984+07	\N	\N	\N	2
946	REG-32-20251207165405	CREDIT	10000.00	Registration bonus	COMPLETED	BALANCE_DEPOSIT	\N	\N	\N	\N	2025-12-07 16:54:05.32731+07	\N	\N	\N	32
947	ADM-BALANCE_DEPOSIT-32-1765103920	CREDIT	1000000.00	Admin increased balance_deposit by 1000000	COMPLETED	BALANCE_DEPOSIT	\N	\N	\N	\N	2025-12-07 17:38:40.348926+07	\N	\N	\N	32
948	ATT-20251207103936-A5C761	ATTENDANCE	500.00	Daily attendance claim	COMPLETED	BALANCE	\N	\N	\N	\N	2025-12-07 17:39:36.85295+07	\N	\N	\N	32
949	PUR-20251207104511-895D05	INVESTMENTS	300000.00	Purchase Exx 04 (x1)	COMPLETED	BALANCE_DEPOSIT	1	\N	\N	\N	2025-12-07 17:45:11.705471+07	3	\N	\N	32
950	REB-20251207104511-770ACE	PURCHASE_COMMISSION	75000.00	Purchase rebate L1 from 81808368210 - Exx 04	COMPLETED	BALANCE	\N	1	\N	\N	2025-12-07 17:45:11.854536+07	3	949	32	2
951	REB-20251207104511-67310E	PURCHASE_COMMISSION	6000.00	Purchase rebate L2 from 81808368210 - Exx 04	COMPLETED	BALANCE	\N	2	\N	\N	2025-12-07 17:45:11.922925+07	3	949	32	1
952	PUR-20251207104557-443918	INVESTMENTS	470000.00	Purchase Exx 05 (x1)	COMPLETED	BALANCE_DEPOSIT	1	\N	\N	\N	2025-12-07 17:45:57.158227+07	4	\N	\N	32
953	REB-20251207104557-078047	PURCHASE_COMMISSION	117500.00	Purchase rebate L1 from 81808368210 - Exx 05	COMPLETED	BALANCE	\N	1	\N	\N	2025-12-07 17:45:57.299357+07	4	952	32	2
954	REB-20251207104557-18F0A1	PURCHASE_COMMISSION	9400.00	Purchase rebate L2 from 81808368210 - Exx 05	COMPLETED	BALANCE	\N	2	\N	\N	2025-12-07 17:45:57.368492+07	4	952	32	1
955	REG-33-20251207174824	CREDIT	10000.00	Registration bonus	COMPLETED	BALANCE_DEPOSIT	\N	\N	\N	\N	2025-12-07 17:48:24.354931+07	\N	\N	\N	33
956	ADM-BALANCE_DEPOSIT-33-1765104776	CREDIT	100000.00	Admin increased balance_deposit by 100000	COMPLETED	BALANCE_DEPOSIT	\N	\N	\N	\N	2025-12-07 17:52:56.103474+07	\N	\N	\N	33
957	PUR-20251207105344-113A01	INVESTMENTS	45000.00	Purchase Exx 01 (x1)	COMPLETED	BALANCE_DEPOSIT	1	\N	\N	\N	2025-12-07 17:53:44.283346+07	36	\N	\N	33
958	REB-20251207105344-68C9BA	PURCHASE_COMMISSION	11250.00	Purchase rebate L1 from 887648454349 - Exx 01	COMPLETED	BALANCE	\N	1	\N	\N	2025-12-07 17:53:44.425436+07	36	957	33	32
959	REB-20251207105344-203225	PURCHASE_COMMISSION	900.00	Purchase rebate L2 from 887648454349 - Exx 01	COMPLETED	BALANCE	\N	2	\N	\N	2025-12-07 17:53:44.498966+07	36	957	33	2
960	REB-20251207105344-6B1E2F	PURCHASE_COMMISSION	450.00	Purchase rebate L3 from 887648454349 - Exx 01	COMPLETED	BALANCE	\N	3	\N	\N	2025-12-07 17:53:44.57289+07	36	957	33	1
961	AUTO-20251207223105-246C6B	INTEREST	9000.00	Automatic profit from Exx 01 investment	COMPLETED	BALANCE	\N	\N	\N	\N	2025-12-07 22:31:05.526383+07	36	\N	\N	30
962	AUTO-20251207223105-B08F02	INTEREST	9000.00	Automatic profit from Exx 01 investment	COMPLETED	BALANCE	\N	\N	\N	\N	2025-12-07 22:31:05.958613+07	36	\N	\N	29
963	AUTO-20251207223106-736B27	INTEREST	9000.00	Automatic profit from Exx 01 investment	COMPLETED	BALANCE	\N	\N	\N	\N	2025-12-07 22:31:06.373103+07	36	\N	\N	28
964	AUTO-20251207223106-1E80CE	INTEREST	9000.00	Automatic profit from Exx 01 investment	COMPLETED	BALANCE	\N	\N	\N	\N	2025-12-07 22:31:06.787162+07	36	\N	\N	26
965	AUTO-20251207223107-28C339	INTEREST	9000.00	Automatic profit from Exx 01 investment	COMPLETED	BALANCE	\N	\N	\N	\N	2025-12-07 22:31:07.297879+07	36	\N	\N	25
966	AUTO-20251207223107-A1F56A	INTEREST	9000.00	Automatic profit from Exx 01 investment	COMPLETED	BALANCE	\N	\N	\N	\N	2025-12-07 22:31:07.71215+07	36	\N	\N	24
967	AUTO-20251207223108-546FBC	INTEREST	9000.00	Automatic profit from Exx 01 investment	COMPLETED	BALANCE	\N	\N	\N	\N	2025-12-07 22:31:08.114183+07	36	\N	\N	19
968	AUTO-20251207223108-8976E5	INTEREST	9000.00	Automatic profit from Exx 01 investment	COMPLETED	BALANCE	\N	\N	\N	\N	2025-12-07 22:31:08.483535+07	36	\N	\N	18
969	AUTO-20251207223108-A9E135	INTEREST	9000.00	Automatic profit from Exx 01 investment	COMPLETED	BALANCE	\N	\N	\N	\N	2025-12-07 22:31:08.895145+07	36	\N	\N	16
970	AUTO-20251207223109-4C55AF	INTEREST	9000.00	Automatic profit from Exx 01 investment	COMPLETED	BALANCE	\N	\N	\N	\N	2025-12-07 22:31:09.207383+07	36	\N	\N	17
971	AUTO-20251207223109-DD5411	INTEREST	20000.00	Automatic profit from Exx 02 investment	COMPLETED	BALANCE	\N	\N	\N	\N	2025-12-07 22:31:09.589521+07	1	\N	\N	14
972	AUTO-20251207223109-37101D	INTEREST	9000.00	Automatic profit from Exx 01 investment	COMPLETED	BALANCE	\N	\N	\N	\N	2025-12-07 22:31:09.867703+07	36	\N	\N	14
973	AUTO-20251207223110-02052D	INTEREST	36000.00	Automatic profit from Exx 03 investment	COMPLETED	BALANCE	\N	\N	\N	\N	2025-12-07 22:31:10.179101+07	2	\N	\N	9
974	AUTO-20251207223110-A46DBE	INTEREST	20000.00	Automatic profit from Exx 02 investment	COMPLETED	BALANCE	\N	\N	\N	\N	2025-12-07 22:31:10.475822+07	1	\N	\N	9
975	AUTO-20251207223110-4E3168	INTEREST	9000.00	Automatic profit from Exx 01 investment	COMPLETED	BALANCE	\N	\N	\N	\N	2025-12-07 22:31:10.741594+07	36	\N	\N	9
976	AUTO-20251207223111-05B9A3	INTEREST	9000.00	Automatic profit from Exx 01 investment	COMPLETED	BALANCE	\N	\N	\N	\N	2025-12-07 22:31:11.011209+07	36	\N	\N	11
977	AUTO-20251207223111-9A0B2B	INTEREST	9000.00	Automatic profit from Exx 01 investment	COMPLETED	BALANCE	\N	\N	\N	\N	2025-12-07 22:31:11.305648+07	36	\N	\N	10
978	AUTO-20251207223111-46B655	INTEREST	300000.00	Automatic profit from Exx 07 investment	COMPLETED	BALANCE	\N	\N	\N	\N	2025-12-07 22:31:11.59091+07	6	\N	\N	2
979	AUTO-20251207223111-64245C	INTEREST	520000.00	Automatic profit from Exx 08 investment	COMPLETED	BALANCE	\N	\N	\N	\N	2025-12-07 22:31:11.819737+07	7	\N	\N	2
980	AUTO-20251207223112-50FFD4	INTEREST	4680.00	Automatic profit from Exx 01 investment	COMPLETED	BALANCE	\N	\N	\N	\N	2025-12-07 22:31:12.051836+07	36	\N	\N	4
981	AUTO-20251207223112-1BC042	INTEREST	4680.00	Automatic profit from Exx 01 investment	COMPLETED	BALANCE	\N	\N	\N	\N	2025-12-07 22:31:12.615163+07	36	\N	\N	7
982	AUTO-20251207223112-3B005B	INTEREST	4680.00	Automatic profit from Exx 01 investment	COMPLETED	BALANCE	\N	\N	\N	\N	2025-12-07 22:31:12.997012+07	36	\N	\N	6
983	AUTO-20251207223113-0FB921	INTEREST	4680.00	Automatic profit from Exx 01 investment	COMPLETED	BALANCE	\N	\N	\N	\N	2025-12-07 22:31:13.715106+07	36	\N	\N	5
984	AUTO-20251207223115-29B52B	INTEREST	4680.00	Automatic profit from Exx 01 investment	COMPLETED	BALANCE	\N	\N	\N	\N	2025-12-07 22:31:15.677067+07	36	\N	\N	3
985	AUTO-20251207223116-DEDA26	INTEREST	4680.00	Automatic profit from Exx 01 investment	COMPLETED	BALANCE	\N	\N	\N	\N	2025-12-07 22:31:16.591122+07	36	\N	\N	2
986	PUR-20251207171137-1CE803	INVESTMENTS	100000.00	Purchase Exx 02 (x1)	COMPLETED	BALANCE_DEPOSIT	1	\N	\N	\N	2025-12-08 00:11:38.000137+07	1	\N	\N	2
987	REB-20251207171138-437ADA	PURCHASE_COMMISSION	25000.00	Purchase rebate L1 from 89595959595 - Exx 02	COMPLETED	BALANCE	\N	1	\N	\N	2025-12-08 00:11:38.217273+07	1	986	2	1
988	DEP-20251208003517-964A55	DEPOSIT	50000.00	Deposit via Jayapay (BALANCE_DEPOSIT)	FAILED	BALANCE_DEPOSIT	\N	\N	\N	\N	2025-12-08 00:35:17.616703+07	\N	\N	\N	2
989	DEP-20251208003538-754F05	DEPOSIT	50000.00	Deposit via Jayapay (BALANCE_DEPOSIT)	FAILED	BALANCE_DEPOSIT	\N	\N	\N	\N	2025-12-08 00:35:38.850699+07	\N	\N	\N	2
990	VCH-20251208070323-55BEBE	VOUCHER	5000.00	Voucher claim 999999	COMPLETED	BALANCE	\N	\N	3	999999	2025-12-08 07:03:23.346592+07	\N	\N	\N	32
991	VCH-20251208070410-2D403C	VOUCHER	6399.07	Voucher claim Yorobun	COMPLETED	BALANCE	\N	\N	1	Yorobun	2025-12-08 07:04:10.096328+07	\N	\N	\N	32
992	ATT-20251208000420-09B2AB	ATTENDANCE	500.00	Daily attendance claim	COMPLETED	BALANCE	\N	\N	\N	\N	2025-12-08 07:04:20.629373+07	\N	\N	\N	32
993	DEP-20251208070440-29C1C7	DEPOSIT	50000.00	Deposit via Jayapay (BALANCE_DEPOSIT)	FAILED	BALANCE_DEPOSIT	\N	\N	\N	\N	2025-12-08 07:04:40.199707+07	\N	\N	\N	32
994	PUR-20251208000655-2BDFDB	INVESTMENTS	45000.00	Purchase Exx 01 (x1)	COMPLETED	BALANCE_DEPOSIT	1	\N	\N	\N	2025-12-08 07:06:55.33577+07	36	\N	\N	32
995	REB-20251208000655-EF4FF9	PURCHASE_COMMISSION	11250.00	Purchase rebate L1 from 81808368210 - Exx 01	COMPLETED	BALANCE	\N	1	\N	\N	2025-12-08 07:06:55.517462+07	36	994	32	2
996	REB-20251208000655-7D2B71	PURCHASE_COMMISSION	900.00	Purchase rebate L2 from 81808368210 - Exx 01	COMPLETED	BALANCE	\N	2	\N	\N	2025-12-08 07:06:55.603738+07	36	994	32	1
997	REG-34-20251208071136	CREDIT	10000.00	Registration bonus	COMPLETED	BALANCE_DEPOSIT	\N	\N	\N	\N	2025-12-08 07:11:36.260235+07	\N	\N	\N	34
998	VCH-20251208071339-C92948	VOUCHER	5000.00	Voucher claim 999999	COMPLETED	BALANCE	\N	\N	3	999999	2025-12-08 07:13:39.687315+07	\N	\N	\N	34
999	ATT-20251208001411-F59B47	ATTENDANCE	500.00	Daily attendance claim	COMPLETED	BALANCE	\N	\N	\N	\N	2025-12-08 07:14:11.790648+07	\N	\N	\N	34
1000	ATT-20251208024751-82498D	ATTENDANCE	1000.00	Daily attendance claim	COMPLETED	BALANCE	\N	\N	\N	\N	2025-12-08 09:47:51.801006+07	\N	\N	\N	2
1001	REG-35-20251208095838	CREDIT	7000.00	Registration bonus	COMPLETED	BALANCE_DEPOSIT	\N	\N	\N	\N	2025-12-08 09:58:38.23696+07	\N	\N	\N	35
1002	REG-36-20251208152627	CREDIT	7000.00	Registration bonus	COMPLETED	BALANCE_DEPOSIT	\N	\N	\N	\N	2025-12-08 15:26:27.295187+07	\N	\N	\N	36
1003	AUTO-20251208163419-9113BE	INTEREST	140000.00	Automatic profit from RBB B300 investment	COMPLETED	BALANCE	\N	\N	\N	\N	2025-12-08 16:34:19.005824+07	5	\N	\N	2
1004	AUTO-20251208163419-E24E22	INTEREST	94000.00	Automatic profit from RBR A300 investment	COMPLETED	BALANCE	\N	\N	\N	\N	2025-12-08 16:34:19.360715+07	4	\N	\N	2
1005	AUTO-20251208164421-284B0C	INTEREST	60000.00	Automatic profit from RBB B200 investment	COMPLETED	BALANCE	\N	\N	\N	\N	2025-12-08 16:44:21.072112+07	3	\N	\N	2
1006	AUTO-20251208174954-63D952	INTEREST	94000.00	Automatic profit from RBR A300 investment	COMPLETED	BALANCE	\N	\N	\N	\N	2025-12-08 17:49:54.074847+07	4	\N	\N	32
1007	AUTO-20251208174954-CA3F55	INTEREST	60000.00	Automatic profit from RBB B200 investment	COMPLETED	BALANCE	\N	\N	\N	\N	2025-12-08 17:49:54.390398+07	3	\N	\N	32
1008	AUTO-20251208175455-5B2B88	INTEREST	9000.00	Automatic profit from RBR A100 investment	COMPLETED	BALANCE	\N	\N	\N	\N	2025-12-08 17:54:55.382692+07	36	\N	\N	33
1009	REG-37-20251208182304	CREDIT	7000.00	Registration bonus	COMPLETED	BALANCE_DEPOSIT	\N	\N	\N	\N	2025-12-08 18:23:04.039937+07	\N	\N	\N	37
1010	VCH-20251208182559-36FD17	VOUCHER	5000.00	Voucher claim 000000	COMPLETED	BALANCE	\N	\N	2	000000	2025-12-08 18:25:59.951113+07	\N	\N	\N	34
1011	ADM-BALANCE_DEPOSIT-34-1765193489	CREDIT	100000.00	Admin increased balance_deposit by 100000	COMPLETED	BALANCE_DEPOSIT	\N	\N	\N	\N	2025-12-08 18:31:29.304459+07	\N	\N	\N	34
1012	PUR-20251208113152-7F4C6C	INVESTMENTS	50000.00	Purchase RBR A100 (x1)	COMPLETED	BALANCE_DEPOSIT	1	\N	\N	\N	2025-12-08 18:31:52.735971+07	36	\N	\N	34
1013	REB-20251208113152-CAC196	PURCHASE_COMMISSION	12000.00	Purchase rebate L1 from 87123456789 - RBR A100	COMPLETED	BALANCE	\N	1	\N	\N	2025-12-08 18:31:52.877782+07	36	1012	34	32
1014	REB-20251208113152-EEFF57	PURCHASE_COMMISSION	500.00	Purchase rebate L2 from 87123456789 - RBR A100	COMPLETED	BALANCE	\N	2	\N	\N	2025-12-08 18:31:52.939967+07	36	1012	34	2
1015	REB-20251208113153-D5E62C	PURCHASE_COMMISSION	500.00	Purchase rebate L3 from 87123456789 - RBR A100	COMPLETED	BALANCE	\N	3	\N	\N	2025-12-08 18:31:53.01351+07	36	1012	34	1
1016	PUR-20251208113200-3E2374	INVESTMENTS	50000.00	Purchase RBR A100 (x1)	COMPLETED	BALANCE_DEPOSIT	1	\N	\N	\N	2025-12-08 18:32:00.705437+07	36	\N	\N	34
1017	REB-20251208113200-36F3C6	PURCHASE_COMMISSION	12000.00	Purchase rebate L1 from 87123456789 - RBR A100	COMPLETED	BALANCE	\N	1	\N	\N	2025-12-08 18:32:00.833649+07	36	1016	34	32
1018	REB-20251208113200-470E05	PURCHASE_COMMISSION	500.00	Purchase rebate L2 from 87123456789 - RBR A100	COMPLETED	BALANCE	\N	2	\N	\N	2025-12-08 18:32:00.894105+07	36	1016	34	2
1019	REB-20251208113200-9EE98C	PURCHASE_COMMISSION	500.00	Purchase rebate L3 from 87123456789 - RBR A100	COMPLETED	BALANCE	\N	3	\N	\N	2025-12-08 18:32:00.985269+07	36	1016	34	1
1020	ADM-BALANCE_DEPOSIT-37-1765193576	CREDIT	100000.00	Admin increased balance_deposit by 100000	COMPLETED	BALANCE_DEPOSIT	\N	\N	\N	\N	2025-12-08 18:32:56.461223+07	\N	\N	\N	37
1021	PUR-20251208113317-99528D	INVESTMENTS	50000.00	Purchase RBR A100 (x1)	COMPLETED	BALANCE_DEPOSIT	1	\N	\N	\N	2025-12-08 18:33:17.440695+07	36	\N	\N	37
1022	REB-20251208113317-8CC644	PURCHASE_COMMISSION	12000.00	Purchase rebate L1 from 87558825888 - RBR A100	COMPLETED	BALANCE	\N	1	\N	\N	2025-12-08 18:33:17.568175+07	36	1021	37	34
1023	REB-20251208113317-3842BE	PURCHASE_COMMISSION	500.00	Purchase rebate L2 from 87558825888 - RBR A100	COMPLETED	BALANCE	\N	2	\N	\N	2025-12-08 18:33:17.629606+07	36	1021	37	32
1024	REB-20251208113317-CD9BAC	PURCHASE_COMMISSION	500.00	Purchase rebate L3 from 87558825888 - RBR A100	COMPLETED	BALANCE	\N	3	\N	\N	2025-12-08 18:33:17.690995+07	36	1021	37	2
1025	AUTO-20251208223252-4E60AB	INTEREST	9000.00	Automatic profit from RBR A100 investment	COMPLETED	BALANCE	\N	\N	\N	\N	2025-12-08 22:32:52.853148+07	36	\N	\N	30
1026	AUTO-20251208223253-10928A	INTEREST	9000.00	Automatic profit from RBR A100 investment	COMPLETED	BALANCE	\N	\N	\N	\N	2025-12-08 22:32:53.34649+07	36	\N	\N	29
1027	AUTO-20251208223253-EC89B6	INTEREST	9000.00	Automatic profit from RBR A100 investment	COMPLETED	BALANCE	\N	\N	\N	\N	2025-12-08 22:32:53.719751+07	36	\N	\N	28
1028	AUTO-20251208223254-C2AEE9	INTEREST	9000.00	Automatic profit from RBR A100 investment	COMPLETED	BALANCE	\N	\N	\N	\N	2025-12-08 22:32:54.117344+07	36	\N	\N	26
1029	AUTO-20251208223254-71450E	INTEREST	9000.00	Automatic profit from RBR A100 investment	COMPLETED	BALANCE	\N	\N	\N	\N	2025-12-08 22:32:54.51141+07	36	\N	\N	25
1030	AUTO-20251208223254-7E15A2	INTEREST	9000.00	Automatic profit from RBR A100 investment	COMPLETED	BALANCE	\N	\N	\N	\N	2025-12-08 22:32:54.877898+07	36	\N	\N	24
1031	AUTO-20251208223255-F22034	INTEREST	9000.00	Automatic profit from RBR A100 investment	COMPLETED	BALANCE	\N	\N	\N	\N	2025-12-08 22:32:55.243076+07	36	\N	\N	19
1032	AUTO-20251208223255-21A7DB	INTEREST	9000.00	Automatic profit from RBR A100 investment	COMPLETED	BALANCE	\N	\N	\N	\N	2025-12-08 22:32:55.62732+07	36	\N	\N	18
1033	AUTO-20251208223256-B6796A	INTEREST	9000.00	Automatic profit from RBR A100 investment	COMPLETED	BALANCE	\N	\N	\N	\N	2025-12-08 22:32:56.003775+07	36	\N	\N	16
1034	AUTO-20251208223256-4E1C6C	INTEREST	9000.00	Automatic profit from RBR A100 investment	COMPLETED	BALANCE	\N	\N	\N	\N	2025-12-08 22:32:56.342492+07	36	\N	\N	17
1035	AUTO-20251208223256-5F56EE	INTEREST	20000.00	Automatic profit from RBB B100 investment	COMPLETED	BALANCE	\N	\N	\N	\N	2025-12-08 22:32:56.685711+07	1	\N	\N	14
1036	AUTO-20251208223257-F344B3	INTEREST	9000.00	Automatic profit from RBR A100 investment	COMPLETED	BALANCE	\N	\N	\N	\N	2025-12-08 22:32:57.002909+07	36	\N	\N	14
1037	AUTO-20251208223257-86A4F9	INTEREST	36000.00	Automatic profit from RBR A200 investment	COMPLETED	BALANCE	\N	\N	\N	\N	2025-12-08 22:32:57.314139+07	2	\N	\N	9
1038	AUTO-20251208223257-42A645	INTEREST	20000.00	Automatic profit from RBB B100 investment	COMPLETED	BALANCE	\N	\N	\N	\N	2025-12-08 22:32:57.598507+07	1	\N	\N	9
1039	AUTO-20251208223257-B9D961	INTEREST	9000.00	Automatic profit from RBR A100 investment	COMPLETED	BALANCE	\N	\N	\N	\N	2025-12-08 22:32:57.878553+07	36	\N	\N	9
1040	AUTO-20251208223258-7DED42	INTEREST	9000.00	Automatic profit from RBR A100 investment	COMPLETED	BALANCE	\N	\N	\N	\N	2025-12-08 22:32:58.152154+07	36	\N	\N	11
1041	AUTO-20251208223258-4777AE	INTEREST	9000.00	Automatic profit from RBR A100 investment	COMPLETED	BALANCE	\N	\N	\N	\N	2025-12-08 22:32:58.790506+07	36	\N	\N	10
1042	AUTO-20251208223259-2E0134	INTEREST	300000.00	Automatic profit from RBR A400 investment	COMPLETED	BALANCE	\N	\N	\N	\N	2025-12-08 22:32:59.376411+07	6	\N	\N	2
1043	AUTO-20251208223259-1DE417	INTEREST	520000.00	Automatic profit from RBB B400 investment	COMPLETED	BALANCE	\N	\N	\N	\N	2025-12-08 22:32:59.711788+07	7	\N	\N	2
1044	AUTO-20251208223259-EE6395	INTEREST	4680.00	Automatic profit from RBR A100 investment	COMPLETED	BALANCE	\N	\N	\N	\N	2025-12-08 22:32:59.997771+07	36	\N	\N	4
1045	AUTO-20251208223300-511701	INTEREST	4680.00	Automatic profit from RBR A100 investment	COMPLETED	BALANCE	\N	\N	\N	\N	2025-12-08 22:33:00.315851+07	36	\N	\N	7
1046	AUTO-20251208223300-CF475D	INTEREST	4680.00	Automatic profit from RBR A100 investment	COMPLETED	BALANCE	\N	\N	\N	\N	2025-12-08 22:33:00.792587+07	36	\N	\N	6
1047	AUTO-20251208223301-CE1AA9	INTEREST	4680.00	Automatic profit from RBR A100 investment	COMPLETED	BALANCE	\N	\N	\N	\N	2025-12-08 22:33:01.159362+07	36	\N	\N	5
1048	AUTO-20251208223301-8E4436	INTEREST	4680.00	Automatic profit from RBR A100 investment	COMPLETED	BALANCE	\N	\N	\N	\N	2025-12-08 22:33:01.912926+07	36	\N	\N	3
1049	AUTO-20251208223302-F0A52B	INTEREST	4680.00	Automatic profit from RBR A100 investment	COMPLETED	BALANCE	\N	\N	\N	\N	2025-12-08 22:33:02.198114+07	36	\N	\N	2
1050	ADM-BALANCE_DEPOSIT-35-1765210419	CREDIT	500000.00	Admin increased balance_deposit by 500000	COMPLETED	BALANCE_DEPOSIT	\N	\N	\N	\N	2025-12-08 23:13:39.475207+07	\N	\N	\N	35
1051	AUTO-20251209001314-55ECF5	INTEREST	20000.00	Automatic profit from RBB B100 investment	COMPLETED	BALANCE	\N	\N	\N	\N	2025-12-09 00:13:14.36921+07	1	\N	\N	2
1052	AUTO-20251209070909-160272	INTEREST	9000.00	Automatic profit from RBR A100 investment	COMPLETED	BALANCE	\N	\N	\N	\N	2025-12-09 07:09:09.253147+07	36	\N	\N	32
1053	AUTO-20251223114547-9AD2F7	INTEREST	7500.00	Automatic profit from RBR A100 investment	COMPLETED	BALANCE	\N	\N	\N	\N	2025-12-23 11:45:47.387811+07	36	\N	\N	37
1054	AUTO-20251223114547-E932CF	INTEREST	7500.00	Automatic profit from RBR A100 investment	COMPLETED	BALANCE	\N	\N	\N	\N	2025-12-23 11:45:47.408938+07	36	\N	\N	34
1055	AUTO-20251223114547-2DD9A9	INTEREST	7500.00	Automatic profit from RBR A100 investment	COMPLETED	BALANCE	\N	\N	\N	\N	2025-12-23 11:45:47.417567+07	36	\N	\N	34
1056	AUTO-20251223114547-405311	INTEREST	9000.00	Automatic profit from RBR A100 investment	COMPLETED	BALANCE	\N	\N	\N	\N	2025-12-23 11:45:47.426646+07	36	\N	\N	32
1057	AUTO-20251223114547-1166DE	INTEREST	20000.00	Automatic profit from RBB B100 investment	COMPLETED	BALANCE	\N	\N	\N	\N	2025-12-23 11:45:47.453278+07	1	\N	\N	2
1058	AUTO-20251223114547-F47B9B	INTEREST	9000.00	Automatic profit from RBR A100 investment	COMPLETED	BALANCE	\N	\N	\N	\N	2025-12-23 11:45:47.461919+07	36	\N	\N	33
1059	AUTO-20251223114547-0A6B89	INTEREST	94000.00	Automatic profit from RBR A300 investment	COMPLETED	BALANCE	\N	\N	\N	\N	2025-12-23 11:45:47.474247+07	4	\N	\N	32
1060	AUTO-20251223114547-6ECBD5	INTEREST	60000.00	Automatic profit from RBB B200 investment	COMPLETED	BALANCE	\N	\N	\N	\N	2025-12-23 11:45:47.483338+07	3	\N	\N	32
1061	AUTO-20251223114547-8F51BC	INTEREST	60000.00	Automatic profit from RBB B200 investment	COMPLETED	BALANCE	\N	\N	\N	\N	2025-12-23 11:45:47.492746+07	3	\N	\N	2
1062	AUTO-20251223114547-1F950E	INTEREST	140000.00	Automatic profit from RBB B300 investment	COMPLETED	BALANCE	\N	\N	\N	\N	2025-12-23 11:45:47.50163+07	5	\N	\N	2
1063	AUTO-20251223114547-FFA5EA	INTEREST	94000.00	Automatic profit from RBR A300 investment	COMPLETED	BALANCE	\N	\N	\N	\N	2025-12-23 11:45:47.512133+07	4	\N	\N	2
1064	AUTO-20251223114547-14E8DE	INTEREST	9000.00	Automatic profit from RBR A100 investment	COMPLETED	BALANCE	\N	\N	\N	\N	2025-12-23 11:45:47.522237+07	36	\N	\N	30
1065	AUTO-20251223114547-AA4C83	INTEREST	9000.00	Automatic profit from RBR A100 investment	COMPLETED	BALANCE	\N	\N	\N	\N	2025-12-23 11:45:47.535246+07	36	\N	\N	29
1066	AUTO-20251223114547-9724B1	INTEREST	9000.00	Automatic profit from RBR A100 investment	COMPLETED	BALANCE	\N	\N	\N	\N	2025-12-23 11:45:47.584389+07	36	\N	\N	28
1067	AUTO-20251223114547-5CC9F9	INTEREST	9000.00	Automatic profit from RBR A100 investment	COMPLETED	BALANCE	\N	\N	\N	\N	2025-12-23 11:45:47.596494+07	36	\N	\N	26
1068	AUTO-20251223114547-93AD65	INTEREST	9000.00	Automatic profit from RBR A100 investment	COMPLETED	BALANCE	\N	\N	\N	\N	2025-12-23 11:45:47.610604+07	36	\N	\N	25
1069	AUTO-20251223114547-8268C0	INTEREST	9000.00	Automatic profit from RBR A100 investment	COMPLETED	BALANCE	\N	\N	\N	\N	2025-12-23 11:45:47.624357+07	36	\N	\N	24
1070	AUTO-20251223114547-1A86A3	INTEREST	9000.00	Automatic profit from RBR A100 investment	COMPLETED	BALANCE	\N	\N	\N	\N	2025-12-23 11:45:47.637271+07	36	\N	\N	19
1071	AUTO-20251223114547-353186	INTEREST	9000.00	Automatic profit from RBR A100 investment	COMPLETED	BALANCE	\N	\N	\N	\N	2025-12-23 11:45:47.649796+07	36	\N	\N	18
1072	AUTO-20251223114547-E49CD0	INTEREST	9000.00	Automatic profit from RBR A100 investment	COMPLETED	BALANCE	\N	\N	\N	\N	2025-12-23 11:45:47.660633+07	36	\N	\N	16
1073	AUTO-20251223114547-E8DE99	INTEREST	9000.00	Automatic profit from RBR A100 investment	COMPLETED	BALANCE	\N	\N	\N	\N	2025-12-23 11:45:47.672518+07	36	\N	\N	17
1074	AUTO-20251223114547-C89BB9	INTEREST	20000.00	Automatic profit from RBB B100 investment	COMPLETED	BALANCE	\N	\N	\N	\N	2025-12-23 11:45:47.684765+07	1	\N	\N	14
1075	AUTO-20251223114547-BB876B	INTEREST	9000.00	Automatic profit from RBR A100 investment	COMPLETED	BALANCE	\N	\N	\N	\N	2025-12-23 11:45:47.692937+07	36	\N	\N	14
1076	AUTO-20251223114547-A5D6AB	INTEREST	36000.00	Automatic profit from RBR A200 investment	COMPLETED	BALANCE	\N	\N	\N	\N	2025-12-23 11:45:47.704192+07	2	\N	\N	9
1077	AUTO-20251223114547-2BE680	INTEREST	20000.00	Automatic profit from RBB B100 investment	COMPLETED	BALANCE	\N	\N	\N	\N	2025-12-23 11:45:47.712877+07	1	\N	\N	9
1078	AUTO-20251223114547-B818E7	INTEREST	9000.00	Automatic profit from RBR A100 investment	COMPLETED	BALANCE	\N	\N	\N	\N	2025-12-23 11:45:47.721882+07	36	\N	\N	9
1079	AUTO-20251223114547-A4CD86	INTEREST	9000.00	Automatic profit from RBR A100 investment	COMPLETED	BALANCE	\N	\N	\N	\N	2025-12-23 11:45:47.729889+07	36	\N	\N	11
1080	AUTO-20251223114547-1570C4	INTEREST	9000.00	Automatic profit from RBR A100 investment	COMPLETED	BALANCE	\N	\N	\N	\N	2025-12-23 11:45:47.740727+07	36	\N	\N	10
1081	AUTO-20251223114547-48233C	INTEREST	300000.00	Automatic profit from RBR A400 investment	COMPLETED	BALANCE	\N	\N	\N	\N	2025-12-23 11:45:47.752367+07	6	\N	\N	2
1082	AUTO-20251223114547-914E26	INTEREST	520000.00	Automatic profit from RBB B400 investment	COMPLETED	BALANCE	\N	\N	\N	\N	2025-12-23 11:45:47.762378+07	7	\N	\N	2
1083	AUTO-20251223114547-55FB48	INTEREST	4680.00	Automatic profit from RBR A100 investment	COMPLETED	BALANCE	\N	\N	\N	\N	2025-12-23 11:45:47.772341+07	36	\N	\N	4
1084	AUTO-20251223114547-3C2935	INTEREST	4680.00	Automatic profit from RBR A100 investment	COMPLETED	BALANCE	\N	\N	\N	\N	2025-12-23 11:45:47.780818+07	36	\N	\N	7
1085	AUTO-20251223114547-C8AE83	INTEREST	4680.00	Automatic profit from RBR A100 investment	COMPLETED	BALANCE	\N	\N	\N	\N	2025-12-23 11:45:47.791792+07	36	\N	\N	6
1086	AUTO-20251223114547-24CB64	INTEREST	4680.00	Automatic profit from RBR A100 investment	COMPLETED	BALANCE	\N	\N	\N	\N	2025-12-23 11:45:47.80198+07	36	\N	\N	5
1087	AUTO-20251223114547-A68E2C	INTEREST	4680.00	Automatic profit from RBR A100 investment	COMPLETED	BALANCE	\N	\N	\N	\N	2025-12-23 11:45:47.810685+07	36	\N	\N	3
1088	AUTO-20251223114547-5C0119	INTEREST	4680.00	Automatic profit from RBR A100 investment	COMPLETED	BALANCE	\N	\N	\N	\N	2025-12-23 11:45:47.818759+07	36	\N	\N	2
1312	DEP-20260111110234-135EC5	DEPOSIT	50000.00	Deposit via Jayapay (BALANCE_DEPOSIT)	FAILED	BALANCE_DEPOSIT	\N	\N	\N	\N	2026-01-11 11:02:34.240178+07	\N	\N	\N	2
1367	PUR-20260112004132-BF571B	INVESTMENTS	10000.00	Purchase Produk Test 01 (x1)	COMPLETED	BALANCE_DEPOSIT	1	\N	\N	\N	2026-01-12 07:41:32.52801+07	9	\N	\N	51
1368	REB-20260112004132-98E510	PURCHASE_COMMISSION	1000.00	Purchase rebate L1 from 83812591981 - Produk Test 01	COMPLETED	BALANCE	\N	1	\N	\N	2026-01-12 07:41:32.534173+07	9	1367	51	50
1383	PUR-20260112091729-16FE47	INVESTMENTS	115500.00	Purchase PowerVault AA (x1)	COMPLETED	BALANCE_DEPOSIT	1	\N	\N	\N	2026-01-12 16:17:29.760812+07	9	\N	\N	52
1384	PUR-20260112091735-005F3B	INVESTMENTS	115500.00	Purchase PowerVault AA (x1)	COMPLETED	BALANCE_DEPOSIT	1	\N	\N	\N	2026-01-12 16:17:35.606143+07	9	\N	\N	52
1385	CLM-20260112091745-24F184	INTEREST	4043.00	Profit claim from PowerVault AA investment	COMPLETED	BALANCE	\N	\N	\N	\N	2026-01-12 16:17:45.694951+07	9	\N	\N	52
1386	CLM-20260112091748-9EBDA0	INTEREST	4043.00	Profit claim from PowerVault AA investment	COMPLETED	BALANCE	\N	\N	\N	\N	2026-01-12 16:17:48.844337+07	9	\N	\N	52
1404	MSN-20260112154640-2-35	MISSIONS	50000.00	Mission reward: Ketika Anda sudah mencapai target seorang agen kerja, Anda dapat klaim penghasilan tetap 3 kali dalam satu bulan IDR 50.000 (x1)	COMPLETED	BALANCE	\N	\N	\N	\N	2026-01-12 22:46:40.878261+07	\N	\N	\N	2
1424	CLM-20260113035831-4D3516	INTEREST	4043.00	Profit claim from PowerVault AA investment	COMPLETED	BALANCE	\N	\N	\N	\N	2026-01-13 10:58:31.039587+07	9	\N	\N	56
1449	ATT-20260113042539-345BF4	ATTENDANCE	100.00	Daily attendance claim	COMPLETED	BALANCE	\N	\N	\N	\N	2026-01-13 11:25:39.184839+07	\N	\N	\N	58
1089	PUR-20251223212947-DE2CD3	INVESTMENTS	7500000.00	Purchase RBB B500 (x1)	COMPLETED	BALANCE_DEPOSIT	1	\N	\N	\N	2025-12-24 04:29:47.512402+07	9	\N	\N	2
1090	REB-20251223212947-2507ED	PURCHASE_COMMISSION	1800000.00	Purchase rebate L1 from 89595959595 - RBB B500	COMPLETED	BALANCE	\N	1	\N	\N	2025-12-24 04:29:47.551533+07	9	1089	2	1
1092	PUR-20251224012824-394008	INVESTMENTS	7500000.00	Purchase RBB B500 (x1)	COMPLETED	BALANCE_DEPOSIT	1	\N	\N	\N	2025-12-24 08:28:24.667693+07	9	\N	\N	2
1093	REB-20251224012824-3C2BBA	PURCHASE_COMMISSION	1800000.00	Purchase rebate L1 from 89595959595 - RBB B500	COMPLETED	BALANCE	\N	1	\N	\N	2025-12-24 08:28:24.707154+07	9	1092	2	1
1132	AUTO-20260107115346-2A04DF	INTEREST	1125000.00	Automatic profit from RBB B500 investment	COMPLETED	BALANCE	\N	\N	\N	\N	2026-01-07 18:53:46.94355+07	9	\N	\N	2
1133	AUTO-20260107115346-C5DEA7	INTEREST	1125000.00	Automatic profit from RBB B500 investment	COMPLETED	BALANCE	\N	\N	\N	\N	2026-01-07 18:53:46.97892+07	9	\N	\N	2
1134	AUTO-20260107115346-3C01C2	INTEREST	7500.00	Automatic profit from RBR A100 investment	COMPLETED	BALANCE	\N	\N	\N	\N	2026-01-07 18:53:46.987177+07	36	\N	\N	37
1135	AUTO-20260107115346-62A3A3	INTEREST	7500.00	Automatic profit from RBR A100 investment	COMPLETED	BALANCE	\N	\N	\N	\N	2026-01-07 18:53:46.9965+07	36	\N	\N	34
1136	AUTO-20260107115347-A9AEBA	INTEREST	7500.00	Automatic profit from RBR A100 investment	COMPLETED	BALANCE	\N	\N	\N	\N	2026-01-07 18:53:47.00675+07	36	\N	\N	34
1137	AUTO-20260107115347-E95F55	INTEREST	9000.00	Automatic profit from RBR A100 investment	COMPLETED	BALANCE	\N	\N	\N	\N	2026-01-07 18:53:47.017116+07	36	\N	\N	32
1138	AUTO-20260107115347-AA362A	INTEREST	20000.00	Automatic profit from RBB B100 investment	COMPLETED	BALANCE	\N	\N	\N	\N	2026-01-07 18:53:47.027068+07	1	\N	\N	2
1139	AUTO-20260107115347-64328C	INTEREST	9000.00	Automatic profit from RBR A100 investment	COMPLETED	BALANCE	\N	\N	\N	\N	2026-01-07 18:53:47.035719+07	36	\N	\N	33
1140	AUTO-20260107115347-F75BEC	INTEREST	94000.00	Automatic profit from RBR A300 investment	COMPLETED	BALANCE	\N	\N	\N	\N	2026-01-07 18:53:47.044409+07	4	\N	\N	32
1141	AUTO-20260107115347-EC27C4	INTEREST	60000.00	Automatic profit from RBB B200 investment	COMPLETED	BALANCE	\N	\N	\N	\N	2026-01-07 18:53:47.054191+07	3	\N	\N	32
1142	AUTO-20260107115347-70E1B0	INTEREST	60000.00	Automatic profit from RBB B200 investment	COMPLETED	BALANCE	\N	\N	\N	\N	2026-01-07 18:53:47.062138+07	3	\N	\N	2
1143	AUTO-20260107115347-73486A	INTEREST	140000.00	Automatic profit from RBB B300 investment	COMPLETED	BALANCE	\N	\N	\N	\N	2026-01-07 18:53:47.070316+07	5	\N	\N	2
1144	AUTO-20260107115347-5DF031	INTEREST	94000.00	Automatic profit from RBR A300 investment	COMPLETED	BALANCE	\N	\N	\N	\N	2026-01-07 18:53:47.076987+07	4	\N	\N	2
1145	AUTO-20260107115347-D03ADC	INTEREST	9000.00	Automatic profit from RBR A100 investment	COMPLETED	BALANCE	\N	\N	\N	\N	2026-01-07 18:53:47.083158+07	36	\N	\N	30
1146	AUTO-20260107115347-CE7DBB	INTEREST	9000.00	Automatic profit from RBR A100 investment	COMPLETED	BALANCE	\N	\N	\N	\N	2026-01-07 18:53:47.094003+07	36	\N	\N	29
1147	AUTO-20260107115347-E3EE23	INTEREST	9000.00	Automatic profit from RBR A100 investment	COMPLETED	BALANCE	\N	\N	\N	\N	2026-01-07 18:53:47.105864+07	36	\N	\N	28
1148	AUTO-20260107115347-4C6D34	INTEREST	9000.00	Automatic profit from RBR A100 investment	COMPLETED	BALANCE	\N	\N	\N	\N	2026-01-07 18:53:47.117681+07	36	\N	\N	26
1149	AUTO-20260107115347-E14D8F	INTEREST	9000.00	Automatic profit from RBR A100 investment	COMPLETED	BALANCE	\N	\N	\N	\N	2026-01-07 18:53:47.127225+07	36	\N	\N	25
1150	AUTO-20260107115347-475D84	INTEREST	9000.00	Automatic profit from RBR A100 investment	COMPLETED	BALANCE	\N	\N	\N	\N	2026-01-07 18:53:47.138033+07	36	\N	\N	24
1151	AUTO-20260107115347-57FFE5	INTEREST	9000.00	Automatic profit from RBR A100 investment	COMPLETED	BALANCE	\N	\N	\N	\N	2026-01-07 18:53:47.14884+07	36	\N	\N	19
1152	AUTO-20260107115347-589271	INTEREST	9000.00	Automatic profit from RBR A100 investment	COMPLETED	BALANCE	\N	\N	\N	\N	2026-01-07 18:53:47.157574+07	36	\N	\N	18
1153	AUTO-20260107115347-27DED7	INTEREST	9000.00	Automatic profit from RBR A100 investment	COMPLETED	BALANCE	\N	\N	\N	\N	2026-01-07 18:53:47.166261+07	36	\N	\N	16
1154	AUTO-20260107115347-F3778B	INTEREST	9000.00	Automatic profit from RBR A100 investment	COMPLETED	BALANCE	\N	\N	\N	\N	2026-01-07 18:53:47.175892+07	36	\N	\N	17
1155	AUTO-20260107115347-5C2794	INTEREST	20000.00	Automatic profit from RBB B100 investment	COMPLETED	BALANCE	\N	\N	\N	\N	2026-01-07 18:53:47.188249+07	1	\N	\N	14
1156	AUTO-20260107115347-2A9FCA	INTEREST	9000.00	Automatic profit from RBR A100 investment	COMPLETED	BALANCE	\N	\N	\N	\N	2026-01-07 18:53:47.197444+07	36	\N	\N	14
1157	AUTO-20260107115347-1BBBCB	INTEREST	36000.00	Automatic profit from RBR A200 investment	COMPLETED	BALANCE	\N	\N	\N	\N	2026-01-07 18:53:47.207085+07	2	\N	\N	9
1158	AUTO-20260107115347-77A4EF	INTEREST	20000.00	Automatic profit from RBB B100 investment	COMPLETED	BALANCE	\N	\N	\N	\N	2026-01-07 18:53:47.214826+07	1	\N	\N	9
1159	AUTO-20260107115347-8659AF	INTEREST	9000.00	Automatic profit from RBR A100 investment	COMPLETED	BALANCE	\N	\N	\N	\N	2026-01-07 18:53:47.224638+07	36	\N	\N	9
1160	AUTO-20260107115347-6D48F8	INTEREST	9000.00	Automatic profit from RBR A100 investment	COMPLETED	BALANCE	\N	\N	\N	\N	2026-01-07 18:53:47.23285+07	36	\N	\N	11
1161	AUTO-20260107115347-A5001E	INTEREST	9000.00	Automatic profit from RBR A100 investment	COMPLETED	BALANCE	\N	\N	\N	\N	2026-01-07 18:53:47.24211+07	36	\N	\N	10
1162	AUTO-20260107115347-C74F14	INTEREST	300000.00	Automatic profit from RBR A400 investment	COMPLETED	BALANCE	\N	\N	\N	\N	2026-01-07 18:53:47.251424+07	6	\N	\N	2
1163	AUTO-20260107115347-E8D3CE	INTEREST	520000.00	Automatic profit from RBB B400 investment	COMPLETED	BALANCE	\N	\N	\N	\N	2026-01-07 18:53:47.25909+07	7	\N	\N	2
1164	AUTO-20260107115347-5B5874	INTEREST	4680.00	Automatic profit from RBR A100 investment	COMPLETED	BALANCE	\N	\N	\N	\N	2026-01-07 18:53:47.266377+07	36	\N	\N	4
1165	AUTO-20260107115347-DA44C0	INTEREST	4680.00	Automatic profit from RBR A100 investment	COMPLETED	BALANCE	\N	\N	\N	\N	2026-01-07 18:53:47.275596+07	36	\N	\N	7
1166	AUTO-20260107115347-67FFFC	INTEREST	4680.00	Automatic profit from RBR A100 investment	COMPLETED	BALANCE	\N	\N	\N	\N	2026-01-07 18:53:47.286417+07	36	\N	\N	6
1167	AUTO-20260107115347-67D371	INTEREST	4680.00	Automatic profit from RBR A100 investment	COMPLETED	BALANCE	\N	\N	\N	\N	2026-01-07 18:53:47.29715+07	36	\N	\N	5
1168	AUTO-20260107115347-3A7F83	INTEREST	4680.00	Automatic profit from RBR A100 investment	COMPLETED	BALANCE	\N	\N	\N	\N	2026-01-07 18:53:47.307975+07	36	\N	\N	3
1169	AUTO-20260107115347-D5C530	INTEREST	4680.00	Automatic profit from RBR A100 investment	COMPLETED	BALANCE	\N	\N	\N	\N	2026-01-07 18:53:47.315738+07	36	\N	\N	2
933	WD-CD4E534FB0	WITHDRAW	700000.00	Withdrawal request	COMPLETED	BALANCE	\N	\N	\N	\N	2025-12-06 23:59:23.87113+07	\N	\N	\N	2
1369	CLM-20260112004354-D39270	INTEREST	1000.00	Profit claim from Produk Test 01 investment	COMPLETED	BALANCE	\N	\N	\N	\N	2026-01-12 07:43:54.788076+07	9	\N	\N	51
1387	ATT-20260112092620-ED1EA6	ATTENDANCE	100.00	Daily attendance claim	COMPLETED	BALANCE	\N	\N	\N	\N	2026-01-12 16:26:20.450329+07	\N	\N	\N	52
1405	ATT-20260113013421-E7C863	ATTENDANCE	200.00	Daily attendance claim	COMPLETED	BALANCE	\N	\N	\N	\N	2026-01-13 08:34:21.648408+07	\N	\N	\N	53
1406	CLM-20260113013429-FCD759	INTEREST	4043.00	Profit claim from PowerVault AA investment	COMPLETED	BALANCE	\N	\N	\N	\N	2026-01-13 08:34:29.466366+07	9	\N	\N	53
1091	ATT-20251223220514-3B4CB0	ATTENDANCE	1000.00	Daily attendance claim	COMPLETED	BALANCE	\N	\N	\N	\N	2025-12-24 05:05:14.213931+07	\N	\N	\N	2
1094	AUTO-20251224222115-0051C9	INTEREST	7500.00	Automatic profit from RBR A100 investment	COMPLETED	BALANCE	\N	\N	\N	\N	2025-12-24 22:21:15.141784+07	36	\N	\N	37
1095	AUTO-20251224222115-CD9C2F	INTEREST	7500.00	Automatic profit from RBR A100 investment	COMPLETED	BALANCE	\N	\N	\N	\N	2025-12-24 22:21:15.184026+07	36	\N	\N	34
1096	AUTO-20251224222115-DF7FCA	INTEREST	7500.00	Automatic profit from RBR A100 investment	COMPLETED	BALANCE	\N	\N	\N	\N	2025-12-24 22:21:15.199261+07	36	\N	\N	34
1097	AUTO-20251224222115-7018D9	INTEREST	9000.00	Automatic profit from RBR A100 investment	COMPLETED	BALANCE	\N	\N	\N	\N	2025-12-24 22:21:15.211351+07	36	\N	\N	32
1098	AUTO-20251224222115-7B7E34	INTEREST	20000.00	Automatic profit from RBB B100 investment	COMPLETED	BALANCE	\N	\N	\N	\N	2025-12-24 22:21:15.220828+07	1	\N	\N	2
1099	AUTO-20251224222115-E2B9B8	INTEREST	9000.00	Automatic profit from RBR A100 investment	COMPLETED	BALANCE	\N	\N	\N	\N	2025-12-24 22:21:15.232921+07	36	\N	\N	33
1100	AUTO-20251224222115-1C26AE	INTEREST	94000.00	Automatic profit from RBR A300 investment	COMPLETED	BALANCE	\N	\N	\N	\N	2025-12-24 22:21:15.248934+07	4	\N	\N	32
1101	AUTO-20251224222115-13DDCB	INTEREST	60000.00	Automatic profit from RBB B200 investment	COMPLETED	BALANCE	\N	\N	\N	\N	2025-12-24 22:21:15.262443+07	3	\N	\N	32
1102	AUTO-20251224222115-9D2439	INTEREST	60000.00	Automatic profit from RBB B200 investment	COMPLETED	BALANCE	\N	\N	\N	\N	2025-12-24 22:21:15.273094+07	3	\N	\N	2
1103	AUTO-20251224222115-B9881D	INTEREST	140000.00	Automatic profit from RBB B300 investment	COMPLETED	BALANCE	\N	\N	\N	\N	2025-12-24 22:21:15.285848+07	5	\N	\N	2
1104	AUTO-20251224222115-FA3E07	INTEREST	94000.00	Automatic profit from RBR A300 investment	COMPLETED	BALANCE	\N	\N	\N	\N	2025-12-24 22:21:15.299634+07	4	\N	\N	2
1105	AUTO-20251224222115-026397	INTEREST	9000.00	Automatic profit from RBR A100 investment	COMPLETED	BALANCE	\N	\N	\N	\N	2025-12-24 22:21:15.306868+07	36	\N	\N	30
1106	AUTO-20251224222115-5C5A5C	INTEREST	9000.00	Automatic profit from RBR A100 investment	COMPLETED	BALANCE	\N	\N	\N	\N	2025-12-24 22:21:15.31411+07	36	\N	\N	29
1107	AUTO-20251224222115-EF9DED	INTEREST	9000.00	Automatic profit from RBR A100 investment	COMPLETED	BALANCE	\N	\N	\N	\N	2025-12-24 22:21:15.331311+07	36	\N	\N	28
1108	AUTO-20251224222115-B36221	INTEREST	9000.00	Automatic profit from RBR A100 investment	COMPLETED	BALANCE	\N	\N	\N	\N	2025-12-24 22:21:15.347286+07	36	\N	\N	26
1109	AUTO-20251224222115-B40F56	INTEREST	9000.00	Automatic profit from RBR A100 investment	COMPLETED	BALANCE	\N	\N	\N	\N	2025-12-24 22:21:15.361402+07	36	\N	\N	25
1110	AUTO-20251224222115-4B2BDF	INTEREST	9000.00	Automatic profit from RBR A100 investment	COMPLETED	BALANCE	\N	\N	\N	\N	2025-12-24 22:21:15.364571+07	36	\N	\N	24
1111	AUTO-20251224222115-C90F41	INTEREST	9000.00	Automatic profit from RBR A100 investment	COMPLETED	BALANCE	\N	\N	\N	\N	2025-12-24 22:21:15.379885+07	36	\N	\N	19
1112	AUTO-20251224222115-CB24BB	INTEREST	9000.00	Automatic profit from RBR A100 investment	COMPLETED	BALANCE	\N	\N	\N	\N	2025-12-24 22:21:15.395622+07	36	\N	\N	18
1113	AUTO-20251224222115-DDCF40	INTEREST	9000.00	Automatic profit from RBR A100 investment	COMPLETED	BALANCE	\N	\N	\N	\N	2025-12-24 22:21:15.395622+07	36	\N	\N	16
1114	AUTO-20251224222115-5885D3	INTEREST	9000.00	Automatic profit from RBR A100 investment	COMPLETED	BALANCE	\N	\N	\N	\N	2025-12-24 22:21:15.41387+07	36	\N	\N	17
1115	AUTO-20251224222115-4A36E0	INTEREST	20000.00	Automatic profit from RBB B100 investment	COMPLETED	BALANCE	\N	\N	\N	\N	2025-12-24 22:21:15.428084+07	1	\N	\N	14
1116	AUTO-20251224222115-300303	INTEREST	9000.00	Automatic profit from RBR A100 investment	COMPLETED	BALANCE	\N	\N	\N	\N	2025-12-24 22:21:15.429151+07	36	\N	\N	14
1117	AUTO-20251224222115-4E574B	INTEREST	36000.00	Automatic profit from RBR A200 investment	COMPLETED	BALANCE	\N	\N	\N	\N	2025-12-24 22:21:15.447479+07	2	\N	\N	9
1118	AUTO-20251224222115-F3E2B7	INTEREST	20000.00	Automatic profit from RBB B100 investment	COMPLETED	BALANCE	\N	\N	\N	\N	2025-12-24 22:21:15.456307+07	1	\N	\N	9
1119	AUTO-20251224222115-0E763C	INTEREST	9000.00	Automatic profit from RBR A100 investment	COMPLETED	BALANCE	\N	\N	\N	\N	2025-12-24 22:21:15.462479+07	36	\N	\N	9
1120	AUTO-20251224222115-CD33E3	INTEREST	9000.00	Automatic profit from RBR A100 investment	COMPLETED	BALANCE	\N	\N	\N	\N	2025-12-24 22:21:15.474983+07	36	\N	\N	11
1121	AUTO-20251224222115-466537	INTEREST	9000.00	Automatic profit from RBR A100 investment	COMPLETED	BALANCE	\N	\N	\N	\N	2025-12-24 22:21:15.481377+07	36	\N	\N	10
1122	AUTO-20251224222115-978178	INTEREST	300000.00	Automatic profit from RBR A400 investment	COMPLETED	BALANCE	\N	\N	\N	\N	2025-12-24 22:21:15.495767+07	6	\N	\N	2
1123	AUTO-20251224222115-76D036	INTEREST	520000.00	Automatic profit from RBB B400 investment	COMPLETED	BALANCE	\N	\N	\N	\N	2025-12-24 22:21:15.495767+07	7	\N	\N	2
1124	AUTO-20251224222115-707861	INTEREST	4680.00	Automatic profit from RBR A100 investment	COMPLETED	BALANCE	\N	\N	\N	\N	2025-12-24 22:21:15.512096+07	36	\N	\N	4
1125	AUTO-20251224222115-91DDB6	INTEREST	4680.00	Automatic profit from RBR A100 investment	COMPLETED	BALANCE	\N	\N	\N	\N	2025-12-24 22:21:15.519709+07	36	\N	\N	7
1126	AUTO-20251224222115-E66C3B	INTEREST	4680.00	Automatic profit from RBR A100 investment	COMPLETED	BALANCE	\N	\N	\N	\N	2025-12-24 22:21:15.529213+07	36	\N	\N	6
1127	AUTO-20251224222115-B7CE68	INTEREST	4680.00	Automatic profit from RBR A100 investment	COMPLETED	BALANCE	\N	\N	\N	\N	2025-12-24 22:21:15.543288+07	36	\N	\N	5
1128	AUTO-20251224222115-CF00A4	INTEREST	4680.00	Automatic profit from RBR A100 investment	COMPLETED	BALANCE	\N	\N	\N	\N	2025-12-24 22:21:15.545375+07	36	\N	\N	3
1129	AUTO-20251224222115-3CD10C	INTEREST	4680.00	Automatic profit from RBR A100 investment	COMPLETED	BALANCE	\N	\N	\N	\N	2025-12-24 22:21:15.562579+07	36	\N	\N	2
1170	AUTO-20260108204737-C3F3C2	INTEREST	1125000.00	Automatic profit from RBB B500 investment	COMPLETED	BALANCE	\N	\N	\N	\N	2026-01-08 20:47:37.151465+07	9	\N	\N	2
1171	AUTO-20260108204737-221E4F	INTEREST	1125000.00	Automatic profit from RBB B500 investment	COMPLETED	BALANCE	\N	\N	\N	\N	2026-01-08 20:47:37.178614+07	9	\N	\N	2
1172	AUTO-20260108204737-1D1213	INTEREST	7500.00	Automatic profit from RBR A100 investment	COMPLETED	BALANCE	\N	\N	\N	\N	2026-01-08 20:47:37.187675+07	36	\N	\N	37
1173	AUTO-20260108204737-0FFFF4	INTEREST	7500.00	Automatic profit from RBR A100 investment	COMPLETED	BALANCE	\N	\N	\N	\N	2026-01-08 20:47:37.198342+07	36	\N	\N	34
1174	AUTO-20260108204737-ECA594	INTEREST	7500.00	Automatic profit from RBR A100 investment	COMPLETED	BALANCE	\N	\N	\N	\N	2026-01-08 20:47:37.225198+07	36	\N	\N	34
1175	AUTO-20260108204737-D74100	INTEREST	9000.00	Automatic profit from RBR A100 investment	COMPLETED	BALANCE	\N	\N	\N	\N	2026-01-08 20:47:37.236821+07	36	\N	\N	32
1176	AUTO-20260108204737-1E734E	INTEREST	20000.00	Automatic profit from RBB B100 investment	COMPLETED	BALANCE	\N	\N	\N	\N	2026-01-08 20:47:37.248871+07	1	\N	\N	2
1177	AUTO-20260108204737-7B226E	INTEREST	9000.00	Automatic profit from RBR A100 investment	COMPLETED	BALANCE	\N	\N	\N	\N	2026-01-08 20:47:37.256301+07	36	\N	\N	33
1178	AUTO-20260108204737-213B2C	INTEREST	94000.00	Automatic profit from RBR A300 investment	COMPLETED	BALANCE	\N	\N	\N	\N	2026-01-08 20:47:37.265013+07	4	\N	\N	32
1179	AUTO-20260108204737-B829FB	INTEREST	60000.00	Automatic profit from RBB B200 investment	COMPLETED	BALANCE	\N	\N	\N	\N	2026-01-08 20:47:37.272966+07	3	\N	\N	32
1130	AUTO-20251225065107-9B950B	INTEREST	1125000.00	Automatic profit from RBB B500 investment	COMPLETED	BALANCE	\N	\N	\N	\N	2025-12-25 06:51:07.861205+07	9	\N	\N	2
1180	AUTO-20260108204737-228255	INTEREST	60000.00	Automatic profit from RBB B200 investment	COMPLETED	BALANCE	\N	\N	\N	\N	2026-01-08 20:47:37.282801+07	3	\N	\N	2
1181	AUTO-20260108204737-C6D550	INTEREST	140000.00	Automatic profit from RBB B300 investment	COMPLETED	BALANCE	\N	\N	\N	\N	2026-01-08 20:47:37.290137+07	5	\N	\N	2
1182	AUTO-20260108204737-D21011	INTEREST	94000.00	Automatic profit from RBR A300 investment	COMPLETED	BALANCE	\N	\N	\N	\N	2026-01-08 20:47:37.296997+07	4	\N	\N	2
1183	AUTO-20260108204737-0FCFD7	INTEREST	9000.00	Automatic profit from RBR A100 investment	COMPLETED	BALANCE	\N	\N	\N	\N	2026-01-08 20:47:37.3052+07	36	\N	\N	30
1184	AUTO-20260108204737-56D771	INTEREST	9000.00	Automatic profit from RBR A100 investment	COMPLETED	BALANCE	\N	\N	\N	\N	2026-01-08 20:47:37.345975+07	36	\N	\N	29
1185	AUTO-20260108204737-450BB1	INTEREST	9000.00	Automatic profit from RBR A100 investment	COMPLETED	BALANCE	\N	\N	\N	\N	2026-01-08 20:47:37.357276+07	36	\N	\N	28
1186	AUTO-20260108204737-C61BAF	INTEREST	9000.00	Automatic profit from RBR A100 investment	COMPLETED	BALANCE	\N	\N	\N	\N	2026-01-08 20:47:37.367726+07	36	\N	\N	26
1187	AUTO-20260108204737-001465	INTEREST	9000.00	Automatic profit from RBR A100 investment	COMPLETED	BALANCE	\N	\N	\N	\N	2026-01-08 20:47:37.380633+07	36	\N	\N	25
1188	AUTO-20260108204737-AC6691	INTEREST	9000.00	Automatic profit from RBR A100 investment	COMPLETED	BALANCE	\N	\N	\N	\N	2026-01-08 20:47:37.393101+07	36	\N	\N	24
1189	AUTO-20260108204737-1F3AFA	INTEREST	9000.00	Automatic profit from RBR A100 investment	COMPLETED	BALANCE	\N	\N	\N	\N	2026-01-08 20:47:37.404864+07	36	\N	\N	19
1190	AUTO-20260108204737-49C489	INTEREST	9000.00	Automatic profit from RBR A100 investment	COMPLETED	BALANCE	\N	\N	\N	\N	2026-01-08 20:47:37.416165+07	36	\N	\N	18
1191	AUTO-20260108204737-20FC64	INTEREST	9000.00	Automatic profit from RBR A100 investment	COMPLETED	BALANCE	\N	\N	\N	\N	2026-01-08 20:47:37.430535+07	36	\N	\N	16
1192	AUTO-20260108204737-24F9BC	INTEREST	9000.00	Automatic profit from RBR A100 investment	COMPLETED	BALANCE	\N	\N	\N	\N	2026-01-08 20:47:37.441104+07	36	\N	\N	17
1193	AUTO-20260108204737-7B95A5	INTEREST	20000.00	Automatic profit from RBB B100 investment	COMPLETED	BALANCE	\N	\N	\N	\N	2026-01-08 20:47:37.452007+07	1	\N	\N	14
1194	AUTO-20260108204737-AF705F	INTEREST	9000.00	Automatic profit from RBR A100 investment	COMPLETED	BALANCE	\N	\N	\N	\N	2026-01-08 20:47:37.463333+07	36	\N	\N	14
1195	AUTO-20260108204737-193059	INTEREST	36000.00	Automatic profit from RBR A200 investment	COMPLETED	BALANCE	\N	\N	\N	\N	2026-01-08 20:47:37.475128+07	2	\N	\N	9
1196	AUTO-20260108204737-5E729D	INTEREST	20000.00	Automatic profit from RBB B100 investment	COMPLETED	BALANCE	\N	\N	\N	\N	2026-01-08 20:47:37.486178+07	1	\N	\N	9
1197	AUTO-20260108204737-CE091C	INTEREST	9000.00	Automatic profit from RBR A100 investment	COMPLETED	BALANCE	\N	\N	\N	\N	2026-01-08 20:47:37.49868+07	36	\N	\N	9
1198	AUTO-20260108204737-66AD49	INTEREST	9000.00	Automatic profit from RBR A100 investment	COMPLETED	BALANCE	\N	\N	\N	\N	2026-01-08 20:47:37.50924+07	36	\N	\N	11
1199	AUTO-20260108204737-67DFFD	INTEREST	9000.00	Automatic profit from RBR A100 investment	COMPLETED	BALANCE	\N	\N	\N	\N	2026-01-08 20:47:37.520224+07	36	\N	\N	10
1200	AUTO-20260108204737-7F190B	INTEREST	300000.00	Automatic profit from RBR A400 investment	COMPLETED	BALANCE	\N	\N	\N	\N	2026-01-08 20:47:37.530386+07	6	\N	\N	2
1201	AUTO-20260108204737-06A221	INTEREST	520000.00	Automatic profit from RBB B400 investment	COMPLETED	BALANCE	\N	\N	\N	\N	2026-01-08 20:47:37.540851+07	7	\N	\N	2
1202	AUTO-20260108204737-858E12	INTEREST	4680.00	Automatic profit from RBR A100 investment	COMPLETED	BALANCE	\N	\N	\N	\N	2026-01-08 20:47:37.549485+07	36	\N	\N	4
1203	AUTO-20260108204737-5BEB73	INTEREST	4680.00	Automatic profit from RBR A100 investment	COMPLETED	BALANCE	\N	\N	\N	\N	2026-01-08 20:47:37.55993+07	36	\N	\N	7
1204	AUTO-20260108204737-4813F3	INTEREST	4680.00	Automatic profit from RBR A100 investment	COMPLETED	BALANCE	\N	\N	\N	\N	2026-01-08 20:47:37.572523+07	36	\N	\N	6
1205	AUTO-20260108204737-9F8533	INTEREST	4680.00	Automatic profit from RBR A100 investment	COMPLETED	BALANCE	\N	\N	\N	\N	2026-01-08 20:47:37.582812+07	36	\N	\N	5
1206	AUTO-20260108204737-8B2BC7	INTEREST	4680.00	Automatic profit from RBR A100 investment	COMPLETED	BALANCE	\N	\N	\N	\N	2026-01-08 20:47:37.598846+07	36	\N	\N	3
1207	AUTO-20260108204737-406FF6	INTEREST	4680.00	Automatic profit from RBR A100 investment	COMPLETED	BALANCE	\N	\N	\N	\N	2026-01-08 20:47:37.607953+07	36	\N	\N	2
1313	AUTO-20260111184148-994C8F	INTEREST	7500.00	Automatic profit from RBR A100 investment	COMPLETED	BALANCE	\N	\N	\N	\N	2026-01-11 18:41:48.856198+07	36	\N	\N	2
1314	AUTO-20260111184148-BB3FEE	INTEREST	7500.00	Automatic profit from RBR A100 investment	COMPLETED	BALANCE	\N	\N	\N	\N	2026-01-11 18:41:48.879269+07	36	\N	\N	2
1315	AUTO-20260111184148-B1B24B	INTEREST	7500.00	Automatic profit from RBR A100 investment	COMPLETED	BALANCE	\N	\N	\N	\N	2026-01-11 18:41:48.888063+07	36	\N	\N	2
1316	AUTO-20260111184148-4FB59E	INTEREST	7500.00	Automatic profit from RBR A100 investment	COMPLETED	BALANCE	\N	\N	\N	\N	2026-01-11 18:41:48.89575+07	36	\N	\N	2
1370	CLM-20260112004405-629F51	INTEREST	1000.00	Profit claim from Produk Test 01 investment	COMPLETED	BALANCE	\N	\N	\N	\N	2026-01-12 07:44:05.564841+07	9	\N	\N	51
1388	VCH-20260112162648-8786FA	VOUCHER	10000.00	Voucher claim 123456	COMPLETED	BALANCE	\N	\N	4	123456	2026-01-12 16:26:48.7158+07	\N	\N	\N	52
1407	CLM-20260113013431-B5911D	INTEREST	4043.00	Profit claim from PowerVault AA investment	COMPLETED	BALANCE	\N	\N	\N	\N	2026-01-13 08:34:31.53885+07	9	\N	\N	53
1425	ADM-BALANCE_DEPOSIT-56-1768276953	CREDIT	115500.00	Admin increased balance_deposit by 115500	COMPLETED	BALANCE_DEPOSIT	\N	\N	\N	\N	2026-01-13 11:02:33.32363+07	\N	\N	\N	56
1450	VCH-20260113112601-B66F56	VOUCHER	10000.00	Voucher claim 123456	COMPLETED	BALANCE	\N	\N	4	123456	2026-01-13 11:26:01.116982+07	\N	\N	\N	58
1496	ADM-BALANCE_DEPOSIT-62-1768279873	CREDIT	115500.00	Admin increased balance_deposit by 115500	COMPLETED	BALANCE_DEPOSIT	\N	\N	\N	\N	2026-01-13 11:51:13.327905+07	\N	\N	\N	62
1497	PUR-20260113045129-64124E	INVESTMENTS	115500.00	Purchase PowerVault AA (x1)	COMPLETED	BALANCE_DEPOSIT	1	\N	\N	\N	2026-01-13 11:51:29.045553+07	9	\N	\N	62
1498	REB-20260113045129-36EB4E	PURCHASE_COMMISSION	11550.00	Purchase rebate L1 from 8111333111 - PowerVault AA	COMPLETED	BALANCE	\N	1	\N	\N	2026-01-13 11:51:29.051658+07	9	1497	62	55
1499	REB-20260113045129-2402F9	PURCHASE_COMMISSION	1155.00	Purchase rebate L2 from 8111333111 - PowerVault AA	COMPLETED	BALANCE	\N	2	\N	\N	2026-01-13 11:51:29.053678+07	9	1497	62	54
1500	REB-20260113045129-E98910	PURCHASE_COMMISSION	1155.00	Purchase rebate L3 from 8111333111 - PowerVault AA	COMPLETED	BALANCE	\N	3	\N	\N	2026-01-13 11:51:29.054683+07	9	1497	62	53
1518	WDREF-14BF9F3156	REJECT	100000.00	Withdrawal rejected - refund	COMPLETED	BALANCE	\N	\N	\N	\N	2026-01-13 20:19:17.658858+07	\N	1517	\N	55
1519	WD-5F062E2AC1	WITHDRAW	100000.00	Withdrawal request	COMPLETED	BALANCE	\N	\N	\N	\N	2026-01-13 20:20:10.284615+07	\N	\N	\N	55
1131	AUTO-20251225083113-915EC6	INTEREST	1125000.00	Automatic profit from RBB B500 investment	COMPLETED	BALANCE	\N	\N	\N	\N	2025-12-25 08:31:13.240104+07	9	\N	\N	2
1208	AUTO-20260109205030-5A8ACE	INTEREST	1125000.00	Automatic profit from RBB B500 investment	COMPLETED	BALANCE	\N	\N	\N	\N	2026-01-09 20:50:30.096727+07	9	\N	\N	2
1209	AUTO-20260109205030-A0C405	INTEREST	1125000.00	Automatic profit from RBB B500 investment	COMPLETED	BALANCE	\N	\N	\N	\N	2026-01-09 20:50:30.138849+07	9	\N	\N	2
1210	AUTO-20260109205030-9EF766	INTEREST	7500.00	Automatic profit from RBR A100 investment	COMPLETED	BALANCE	\N	\N	\N	\N	2026-01-09 20:50:30.146484+07	36	\N	\N	37
1211	AUTO-20260109205030-C82E82	INTEREST	7500.00	Automatic profit from RBR A100 investment	COMPLETED	BALANCE	\N	\N	\N	\N	2026-01-09 20:50:30.157972+07	36	\N	\N	34
1212	AUTO-20260109205030-940F87	INTEREST	7500.00	Automatic profit from RBR A100 investment	COMPLETED	BALANCE	\N	\N	\N	\N	2026-01-09 20:50:30.1677+07	36	\N	\N	34
1213	AUTO-20260109205030-5880FA	INTEREST	9000.00	Automatic profit from RBR A100 investment	COMPLETED	BALANCE	\N	\N	\N	\N	2026-01-09 20:50:30.177897+07	36	\N	\N	32
1214	AUTO-20260109205030-EE195D	INTEREST	20000.00	Automatic profit from RBB B100 investment	COMPLETED	BALANCE	\N	\N	\N	\N	2026-01-09 20:50:30.18636+07	1	\N	\N	2
1215	AUTO-20260109205030-EB1B15	INTEREST	9000.00	Automatic profit from RBR A100 investment	COMPLETED	BALANCE	\N	\N	\N	\N	2026-01-09 20:50:30.194002+07	36	\N	\N	33
1216	AUTO-20260109205030-8099D9	INTEREST	94000.00	Automatic profit from RBR A300 investment	COMPLETED	BALANCE	\N	\N	\N	\N	2026-01-09 20:50:30.203258+07	4	\N	\N	32
1217	AUTO-20260109205030-9737A3	INTEREST	60000.00	Automatic profit from RBB B200 investment	COMPLETED	BALANCE	\N	\N	\N	\N	2026-01-09 20:50:30.212474+07	3	\N	\N	32
1218	AUTO-20260109205030-E73747	INTEREST	60000.00	Automatic profit from RBB B200 investment	COMPLETED	BALANCE	\N	\N	\N	\N	2026-01-09 20:50:30.223836+07	3	\N	\N	2
1219	AUTO-20260109205030-AD5F2B	INTEREST	140000.00	Automatic profit from RBB B300 investment	COMPLETED	BALANCE	\N	\N	\N	\N	2026-01-09 20:50:30.232517+07	5	\N	\N	2
1220	AUTO-20260109205030-9645D6	INTEREST	94000.00	Automatic profit from RBR A300 investment	COMPLETED	BALANCE	\N	\N	\N	\N	2026-01-09 20:50:30.24023+07	4	\N	\N	2
1221	AUTO-20260109205030-141C90	INTEREST	9000.00	Automatic profit from RBR A100 investment	COMPLETED	BALANCE	\N	\N	\N	\N	2026-01-09 20:50:30.250526+07	36	\N	\N	30
1222	AUTO-20260109205030-35766E	INTEREST	9000.00	Automatic profit from RBR A100 investment	COMPLETED	BALANCE	\N	\N	\N	\N	2026-01-09 20:50:30.260982+07	36	\N	\N	29
1223	AUTO-20260109205030-A6B0F1	INTEREST	9000.00	Automatic profit from RBR A100 investment	COMPLETED	BALANCE	\N	\N	\N	\N	2026-01-09 20:50:30.271878+07	36	\N	\N	28
1224	AUTO-20260109205030-72008B	INTEREST	9000.00	Automatic profit from RBR A100 investment	COMPLETED	BALANCE	\N	\N	\N	\N	2026-01-09 20:50:30.282635+07	36	\N	\N	26
1225	AUTO-20260109205030-AFFE7E	INTEREST	9000.00	Automatic profit from RBR A100 investment	COMPLETED	BALANCE	\N	\N	\N	\N	2026-01-09 20:50:30.294943+07	36	\N	\N	25
1226	AUTO-20260109205030-6AF7AF	INTEREST	9000.00	Automatic profit from RBR A100 investment	COMPLETED	BALANCE	\N	\N	\N	\N	2026-01-09 20:50:30.305756+07	36	\N	\N	24
1227	AUTO-20260109205030-E55145	INTEREST	9000.00	Automatic profit from RBR A100 investment	COMPLETED	BALANCE	\N	\N	\N	\N	2026-01-09 20:50:30.316596+07	36	\N	\N	19
1228	AUTO-20260109205030-4068FF	INTEREST	9000.00	Automatic profit from RBR A100 investment	COMPLETED	BALANCE	\N	\N	\N	\N	2026-01-09 20:50:30.326881+07	36	\N	\N	18
1229	AUTO-20260109205030-A5D0FA	INTEREST	9000.00	Automatic profit from RBR A100 investment	COMPLETED	BALANCE	\N	\N	\N	\N	2026-01-09 20:50:30.337186+07	36	\N	\N	16
1230	AUTO-20260109205030-4D9E31	INTEREST	9000.00	Automatic profit from RBR A100 investment	COMPLETED	BALANCE	\N	\N	\N	\N	2026-01-09 20:50:30.346424+07	36	\N	\N	17
1231	AUTO-20260109205030-67736D	INTEREST	20000.00	Automatic profit from RBB B100 investment	COMPLETED	BALANCE	\N	\N	\N	\N	2026-01-09 20:50:30.357156+07	1	\N	\N	14
1232	AUTO-20260109205030-A5E88B	INTEREST	9000.00	Automatic profit from RBR A100 investment	COMPLETED	BALANCE	\N	\N	\N	\N	2026-01-09 20:50:30.365942+07	36	\N	\N	14
1233	AUTO-20260109205030-699E25	INTEREST	36000.00	Automatic profit from RBR A200 investment	COMPLETED	BALANCE	\N	\N	\N	\N	2026-01-09 20:50:30.37622+07	2	\N	\N	9
1234	AUTO-20260109205030-9C7A5D	INTEREST	20000.00	Automatic profit from RBB B100 investment	COMPLETED	BALANCE	\N	\N	\N	\N	2026-01-09 20:50:30.383888+07	1	\N	\N	9
1235	AUTO-20260109205030-700EDA	INTEREST	9000.00	Automatic profit from RBR A100 investment	COMPLETED	BALANCE	\N	\N	\N	\N	2026-01-09 20:50:30.393076+07	36	\N	\N	9
1236	AUTO-20260109205030-C11C1C	INTEREST	9000.00	Automatic profit from RBR A100 investment	COMPLETED	BALANCE	\N	\N	\N	\N	2026-01-09 20:50:30.401886+07	36	\N	\N	11
1237	AUTO-20260109205030-092B59	INTEREST	9000.00	Automatic profit from RBR A100 investment	COMPLETED	BALANCE	\N	\N	\N	\N	2026-01-09 20:50:30.41215+07	36	\N	\N	10
1238	AUTO-20260109205030-F59C9A	INTEREST	300000.00	Automatic profit from RBR A400 investment	COMPLETED	BALANCE	\N	\N	\N	\N	2026-01-09 20:50:30.421361+07	6	\N	\N	2
1239	AUTO-20260109205030-3D1597	INTEREST	520000.00	Automatic profit from RBB B400 investment	COMPLETED	BALANCE	\N	\N	\N	\N	2026-01-09 20:50:30.430668+07	7	\N	\N	2
1240	AUTO-20260109205030-B55B41	INTEREST	4680.00	Automatic profit from RBR A100 investment	COMPLETED	BALANCE	\N	\N	\N	\N	2026-01-09 20:50:30.441506+07	36	\N	\N	4
1241	AUTO-20260109205030-0C1B72	INTEREST	4680.00	Automatic profit from RBR A100 investment	COMPLETED	BALANCE	\N	\N	\N	\N	2026-01-09 20:50:30.453508+07	36	\N	\N	7
1242	AUTO-20260109205030-D42FAF	INTEREST	4680.00	Automatic profit from RBR A100 investment	COMPLETED	BALANCE	\N	\N	\N	\N	2026-01-09 20:50:30.470885+07	36	\N	\N	6
1243	AUTO-20260109205030-826451	INTEREST	4680.00	Automatic profit from RBR A100 investment	COMPLETED	BALANCE	\N	\N	\N	\N	2026-01-09 20:50:30.484814+07	36	\N	\N	5
1244	AUTO-20260109205030-4A7666	INTEREST	4680.00	Automatic profit from RBR A100 investment	COMPLETED	BALANCE	\N	\N	\N	\N	2026-01-09 20:50:30.500457+07	36	\N	\N	3
1245	AUTO-20260109205030-1FCCB2	INTEREST	4680.00	Automatic profit from RBR A100 investment	COMPLETED	BALANCE	\N	\N	\N	\N	2026-01-09 20:50:30.515598+07	36	\N	\N	2
1317	PUR-20260111121556-2E27C3	INVESTMENTS	10000.00	Purchase Produk Test 01 (x1)	COMPLETED	BALANCE_DEPOSIT	1	\N	\N	\N	2026-01-11 19:15:56.77043+07	9	\N	\N	2
1318	REB-20260111121556-AB0BF4	PURCHASE_COMMISSION	1000.00	Purchase rebate L1 from 89595959595 - Produk Test 01	COMPLETED	BALANCE	\N	1	\N	\N	2026-01-11 19:15:56.783202+07	9	1317	2	1
1371	DEP-20260112074727-44725D	DEPOSIT	100000.00	Deposit via Jayapay (BALANCE_DEPOSIT)	FAILED	BALANCE_DEPOSIT	\N	\N	\N	\N	2026-01-12 07:47:27.105322+07	\N	\N	\N	51
1389	DEP-20260112163311-00535A	DEPOSIT	150000.00	Deposit via Jayapay (BALANCE_DEPOSIT)	FAILED	BALANCE_DEPOSIT	\N	\N	\N	\N	2026-01-12 16:33:11.12161+07	\N	\N	\N	53
1408	DEP-20260113085754-0FB5F6	DEPOSIT	100000.00	Deposit via Jayapay (BALANCE_DEPOSIT)	FAILED	BALANCE_DEPOSIT	\N	\N	\N	\N	2026-01-13 08:57:54.259333+07	\N	\N	\N	55
1426	PUR-20260113040241-C0CEE2	INVESTMENTS	115500.00	Purchase PowerVault AA (x1)	COMPLETED	BALANCE_DEPOSIT	1	\N	\N	\N	2026-01-13 11:02:41.189891+07	9	\N	\N	56
1427	REB-20260113040241-B4109E	PURCHASE_COMMISSION	11550.00	Purchase rebate L1 from 8111222444 - PowerVault AA	COMPLETED	BALANCE	\N	1	\N	\N	2026-01-13 11:02:41.203933+07	9	1426	56	55
1246	PUR-20260110074522-9F474D	INVESTMENTS	50000.00	Purchase RBR A100 (x1)	COMPLETED	BALANCE_DEPOSIT	1	\N	\N	\N	2026-01-10 14:45:22.520021+07	36	\N	\N	2
1247	REB-20260110074522-BDFBC8	PURCHASE_COMMISSION	12000.00	Purchase rebate L1 from 89595959595 - RBR A100	COMPLETED	BALANCE	\N	1	\N	\N	2026-01-10 14:45:22.538406+07	36	1246	2	1
1248	PUR-20260110074523-01C444	INVESTMENTS	50000.00	Purchase RBR A100 (x1)	COMPLETED	BALANCE_DEPOSIT	1	\N	\N	\N	2026-01-10 14:45:23.698838+07	36	\N	\N	2
1249	REB-20260110074523-E5A13B	PURCHASE_COMMISSION	12000.00	Purchase rebate L1 from 89595959595 - RBR A100	COMPLETED	BALANCE	\N	1	\N	\N	2026-01-10 14:45:23.703428+07	36	1248	2	1
1250	PUR-20260110074524-46CEA9	INVESTMENTS	50000.00	Purchase RBR A100 (x1)	COMPLETED	BALANCE_DEPOSIT	1	\N	\N	\N	2026-01-10 14:45:24.499289+07	36	\N	\N	2
1251	REB-20260110074524-104689	PURCHASE_COMMISSION	12000.00	Purchase rebate L1 from 89595959595 - RBR A100	COMPLETED	BALANCE	\N	1	\N	\N	2026-01-10 14:45:24.503871+07	36	1250	2	1
1252	PUR-20260110074528-3EBDF3	INVESTMENTS	50000.00	Purchase RBR A100 (x1)	COMPLETED	BALANCE_DEPOSIT	1	\N	\N	\N	2026-01-10 14:45:28.3973+07	36	\N	\N	2
1253	REB-20260110074528-194FE6	PURCHASE_COMMISSION	12000.00	Purchase rebate L1 from 89595959595 - RBR A100	COMPLETED	BALANCE	\N	1	\N	\N	2026-01-10 14:45:28.401878+07	36	1252	2	1
1319	AUTO-20260111205236-A4C59F	INTEREST	7500.00	Automatic profit from RBR A100 investment	COMPLETED	BALANCE	\N	\N	\N	\N	2026-01-11 20:52:36.019734+07	36	\N	\N	37
1320	AUTO-20260111205236-E12064	INTEREST	7500.00	Automatic profit from RBR A100 investment	COMPLETED	BALANCE	\N	\N	\N	\N	2026-01-11 20:52:36.046401+07	36	\N	\N	34
1321	AUTO-20260111205236-8C6289	INTEREST	7500.00	Automatic profit from RBR A100 investment	COMPLETED	BALANCE	\N	\N	\N	\N	2026-01-11 20:52:36.059855+07	36	\N	\N	34
1322	AUTO-20260111205236-CA3B56	INTEREST	9000.00	Automatic profit from RBR A100 investment	COMPLETED	BALANCE	\N	\N	\N	\N	2026-01-11 20:52:36.067504+07	36	\N	\N	32
1323	AUTO-20260111205236-99CFB9	INTEREST	9000.00	Automatic profit from RBR A100 investment	COMPLETED	BALANCE	\N	\N	\N	\N	2026-01-11 20:52:36.075097+07	36	\N	\N	33
1324	AUTO-20260111205236-79A560	INTEREST	94000.00	Automatic profit from RBR A300 investment	COMPLETED	BALANCE	\N	\N	\N	\N	2026-01-11 20:52:36.081665+07	4	\N	\N	32
1325	AUTO-20260111205236-96627B	INTEREST	60000.00	Automatic profit from RBB B200 investment	COMPLETED	BALANCE	\N	\N	\N	\N	2026-01-11 20:52:36.088726+07	3	\N	\N	32
1326	AUTO-20260111205236-0CD90D	INTEREST	9000.00	Automatic profit from RBR A100 investment	COMPLETED	BALANCE	\N	\N	\N	\N	2026-01-11 20:52:36.09482+07	36	\N	\N	30
1327	AUTO-20260111205236-F78670	INTEREST	9000.00	Automatic profit from RBR A100 investment	COMPLETED	BALANCE	\N	\N	\N	\N	2026-01-11 20:52:36.103573+07	36	\N	\N	29
1328	AUTO-20260111205236-00CFB1	INTEREST	9000.00	Automatic profit from RBR A100 investment	COMPLETED	BALANCE	\N	\N	\N	\N	2026-01-11 20:52:36.111291+07	36	\N	\N	28
1329	AUTO-20260111205236-CD14B5	INTEREST	9000.00	Automatic profit from RBR A100 investment	COMPLETED	BALANCE	\N	\N	\N	\N	2026-01-11 20:52:36.118552+07	36	\N	\N	26
1330	AUTO-20260111205236-19AAE4	INTEREST	9000.00	Automatic profit from RBR A100 investment	COMPLETED	BALANCE	\N	\N	\N	\N	2026-01-11 20:52:36.127769+07	36	\N	\N	25
1331	AUTO-20260111205236-92DB45	INTEREST	9000.00	Automatic profit from RBR A100 investment	COMPLETED	BALANCE	\N	\N	\N	\N	2026-01-11 20:52:36.135414+07	36	\N	\N	24
1332	AUTO-20260111205236-23276B	INTEREST	9000.00	Automatic profit from RBR A100 investment	COMPLETED	BALANCE	\N	\N	\N	\N	2026-01-11 20:52:36.14463+07	36	\N	\N	19
1333	AUTO-20260111205236-EAD3FF	INTEREST	9000.00	Automatic profit from RBR A100 investment	COMPLETED	BALANCE	\N	\N	\N	\N	2026-01-11 20:52:36.152358+07	36	\N	\N	18
1334	AUTO-20260111205236-A72065	INTEREST	9000.00	Automatic profit from RBR A100 investment	COMPLETED	BALANCE	\N	\N	\N	\N	2026-01-11 20:52:36.159283+07	36	\N	\N	16
1335	AUTO-20260111205236-2F4CFE	INTEREST	9000.00	Automatic profit from RBR A100 investment	COMPLETED	BALANCE	\N	\N	\N	\N	2026-01-11 20:52:36.166925+07	36	\N	\N	17
1336	AUTO-20260111205236-4B4EE2	INTEREST	20000.00	Automatic profit from RBB B100 investment	COMPLETED	BALANCE	\N	\N	\N	\N	2026-01-11 20:52:36.174649+07	1	\N	\N	14
1337	AUTO-20260111205236-CEE346	INTEREST	9000.00	Automatic profit from RBR A100 investment	COMPLETED	BALANCE	\N	\N	\N	\N	2026-01-11 20:52:36.181222+07	36	\N	\N	14
1338	AUTO-20260111205236-67536E	INTEREST	36000.00	Automatic profit from RBR A200 investment	COMPLETED	BALANCE	\N	\N	\N	\N	2026-01-11 20:52:36.187403+07	2	\N	\N	9
1339	AUTO-20260111205236-E19E1F	INTEREST	20000.00	Automatic profit from RBB B100 investment	COMPLETED	BALANCE	\N	\N	\N	\N	2026-01-11 20:52:36.194566+07	1	\N	\N	9
1340	AUTO-20260111205236-C5FFF7	INTEREST	9000.00	Automatic profit from RBR A100 investment	COMPLETED	BALANCE	\N	\N	\N	\N	2026-01-11 20:52:36.200716+07	36	\N	\N	9
1341	AUTO-20260111205236-C4611B	INTEREST	9000.00	Automatic profit from RBR A100 investment	COMPLETED	BALANCE	\N	\N	\N	\N	2026-01-11 20:52:36.206867+07	36	\N	\N	11
1342	AUTO-20260111205236-8009E5	INTEREST	9000.00	Automatic profit from RBR A100 investment	COMPLETED	BALANCE	\N	\N	\N	\N	2026-01-11 20:52:36.214459+07	36	\N	\N	10
1343	AUTO-20260111205236-0AFB0C	INTEREST	4680.00	Automatic profit from RBR A100 investment	COMPLETED	BALANCE	\N	\N	\N	\N	2026-01-11 20:52:36.22212+07	36	\N	\N	4
1344	AUTO-20260111205236-BCA70B	INTEREST	4680.00	Automatic profit from RBR A100 investment	COMPLETED	BALANCE	\N	\N	\N	\N	2026-01-11 20:52:36.228237+07	36	\N	\N	7
1345	AUTO-20260111205236-316857	INTEREST	4680.00	Automatic profit from RBR A100 investment	COMPLETED	BALANCE	\N	\N	\N	\N	2026-01-11 20:52:36.237501+07	36	\N	\N	6
1346	AUTO-20260111205236-D06386	INTEREST	4680.00	Automatic profit from RBR A100 investment	COMPLETED	BALANCE	\N	\N	\N	\N	2026-01-11 20:52:36.245733+07	36	\N	\N	5
1347	AUTO-20260111205236-9998AF	INTEREST	4680.00	Automatic profit from RBR A100 investment	COMPLETED	BALANCE	\N	\N	\N	\N	2026-01-11 20:52:36.253936+07	36	\N	\N	3
1372	DEP-20260112074727-F02E30	DEPOSIT	100000.00	Deposit via Jayapay (BALANCE_DEPOSIT)	FAILED	BALANCE_DEPOSIT	\N	\N	\N	\N	2026-01-12 07:47:27.718254+07	\N	\N	\N	51
1390	DEP-20260112163311-20BB6F	DEPOSIT	150000.00	Deposit via Jayapay (BALANCE_DEPOSIT)	FAILED	BALANCE_DEPOSIT	\N	\N	\N	\N	2026-01-12 16:33:11.465265+07	\N	\N	\N	53
1409	DEP-20260113085754-19D95B	DEPOSIT	100000.00	Deposit via Jayapay (BALANCE_DEPOSIT)	FAILED	BALANCE_DEPOSIT	\N	\N	\N	\N	2026-01-13 08:57:54.5195+07	\N	\N	\N	55
1428	REB-20260113040241-5AEE4D	PURCHASE_COMMISSION	1155.00	Purchase rebate L2 from 8111222444 - PowerVault AA	COMPLETED	BALANCE	\N	2	\N	\N	2026-01-13 11:02:41.205966+07	9	1426	56	54
1429	REB-20260113040241-B908A9	PURCHASE_COMMISSION	1155.00	Purchase rebate L3 from 8111222444 - PowerVault AA	COMPLETED	BALANCE	\N	3	\N	\N	2026-01-13 11:02:41.207494+07	9	1426	56	53
1451	ADM-BALANCE_DEPOSIT-58-1768278397	CREDIT	1000000.00	Admin increased balance_deposit by 1000000	COMPLETED	BALANCE_DEPOSIT	\N	\N	\N	\N	2026-01-13 11:26:37.307025+07	\N	\N	\N	58
1501	MSN-20260113045200-55-36	MISSIONS	95000.00	Mission reward: Ketika Anda sudah mencapai target seorang agen kerja, Anda dapat klaim penghasilan tetap 3 kali dalam satu bulan IDR 95.000 (x1)	COMPLETED	BALANCE	\N	\N	\N	\N	2026-01-13 11:52:00.166162+07	\N	\N	\N	55
1520	CLM-20260113132816-5BEA67	INTEREST	4043.00	Profit claim from PowerVault AA investment	COMPLETED	BALANCE	\N	\N	\N	\N	2026-01-13 20:28:16.052068+07	9	\N	\N	55
1254	DEP-20260110151041-0B5AFB	DEPOSIT	100000.00	Deposit via Jayapay (BALANCE_DEPOSIT)	FAILED	BALANCE_DEPOSIT	\N	\N	\N	\N	2026-01-10 15:10:41.304883+07	\N	\N	\N	2
1255	DEP-20260110151042-BD0C00	DEPOSIT	100000.00	Deposit via Jayapay (BALANCE_DEPOSIT)	FAILED	BALANCE_DEPOSIT	\N	\N	\N	\N	2026-01-10 15:10:42.252471+07	\N	\N	\N	2
1348	DEP-20260111223039-7ECF2A	DEPOSIT	100000.00	Deposit via Jayapay (BALANCE_DEPOSIT)	FAILED	BALANCE_DEPOSIT	\N	\N	\N	\N	2026-01-11 22:30:39.892375+07	\N	\N	\N	43
1373	DEP-20260112074728-3D80D1	DEPOSIT	100000.00	Deposit via Jayapay (BALANCE_DEPOSIT)	FAILED	BALANCE_DEPOSIT	\N	\N	\N	\N	2026-01-12 07:47:28.132482+07	\N	\N	\N	51
1391	DEP-20260112163311-5AEAE5	DEPOSIT	150000.00	Deposit via Jayapay (BALANCE_DEPOSIT)	FAILED	BALANCE_DEPOSIT	\N	\N	\N	\N	2026-01-12 16:33:11.550807+07	\N	\N	\N	53
1410	DEP-20260113085754-626413	DEPOSIT	100000.00	Deposit via Jayapay (BALANCE_DEPOSIT)	FAILED	BALANCE_DEPOSIT	\N	\N	\N	\N	2026-01-13 08:57:54.524091+07	\N	\N	\N	55
1430	CLM-20260113040421-1CB63A	INTEREST	4043.00	Profit claim from PowerVault AA investment	COMPLETED	BALANCE	\N	\N	\N	\N	2026-01-13 11:04:21.059471+07	9	\N	\N	56
1452	PUR-20260113042657-6168C3	INVESTMENTS	115500.00	Purchase PowerVault AA (x1)	COMPLETED	BALANCE_DEPOSIT	1	\N	\N	\N	2026-01-13 11:26:57.908185+07	9	\N	\N	58
1453	REB-20260113042657-B70556	PURCHASE_COMMISSION	11550.00	Purchase rebate L1 from 8111222666 - PowerVault AA	COMPLETED	BALANCE	\N	1	\N	\N	2026-01-13 11:26:57.923594+07	9	1452	58	57
1454	REB-20260113042657-7514C7	PURCHASE_COMMISSION	1155.00	Purchase rebate L2 from 8111222666 - PowerVault AA	COMPLETED	BALANCE	\N	2	\N	\N	2026-01-13 11:26:57.927173+07	9	1452	58	56
1455	REB-20260113042657-F2706C	PURCHASE_COMMISSION	1155.00	Purchase rebate L3 from 8111222666 - PowerVault AA	COMPLETED	BALANCE	\N	3	\N	\N	2026-01-13 11:26:57.92818+07	9	1452	58	55
1456	PUR-20260113042700-CF2036	INVESTMENTS	115500.00	Purchase PowerVault AA (x1)	COMPLETED	BALANCE_DEPOSIT	1	\N	\N	\N	2026-01-13 11:27:00.999504+07	9	\N	\N	58
1457	REB-20260113042701-CD8A80	PURCHASE_COMMISSION	11550.00	Purchase rebate L1 from 8111222666 - PowerVault AA	COMPLETED	BALANCE	\N	1	\N	\N	2026-01-13 11:27:01.003659+07	9	1456	58	57
1458	REB-20260113042701-6F9381	PURCHASE_COMMISSION	1155.00	Purchase rebate L2 from 8111222666 - PowerVault AA	COMPLETED	BALANCE	\N	2	\N	\N	2026-01-13 11:27:01.005183+07	9	1456	58	56
1459	REB-20260113042701-4DD401	PURCHASE_COMMISSION	1155.00	Purchase rebate L3 from 8111222666 - PowerVault AA	COMPLETED	BALANCE	\N	3	\N	\N	2026-01-13 11:27:01.006698+07	9	1456	58	55
1460	PUR-20260113042714-E09F78	INVESTMENTS	188000.00	Purchase PowerVault S (x1)	COMPLETED	BALANCE_DEPOSIT	1	\N	\N	\N	2026-01-13 11:27:14.406185+07	10	\N	\N	58
1461	REB-20260113042714-B8494C	PURCHASE_COMMISSION	18800.00	Purchase rebate L1 from 8111222666 - PowerVault S	COMPLETED	BALANCE	\N	1	\N	\N	2026-01-13 11:27:14.410224+07	10	1460	58	57
1462	REB-20260113042714-A4BA27	PURCHASE_COMMISSION	1880.00	Purchase rebate L2 from 8111222666 - PowerVault S	COMPLETED	BALANCE	\N	2	\N	\N	2026-01-13 11:27:14.412753+07	10	1460	58	56
1463	REB-20260113042714-700E0E	PURCHASE_COMMISSION	1880.00	Purchase rebate L3 from 8111222666 - PowerVault S	COMPLETED	BALANCE	\N	3	\N	\N	2026-01-13 11:27:14.414784+07	10	1460	58	55
1464	PUR-20260113042734-BA4BFF	INVESTMENTS	390465.00	Purchase PowerVault M (x1)	COMPLETED	BALANCE_DEPOSIT	1	\N	\N	\N	2026-01-13 11:27:34.11026+07	8	\N	\N	58
1465	REB-20260113042734-787D41	PURCHASE_COMMISSION	39046.50	Purchase rebate L1 from 8111222666 - PowerVault M	COMPLETED	BALANCE	\N	1	\N	\N	2026-01-13 11:27:34.116894+07	8	1464	58	57
1466	REB-20260113042734-08C09F	PURCHASE_COMMISSION	3904.65	Purchase rebate L2 from 8111222666 - PowerVault M	COMPLETED	BALANCE	\N	2	\N	\N	2026-01-13 11:27:34.118506+07	8	1464	58	56
1467	REB-20260113042734-1509CE	PURCHASE_COMMISSION	3904.65	Purchase rebate L3 from 8111222666 - PowerVault M	COMPLETED	BALANCE	\N	3	\N	\N	2026-01-13 11:27:34.12158+07	8	1464	58	55
1502	MSN-20260113082110-2-1	MISSIONS	2000.00	Mission reward: Bagikan tautan undangan Anda dan dapatkan anggota untuk membuka manfaat IDR 2.000 (x1)	COMPLETED	BALANCE	\N	\N	\N	\N	2026-01-13 15:21:10.656033+07	\N	\N	\N	2
1521	WD-E131879501	WITHDRAW	50000.00	Withdrawal request	PENDING	BALANCE	\N	\N	\N	\N	2026-01-14 00:00:13.56786+07	\N	\N	\N	2
1256	DEP-20260110151046-DEC9D9	DEPOSIT	50000.00	Deposit via Jayapay (BALANCE_DEPOSIT)	FAILED	BALANCE_DEPOSIT	\N	\N	\N	\N	2026-01-10 15:10:46.661658+07	\N	\N	\N	2
1257	DEP-20260110151050-A78441	DEPOSIT	50000.00	Deposit via Jayapay (BALANCE_DEPOSIT)	FAILED	BALANCE_DEPOSIT	\N	\N	\N	\N	2026-01-10 15:10:50.670498+07	\N	\N	\N	2
1258	DEP-20260110151057-846C2F	DEPOSIT	50000.00	Deposit via Jayapay (BALANCE_DEPOSIT)	FAILED	BALANCE_DEPOSIT	\N	\N	\N	\N	2026-01-10 15:10:57.511826+07	\N	\N	\N	2
1349	PUR-20260111153212-14DF42	INVESTMENTS	10000.00	Purchase Produk Test 01 (x1)	COMPLETED	BALANCE_DEPOSIT	1	\N	\N	\N	2026-01-11 22:32:12.49099+07	9	\N	\N	43
1350	REB-20260111153212-20E1F9	PURCHASE_COMMISSION	1000.00	Purchase rebate L1 from 85770404123 - Produk Test 01	COMPLETED	BALANCE	\N	1	\N	\N	2026-01-11 22:32:12.509658+07	9	1349	43	2
1351	REB-20260111153212-988591	PURCHASE_COMMISSION	100.00	Purchase rebate L2 from 85770404123 - Produk Test 01	COMPLETED	BALANCE	\N	2	\N	\N	2026-01-11 22:32:12.512722+07	9	1349	43	1
1374	DEP-20260112074729-3BD4FA	DEPOSIT	100000.00	Deposit via Jayapay (BALANCE_DEPOSIT)	FAILED	BALANCE_DEPOSIT	\N	\N	\N	\N	2026-01-12 07:47:29.104602+07	\N	\N	\N	51
1392	DEP-20260112163311-05C77A	DEPOSIT	150000.00	Deposit via Jayapay (BALANCE_DEPOSIT)	FAILED	BALANCE_DEPOSIT	\N	\N	\N	\N	2026-01-12 16:33:11.847784+07	\N	\N	\N	53
1411	DEP-20260113085755-20A7A1	DEPOSIT	100000.00	Deposit via Jayapay (BALANCE_DEPOSIT)	FAILED	BALANCE_DEPOSIT	\N	\N	\N	\N	2026-01-13 08:57:55.108982+07	\N	\N	\N	55
1413	DEP-20260113085755-3A36A2	DEPOSIT	100000.00	Deposit via Jayapay (BALANCE_DEPOSIT)	FAILED	BALANCE_DEPOSIT	\N	\N	\N	\N	2026-01-13 08:57:55.372508+07	\N	\N	\N	55
1431	VCH-20260113111437-89C466	VOUCHER	10000.00	Voucher claim 123456	COMPLETED	BALANCE	\N	\N	4	123456	2026-01-13 11:14:37.663792+07	\N	\N	\N	57
1468	CLM-20260113043012-D5B5B3	INTEREST	13666.00	Profit claim from PowerVault M investment	COMPLETED	BALANCE	\N	\N	\N	\N	2026-01-13 11:30:12.248962+07	8	\N	\N	58
1469	CLM-20260113043013-F44F7B	INTEREST	7520.00	Profit claim from PowerVault S investment	COMPLETED	BALANCE	\N	\N	\N	\N	2026-01-13 11:30:13.741865+07	10	\N	\N	58
1470	CLM-20260113043016-771C4A	INTEREST	4043.00	Profit claim from PowerVault AA investment	COMPLETED	BALANCE	\N	\N	\N	\N	2026-01-13 11:30:16.019475+07	9	\N	\N	58
1471	CLM-20260113043017-24BE3E	INTEREST	4043.00	Profit claim from PowerVault AA investment	COMPLETED	BALANCE	\N	\N	\N	\N	2026-01-13 11:30:17.5321+07	9	\N	\N	58
1503	CLM-20260113093420-727029	INTEREST	4043.00	Profit claim from PowerVault AA investment	COMPLETED	BALANCE	\N	\N	\N	\N	2026-01-13 16:34:20.520232+07	9	\N	\N	62
1522	CLM-20260113170848-AAD34B	INTEREST	1000.00	Profit claim from PowerVault AA investment	COMPLETED	BALANCE	\N	\N	\N	\N	2026-01-14 00:08:48.298572+07	9	\N	\N	2
1259	ATT-20260110085350-43EB2B	ATTENDANCE	1000.00	Daily attendance claim	COMPLETED	BALANCE	\N	\N	\N	\N	2026-01-10 15:53:50.877568+07	\N	\N	\N	2
1352	PUR-20260111153418-01EB62	INVESTMENTS	20000.00	Purchase Produk Test 02 (x1)	COMPLETED	BALANCE_DEPOSIT	1	\N	\N	\N	2026-01-11 22:34:18.377693+07	8	\N	\N	43
1353	REB-20260111153418-1C0D4F	PURCHASE_COMMISSION	2000.00	Purchase rebate L1 from 85770404123 - Produk Test 02	COMPLETED	BALANCE	\N	1	\N	\N	2026-01-11 22:34:18.391091+07	8	1352	43	2
1354	REB-20260111153418-2917D0	PURCHASE_COMMISSION	200.00	Purchase rebate L2 from 85770404123 - Produk Test 02	COMPLETED	BALANCE	\N	2	\N	\N	2026-01-11 22:34:18.39524+07	8	1352	43	1
1375	DEP-20260112074729-86E262	DEPOSIT	100000.00	Deposit via Jayapay (BALANCE_DEPOSIT)	FAILED	BALANCE_DEPOSIT	\N	\N	\N	\N	2026-01-12 07:47:29.301593+07	\N	\N	\N	51
1393	DEP-20260112163311-5897EB	DEPOSIT	150000.00	Deposit via Jayapay (BALANCE_DEPOSIT)	FAILED	BALANCE_DEPOSIT	\N	\N	\N	\N	2026-01-12 16:33:11.999232+07	\N	\N	\N	53
1412	DEP-20260113085755-16816E	DEPOSIT	100000.00	Deposit via Jayapay (BALANCE_DEPOSIT)	FAILED	BALANCE_DEPOSIT	\N	\N	\N	\N	2026-01-13 08:57:55.190197+07	\N	\N	\N	55
1432	ATT-20260113041519-50361E	ATTENDANCE	100.00	Daily attendance claim	COMPLETED	BALANCE	\N	\N	\N	\N	2026-01-13 11:15:19.434557+07	\N	\N	\N	57
1472	ADM-BALANCE_DEPOSIT-60-1768279051	CREDIT	500000.00	Admin increased balance_deposit by 500000	COMPLETED	BALANCE_DEPOSIT	\N	\N	\N	\N	2026-01-13 11:37:31.559345+07	\N	\N	\N	60
1477	PUR-20260113043745-81CDD2	INVESTMENTS	188000.00	Purchase PowerVault S (x1)	COMPLETED	BALANCE_DEPOSIT	1	\N	\N	\N	2026-01-13 11:37:45.386474+07	10	\N	\N	60
1478	REB-20260113043745-E24C22	PURCHASE_COMMISSION	18800.00	Purchase rebate L1 from 8111222888 - PowerVault S	COMPLETED	BALANCE	\N	1	\N	\N	2026-01-13 11:37:45.392586+07	10	1477	60	55
1479	REB-20260113043745-33A08E	PURCHASE_COMMISSION	1880.00	Purchase rebate L2 from 8111222888 - PowerVault S	COMPLETED	BALANCE	\N	2	\N	\N	2026-01-13 11:37:45.394115+07	10	1477	60	54
1480	REB-20260113043745-D5094A	PURCHASE_COMMISSION	1880.00	Purchase rebate L3 from 8111222888 - PowerVault S	COMPLETED	BALANCE	\N	3	\N	\N	2026-01-13 11:37:45.397179+07	10	1477	60	53
1504	CLM-20260113114319-14C8F6	INTEREST	2000.00	Profit claim from PowerVault M investment	COMPLETED	BALANCE	\N	\N	\N	\N	2026-01-13 18:43:19.053217+07	8	\N	\N	43
1523	WD-7F87725EEF	WITHDRAW	50000.00	Withdrawal request	PENDING	BALANCE	\N	\N	\N	\N	2026-01-14 00:13:53.860866+07	\N	\N	\N	55
1260	PUR-20260110121200-0D3FB5	INVESTMENTS	97000.00	Purchase RBB B100 (x1)	COMPLETED	BALANCE_DEPOSIT	1	\N	\N	\N	2026-01-10 19:12:00.193921+07	1	\N	\N	2
1261	REB-20260110121200-E6C8A0	PURCHASE_COMMISSION	23280.00	Purchase rebate L1 from 89595959595 - RBB B100	COMPLETED	BALANCE	\N	1	\N	\N	2026-01-10 19:12:00.214968+07	1	1260	2	1
1262	PUR-20260110121212-30EAD0	INVESTMENTS	97000.00	Purchase RBB B100 (x1)	COMPLETED	BALANCE_DEPOSIT	1	\N	\N	\N	2026-01-10 19:12:12.421545+07	1	\N	\N	2
1263	REB-20260110121212-C917B0	PURCHASE_COMMISSION	23280.00	Purchase rebate L1 from 89595959595 - RBB B100	COMPLETED	BALANCE	\N	1	\N	\N	2026-01-10 19:12:12.426145+07	1	1262	2	1
1264	PUR-20260110121225-F3C8E2	INVESTMENTS	97000.00	Purchase RBB B100 (x1)	COMPLETED	BALANCE_DEPOSIT	1	\N	\N	\N	2026-01-10 19:12:25.609975+07	1	\N	\N	2
1265	REB-20260110121225-1ACC40	PURCHASE_COMMISSION	23280.00	Purchase rebate L1 from 89595959595 - RBB B100	COMPLETED	BALANCE	\N	1	\N	\N	2026-01-10 19:12:25.615562+07	1	1264	2	1
1355	ATT-20260111155050-54535F	ATTENDANCE	1000.00	Daily attendance claim	COMPLETED	BALANCE	\N	\N	\N	\N	2026-01-11 22:50:50.720513+07	\N	\N	\N	43
1376	DEP-20260112074729-5C0129	DEPOSIT	100000.00	Deposit via Jayapay (BALANCE_DEPOSIT)	FAILED	BALANCE_DEPOSIT	\N	\N	\N	\N	2026-01-12 07:47:29.495526+07	\N	\N	\N	51
1394	ADM-BALANCE_DEPOSIT-53-1768210459	CREDIT	115000.00	Admin increased balance_deposit by 115000	COMPLETED	BALANCE_DEPOSIT	\N	\N	\N	\N	2026-01-12 16:34:19.505464+07	\N	\N	\N	53
1414	ATT-20260113030154-33845E	ATTENDANCE	100.00	Daily attendance claim	COMPLETED	BALANCE	\N	\N	\N	\N	2026-01-13 10:01:54.20279+07	\N	\N	\N	55
1433	ADM-BALANCE_DEPOSIT-57-1768277806	CREDIT	500000.00	Admin increased balance_deposit by 500000	COMPLETED	BALANCE_DEPOSIT	\N	\N	\N	\N	2026-01-13 11:16:46.350106+07	\N	\N	\N	57
1473	PUR-20260113043738-B3D8C9	INVESTMENTS	115500.00	Purchase PowerVault AA (x1)	COMPLETED	BALANCE_DEPOSIT	1	\N	\N	\N	2026-01-13 11:37:38.873209+07	9	\N	\N	60
1474	REB-20260113043738-DC6195	PURCHASE_COMMISSION	11550.00	Purchase rebate L1 from 8111222888 - PowerVault AA	COMPLETED	BALANCE	\N	1	\N	\N	2026-01-13 11:37:38.879364+07	9	1473	60	55
1475	REB-20260113043738-D0F0DC	PURCHASE_COMMISSION	1155.00	Purchase rebate L2 from 8111222888 - PowerVault AA	COMPLETED	BALANCE	\N	2	\N	\N	2026-01-13 11:37:38.882422+07	9	1473	60	54
1476	REB-20260113043738-B2CC76	PURCHASE_COMMISSION	1155.00	Purchase rebate L3 from 8111222888 - PowerVault AA	COMPLETED	BALANCE	\N	3	\N	\N	2026-01-13 11:37:38.887106+07	9	1473	60	53
1483	PUR-20260113043820-BDD697	INVESTMENTS	115500.00	Purchase PowerVault AA (x1)	COMPLETED	BALANCE_DEPOSIT	1	\N	\N	\N	2026-01-13 11:38:20.216816+07	9	\N	\N	60
1484	REB-20260113043820-AFAD94	PURCHASE_COMMISSION	11550.00	Purchase rebate L1 from 8111222888 - PowerVault AA	COMPLETED	BALANCE	\N	1	\N	\N	2026-01-13 11:38:20.22004+07	9	1483	60	55
1485	REB-20260113043820-246CE2	PURCHASE_COMMISSION	1155.00	Purchase rebate L2 from 8111222888 - PowerVault AA	COMPLETED	BALANCE	\N	2	\N	\N	2026-01-13 11:38:20.223111+07	9	1483	60	54
1486	REB-20260113043820-A8E434	PURCHASE_COMMISSION	1155.00	Purchase rebate L3 from 8111222888 - PowerVault AA	COMPLETED	BALANCE	\N	3	\N	\N	2026-01-13 11:38:20.224711+07	9	1483	60	53
1505	WD-8C96E1C9B3	WITHDRAW	50000.00	Withdrawal request	PENDING	BALANCE	\N	\N	\N	\N	2026-01-13 19:04:14.741059+07	\N	\N	\N	43
1524	DEP-20260114104641-6E7399	DEPOSIT	50000.00	Deposit via Jayapay (BALANCE_DEPOSIT)	FAILED	BALANCE_DEPOSIT	\N	\N	\N	\N	2026-01-14 10:46:41.699077+07	\N	\N	\N	64
1525	DEP-20260114104645-53F8DC	DEPOSIT	50000.00	Deposit via Jayapay (BALANCE_DEPOSIT)	FAILED	BALANCE_DEPOSIT	\N	\N	\N	\N	2026-01-14 10:46:45.538334+07	\N	\N	\N	64
1266	AUTO-20260110205036-4B2D45	INTEREST	1125000.00	Automatic profit from RBB B500 investment	COMPLETED	BALANCE	\N	\N	\N	\N	2026-01-10 20:50:36.552287+07	9	\N	\N	2
1267	AUTO-20260110205036-10F2B7	INTEREST	1125000.00	Automatic profit from RBB B500 investment	COMPLETED	BALANCE	\N	\N	\N	\N	2026-01-10 20:50:36.583484+07	9	\N	\N	2
1268	AUTO-20260110205036-544FD4	INTEREST	7500.00	Automatic profit from RBR A100 investment	COMPLETED	BALANCE	\N	\N	\N	\N	2026-01-10 20:50:36.593761+07	36	\N	\N	37
1269	AUTO-20260110205036-D1C7F8	INTEREST	7500.00	Automatic profit from RBR A100 investment	COMPLETED	BALANCE	\N	\N	\N	\N	2026-01-10 20:50:36.608707+07	36	\N	\N	34
1270	AUTO-20260110205036-E10EC2	INTEREST	7500.00	Automatic profit from RBR A100 investment	COMPLETED	BALANCE	\N	\N	\N	\N	2026-01-10 20:50:36.622891+07	36	\N	\N	34
1271	AUTO-20260110205036-C1884A	INTEREST	9000.00	Automatic profit from RBR A100 investment	COMPLETED	BALANCE	\N	\N	\N	\N	2026-01-10 20:50:36.633024+07	36	\N	\N	32
1272	AUTO-20260110205036-B70D6C	INTEREST	20000.00	Automatic profit from RBB B100 investment	COMPLETED	BALANCE	\N	\N	\N	\N	2026-01-10 20:50:36.64367+07	1	\N	\N	2
1273	AUTO-20260110205036-C7CBC7	INTEREST	9000.00	Automatic profit from RBR A100 investment	COMPLETED	BALANCE	\N	\N	\N	\N	2026-01-10 20:50:36.658253+07	36	\N	\N	33
1274	AUTO-20260110205036-415D49	INTEREST	94000.00	Automatic profit from RBR A300 investment	COMPLETED	BALANCE	\N	\N	\N	\N	2026-01-10 20:50:36.675324+07	4	\N	\N	32
1275	AUTO-20260110205036-B3D796	INTEREST	60000.00	Automatic profit from RBB B200 investment	COMPLETED	BALANCE	\N	\N	\N	\N	2026-01-10 20:50:36.687842+07	3	\N	\N	32
1276	AUTO-20260110205036-3CA2CE	INTEREST	60000.00	Automatic profit from RBB B200 investment	COMPLETED	BALANCE	\N	\N	\N	\N	2026-01-10 20:50:36.701988+07	3	\N	\N	2
1277	AUTO-20260110205036-A8D721	INTEREST	140000.00	Automatic profit from RBB B300 investment	COMPLETED	BALANCE	\N	\N	\N	\N	2026-01-10 20:50:36.714519+07	5	\N	\N	2
1278	AUTO-20260110205036-4DFC4B	INTEREST	94000.00	Automatic profit from RBR A300 investment	COMPLETED	BALANCE	\N	\N	\N	\N	2026-01-10 20:50:36.726313+07	4	\N	\N	2
1279	AUTO-20260110205036-1FE320	INTEREST	9000.00	Automatic profit from RBR A100 investment	COMPLETED	BALANCE	\N	\N	\N	\N	2026-01-10 20:50:36.74145+07	36	\N	\N	30
1280	AUTO-20260110205036-9FE263	INTEREST	9000.00	Automatic profit from RBR A100 investment	COMPLETED	BALANCE	\N	\N	\N	\N	2026-01-10 20:50:36.758967+07	36	\N	\N	29
1281	AUTO-20260110205036-24E611	INTEREST	9000.00	Automatic profit from RBR A100 investment	COMPLETED	BALANCE	\N	\N	\N	\N	2026-01-10 20:50:36.77446+07	36	\N	\N	28
1282	AUTO-20260110205036-74ECB6	INTEREST	9000.00	Automatic profit from RBR A100 investment	COMPLETED	BALANCE	\N	\N	\N	\N	2026-01-10 20:50:36.791153+07	36	\N	\N	26
1283	AUTO-20260110205036-4B2412	INTEREST	9000.00	Automatic profit from RBR A100 investment	COMPLETED	BALANCE	\N	\N	\N	\N	2026-01-10 20:50:36.804097+07	36	\N	\N	25
1284	AUTO-20260110205036-47B387	INTEREST	9000.00	Automatic profit from RBR A100 investment	COMPLETED	BALANCE	\N	\N	\N	\N	2026-01-10 20:50:36.820853+07	36	\N	\N	24
1285	AUTO-20260110205036-835CE0	INTEREST	9000.00	Automatic profit from RBR A100 investment	COMPLETED	BALANCE	\N	\N	\N	\N	2026-01-10 20:50:36.838093+07	36	\N	\N	19
1286	AUTO-20260110205036-079FB0	INTEREST	9000.00	Automatic profit from RBR A100 investment	COMPLETED	BALANCE	\N	\N	\N	\N	2026-01-10 20:50:36.854804+07	36	\N	\N	18
1287	AUTO-20260110205036-77AB2B	INTEREST	9000.00	Automatic profit from RBR A100 investment	COMPLETED	BALANCE	\N	\N	\N	\N	2026-01-10 20:50:36.871516+07	36	\N	\N	16
1288	AUTO-20260110205036-17E732	INTEREST	9000.00	Automatic profit from RBR A100 investment	COMPLETED	BALANCE	\N	\N	\N	\N	2026-01-10 20:50:36.883456+07	36	\N	\N	17
1289	AUTO-20260110205036-AA69A9	INTEREST	20000.00	Automatic profit from RBB B100 investment	COMPLETED	BALANCE	\N	\N	\N	\N	2026-01-10 20:50:36.896463+07	1	\N	\N	14
1290	AUTO-20260110205036-48C58C	INTEREST	9000.00	Automatic profit from RBR A100 investment	COMPLETED	BALANCE	\N	\N	\N	\N	2026-01-10 20:50:36.908879+07	36	\N	\N	14
1291	AUTO-20260110205036-F5F338	INTEREST	36000.00	Automatic profit from RBR A200 investment	COMPLETED	BALANCE	\N	\N	\N	\N	2026-01-10 20:50:36.922874+07	2	\N	\N	9
1292	AUTO-20260110205036-24F255	INTEREST	20000.00	Automatic profit from RBB B100 investment	COMPLETED	BALANCE	\N	\N	\N	\N	2026-01-10 20:50:36.932073+07	1	\N	\N	9
1293	AUTO-20260110205036-3F1CEC	INTEREST	9000.00	Automatic profit from RBR A100 investment	COMPLETED	BALANCE	\N	\N	\N	\N	2026-01-10 20:50:36.942485+07	36	\N	\N	9
1294	AUTO-20260110205036-FF0E73	INTEREST	9000.00	Automatic profit from RBR A100 investment	COMPLETED	BALANCE	\N	\N	\N	\N	2026-01-10 20:50:36.953598+07	36	\N	\N	11
1295	AUTO-20260110205036-FA2582	INTEREST	9000.00	Automatic profit from RBR A100 investment	COMPLETED	BALANCE	\N	\N	\N	\N	2026-01-10 20:50:36.965564+07	36	\N	\N	10
1296	AUTO-20260110205036-C9A256	INTEREST	300000.00	Automatic profit from RBR A400 investment	COMPLETED	BALANCE	\N	\N	\N	\N	2026-01-10 20:50:36.976376+07	6	\N	\N	2
1297	AUTO-20260110205036-C7F8DF	INTEREST	520000.00	Automatic profit from RBB B400 investment	COMPLETED	BALANCE	\N	\N	\N	\N	2026-01-10 20:50:36.985707+07	7	\N	\N	2
1298	AUTO-20260110205036-E9E9EA	INTEREST	4680.00	Automatic profit from RBR A100 investment	COMPLETED	BALANCE	\N	\N	\N	\N	2026-01-10 20:50:36.995014+07	36	\N	\N	4
1299	AUTO-20260110205037-984303	INTEREST	4680.00	Automatic profit from RBR A100 investment	COMPLETED	BALANCE	\N	\N	\N	\N	2026-01-10 20:50:37.007437+07	36	\N	\N	7
1300	AUTO-20260110205037-DBB386	INTEREST	4680.00	Automatic profit from RBR A100 investment	COMPLETED	BALANCE	\N	\N	\N	\N	2026-01-10 20:50:37.021426+07	36	\N	\N	6
1301	AUTO-20260110205037-FB3F56	INTEREST	4680.00	Automatic profit from RBR A100 investment	COMPLETED	BALANCE	\N	\N	\N	\N	2026-01-10 20:50:37.035402+07	36	\N	\N	5
1302	AUTO-20260110205037-DA831F	INTEREST	4680.00	Automatic profit from RBR A100 investment	COMPLETED	BALANCE	\N	\N	\N	\N	2026-01-10 20:50:37.048786+07	36	\N	\N	3
1303	AUTO-20260110205037-F53534	INTEREST	4680.00	Automatic profit from RBR A100 investment	COMPLETED	BALANCE	\N	\N	\N	\N	2026-01-10 20:50:37.059624+07	36	\N	\N	2
1356	VCH-20260111225308-1E6513	VOUCHER	5000.00	Voucher claim 999999	COMPLETED	BALANCE	\N	\N	3	999999	2026-01-11 22:53:08.844609+07	\N	\N	\N	43
1377	ATT-20260112005725-53A8DA	ATTENDANCE	100.00	Daily attendance claim	COMPLETED	BALANCE	\N	\N	\N	\N	2026-01-12 07:57:25.252696+07	\N	\N	\N	51
1395	ADM-BALANCE_DEPOSIT-53-1768210559	CREDIT	115000.00	Admin increased balance_deposit by 115000	COMPLETED	BALANCE_DEPOSIT	\N	\N	\N	\N	2026-01-12 16:35:59.664223+07	\N	\N	\N	53
1415	VCH-20260113100216-7C7A72	VOUCHER	10000.00	Voucher claim 123456	COMPLETED	BALANCE	\N	\N	4	123456	2026-01-13 10:02:16.868089+07	\N	\N	\N	55
1434	PUR-20260113041735-6005D3	INVESTMENTS	115500.00	Purchase PowerVault AA (x1)	COMPLETED	BALANCE_DEPOSIT	1	\N	\N	\N	2026-01-13 11:17:35.358477+07	9	\N	\N	57
1435	REB-20260113041735-AA7BE3	PURCHASE_COMMISSION	11550.00	Purchase rebate L1 from 8111222555 - PowerVault AA	COMPLETED	BALANCE	\N	1	\N	\N	2026-01-13 11:17:35.363033+07	9	1434	57	56
1436	REB-20260113041735-A054BC	PURCHASE_COMMISSION	1155.00	Purchase rebate L2 from 8111222555 - PowerVault AA	COMPLETED	BALANCE	\N	2	\N	\N	2026-01-13 11:17:35.36456+07	9	1434	57	55
1437	REB-20260113041735-2800F4	PURCHASE_COMMISSION	1155.00	Purchase rebate L3 from 8111222555 - PowerVault AA	COMPLETED	BALANCE	\N	3	\N	\N	2026-01-13 11:17:35.36765+07	9	1434	57	54
1481	CLM-20260113043806-1F9A17	INTEREST	7520.00	Profit claim from PowerVault S investment	COMPLETED	BALANCE	\N	\N	\N	\N	2026-01-13 11:38:06.984243+07	10	\N	\N	60
1304	WD-C02AD48A0F	WITHDRAW	50000.00	Withdrawal request	PENDING	BALANCE	\N	\N	\N	\N	2026-01-11 00:42:18.52688+07	\N	\N	\N	2
1357	PUR-20260111172552-43CD3D	INVESTMENTS	10000.00	Purchase Produk Test 01 (x1)	COMPLETED	BALANCE_DEPOSIT	1	\N	\N	\N	2026-01-12 00:25:52.228222+07	9	\N	\N	45
1358	REB-20260111172552-53C8E3	PURCHASE_COMMISSION	1000.00	Purchase rebate L1 from 86565656565 - Produk Test 01	COMPLETED	BALANCE	\N	1	\N	\N	2026-01-12 00:25:52.238817+07	9	1357	45	43
1359	REB-20260111172552-A5FF32	PURCHASE_COMMISSION	100.00	Purchase rebate L2 from 86565656565 - Produk Test 01	COMPLETED	BALANCE	\N	2	\N	\N	2026-01-12 00:25:52.241889+07	9	1357	45	2
1360	REB-20260111172552-C03B43	PURCHASE_COMMISSION	100.00	Purchase rebate L3 from 86565656565 - Produk Test 01	COMPLETED	BALANCE	\N	3	\N	\N	2026-01-12 00:25:52.244471+07	9	1357	45	1
1378	VCH-20260112075843-02E032	VOUCHER	5000.00	Voucher claim 000000	COMPLETED	BALANCE	\N	\N	2	000000	2026-01-12 07:58:43.74884+07	\N	\N	\N	51
1396	PUR-20260112094723-37C66F	INVESTMENTS	115500.00	Purchase PowerVault AA (x1)	COMPLETED	BALANCE_DEPOSIT	1	\N	\N	\N	2026-01-12 16:47:23.42368+07	9	\N	\N	53
1397	REB-20260112094723-380C78	PURCHASE_COMMISSION	11550.00	Purchase rebate L1 from 83812591983 - PowerVault AA	COMPLETED	BALANCE	\N	1	\N	\N	2026-01-12 16:47:23.430335+07	9	1396	53	52
1416	ATT-20260113034919-C7C4F2	ATTENDANCE	100.00	Daily attendance claim	COMPLETED	BALANCE	\N	\N	\N	\N	2026-01-13 10:49:19.666826+07	\N	\N	\N	56
1438	CLM-20260113041801-8A3DC0	INTEREST	4043.00	Profit claim from PowerVault AA investment	COMPLETED	BALANCE	\N	\N	\N	\N	2026-01-13 11:18:01.3394+07	9	\N	\N	57
1482	CLM-20260113043808-81D6F7	INTEREST	4043.00	Profit claim from PowerVault AA investment	COMPLETED	BALANCE	\N	\N	\N	\N	2026-01-13 11:38:08.649766+07	9	\N	\N	60
1506	DEP-20260113200650-0AED66	DEPOSIT	50000.00	Deposit via Jayapay (BALANCE_DEPOSIT)	FAILED	BALANCE_DEPOSIT	\N	\N	\N	\N	2026-01-13 20:06:50.141509+07	\N	\N	\N	55
1509	DEP-20260113200651-F036A5	DEPOSIT	50000.00	Deposit via Jayapay (BALANCE_DEPOSIT)	FAILED	BALANCE_DEPOSIT	\N	\N	\N	\N	2026-01-13 20:06:51.811426+07	\N	\N	\N	55
1510	DEP-20260113200652-212275	DEPOSIT	50000.00	Deposit via Jayapay (BALANCE_DEPOSIT)	FAILED	BALANCE_DEPOSIT	\N	\N	\N	\N	2026-01-13 20:06:52.836575+07	\N	\N	\N	55
1526	DEP-20260114105558-908F26	DEPOSIT	50000.00	Deposit via Klikpay (BALANCE)	PENDING	BALANCE	\N	\N	\N	\N	2026-01-14 10:55:58.396921+07	\N	\N	\N	64
1305	WD-7608E7292A	WITHDRAW	50000.00	Withdrawal request	PENDING	BALANCE	\N	\N	\N	\N	2026-01-11 00:45:30.105472+07	\N	\N	\N	2
1361	CLM-20260111173006-A3C6AA	INTEREST	1000.00	Profit claim from Produk Test 01 investment	COMPLETED	BALANCE	\N	\N	\N	\N	2026-01-12 00:30:06.105644+07	9	\N	\N	45
1379	CLM-20260112033116-6AB024	INTEREST	1000.00	Profit claim from Produk Test 01 investment	COMPLETED	BALANCE	\N	\N	\N	\N	2026-01-12 10:31:16.231798+07	9	\N	\N	2
1398	ATT-20260112094813-5E0CE7	ATTENDANCE	100.00	Daily attendance claim	COMPLETED	BALANCE	\N	\N	\N	\N	2026-01-12 16:48:13.635182+07	\N	\N	\N	53
1417	ADM-BALANCE_DEPOSIT-56-1768276192	CREDIT	115000.00	Admin increased balance_deposit by 115000	COMPLETED	BALANCE_DEPOSIT	\N	\N	\N	\N	2026-01-13 10:49:52.569889+07	\N	\N	\N	56
1439	PUR-20260113041941-8238BD	INVESTMENTS	115500.00	Purchase PowerVault AA (x1)	COMPLETED	BALANCE_DEPOSIT	1	\N	\N	\N	2026-01-13 11:19:41.245862+07	9	\N	\N	57
1440	REB-20260113041941-1ACE29	PURCHASE_COMMISSION	11550.00	Purchase rebate L1 from 8111222555 - PowerVault AA	COMPLETED	BALANCE	\N	1	\N	\N	2026-01-13 11:19:41.251993+07	9	1439	57	56
1441	REB-20260113041941-02B0D2	PURCHASE_COMMISSION	1155.00	Purchase rebate L2 from 8111222555 - PowerVault AA	COMPLETED	BALANCE	\N	2	\N	\N	2026-01-13 11:19:41.253524+07	9	1439	57	55
1442	REB-20260113041941-A4E018	PURCHASE_COMMISSION	1155.00	Purchase rebate L3 from 8111222555 - PowerVault AA	COMPLETED	BALANCE	\N	3	\N	\N	2026-01-13 11:19:41.255048+07	9	1439	57	54
1487	CLM-20260113043831-C30C97	INTEREST	4043.00	Profit claim from PowerVault AA investment	COMPLETED	BALANCE	\N	\N	\N	\N	2026-01-13 11:38:31.481491+07	9	\N	\N	60
1507	DEP-20260113200650-67EA7E	DEPOSIT	50000.00	Deposit via Jayapay (BALANCE_DEPOSIT)	FAILED	BALANCE_DEPOSIT	\N	\N	\N	\N	2026-01-13 20:06:50.600367+07	\N	\N	\N	55
1508	DEP-20260113200651-5E489B	DEPOSIT	50000.00	Deposit via Jayapay (BALANCE_DEPOSIT)	FAILED	BALANCE_DEPOSIT	\N	\N	\N	\N	2026-01-13 20:06:51.566113+07	\N	\N	\N	55
1527	ATT-20260114040631-DE55CA	ATTENDANCE	200.00	Daily attendance claim	COMPLETED	BALANCE	\N	\N	\N	\N	2026-01-14 11:06:31.438521+07	\N	\N	\N	55
1528	CLM-20260114040647-8EA48D	INTEREST	4043.00	Profit claim from PowerVault AA investment	COMPLETED	BALANCE	\N	\N	\N	\N	2026-01-14 11:06:47.685371+07	9	\N	\N	55
1306	ATT-20260110195447-5C01C6	ATTENDANCE	1000.00	Daily attendance claim	COMPLETED	BALANCE	\N	\N	\N	\N	2026-01-11 02:54:47.565486+07	\N	\N	\N	2
1362	ATT-20260111174857-FA0141	ATTENDANCE	100.00	Daily attendance claim	COMPLETED	BALANCE	\N	\N	\N	\N	2026-01-12 00:48:57.06701+07	\N	\N	\N	46
1363	ATT-20260111174857-D51771	ATTENDANCE	200.00	Daily attendance claim	COMPLETED	BALANCE	\N	\N	\N	\N	2026-01-12 00:48:57.085994+07	\N	\N	\N	46
1380	ATT-20260112045938-24A8C8	ATTENDANCE	300.00	Daily attendance claim	COMPLETED	BALANCE	\N	\N	\N	\N	2026-01-12 11:59:38.224677+07	\N	\N	\N	2
1399	PUR-20260112094857-981522	INVESTMENTS	115500.00	Purchase PowerVault AA (x1)	COMPLETED	BALANCE_DEPOSIT	1	\N	\N	\N	2026-01-12 16:48:57.597372+07	9	\N	\N	53
1400	REB-20260112094857-01121B	PURCHASE_COMMISSION	11550.00	Purchase rebate L1 from 83812591983 - PowerVault AA	COMPLETED	BALANCE	\N	1	\N	\N	2026-01-12 16:48:57.607067+07	9	1399	53	52
1418	ADM-BALANCE-56-1768276240	CREDIT	5000.00	Admin increased balance by 5000	COMPLETED	BALANCE	\N	\N	\N	\N	2026-01-13 10:50:40.866988+07	\N	\N	\N	56
1443	CLM-20260113041954-712039	INTEREST	4043.00	Profit claim from PowerVault AA investment	COMPLETED	BALANCE	\N	\N	\N	\N	2026-01-13 11:19:54.478367+07	9	\N	\N	57
1488	MSN-20260113044716-55-1	MISSIONS	2000.00	Mission reward: Bagikan tautan undangan Anda dan dapatkan anggota untuk membuka manfaat IDR 2.000 (x1)	COMPLETED	BALANCE	\N	\N	\N	\N	2026-01-13 11:47:16.52128+07	\N	\N	\N	55
1511	ADM-BALANCE_DEPOSIT-55-1768310204	CREDIT	115500.00	Admin increased balance_deposit by 115500	COMPLETED	BALANCE_DEPOSIT	\N	\N	\N	\N	2026-01-13 20:16:44.704809+07	\N	\N	\N	55
1529	DEP-20260114110749-9BABEF	DEPOSIT	50000.00	Deposit via Jayapay (BALANCE_DEPOSIT)	FAILED	BALANCE_DEPOSIT	\N	\N	\N	\N	2026-01-14 11:07:49.063026+07	\N	\N	\N	55
1530	DEP-20260114110749-7B3F5D	DEPOSIT	50000.00	Deposit via Jayapay (BALANCE_DEPOSIT)	FAILED	BALANCE_DEPOSIT	\N	\N	\N	\N	2026-01-14 11:07:49.816411+07	\N	\N	\N	55
1531	DEP-20260114110751-1C9880	DEPOSIT	50000.00	Deposit via Klikpay (BALANCE)	PENDING	BALANCE	\N	\N	\N	\N	2026-01-14 11:07:51.062952+07	\N	\N	\N	55
1532	DEP-20260114110752-C1517B	DEPOSIT	50000.00	Deposit via Klikpay (BALANCE)	PENDING	BALANCE	\N	\N	\N	\N	2026-01-14 11:07:52.09436+07	\N	\N	\N	55
1307	PUR-20260111040143-D1DD0B	INVESTMENTS	20000.00	Purchase Produk Test 02 (x1)	COMPLETED	BALANCE_DEPOSIT	1	\N	\N	\N	2026-01-11 11:01:43.276491+07	8	\N	\N	2
1308	REB-20260111040143-A8A571	PURCHASE_COMMISSION	2000.00	Purchase rebate L1 from 89595959595 - Produk Test 02	COMPLETED	BALANCE	\N	1	\N	\N	2026-01-11 11:01:43.291611+07	8	1307	2	1
1381	ATT-20260112061800-0F2767	ATTENDANCE	100.00	Daily attendance claim	COMPLETED	BALANCE	\N	\N	\N	\N	2026-01-12 13:18:00.779996+07	\N	\N	\N	50
1401	CLM-20260112094914-DB5331	INTEREST	4043.00	Profit claim from PowerVault AA investment	COMPLETED	BALANCE	\N	\N	\N	\N	2026-01-12 16:49:14.821141+07	9	\N	\N	53
1402	CLM-20260112094916-99E876	INTEREST	4043.00	Profit claim from PowerVault AA investment	COMPLETED	BALANCE	\N	\N	\N	\N	2026-01-12 16:49:16.530453+07	9	\N	\N	53
1419	VCH-20260113105102-B7764A	VOUCHER	10000.00	Voucher claim 123456	COMPLETED	BALANCE	\N	\N	4	123456	2026-01-13 10:51:02.625073+07	\N	\N	\N	56
1444	PUR-20260113042256-0171CE	INVESTMENTS	188000.00	Purchase PowerVault S (x1)	COMPLETED	BALANCE_DEPOSIT	1	\N	\N	\N	2026-01-13 11:22:56.334836+07	10	\N	\N	57
1445	REB-20260113042256-75152E	PURCHASE_COMMISSION	18800.00	Purchase rebate L1 from 8111222555 - PowerVault S	COMPLETED	BALANCE	\N	1	\N	\N	2026-01-13 11:22:56.341903+07	10	1444	57	56
1446	REB-20260113042256-EEF95E	PURCHASE_COMMISSION	1880.00	Purchase rebate L2 from 8111222555 - PowerVault S	COMPLETED	BALANCE	\N	2	\N	\N	2026-01-13 11:22:56.34392+07	10	1444	57	55
1447	REB-20260113042256-63CCF0	PURCHASE_COMMISSION	1880.00	Purchase rebate L3 from 8111222555 - PowerVault S	COMPLETED	BALANCE	\N	3	\N	\N	2026-01-13 11:22:56.347443+07	10	1444	57	54
1489	ADM-BALANCE_DEPOSIT-61-1768279688	CREDIT	115500.00	Admin increased balance_deposit by 115500	COMPLETED	BALANCE_DEPOSIT	\N	\N	\N	\N	2026-01-13 11:48:08.940276+07	\N	\N	\N	61
1490	PUR-20260113044816-0678CF	INVESTMENTS	115500.00	Purchase PowerVault AA (x1)	COMPLETED	BALANCE_DEPOSIT	1	\N	\N	\N	2026-01-13 11:48:16.6317+07	9	\N	\N	61
1491	REB-20260113044816-6D0F8A	PURCHASE_COMMISSION	11550.00	Purchase rebate L1 from 8111222999 - PowerVault AA	COMPLETED	BALANCE	\N	1	\N	\N	2026-01-13 11:48:16.642391+07	9	1490	61	55
1492	REB-20260113044816-3F6B95	PURCHASE_COMMISSION	1155.00	Purchase rebate L2 from 8111222999 - PowerVault AA	COMPLETED	BALANCE	\N	2	\N	\N	2026-01-13 11:48:16.644395+07	9	1490	61	54
1493	REB-20260113044816-E76700	PURCHASE_COMMISSION	1155.00	Purchase rebate L3 from 8111222999 - PowerVault AA	COMPLETED	BALANCE	\N	3	\N	\N	2026-01-13 11:48:16.645902+07	9	1490	61	53
1494	CLM-20260113044824-8C5E38	INTEREST	4043.00	Profit claim from PowerVault AA investment	COMPLETED	BALANCE	\N	\N	\N	\N	2026-01-13 11:48:24.436513+07	9	\N	\N	61
1512	PUR-20260113131701-41B7A8	INVESTMENTS	115500.00	Purchase PowerVault AA (x1)	COMPLETED	BALANCE_DEPOSIT	1	\N	\N	\N	2026-01-13 20:17:01.795536+07	9	\N	\N	55
1513	REB-20260113131701-610C3E	PURCHASE_COMMISSION	11550.00	Purchase rebate L1 from 8111222333 - PowerVault AA	COMPLETED	BALANCE	\N	1	\N	\N	2026-01-13 20:17:01.813349+07	9	1512	55	54
1514	REB-20260113131701-440DE3	PURCHASE_COMMISSION	1155.00	Purchase rebate L2 from 8111222333 - PowerVault AA	COMPLETED	BALANCE	\N	2	\N	\N	2026-01-13 20:17:01.818017+07	9	1512	55	53
1515	REB-20260113131701-E86721	PURCHASE_COMMISSION	1155.00	Purchase rebate L3 from 8111222333 - PowerVault AA	COMPLETED	BALANCE	\N	3	\N	\N	2026-01-13 20:17:01.82059+07	9	1512	55	52
1533	DEP-20260114110811-920098	DEPOSIT	500000.00	Deposit via Klikpay (BALANCE)	PENDING	BALANCE	\N	\N	\N	\N	2026-01-14 11:08:11.440054+07	\N	\N	\N	55
1534	DEP-20260114110811-A75049	CREDIT	500000.00	Deposit via Klikpay (BALANCE)	COMPLETED	BALANCE	\N	\N	\N	\N	2026-01-14 11:08:11.787101+07	\N	\N	\N	55
1309	PUR-20260111040144-F9CB5C	INVESTMENTS	20000.00	Purchase Produk Test 02 (x1)	COMPLETED	BALANCE_DEPOSIT	1	\N	\N	\N	2026-01-11 11:01:44.069058+07	8	\N	\N	2
1310	REB-20260111040144-5D7A9C	PURCHASE_COMMISSION	2000.00	Purchase rebate L1 from 89595959595 - Produk Test 02	COMPLETED	BALANCE	\N	1	\N	\N	2026-01-11 11:01:44.077617+07	8	1309	2	1
1365	PUR-20260112004128-926542	INVESTMENTS	10000.00	Purchase Produk Test 01 (x1)	COMPLETED	BALANCE_DEPOSIT	1	\N	\N	\N	2026-01-12 07:41:28.678491+07	9	\N	\N	51
1366	REB-20260112004128-FE63FF	PURCHASE_COMMISSION	1000.00	Purchase rebate L1 from 83812591981 - Produk Test 01	COMPLETED	BALANCE	\N	1	\N	\N	2026-01-12 07:41:28.695945+07	9	1365	51	50
1382	ADM-BALANCE_DEPOSIT-52-1768209437	CREDIT	1000000.00	Admin increased balance_deposit by 1000000	COMPLETED	BALANCE_DEPOSIT	\N	\N	\N	\N	2026-01-12 16:17:17.10774+07	\N	\N	\N	52
1403	ADM-BALANCE_DEPOSIT-54-1768229880	CREDIT	115000.00	Admin increased balance_deposit by 115000	COMPLETED	BALANCE_DEPOSIT	\N	\N	\N	\N	2026-01-12 21:58:00.224782+07	\N	\N	\N	54
1420	PUR-20260113035347-D4FAFC	INVESTMENTS	115500.00	Purchase PowerVault AA (x1)	COMPLETED	BALANCE_DEPOSIT	1	\N	\N	\N	2026-01-13 10:53:47.157975+07	9	\N	\N	56
1421	REB-20260113035347-3CDE96	PURCHASE_COMMISSION	11550.00	Purchase rebate L1 from 8111222444 - PowerVault AA	COMPLETED	BALANCE	\N	1	\N	\N	2026-01-13 10:53:47.172277+07	9	1420	56	55
1422	REB-20260113035347-21F029	PURCHASE_COMMISSION	1155.00	Purchase rebate L2 from 8111222444 - PowerVault AA	COMPLETED	BALANCE	\N	2	\N	\N	2026-01-13 10:53:47.173821+07	9	1420	56	54
1423	REB-20260113035347-55AC50	PURCHASE_COMMISSION	1155.00	Purchase rebate L3 from 8111222444 - PowerVault AA	COMPLETED	BALANCE	\N	3	\N	\N	2026-01-13 10:53:47.175339+07	9	1420	56	53
1448	CLM-20260113042305-9FA40C	INTEREST	7520.00	Profit claim from PowerVault S investment	COMPLETED	BALANCE	\N	\N	\N	\N	2026-01-13 11:23:05.971024+07	10	\N	\N	57
1495	MSN-20260113044834-55-35	MISSIONS	50000.00	Mission reward: Ketika Anda sudah mencapai target seorang agen kerja, Anda dapat klaim penghasilan tetap 3 kali dalam satu bulan IDR 50.000 (x1)	COMPLETED	BALANCE	\N	\N	\N	\N	2026-01-13 11:48:34.048497+07	\N	\N	\N	55
1516	ADM-BALANCE_DEPOSIT-55-1768310273	CREDIT	100000.00	Admin increased balance_deposit by 100000	COMPLETED	BALANCE_DEPOSIT	\N	\N	\N	\N	2026-01-13 20:17:53.596176+07	\N	\N	\N	55
1517	WD-EB5026B511	WITHDRAW	100000.00	Withdrawal request	REJECTED	BALANCE	\N	\N	\N	\N	2026-01-13 20:18:14.444534+07	\N	\N	\N	55
1535	MSN-20260114042556-55-23	MISSIONS	30000.00	Mission reward: Ketika Anda melakukan isi ulang, manfaat Anda lebih banyak setelah mencapainya. Menerima IDR 30.000. Ambil hadiah fisik sekarang. (x1)	COMPLETED	BALANCE	\N	\N	\N	\N	2026-01-14 11:25:56.733939+07	\N	\N	\N	55
\.


--
-- Data for Name: user_banks; Type: TABLE DATA; Schema: public; Owner: postgres
--

COPY public.user_banks (id, account_name, account_number, is_default, created_at, updated_at, bank_id, user_id) FROM stdin;
19	dgfdhdfgn	67567567865	t	2026-01-12 11:09:59.248139+07	2026-01-12 11:10:36.584502+07	15	2
20	Test03	123456789	t	2026-01-12 16:25:17.784244+07	2026-01-12 16:25:17.786762+07	51	52
23	anjay	435363565	t	2026-01-13 18:54:59.931299+07	2026-01-13 18:54:59.940072+07	17	43
24	Testingg	12345678	t	2026-01-13 20:16:02.44863+07	2026-01-13 20:16:02.450139+07	43	55
\.


--
-- Data for Name: voucher_usages; Type: TABLE DATA; Schema: public; Owner: postgres
--

COPY public.voucher_usages (id, voucher_code, amount_credited, amount_received, balance_type, used_at, transaction_id, user_id, voucher_id) FROM stdin;
20	123456	10000.00	10000.00	BALANCE	2026-01-12 16:26:48.718885+07	1388	52	4
21	123456	10000.00	10000.00	BALANCE	2026-01-13 10:02:16.86961+07	1415	55	4
22	123456	10000.00	10000.00	BALANCE	2026-01-13 10:51:02.626705+07	1419	56	4
23	123456	10000.00	10000.00	BALANCE	2026-01-13 11:14:37.666915+07	1431	57	4
24	123456	10000.00	10000.00	BALANCE	2026-01-13 11:26:01.129112+07	1450	58	4
\.


--
-- Data for Name: vouchers; Type: TABLE DATA; Schema: public; Owner: postgres
--

COPY public.vouchers (id, code, type, amount, max_amount, balance_type, usage_limit, used_count, is_active, expires_at, created_at, updated_at, min_amount, rank_rewards) FROM stdin;
4	123456	fixed	10000.00	0.00	BALANCE	10	5	t	\N	2026-01-12 16:02:39.429215+07	2026-01-12 16:02:39.429215+07	0.00	{}
\.


--
-- Data for Name: withdrawal_jayapay; Type: TABLE DATA; Schema: public; Owner: postgres
--

COPY public.withdrawal_jayapay (id, request_params, response_payload, created_at, updated_at, withdrawal_id) FROM stdin;
\.


--
-- Data for Name: withdrawal_settings; Type: TABLE DATA; Schema: public; Owner: postgres
--

COPY public.withdrawal_settings (id, is_active, require_bank_account, minimum_product_quantity, created_at, updated_at, required_product_id, balance_source, require_pin, require_active_investment) FROM stdin;
1	t	t	1	2025-10-05 15:24:34.149825+07	2026-01-11 22:39:34.077707+07	\N	balance	f	t
\.


--
-- Data for Name: withdrawals; Type: TABLE DATA; Schema: public; Owner: postgres
--

COPY public.withdrawals (id, amount, fee, net_amount, status, note, created_at, updated_at, bank_account_id, user_id, transaction_id) FROM stdin;
2	271245.64	29837.02	241408.62	COMPLETED		2025-11-10 09:25:35.186698+07	2025-11-10 09:26:02.294741+07	\N	5	61
3	269949.79	29694.48	240255.31	COMPLETED		2025-11-10 09:31:17.185517+07	2025-11-10 09:31:42.637011+07	\N	6	96
4	266274.73	29290.22	236984.51	COMPLETED		2025-11-10 09:37:06.464434+07	2025-11-10 09:37:20.350931+07	\N	7	131
5	1022640.58	112490.46	910150.12	REJECTED		2025-11-10 09:44:32.078277+07	2025-11-10 09:45:38.409028+07	\N	4	134
6	1022640.58	112490.46	910150.12	COMPLETED		2025-11-10 09:46:18.385395+07	2025-11-10 09:46:27.580063+07	\N	4	136
7	50000.00	5500.00	44500.00	REJECTED		2025-11-10 09:51:42.586446+07	2025-11-10 09:59:25.204731+07	\N	4	168
1	50000.00	5500.00	10000.00	REJECTED		2025-11-10 00:09:21.330125+07	2025-11-10 12:52:29.247398+07	\N	2	8
8	50000.00	5500.00	10200.00	COMPLETED		2025-11-10 12:53:36.01144+07	2025-11-10 15:28:56.445609+07	\N	2	171
9	50000.00	5500.00	10000.00	COMPLETED		2025-11-10 15:28:00.504017+07	2025-11-10 16:11:36.058636+07	\N	2	180
10	50000.00	5500.00	10000.00	REJECTED		2025-11-10 16:12:00.668532+07	2025-11-10 16:55:00.233124+07	\N	2	181
11	100000.00	11000.00	89000.00	PENDING		2025-11-30 17:32:43.028812+07	2025-11-30 17:32:43.028812+07	\N	2	664
12	100000.00	11000.00	89000.00	PENDING		2025-11-30 17:39:21.828128+07	2025-11-30 17:39:21.829143+07	\N	2	665
13	100000.00	11000.00	89000.00	PENDING		2025-11-30 21:45:34.841375+07	2025-11-30 21:45:34.841375+07	\N	2	687
14	100000.00	11000.00	89000.00	PENDING		2025-12-01 14:48:22.811029+07	2025-12-01 14:48:22.811029+07	\N	14	724
15	100000.00	11000.00	89000.00	PENDING		2025-12-01 14:48:52.129808+07	2025-12-01 14:48:52.129808+07	\N	14	726
16	66750.00	7342.50	59407.50	REJECTED		2025-12-01 17:29:46.840907+07	2025-12-01 17:30:05.726118+07	\N	16	755
17	66750.00	6675.00	60075.00	COMPLETED		2025-12-01 17:32:20.048926+07	2025-12-01 17:33:53.436659+07	\N	16	757
18	48000.00	4800.00	43200.00	PENDING		2025-12-02 16:34:59.135283+07	2025-12-02 16:34:59.136791+07	\N	16	793
19	58750.00	5875.00	52875.00	COMPLETED		2025-12-02 19:51:37.243067+07	2025-12-02 19:55:01.241133+07	\N	23	820
21	70000.00	7000.00	63000.00	PENDING		2025-12-06 23:59:58.581099+07	2025-12-06 23:59:58.581099+07	\N	2	934
22	100000.00	10000.00	90000.00	PENDING		2025-12-07 16:29:58.937575+07	2025-12-07 16:29:58.941099+07	\N	2	937
23	100000.00	10000.00	90000.00	PENDING		2025-12-07 16:47:31.829134+07	2025-12-07 16:47:31.833318+07	\N	2	944
24	100000.00	10000.00	90000.00	PENDING		2025-12-07 16:50:35.943964+07	2025-12-07 16:50:35.943964+07	\N	2	945
25	50000.00	5000.00	45000.00	PENDING		2026-01-11 00:42:18.542806+07	2026-01-11 00:42:18.544327+07	\N	2	1304
26	50000.00	5000.00	45000.00	PENDING		2026-01-11 00:45:30.1085+07	2026-01-11 00:45:30.1085+07	\N	2	1305
20	700000.00	70000.00	630000.00	COMPLETED		2025-12-06 23:59:23.894623+07	2026-01-11 11:12:46.983557+07	\N	2	933
27	50000.00	5000.00	45000.00	PENDING		2026-01-13 19:04:14.766117+07	2026-01-13 19:04:14.767641+07	23	43	1505
28	100000.00	10000.00	90000.00	REJECTED		2026-01-13 20:18:14.451872+07	2026-01-13 20:19:17.64861+07	24	55	1517
29	100000.00	10000.00	90000.00	COMPLETED		2026-01-13 20:20:10.286132+07	2026-01-13 20:20:51.557724+07	24	55	1519
30	50000.00	5000.00	45000.00	PENDING		2026-01-14 00:00:13.586912+07	2026-01-14 00:00:13.586912+07	19	2	1521
31	50000.00	5000.00	45000.00	PENDING		2026-01-14 00:13:53.865484+07	2026-01-14 00:13:53.865484+07	24	55	1523
\.


--
-- Name: accounts_generalsetting_id_seq; Type: SEQUENCE SET; Schema: public; Owner: postgres
--

SELECT pg_catalog.setval('public.accounts_generalsetting_id_seq', 1, false);


--
-- Name: accounts_phoneotp_id_seq; Type: SEQUENCE SET; Schema: public; Owner: postgres
--

SELECT pg_catalog.setval('public.accounts_phoneotp_id_seq', 10, true);


--
-- Name: accounts_user_groups_id_seq; Type: SEQUENCE SET; Schema: public; Owner: postgres
--

SELECT pg_catalog.setval('public.accounts_user_groups_id_seq', 1, false);


--
-- Name: accounts_user_id_seq; Type: SEQUENCE SET; Schema: public; Owner: postgres
--

SELECT pg_catalog.setval('public.accounts_user_id_seq', 70, true);


--
-- Name: accounts_user_user_permissions_id_seq; Type: SEQUENCE SET; Schema: public; Owner: postgres
--

SELECT pg_catalog.setval('public.accounts_user_user_permissions_id_seq', 1, false);


--
-- Name: accounts_useraddress_id_seq; Type: SEQUENCE SET; Schema: public; Owner: postgres
--

SELECT pg_catalog.setval('public.accounts_useraddress_id_seq', 5, true);


--
-- Name: attendance_logs_id_seq; Type: SEQUENCE SET; Schema: public; Owner: postgres
--

SELECT pg_catalog.setval('public.attendance_logs_id_seq', 41, true);


--
-- Name: attendance_settings_id_seq; Type: SEQUENCE SET; Schema: public; Owner: postgres
--

SELECT pg_catalog.setval('public.attendance_settings_id_seq', 3, true);


--
-- Name: auth_group_id_seq; Type: SEQUENCE SET; Schema: public; Owner: postgres
--

SELECT pg_catalog.setval('public.auth_group_id_seq', 1, false);


--
-- Name: auth_group_permissions_id_seq; Type: SEQUENCE SET; Schema: public; Owner: postgres
--

SELECT pg_catalog.setval('public.auth_group_permissions_id_seq', 1, false);


--
-- Name: auth_permission_id_seq; Type: SEQUENCE SET; Schema: public; Owner: postgres
--

SELECT pg_catalog.setval('public.auth_permission_id_seq', 144, true);


--
-- Name: bank_settings_id_seq; Type: SEQUENCE SET; Schema: public; Owner: postgres
--

SELECT pg_catalog.setval('public.bank_settings_id_seq', 1, true);


--
-- Name: banks_id_seq; Type: SEQUENCE SET; Schema: public; Owner: postgres
--

SELECT pg_catalog.setval('public.banks_id_seq', 62, true);


--
-- Name: claim_history_id_seq; Type: SEQUENCE SET; Schema: public; Owner: postgres
--

SELECT pg_catalog.setval('public.claim_history_id_seq', 585, true);


--
-- Name: deposits_gatewaysettings_id_seq; Type: SEQUENCE SET; Schema: public; Owner: postgres
--

SELECT pg_catalog.setval('public.deposits_gatewaysettings_id_seq', 1, true);


--
-- Name: deposits_id_seq; Type: SEQUENCE SET; Schema: public; Owner: postgres
--

SELECT pg_catalog.setval('public.deposits_id_seq', 62, true);


--
-- Name: django_admin_log_id_seq; Type: SEQUENCE SET; Schema: public; Owner: postgres
--

SELECT pg_catalog.setval('public.django_admin_log_id_seq', 416, true);


--
-- Name: django_content_type_id_seq; Type: SEQUENCE SET; Schema: public; Owner: postgres
--

SELECT pg_catalog.setval('public.django_content_type_id_seq', 36, true);


--
-- Name: django_migrations_id_seq; Type: SEQUENCE SET; Schema: public; Owner: postgres
--

SELECT pg_catalog.setval('public.django_migrations_id_seq', 87, true);


--
-- Name: investments_id_seq; Type: SEQUENCE SET; Schema: public; Owner: postgres
--

SELECT pg_catalog.setval('public.investments_id_seq', 98, true);


--
-- Name: mission_user_states_id_seq; Type: SEQUENCE SET; Schema: public; Owner: postgres
--

SELECT pg_catalog.setval('public.mission_user_states_id_seq', 18, true);


--
-- Name: missions_id_seq; Type: SEQUENCE SET; Schema: public; Owner: postgres
--

SELECT pg_catalog.setval('public.missions_id_seq', 42, true);


--
-- Name: news_news_id_seq; Type: SEQUENCE SET; Schema: public; Owner: postgres
--

SELECT pg_catalog.setval('public.news_news_id_seq', 19, true);


--
-- Name: products_id_seq; Type: SEQUENCE SET; Schema: public; Owner: postgres
--

SELECT pg_catalog.setval('public.products_id_seq', 11, true);


--
-- Name: rank_levels_id_seq; Type: SEQUENCE SET; Schema: public; Owner: postgres
--

SELECT pg_catalog.setval('public.rank_levels_id_seq', 13, true);


--
-- Name: support_supportchatmessage_id_seq; Type: SEQUENCE SET; Schema: public; Owner: postgres
--

SELECT pg_catalog.setval('public.support_supportchatmessage_id_seq', 11, true);


--
-- Name: support_supportchatthread_id_seq; Type: SEQUENCE SET; Schema: public; Owner: postgres
--

SELECT pg_catalog.setval('public.support_supportchatthread_id_seq', 12, true);


--
-- Name: support_supportlink_id_seq; Type: SEQUENCE SET; Schema: public; Owner: postgres
--

SELECT pg_catalog.setval('public.support_supportlink_id_seq', 3, true);


--
-- Name: transactions_id_seq; Type: SEQUENCE SET; Schema: public; Owner: postgres
--

SELECT pg_catalog.setval('public.transactions_id_seq', 1535, true);


--
-- Name: user_banks_id_seq; Type: SEQUENCE SET; Schema: public; Owner: postgres
--

SELECT pg_catalog.setval('public.user_banks_id_seq', 24, true);


--
-- Name: voucher_usages_id_seq; Type: SEQUENCE SET; Schema: public; Owner: postgres
--

SELECT pg_catalog.setval('public.voucher_usages_id_seq', 24, true);


--
-- Name: vouchers_id_seq; Type: SEQUENCE SET; Schema: public; Owner: postgres
--

SELECT pg_catalog.setval('public.vouchers_id_seq', 4, true);


--
-- Name: withdrawal_jayapay_id_seq; Type: SEQUENCE SET; Schema: public; Owner: postgres
--

SELECT pg_catalog.setval('public.withdrawal_jayapay_id_seq', 1, false);


--
-- Name: withdrawal_settings_id_seq; Type: SEQUENCE SET; Schema: public; Owner: postgres
--

SELECT pg_catalog.setval('public.withdrawal_settings_id_seq', 1, false);


--
-- Name: withdrawals_id_seq; Type: SEQUENCE SET; Schema: public; Owner: postgres
--

SELECT pg_catalog.setval('public.withdrawals_id_seq', 31, true);


--
-- Name: accounts_generalsetting accounts_generalsetting_pkey; Type: CONSTRAINT; Schema: public; Owner: postgres
--

ALTER TABLE ONLY public.accounts_generalsetting
    ADD CONSTRAINT accounts_generalsetting_pkey PRIMARY KEY (id);


--
-- Name: accounts_phoneotp accounts_phoneotp_phone_key; Type: CONSTRAINT; Schema: public; Owner: postgres
--

ALTER TABLE ONLY public.accounts_phoneotp
    ADD CONSTRAINT accounts_phoneotp_phone_key UNIQUE (phone);


--
-- Name: accounts_phoneotp accounts_phoneotp_pkey; Type: CONSTRAINT; Schema: public; Owner: postgres
--

ALTER TABLE ONLY public.accounts_phoneotp
    ADD CONSTRAINT accounts_phoneotp_pkey PRIMARY KEY (id);


--
-- Name: accounts_user accounts_user_email_key; Type: CONSTRAINT; Schema: public; Owner: postgres
--

ALTER TABLE ONLY public.accounts_user
    ADD CONSTRAINT accounts_user_email_key UNIQUE (email);


--
-- Name: accounts_user_groups accounts_user_groups_pkey; Type: CONSTRAINT; Schema: public; Owner: postgres
--

ALTER TABLE ONLY public.accounts_user_groups
    ADD CONSTRAINT accounts_user_groups_pkey PRIMARY KEY (id);


--
-- Name: accounts_user_groups accounts_user_groups_user_id_group_id_59c0b32f_uniq; Type: CONSTRAINT; Schema: public; Owner: postgres
--

ALTER TABLE ONLY public.accounts_user_groups
    ADD CONSTRAINT accounts_user_groups_user_id_group_id_59c0b32f_uniq UNIQUE (user_id, group_id);


--
-- Name: accounts_user accounts_user_phone_key; Type: CONSTRAINT; Schema: public; Owner: postgres
--

ALTER TABLE ONLY public.accounts_user
    ADD CONSTRAINT accounts_user_phone_key UNIQUE (phone);


--
-- Name: accounts_user accounts_user_pkey; Type: CONSTRAINT; Schema: public; Owner: postgres
--

ALTER TABLE ONLY public.accounts_user
    ADD CONSTRAINT accounts_user_pkey PRIMARY KEY (id);


--
-- Name: accounts_user accounts_user_referral_code_key; Type: CONSTRAINT; Schema: public; Owner: postgres
--

ALTER TABLE ONLY public.accounts_user
    ADD CONSTRAINT accounts_user_referral_code_key UNIQUE (referral_code);


--
-- Name: accounts_user_user_permissions accounts_user_user_permi_user_id_permission_id_2ab516c2_uniq; Type: CONSTRAINT; Schema: public; Owner: postgres
--

ALTER TABLE ONLY public.accounts_user_user_permissions
    ADD CONSTRAINT accounts_user_user_permi_user_id_permission_id_2ab516c2_uniq UNIQUE (user_id, permission_id);


--
-- Name: accounts_user_user_permissions accounts_user_user_permissions_pkey; Type: CONSTRAINT; Schema: public; Owner: postgres
--

ALTER TABLE ONLY public.accounts_user_user_permissions
    ADD CONSTRAINT accounts_user_user_permissions_pkey PRIMARY KEY (id);


--
-- Name: accounts_user accounts_user_username_key; Type: CONSTRAINT; Schema: public; Owner: postgres
--

ALTER TABLE ONLY public.accounts_user
    ADD CONSTRAINT accounts_user_username_key UNIQUE (username);


--
-- Name: accounts_useraddress accounts_useraddress_pkey; Type: CONSTRAINT; Schema: public; Owner: postgres
--

ALTER TABLE ONLY public.accounts_useraddress
    ADD CONSTRAINT accounts_useraddress_pkey PRIMARY KEY (id);


--
-- Name: attendance_logs attendance_logs_pkey; Type: CONSTRAINT; Schema: public; Owner: postgres
--

ALTER TABLE ONLY public.attendance_logs
    ADD CONSTRAINT attendance_logs_pkey PRIMARY KEY (id);


--
-- Name: attendance_settings attendance_settings_pkey; Type: CONSTRAINT; Schema: public; Owner: postgres
--

ALTER TABLE ONLY public.attendance_settings
    ADD CONSTRAINT attendance_settings_pkey PRIMARY KEY (id);


--
-- Name: auth_group auth_group_name_key; Type: CONSTRAINT; Schema: public; Owner: postgres
--

ALTER TABLE ONLY public.auth_group
    ADD CONSTRAINT auth_group_name_key UNIQUE (name);


--
-- Name: auth_group_permissions auth_group_permissions_group_id_permission_id_0cd325b0_uniq; Type: CONSTRAINT; Schema: public; Owner: postgres
--

ALTER TABLE ONLY public.auth_group_permissions
    ADD CONSTRAINT auth_group_permissions_group_id_permission_id_0cd325b0_uniq UNIQUE (group_id, permission_id);


--
-- Name: auth_group_permissions auth_group_permissions_pkey; Type: CONSTRAINT; Schema: public; Owner: postgres
--

ALTER TABLE ONLY public.auth_group_permissions
    ADD CONSTRAINT auth_group_permissions_pkey PRIMARY KEY (id);


--
-- Name: auth_group auth_group_pkey; Type: CONSTRAINT; Schema: public; Owner: postgres
--

ALTER TABLE ONLY public.auth_group
    ADD CONSTRAINT auth_group_pkey PRIMARY KEY (id);


--
-- Name: auth_permission auth_permission_content_type_id_codename_01ab375a_uniq; Type: CONSTRAINT; Schema: public; Owner: postgres
--

ALTER TABLE ONLY public.auth_permission
    ADD CONSTRAINT auth_permission_content_type_id_codename_01ab375a_uniq UNIQUE (content_type_id, codename);


--
-- Name: auth_permission auth_permission_pkey; Type: CONSTRAINT; Schema: public; Owner: postgres
--

ALTER TABLE ONLY public.auth_permission
    ADD CONSTRAINT auth_permission_pkey PRIMARY KEY (id);


--
-- Name: authtoken_token authtoken_token_pkey; Type: CONSTRAINT; Schema: public; Owner: postgres
--

ALTER TABLE ONLY public.authtoken_token
    ADD CONSTRAINT authtoken_token_pkey PRIMARY KEY (key);


--
-- Name: authtoken_token authtoken_token_user_id_key; Type: CONSTRAINT; Schema: public; Owner: postgres
--

ALTER TABLE ONLY public.authtoken_token
    ADD CONSTRAINT authtoken_token_user_id_key UNIQUE (user_id);


--
-- Name: bank_settings bank_settings_pkey; Type: CONSTRAINT; Schema: public; Owner: postgres
--

ALTER TABLE ONLY public.bank_settings
    ADD CONSTRAINT bank_settings_pkey PRIMARY KEY (id);


--
-- Name: banks banks_code_key; Type: CONSTRAINT; Schema: public; Owner: postgres
--

ALTER TABLE ONLY public.banks
    ADD CONSTRAINT banks_code_key UNIQUE (code);


--
-- Name: banks banks_pkey; Type: CONSTRAINT; Schema: public; Owner: postgres
--

ALTER TABLE ONLY public.banks
    ADD CONSTRAINT banks_pkey PRIMARY KEY (id);


--
-- Name: claim_history claim_history_investment_id_claim_number_a73b2e06_uniq; Type: CONSTRAINT; Schema: public; Owner: postgres
--

ALTER TABLE ONLY public.claim_history
    ADD CONSTRAINT claim_history_investment_id_claim_number_a73b2e06_uniq UNIQUE (investment_id, claim_number);


--
-- Name: claim_history claim_history_pkey; Type: CONSTRAINT; Schema: public; Owner: postgres
--

ALTER TABLE ONLY public.claim_history
    ADD CONSTRAINT claim_history_pkey PRIMARY KEY (id);


--
-- Name: deposits_gatewaysettings deposits_gatewaysettings_pkey; Type: CONSTRAINT; Schema: public; Owner: postgres
--

ALTER TABLE ONLY public.deposits_gatewaysettings
    ADD CONSTRAINT deposits_gatewaysettings_pkey PRIMARY KEY (id);


--
-- Name: deposits deposits_order_num_key; Type: CONSTRAINT; Schema: public; Owner: postgres
--

ALTER TABLE ONLY public.deposits
    ADD CONSTRAINT deposits_order_num_key UNIQUE (order_num);


--
-- Name: deposits deposits_pkey; Type: CONSTRAINT; Schema: public; Owner: postgres
--

ALTER TABLE ONLY public.deposits
    ADD CONSTRAINT deposits_pkey PRIMARY KEY (id);


--
-- Name: django_admin_log django_admin_log_pkey; Type: CONSTRAINT; Schema: public; Owner: postgres
--

ALTER TABLE ONLY public.django_admin_log
    ADD CONSTRAINT django_admin_log_pkey PRIMARY KEY (id);


--
-- Name: django_content_type django_content_type_app_label_model_76bd3d3b_uniq; Type: CONSTRAINT; Schema: public; Owner: postgres
--

ALTER TABLE ONLY public.django_content_type
    ADD CONSTRAINT django_content_type_app_label_model_76bd3d3b_uniq UNIQUE (app_label, model);


--
-- Name: django_content_type django_content_type_pkey; Type: CONSTRAINT; Schema: public; Owner: postgres
--

ALTER TABLE ONLY public.django_content_type
    ADD CONSTRAINT django_content_type_pkey PRIMARY KEY (id);


--
-- Name: django_migrations django_migrations_pkey; Type: CONSTRAINT; Schema: public; Owner: postgres
--

ALTER TABLE ONLY public.django_migrations
    ADD CONSTRAINT django_migrations_pkey PRIMARY KEY (id);


--
-- Name: django_session django_session_pkey; Type: CONSTRAINT; Schema: public; Owner: postgres
--

ALTER TABLE ONLY public.django_session
    ADD CONSTRAINT django_session_pkey PRIMARY KEY (session_key);


--
-- Name: investments investments_pkey; Type: CONSTRAINT; Schema: public; Owner: postgres
--

ALTER TABLE ONLY public.investments
    ADD CONSTRAINT investments_pkey PRIMARY KEY (id);


--
-- Name: mission_user_states mission_user_states_pkey; Type: CONSTRAINT; Schema: public; Owner: postgres
--

ALTER TABLE ONLY public.mission_user_states
    ADD CONSTRAINT mission_user_states_pkey PRIMARY KEY (id);


--
-- Name: mission_user_states mission_user_states_user_id_mission_id_3970c6ef_uniq; Type: CONSTRAINT; Schema: public; Owner: postgres
--

ALTER TABLE ONLY public.mission_user_states
    ADD CONSTRAINT mission_user_states_user_id_mission_id_3970c6ef_uniq UNIQUE (user_id, mission_id);


--
-- Name: missions missions_pkey; Type: CONSTRAINT; Schema: public; Owner: postgres
--

ALTER TABLE ONLY public.missions
    ADD CONSTRAINT missions_pkey PRIMARY KEY (id);


--
-- Name: news_news news_news_pkey; Type: CONSTRAINT; Schema: public; Owner: postgres
--

ALTER TABLE ONLY public.news_news
    ADD CONSTRAINT news_news_pkey PRIMARY KEY (id);


--
-- Name: news_news news_news_slug_key; Type: CONSTRAINT; Schema: public; Owner: postgres
--

ALTER TABLE ONLY public.news_news
    ADD CONSTRAINT news_news_slug_key UNIQUE (slug);


--
-- Name: products products_pkey; Type: CONSTRAINT; Schema: public; Owner: postgres
--

ALTER TABLE ONLY public.products
    ADD CONSTRAINT products_pkey PRIMARY KEY (id);


--
-- Name: rank_levels rank_levels_pkey; Type: CONSTRAINT; Schema: public; Owner: postgres
--

ALTER TABLE ONLY public.rank_levels
    ADD CONSTRAINT rank_levels_pkey PRIMARY KEY (id);


--
-- Name: rank_levels rank_levels_rank_key; Type: CONSTRAINT; Schema: public; Owner: postgres
--

ALTER TABLE ONLY public.rank_levels
    ADD CONSTRAINT rank_levels_rank_key UNIQUE (rank);


--
-- Name: support_supportchatmessage support_supportchatmessage_pkey; Type: CONSTRAINT; Schema: public; Owner: postgres
--

ALTER TABLE ONLY public.support_supportchatmessage
    ADD CONSTRAINT support_supportchatmessage_pkey PRIMARY KEY (id);


--
-- Name: support_supportchatthread support_supportchatthread_pkey; Type: CONSTRAINT; Schema: public; Owner: postgres
--

ALTER TABLE ONLY public.support_supportchatthread
    ADD CONSTRAINT support_supportchatthread_pkey PRIMARY KEY (id);


--
-- Name: support_supportlink support_supportlink_pkey; Type: CONSTRAINT; Schema: public; Owner: postgres
--

ALTER TABLE ONLY public.support_supportlink
    ADD CONSTRAINT support_supportlink_pkey PRIMARY KEY (id);


--
-- Name: transactions transactions_pkey; Type: CONSTRAINT; Schema: public; Owner: postgres
--

ALTER TABLE ONLY public.transactions
    ADD CONSTRAINT transactions_pkey PRIMARY KEY (id);


--
-- Name: transactions transactions_trx_id_key; Type: CONSTRAINT; Schema: public; Owner: postgres
--

ALTER TABLE ONLY public.transactions
    ADD CONSTRAINT transactions_trx_id_key UNIQUE (trx_id);


--
-- Name: user_banks unique_user_bank_combination; Type: CONSTRAINT; Schema: public; Owner: postgres
--

ALTER TABLE ONLY public.user_banks
    ADD CONSTRAINT unique_user_bank_combination UNIQUE (user_id, bank_id);


--
-- Name: attendance_logs unique_user_date_attendance; Type: CONSTRAINT; Schema: public; Owner: postgres
--

ALTER TABLE ONLY public.attendance_logs
    ADD CONSTRAINT unique_user_date_attendance UNIQUE (user_id, date);


--
-- Name: user_banks user_banks_pkey; Type: CONSTRAINT; Schema: public; Owner: postgres
--

ALTER TABLE ONLY public.user_banks
    ADD CONSTRAINT user_banks_pkey PRIMARY KEY (id);


--
-- Name: voucher_usages voucher_usages_pkey; Type: CONSTRAINT; Schema: public; Owner: postgres
--

ALTER TABLE ONLY public.voucher_usages
    ADD CONSTRAINT voucher_usages_pkey PRIMARY KEY (id);


--
-- Name: vouchers vouchers_code_key; Type: CONSTRAINT; Schema: public; Owner: postgres
--

ALTER TABLE ONLY public.vouchers
    ADD CONSTRAINT vouchers_code_key UNIQUE (code);


--
-- Name: vouchers vouchers_pkey; Type: CONSTRAINT; Schema: public; Owner: postgres
--

ALTER TABLE ONLY public.vouchers
    ADD CONSTRAINT vouchers_pkey PRIMARY KEY (id);


--
-- Name: withdrawal_jayapay withdrawal_jayapay_pkey; Type: CONSTRAINT; Schema: public; Owner: postgres
--

ALTER TABLE ONLY public.withdrawal_jayapay
    ADD CONSTRAINT withdrawal_jayapay_pkey PRIMARY KEY (id);


--
-- Name: withdrawal_jayapay withdrawal_jayapay_withdrawal_id_key; Type: CONSTRAINT; Schema: public; Owner: postgres
--

ALTER TABLE ONLY public.withdrawal_jayapay
    ADD CONSTRAINT withdrawal_jayapay_withdrawal_id_key UNIQUE (withdrawal_id);


--
-- Name: withdrawal_settings withdrawal_settings_pkey; Type: CONSTRAINT; Schema: public; Owner: postgres
--

ALTER TABLE ONLY public.withdrawal_settings
    ADD CONSTRAINT withdrawal_settings_pkey PRIMARY KEY (id);


--
-- Name: withdrawals withdrawals_pkey; Type: CONSTRAINT; Schema: public; Owner: postgres
--

ALTER TABLE ONLY public.withdrawals
    ADD CONSTRAINT withdrawals_pkey PRIMARY KEY (id);


--
-- Name: accounts_phoneotp_phone_edf50850_like; Type: INDEX; Schema: public; Owner: postgres
--

CREATE INDEX accounts_phoneotp_phone_edf50850_like ON public.accounts_phoneotp USING btree (phone varchar_pattern_ops);


--
-- Name: accounts_user_email_b2644a56_like; Type: INDEX; Schema: public; Owner: postgres
--

CREATE INDEX accounts_user_email_b2644a56_like ON public.accounts_user USING btree (email varchar_pattern_ops);


--
-- Name: accounts_user_groups_group_id_bd11a704; Type: INDEX; Schema: public; Owner: postgres
--

CREATE INDEX accounts_user_groups_group_id_bd11a704 ON public.accounts_user_groups USING btree (group_id);


--
-- Name: accounts_user_groups_user_id_52b62117; Type: INDEX; Schema: public; Owner: postgres
--

CREATE INDEX accounts_user_groups_user_id_52b62117 ON public.accounts_user_groups USING btree (user_id);


--
-- Name: accounts_user_phone_c603acdd_like; Type: INDEX; Schema: public; Owner: postgres
--

CREATE INDEX accounts_user_phone_c603acdd_like ON public.accounts_user USING btree (phone varchar_pattern_ops);


--
-- Name: accounts_user_referral_by_id_a5a4c579; Type: INDEX; Schema: public; Owner: postgres
--

CREATE INDEX accounts_user_referral_by_id_a5a4c579 ON public.accounts_user USING btree (referral_by_id);


--
-- Name: accounts_user_referral_code_3613e89e_like; Type: INDEX; Schema: public; Owner: postgres
--

CREATE INDEX accounts_user_referral_code_3613e89e_like ON public.accounts_user USING btree (referral_code varchar_pattern_ops);


--
-- Name: accounts_user_user_permissions_permission_id_113bb443; Type: INDEX; Schema: public; Owner: postgres
--

CREATE INDEX accounts_user_user_permissions_permission_id_113bb443 ON public.accounts_user_user_permissions USING btree (permission_id);


--
-- Name: accounts_user_user_permissions_user_id_e4f0a161; Type: INDEX; Schema: public; Owner: postgres
--

CREATE INDEX accounts_user_user_permissions_user_id_e4f0a161 ON public.accounts_user_user_permissions USING btree (user_id);


--
-- Name: accounts_user_username_6088629e_like; Type: INDEX; Schema: public; Owner: postgres
--

CREATE INDEX accounts_user_username_6088629e_like ON public.accounts_user USING btree (username varchar_pattern_ops);


--
-- Name: accounts_useraddress_user_id_5348f16c; Type: INDEX; Schema: public; Owner: postgres
--

CREATE INDEX accounts_useraddress_user_id_5348f16c ON public.accounts_useraddress USING btree (user_id);


--
-- Name: attendance_logs_user_id_6910cf35; Type: INDEX; Schema: public; Owner: postgres
--

CREATE INDEX attendance_logs_user_id_6910cf35 ON public.attendance_logs USING btree (user_id);


--
-- Name: auth_group_name_a6ea08ec_like; Type: INDEX; Schema: public; Owner: postgres
--

CREATE INDEX auth_group_name_a6ea08ec_like ON public.auth_group USING btree (name varchar_pattern_ops);


--
-- Name: auth_group_permissions_group_id_b120cbf9; Type: INDEX; Schema: public; Owner: postgres
--

CREATE INDEX auth_group_permissions_group_id_b120cbf9 ON public.auth_group_permissions USING btree (group_id);


--
-- Name: auth_group_permissions_permission_id_84c5c92e; Type: INDEX; Schema: public; Owner: postgres
--

CREATE INDEX auth_group_permissions_permission_id_84c5c92e ON public.auth_group_permissions USING btree (permission_id);


--
-- Name: auth_permission_content_type_id_2f476e4b; Type: INDEX; Schema: public; Owner: postgres
--

CREATE INDEX auth_permission_content_type_id_2f476e4b ON public.auth_permission USING btree (content_type_id);


--
-- Name: authtoken_token_key_10f0b77e_like; Type: INDEX; Schema: public; Owner: postgres
--

CREATE INDEX authtoken_token_key_10f0b77e_like ON public.authtoken_token USING btree (key varchar_pattern_ops);


--
-- Name: banks_code_91603e83_like; Type: INDEX; Schema: public; Owner: postgres
--

CREATE INDEX banks_code_91603e83_like ON public.banks USING btree (code varchar_pattern_ops);


--
-- Name: claim_history_investment_id_097f58b7; Type: INDEX; Schema: public; Owner: postgres
--

CREATE INDEX claim_history_investment_id_097f58b7 ON public.claim_history USING btree (investment_id);


--
-- Name: claim_history_transaction_id_b73db819; Type: INDEX; Schema: public; Owner: postgres
--

CREATE INDEX claim_history_transaction_id_b73db819 ON public.claim_history USING btree (transaction_id);


--
-- Name: claim_history_user_id_7d5c22fc; Type: INDEX; Schema: public; Owner: postgres
--

CREATE INDEX claim_history_user_id_7d5c22fc ON public.claim_history USING btree (user_id);


--
-- Name: deposits_order_num_e1e24968_like; Type: INDEX; Schema: public; Owner: postgres
--

CREATE INDEX deposits_order_num_e1e24968_like ON public.deposits USING btree (order_num varchar_pattern_ops);


--
-- Name: deposits_transaction_id_0c0da442; Type: INDEX; Schema: public; Owner: postgres
--

CREATE INDEX deposits_transaction_id_0c0da442 ON public.deposits USING btree (transaction_id);


--
-- Name: deposits_user_id_437dc111; Type: INDEX; Schema: public; Owner: postgres
--

CREATE INDEX deposits_user_id_437dc111 ON public.deposits USING btree (user_id);


--
-- Name: django_admin_log_content_type_id_c4bce8eb; Type: INDEX; Schema: public; Owner: postgres
--

CREATE INDEX django_admin_log_content_type_id_c4bce8eb ON public.django_admin_log USING btree (content_type_id);


--
-- Name: django_admin_log_user_id_c564eba6; Type: INDEX; Schema: public; Owner: postgres
--

CREATE INDEX django_admin_log_user_id_c564eba6 ON public.django_admin_log USING btree (user_id);


--
-- Name: django_session_expire_date_a5c62663; Type: INDEX; Schema: public; Owner: postgres
--

CREATE INDEX django_session_expire_date_a5c62663 ON public.django_session USING btree (expire_date);


--
-- Name: django_session_session_key_c0390e0f_like; Type: INDEX; Schema: public; Owner: postgres
--

CREATE INDEX django_session_session_key_c0390e0f_like ON public.django_session USING btree (session_key varchar_pattern_ops);


--
-- Name: investments_product_id_ccbd4c74; Type: INDEX; Schema: public; Owner: postgres
--

CREATE INDEX investments_product_id_ccbd4c74 ON public.investments USING btree (product_id);


--
-- Name: investments_transaction_id_28987300; Type: INDEX; Schema: public; Owner: postgres
--

CREATE INDEX investments_transaction_id_28987300 ON public.investments USING btree (transaction_id);


--
-- Name: investments_user_id_c642b863; Type: INDEX; Schema: public; Owner: postgres
--

CREATE INDEX investments_user_id_c642b863 ON public.investments USING btree (user_id);


--
-- Name: mission_user_states_mission_id_9c88bc39; Type: INDEX; Schema: public; Owner: postgres
--

CREATE INDEX mission_user_states_mission_id_9c88bc39 ON public.mission_user_states USING btree (mission_id);


--
-- Name: mission_user_states_user_id_55e31f2f; Type: INDEX; Schema: public; Owner: postgres
--

CREATE INDEX mission_user_states_user_id_55e31f2f ON public.mission_user_states USING btree (user_id);


--
-- Name: news_news_slug_2b9132f1_like; Type: INDEX; Schema: public; Owner: postgres
--

CREATE INDEX news_news_slug_2b9132f1_like ON public.news_news USING btree (slug varchar_pattern_ops);


--
-- Name: support_supportchatmessage_sender_user_id_3f4f5dd3; Type: INDEX; Schema: public; Owner: postgres
--

CREATE INDEX support_supportchatmessage_sender_user_id_3f4f5dd3 ON public.support_supportchatmessage USING btree (sender_user_id);


--
-- Name: support_supportchatmessage_thread_id_80d96895; Type: INDEX; Schema: public; Owner: postgres
--

CREATE INDEX support_supportchatmessage_thread_id_80d96895 ON public.support_supportchatmessage USING btree (thread_id);


--
-- Name: support_supportchatthread_user_id_ed2cdead; Type: INDEX; Schema: public; Owner: postgres
--

CREATE INDEX support_supportchatthread_user_id_ed2cdead ON public.support_supportchatthread USING btree (user_id);


--
-- Name: transactions_created_at_3143a260; Type: INDEX; Schema: public; Owner: postgres
--

CREATE INDEX transactions_created_at_3143a260 ON public.transactions USING btree (created_at);


--
-- Name: transactions_product_id_b82fbdba; Type: INDEX; Schema: public; Owner: postgres
--

CREATE INDEX transactions_product_id_b82fbdba ON public.transactions USING btree (product_id);


--
-- Name: transactions_related_transaction_id_f6dce13d; Type: INDEX; Schema: public; Owner: postgres
--

CREATE INDEX transactions_related_transaction_id_f6dce13d ON public.transactions USING btree (related_transaction_id);


--
-- Name: transactions_trx_id_1160859c_like; Type: INDEX; Schema: public; Owner: postgres
--

CREATE INDEX transactions_trx_id_1160859c_like ON public.transactions USING btree (trx_id varchar_pattern_ops);


--
-- Name: transactions_upline_user_id_0de0709a; Type: INDEX; Schema: public; Owner: postgres
--

CREATE INDEX transactions_upline_user_id_0de0709a ON public.transactions USING btree (upline_user_id);


--
-- Name: transactions_user_id_766cc893; Type: INDEX; Schema: public; Owner: postgres
--

CREATE INDEX transactions_user_id_766cc893 ON public.transactions USING btree (user_id);


--
-- Name: trx_type_idx; Type: INDEX; Schema: public; Owner: postgres
--

CREATE INDEX trx_type_idx ON public.transactions USING btree (type);


--
-- Name: trx_upline_type_idx; Type: INDEX; Schema: public; Owner: postgres
--

CREATE INDEX trx_upline_type_idx ON public.transactions USING btree (upline_user_id, type);


--
-- Name: trx_user_type_stat_cr_idx; Type: INDEX; Schema: public; Owner: postgres
--

CREATE INDEX trx_user_type_stat_cr_idx ON public.transactions USING btree (user_id, type, status, created_at);


--
-- Name: trx_wallet_type_idx; Type: INDEX; Schema: public; Owner: postgres
--

CREATE INDEX trx_wallet_type_idx ON public.transactions USING btree (wallet_type);


--
-- Name: unique_default_bank_per_user; Type: INDEX; Schema: public; Owner: postgres
--

CREATE UNIQUE INDEX unique_default_bank_per_user ON public.user_banks USING btree (user_id) WHERE is_default;


--
-- Name: user_banks_bank_id_02ef65ce; Type: INDEX; Schema: public; Owner: postgres
--

CREATE INDEX user_banks_bank_id_02ef65ce ON public.user_banks USING btree (bank_id);


--
-- Name: user_banks_user_id_f462cb60; Type: INDEX; Schema: public; Owner: postgres
--

CREATE INDEX user_banks_user_id_f462cb60 ON public.user_banks USING btree (user_id);


--
-- Name: voucher_usages_transaction_id_db1862fb; Type: INDEX; Schema: public; Owner: postgres
--

CREATE INDEX voucher_usages_transaction_id_db1862fb ON public.voucher_usages USING btree (transaction_id);


--
-- Name: voucher_usages_user_id_77b95d1c; Type: INDEX; Schema: public; Owner: postgres
--

CREATE INDEX voucher_usages_user_id_77b95d1c ON public.voucher_usages USING btree (user_id);


--
-- Name: voucher_usages_voucher_id_717e9ac6; Type: INDEX; Schema: public; Owner: postgres
--

CREATE INDEX voucher_usages_voucher_id_717e9ac6 ON public.voucher_usages USING btree (voucher_id);


--
-- Name: vouchers_code_55f32f4c_like; Type: INDEX; Schema: public; Owner: postgres
--

CREATE INDEX vouchers_code_55f32f4c_like ON public.vouchers USING btree (code varchar_pattern_ops);


--
-- Name: withdrawal_settings_required_product_id_b3a97a5a; Type: INDEX; Schema: public; Owner: postgres
--

CREATE INDEX withdrawal_settings_required_product_id_b3a97a5a ON public.withdrawal_settings USING btree (required_product_id);


--
-- Name: withdrawals_bank_account_id_08139113; Type: INDEX; Schema: public; Owner: postgres
--

CREATE INDEX withdrawals_bank_account_id_08139113 ON public.withdrawals USING btree (bank_account_id);


--
-- Name: withdrawals_transaction_id_8c683100; Type: INDEX; Schema: public; Owner: postgres
--

CREATE INDEX withdrawals_transaction_id_8c683100 ON public.withdrawals USING btree (transaction_id);


--
-- Name: withdrawals_user_id_2bbaba4d; Type: INDEX; Schema: public; Owner: postgres
--

CREATE INDEX withdrawals_user_id_2bbaba4d ON public.withdrawals USING btree (user_id);


--
-- Name: accounts_user_groups accounts_user_groups_group_id_bd11a704_fk_auth_group_id; Type: FK CONSTRAINT; Schema: public; Owner: postgres
--

ALTER TABLE ONLY public.accounts_user_groups
    ADD CONSTRAINT accounts_user_groups_group_id_bd11a704_fk_auth_group_id FOREIGN KEY (group_id) REFERENCES public.auth_group(id) DEFERRABLE INITIALLY DEFERRED;


--
-- Name: accounts_user_groups accounts_user_groups_user_id_52b62117_fk_accounts_user_id; Type: FK CONSTRAINT; Schema: public; Owner: postgres
--

ALTER TABLE ONLY public.accounts_user_groups
    ADD CONSTRAINT accounts_user_groups_user_id_52b62117_fk_accounts_user_id FOREIGN KEY (user_id) REFERENCES public.accounts_user(id) DEFERRABLE INITIALLY DEFERRED;


--
-- Name: accounts_user accounts_user_referral_by_id_a5a4c579_fk_accounts_user_id; Type: FK CONSTRAINT; Schema: public; Owner: postgres
--

ALTER TABLE ONLY public.accounts_user
    ADD CONSTRAINT accounts_user_referral_by_id_a5a4c579_fk_accounts_user_id FOREIGN KEY (referral_by_id) REFERENCES public.accounts_user(id) DEFERRABLE INITIALLY DEFERRED;


--
-- Name: accounts_user_user_permissions accounts_user_user_p_permission_id_113bb443_fk_auth_perm; Type: FK CONSTRAINT; Schema: public; Owner: postgres
--

ALTER TABLE ONLY public.accounts_user_user_permissions
    ADD CONSTRAINT accounts_user_user_p_permission_id_113bb443_fk_auth_perm FOREIGN KEY (permission_id) REFERENCES public.auth_permission(id) DEFERRABLE INITIALLY DEFERRED;


--
-- Name: accounts_user_user_permissions accounts_user_user_p_user_id_e4f0a161_fk_accounts_; Type: FK CONSTRAINT; Schema: public; Owner: postgres
--

ALTER TABLE ONLY public.accounts_user_user_permissions
    ADD CONSTRAINT accounts_user_user_p_user_id_e4f0a161_fk_accounts_ FOREIGN KEY (user_id) REFERENCES public.accounts_user(id) DEFERRABLE INITIALLY DEFERRED;


--
-- Name: accounts_useraddress accounts_useraddress_user_id_5348f16c_fk_accounts_user_id; Type: FK CONSTRAINT; Schema: public; Owner: postgres
--

ALTER TABLE ONLY public.accounts_useraddress
    ADD CONSTRAINT accounts_useraddress_user_id_5348f16c_fk_accounts_user_id FOREIGN KEY (user_id) REFERENCES public.accounts_user(id) DEFERRABLE INITIALLY DEFERRED;


--
-- Name: attendance_logs attendance_logs_user_id_6910cf35_fk_accounts_user_id; Type: FK CONSTRAINT; Schema: public; Owner: postgres
--

ALTER TABLE ONLY public.attendance_logs
    ADD CONSTRAINT attendance_logs_user_id_6910cf35_fk_accounts_user_id FOREIGN KEY (user_id) REFERENCES public.accounts_user(id) DEFERRABLE INITIALLY DEFERRED;


--
-- Name: auth_group_permissions auth_group_permissio_permission_id_84c5c92e_fk_auth_perm; Type: FK CONSTRAINT; Schema: public; Owner: postgres
--

ALTER TABLE ONLY public.auth_group_permissions
    ADD CONSTRAINT auth_group_permissio_permission_id_84c5c92e_fk_auth_perm FOREIGN KEY (permission_id) REFERENCES public.auth_permission(id) DEFERRABLE INITIALLY DEFERRED;


--
-- Name: auth_group_permissions auth_group_permissions_group_id_b120cbf9_fk_auth_group_id; Type: FK CONSTRAINT; Schema: public; Owner: postgres
--

ALTER TABLE ONLY public.auth_group_permissions
    ADD CONSTRAINT auth_group_permissions_group_id_b120cbf9_fk_auth_group_id FOREIGN KEY (group_id) REFERENCES public.auth_group(id) DEFERRABLE INITIALLY DEFERRED;


--
-- Name: auth_permission auth_permission_content_type_id_2f476e4b_fk_django_co; Type: FK CONSTRAINT; Schema: public; Owner: postgres
--

ALTER TABLE ONLY public.auth_permission
    ADD CONSTRAINT auth_permission_content_type_id_2f476e4b_fk_django_co FOREIGN KEY (content_type_id) REFERENCES public.django_content_type(id) DEFERRABLE INITIALLY DEFERRED;


--
-- Name: authtoken_token authtoken_token_user_id_35299eff_fk_accounts_user_id; Type: FK CONSTRAINT; Schema: public; Owner: postgres
--

ALTER TABLE ONLY public.authtoken_token
    ADD CONSTRAINT authtoken_token_user_id_35299eff_fk_accounts_user_id FOREIGN KEY (user_id) REFERENCES public.accounts_user(id) DEFERRABLE INITIALLY DEFERRED;


--
-- Name: claim_history claim_history_investment_id_097f58b7_fk_investments_id; Type: FK CONSTRAINT; Schema: public; Owner: postgres
--

ALTER TABLE ONLY public.claim_history
    ADD CONSTRAINT claim_history_investment_id_097f58b7_fk_investments_id FOREIGN KEY (investment_id) REFERENCES public.investments(id) DEFERRABLE INITIALLY DEFERRED;


--
-- Name: claim_history claim_history_transaction_id_b73db819_fk_transactions_id; Type: FK CONSTRAINT; Schema: public; Owner: postgres
--

ALTER TABLE ONLY public.claim_history
    ADD CONSTRAINT claim_history_transaction_id_b73db819_fk_transactions_id FOREIGN KEY (transaction_id) REFERENCES public.transactions(id) DEFERRABLE INITIALLY DEFERRED;


--
-- Name: claim_history claim_history_user_id_7d5c22fc_fk_accounts_user_id; Type: FK CONSTRAINT; Schema: public; Owner: postgres
--

ALTER TABLE ONLY public.claim_history
    ADD CONSTRAINT claim_history_user_id_7d5c22fc_fk_accounts_user_id FOREIGN KEY (user_id) REFERENCES public.accounts_user(id) DEFERRABLE INITIALLY DEFERRED;


--
-- Name: deposits deposits_transaction_id_0c0da442_fk_transactions_id; Type: FK CONSTRAINT; Schema: public; Owner: postgres
--

ALTER TABLE ONLY public.deposits
    ADD CONSTRAINT deposits_transaction_id_0c0da442_fk_transactions_id FOREIGN KEY (transaction_id) REFERENCES public.transactions(id) DEFERRABLE INITIALLY DEFERRED;


--
-- Name: deposits deposits_user_id_437dc111_fk_accounts_user_id; Type: FK CONSTRAINT; Schema: public; Owner: postgres
--

ALTER TABLE ONLY public.deposits
    ADD CONSTRAINT deposits_user_id_437dc111_fk_accounts_user_id FOREIGN KEY (user_id) REFERENCES public.accounts_user(id) DEFERRABLE INITIALLY DEFERRED;


--
-- Name: django_admin_log django_admin_log_content_type_id_c4bce8eb_fk_django_co; Type: FK CONSTRAINT; Schema: public; Owner: postgres
--

ALTER TABLE ONLY public.django_admin_log
    ADD CONSTRAINT django_admin_log_content_type_id_c4bce8eb_fk_django_co FOREIGN KEY (content_type_id) REFERENCES public.django_content_type(id) DEFERRABLE INITIALLY DEFERRED;


--
-- Name: django_admin_log django_admin_log_user_id_c564eba6_fk_accounts_user_id; Type: FK CONSTRAINT; Schema: public; Owner: postgres
--

ALTER TABLE ONLY public.django_admin_log
    ADD CONSTRAINT django_admin_log_user_id_c564eba6_fk_accounts_user_id FOREIGN KEY (user_id) REFERENCES public.accounts_user(id) DEFERRABLE INITIALLY DEFERRED;


--
-- Name: investments investments_product_id_ccbd4c74_fk_products_id; Type: FK CONSTRAINT; Schema: public; Owner: postgres
--

ALTER TABLE ONLY public.investments
    ADD CONSTRAINT investments_product_id_ccbd4c74_fk_products_id FOREIGN KEY (product_id) REFERENCES public.products(id) DEFERRABLE INITIALLY DEFERRED;


--
-- Name: investments investments_transaction_id_28987300_fk_transactions_id; Type: FK CONSTRAINT; Schema: public; Owner: postgres
--

ALTER TABLE ONLY public.investments
    ADD CONSTRAINT investments_transaction_id_28987300_fk_transactions_id FOREIGN KEY (transaction_id) REFERENCES public.transactions(id) DEFERRABLE INITIALLY DEFERRED;


--
-- Name: investments investments_user_id_c642b863_fk_accounts_user_id; Type: FK CONSTRAINT; Schema: public; Owner: postgres
--

ALTER TABLE ONLY public.investments
    ADD CONSTRAINT investments_user_id_c642b863_fk_accounts_user_id FOREIGN KEY (user_id) REFERENCES public.accounts_user(id) DEFERRABLE INITIALLY DEFERRED;


--
-- Name: mission_user_states mission_user_states_mission_id_9c88bc39_fk_missions_id; Type: FK CONSTRAINT; Schema: public; Owner: postgres
--

ALTER TABLE ONLY public.mission_user_states
    ADD CONSTRAINT mission_user_states_mission_id_9c88bc39_fk_missions_id FOREIGN KEY (mission_id) REFERENCES public.missions(id) DEFERRABLE INITIALLY DEFERRED;


--
-- Name: mission_user_states mission_user_states_user_id_55e31f2f_fk_accounts_user_id; Type: FK CONSTRAINT; Schema: public; Owner: postgres
--

ALTER TABLE ONLY public.mission_user_states
    ADD CONSTRAINT mission_user_states_user_id_55e31f2f_fk_accounts_user_id FOREIGN KEY (user_id) REFERENCES public.accounts_user(id) DEFERRABLE INITIALLY DEFERRED;


--
-- Name: support_supportchatmessage support_supportchatm_sender_user_id_3f4f5dd3_fk_accounts_; Type: FK CONSTRAINT; Schema: public; Owner: postgres
--

ALTER TABLE ONLY public.support_supportchatmessage
    ADD CONSTRAINT support_supportchatm_sender_user_id_3f4f5dd3_fk_accounts_ FOREIGN KEY (sender_user_id) REFERENCES public.accounts_user(id) DEFERRABLE INITIALLY DEFERRED;


--
-- Name: support_supportchatmessage support_supportchatm_thread_id_80d96895_fk_support_s; Type: FK CONSTRAINT; Schema: public; Owner: postgres
--

ALTER TABLE ONLY public.support_supportchatmessage
    ADD CONSTRAINT support_supportchatm_thread_id_80d96895_fk_support_s FOREIGN KEY (thread_id) REFERENCES public.support_supportchatthread(id) DEFERRABLE INITIALLY DEFERRED;


--
-- Name: support_supportchatthread support_supportchatthread_user_id_ed2cdead_fk_accounts_user_id; Type: FK CONSTRAINT; Schema: public; Owner: postgres
--

ALTER TABLE ONLY public.support_supportchatthread
    ADD CONSTRAINT support_supportchatthread_user_id_ed2cdead_fk_accounts_user_id FOREIGN KEY (user_id) REFERENCES public.accounts_user(id) DEFERRABLE INITIALLY DEFERRED;


--
-- Name: transactions transactions_product_id_b82fbdba_fk_products_id; Type: FK CONSTRAINT; Schema: public; Owner: postgres
--

ALTER TABLE ONLY public.transactions
    ADD CONSTRAINT transactions_product_id_b82fbdba_fk_products_id FOREIGN KEY (product_id) REFERENCES public.products(id) DEFERRABLE INITIALLY DEFERRED;


--
-- Name: transactions transactions_related_transaction_id_f6dce13d_fk_transactions_id; Type: FK CONSTRAINT; Schema: public; Owner: postgres
--

ALTER TABLE ONLY public.transactions
    ADD CONSTRAINT transactions_related_transaction_id_f6dce13d_fk_transactions_id FOREIGN KEY (related_transaction_id) REFERENCES public.transactions(id) DEFERRABLE INITIALLY DEFERRED;


--
-- Name: transactions transactions_upline_user_id_0de0709a_fk_accounts_user_id; Type: FK CONSTRAINT; Schema: public; Owner: postgres
--

ALTER TABLE ONLY public.transactions
    ADD CONSTRAINT transactions_upline_user_id_0de0709a_fk_accounts_user_id FOREIGN KEY (upline_user_id) REFERENCES public.accounts_user(id) DEFERRABLE INITIALLY DEFERRED;


--
-- Name: transactions transactions_user_id_766cc893_fk_accounts_user_id; Type: FK CONSTRAINT; Schema: public; Owner: postgres
--

ALTER TABLE ONLY public.transactions
    ADD CONSTRAINT transactions_user_id_766cc893_fk_accounts_user_id FOREIGN KEY (user_id) REFERENCES public.accounts_user(id) DEFERRABLE INITIALLY DEFERRED;


--
-- Name: user_banks user_banks_bank_id_02ef65ce_fk_banks_id; Type: FK CONSTRAINT; Schema: public; Owner: postgres
--

ALTER TABLE ONLY public.user_banks
    ADD CONSTRAINT user_banks_bank_id_02ef65ce_fk_banks_id FOREIGN KEY (bank_id) REFERENCES public.banks(id) DEFERRABLE INITIALLY DEFERRED;


--
-- Name: user_banks user_banks_user_id_f462cb60_fk_accounts_user_id; Type: FK CONSTRAINT; Schema: public; Owner: postgres
--

ALTER TABLE ONLY public.user_banks
    ADD CONSTRAINT user_banks_user_id_f462cb60_fk_accounts_user_id FOREIGN KEY (user_id) REFERENCES public.accounts_user(id) DEFERRABLE INITIALLY DEFERRED;


--
-- Name: voucher_usages voucher_usages_transaction_id_db1862fb_fk_transactions_id; Type: FK CONSTRAINT; Schema: public; Owner: postgres
--

ALTER TABLE ONLY public.voucher_usages
    ADD CONSTRAINT voucher_usages_transaction_id_db1862fb_fk_transactions_id FOREIGN KEY (transaction_id) REFERENCES public.transactions(id) DEFERRABLE INITIALLY DEFERRED;


--
-- Name: voucher_usages voucher_usages_user_id_77b95d1c_fk_accounts_user_id; Type: FK CONSTRAINT; Schema: public; Owner: postgres
--

ALTER TABLE ONLY public.voucher_usages
    ADD CONSTRAINT voucher_usages_user_id_77b95d1c_fk_accounts_user_id FOREIGN KEY (user_id) REFERENCES public.accounts_user(id) DEFERRABLE INITIALLY DEFERRED;


--
-- Name: voucher_usages voucher_usages_voucher_id_717e9ac6_fk_vouchers_id; Type: FK CONSTRAINT; Schema: public; Owner: postgres
--

ALTER TABLE ONLY public.voucher_usages
    ADD CONSTRAINT voucher_usages_voucher_id_717e9ac6_fk_vouchers_id FOREIGN KEY (voucher_id) REFERENCES public.vouchers(id) DEFERRABLE INITIALLY DEFERRED;


--
-- Name: withdrawal_jayapay withdrawal_jayapay_withdrawal_id_cda2e873_fk_withdrawals_id; Type: FK CONSTRAINT; Schema: public; Owner: postgres
--

ALTER TABLE ONLY public.withdrawal_jayapay
    ADD CONSTRAINT withdrawal_jayapay_withdrawal_id_cda2e873_fk_withdrawals_id FOREIGN KEY (withdrawal_id) REFERENCES public.withdrawals(id) DEFERRABLE INITIALLY DEFERRED;


--
-- Name: withdrawal_settings withdrawal_settings_required_product_id_b3a97a5a_fk_products_id; Type: FK CONSTRAINT; Schema: public; Owner: postgres
--

ALTER TABLE ONLY public.withdrawal_settings
    ADD CONSTRAINT withdrawal_settings_required_product_id_b3a97a5a_fk_products_id FOREIGN KEY (required_product_id) REFERENCES public.products(id) DEFERRABLE INITIALLY DEFERRED;


--
-- Name: withdrawals withdrawals_bank_account_id_08139113_fk_user_banks_id; Type: FK CONSTRAINT; Schema: public; Owner: postgres
--

ALTER TABLE ONLY public.withdrawals
    ADD CONSTRAINT withdrawals_bank_account_id_08139113_fk_user_banks_id FOREIGN KEY (bank_account_id) REFERENCES public.user_banks(id) DEFERRABLE INITIALLY DEFERRED;


--
-- Name: withdrawals withdrawals_transaction_id_8c683100_fk_transactions_id; Type: FK CONSTRAINT; Schema: public; Owner: postgres
--

ALTER TABLE ONLY public.withdrawals
    ADD CONSTRAINT withdrawals_transaction_id_8c683100_fk_transactions_id FOREIGN KEY (transaction_id) REFERENCES public.transactions(id) DEFERRABLE INITIALLY DEFERRED;


--
-- Name: withdrawals withdrawals_user_id_2bbaba4d_fk_accounts_user_id; Type: FK CONSTRAINT; Schema: public; Owner: postgres
--

ALTER TABLE ONLY public.withdrawals
    ADD CONSTRAINT withdrawals_user_id_2bbaba4d_fk_accounts_user_id FOREIGN KEY (user_id) REFERENCES public.accounts_user(id) DEFERRABLE INITIALLY DEFERRED;


--
-- PostgreSQL database dump complete
--

\unrestrict KeF9BVSabasIP6yQXDV7xxj3QXFj5YbgqvpnYuFYQK4kjXvwYwrRumm6ax6hvuK

