--
-- PostgreSQL database dump
--

\restrict HZfYcssM0u1frqUVTIbNCHp2Vl37ndYETd6QRbbF96mT1awiGlPFsBdaqZMgdrR

-- Dumped from database version 18.0
-- Dumped by pg_dump version 18.0

SET statement_timeout = 0;
SET lock_timeout = 0;
SET idle_in_transaction_session_timeout = 0;
SET transaction_timeout = 0;
SET client_encoding = 'UTF8';
SET standard_conforming_strings = on;
SELECT pg_catalog.set_config('search_path', '', false);
SET check_function_bodies = false;
SET xmloption = content;
SET client_min_messages = warning;
SET row_security = off;

SET default_tablespace = '';

SET default_table_access_method = heap;

--
-- Name: accounts_generalsetting; Type: TABLE; Schema: public; Owner: postgres
--

CREATE TABLE public.accounts_generalsetting (
    id bigint NOT NULL,
    referral_code_length integer NOT NULL,
    referral_code_case character varying(20) NOT NULL,
    exclude_similar_chars boolean NOT NULL,
    created_at timestamp with time zone NOT NULL,
    updated_at timestamp with time zone NOT NULL,
    referral_code_pattern character varying(100),
    auto_login_on_register boolean NOT NULL,
    rank_basis character varying(20) NOT NULL,
    rank_count_levels_upto smallint NOT NULL,
    rank_use_missions boolean NOT NULL,
    rank_use_downlines_total boolean NOT NULL,
    rank_use_downlines_active boolean NOT NULL,
    registration_bonus_amount numeric(15,2) NOT NULL,
    registration_bonus_enabled boolean NOT NULL,
    registration_bonus_wallet character varying(20) NOT NULL,
    otp_enabled boolean NOT NULL,
    verifyway_api_key character varying(255) NOT NULL,
    whatsapp_check_enabled boolean NOT NULL,
    checknumber_api_key character varying(255) NOT NULL,
    verifynow_api_key character varying(255) NOT NULL,
    verifynow_customer_id character varying(255) NOT NULL,
    require_withdraw_pin_on_register boolean CONSTRAINT accounts_generalsetting_require_withdraw_pin_on_regist_not_null NOT NULL,
    require_withdraw_pin_on_purchase boolean CONSTRAINT accounts_generalsetting_require_withdraw_pin_on_purcha_not_null NOT NULL,
    CONSTRAINT accounts_generalsetting_rank_count_levels_upto_check CHECK ((rank_count_levels_upto >= 0)),
    CONSTRAINT accounts_generalsetting_referral_code_length_check CHECK ((referral_code_length >= 0))
);


ALTER TABLE public.accounts_generalsetting OWNER TO postgres;

--
-- Name: accounts_generalsetting_id_seq; Type: SEQUENCE; Schema: public; Owner: postgres
--

ALTER TABLE public.accounts_generalsetting ALTER COLUMN id ADD GENERATED BY DEFAULT AS IDENTITY (
    SEQUENCE NAME public.accounts_generalsetting_id_seq
    START WITH 1
    INCREMENT BY 1
    NO MINVALUE
    NO MAXVALUE
    CACHE 1
);


--
-- Name: accounts_phoneotp; Type: TABLE; Schema: public; Owner: postgres
--

CREATE TABLE public.accounts_phoneotp (
    id bigint NOT NULL,
    phone character varying(20) NOT NULL,
    otp_code character varying(6),
    created_at timestamp with time zone NOT NULL,
    verified boolean NOT NULL,
    verification_id character varying(100)
);


ALTER TABLE public.accounts_phoneotp OWNER TO postgres;

--
-- Name: accounts_phoneotp_id_seq; Type: SEQUENCE; Schema: public; Owner: postgres
--

ALTER TABLE public.accounts_phoneotp ALTER COLUMN id ADD GENERATED BY DEFAULT AS IDENTITY (
    SEQUENCE NAME public.accounts_phoneotp_id_seq
    START WITH 1
    INCREMENT BY 1
    NO MINVALUE
    NO MAXVALUE
    CACHE 1
);


--
-- Name: accounts_user; Type: TABLE; Schema: public; Owner: postgres
--

CREATE TABLE public.accounts_user (
    id bigint NOT NULL,
    password character varying(128) NOT NULL,
    last_login timestamp with time zone,
    is_superuser boolean NOT NULL,
    username character varying(150) NOT NULL,
    first_name character varying(150) NOT NULL,
    last_name character varying(150) NOT NULL,
    is_staff boolean NOT NULL,
    is_active boolean NOT NULL,
    date_joined timestamp with time zone NOT NULL,
    email character varying(254) NOT NULL,
    full_name character varying(255) NOT NULL,
    phone character varying(15) NOT NULL,
    balance numeric(15,2) NOT NULL,
    balance_deposit numeric(15,2) NOT NULL,
    banned_status boolean NOT NULL,
    referral_code character varying(20),
    rank smallint,
    is_account_non_expired boolean NOT NULL,
    is_account_non_locked boolean NOT NULL,
    is_credentials_non_expired boolean NOT NULL,
    is_enabled boolean NOT NULL,
    created_at timestamp with time zone NOT NULL,
    updated_at timestamp with time zone NOT NULL,
    referral_by_id bigint,
    withdraw_pin character varying(128),
    last_login_ip inet,
    CONSTRAINT accounts_user_rank_56660d3c_check CHECK ((rank >= 0))
);


ALTER TABLE public.accounts_user OWNER TO postgres;

--
-- Name: accounts_user_groups; Type: TABLE; Schema: public; Owner: postgres
--

CREATE TABLE public.accounts_user_groups (
    id bigint NOT NULL,
    user_id bigint NOT NULL,
    group_id integer NOT NULL
);


ALTER TABLE public.accounts_user_groups OWNER TO postgres;

--
-- Name: accounts_user_groups_id_seq; Type: SEQUENCE; Schema: public; Owner: postgres
--

ALTER TABLE public.accounts_user_groups ALTER COLUMN id ADD GENERATED BY DEFAULT AS IDENTITY (
    SEQUENCE NAME public.accounts_user_groups_id_seq
    START WITH 1
    INCREMENT BY 1
    NO MINVALUE
    NO MAXVALUE
    CACHE 1
);


--
-- Name: accounts_user_id_seq; Type: SEQUENCE; Schema: public; Owner: postgres
--

ALTER TABLE public.accounts_user ALTER COLUMN id ADD GENERATED BY DEFAULT AS IDENTITY (
    SEQUENCE NAME public.accounts_user_id_seq
    START WITH 1
    INCREMENT BY 1
    NO MINVALUE
    NO MAXVALUE
    CACHE 1
);


--
-- Name: accounts_user_user_permissions; Type: TABLE; Schema: public; Owner: postgres
--

CREATE TABLE public.accounts_user_user_permissions (
    id bigint NOT NULL,
    user_id bigint NOT NULL,
    permission_id integer NOT NULL
);


ALTER TABLE public.accounts_user_user_permissions OWNER TO postgres;

--
-- Name: accounts_user_user_permissions_id_seq; Type: SEQUENCE; Schema: public; Owner: postgres
--

ALTER TABLE public.accounts_user_user_permissions ALTER COLUMN id ADD GENERATED BY DEFAULT AS IDENTITY (
    SEQUENCE NAME public.accounts_user_user_permissions_id_seq
    START WITH 1
    INCREMENT BY 1
    NO MINVALUE
    NO MAXVALUE
    CACHE 1
);


--
-- Name: accounts_useraddress; Type: TABLE; Schema: public; Owner: postgres
--

CREATE TABLE public.accounts_useraddress (
    id bigint NOT NULL,
    recipient_name character varying(255) NOT NULL,
    phone_number character varying(20) NOT NULL,
    address_details text NOT NULL,
    house_number character varying(50),
    is_primary boolean NOT NULL,
    created_at timestamp with time zone NOT NULL,
    updated_at timestamp with time zone NOT NULL,
    user_id bigint NOT NULL
);


ALTER TABLE public.accounts_useraddress OWNER TO postgres;

--
-- Name: accounts_useraddress_id_seq; Type: SEQUENCE; Schema: public; Owner: postgres
--

ALTER TABLE public.accounts_useraddress ALTER COLUMN id ADD GENERATED BY DEFAULT AS IDENTITY (
    SEQUENCE NAME public.accounts_useraddress_id_seq
    START WITH 1
    INCREMENT BY 1
    NO MINVALUE
    NO MAXVALUE
    CACHE 1
);


--
-- Name: attendance_logs; Type: TABLE; Schema: public; Owner: postgres
--

CREATE TABLE public.attendance_logs (
    id bigint NOT NULL,
    date date NOT NULL,
    streak_count integer NOT NULL,
    amount numeric(15,2) NOT NULL,
    created_at timestamp with time zone NOT NULL,
    user_id bigint NOT NULL
);


ALTER TABLE public.attendance_logs OWNER TO postgres;

--
-- Name: attendance_logs_id_seq; Type: SEQUENCE; Schema: public; Owner: postgres
--

ALTER TABLE public.attendance_logs ALTER COLUMN id ADD GENERATED BY DEFAULT AS IDENTITY (
    SEQUENCE NAME public.attendance_logs_id_seq
    START WITH 1
    INCREMENT BY 1
    NO MINVALUE
    NO MAXVALUE
    CACHE 1
);


--
-- Name: attendance_settings; Type: TABLE; Schema: public; Owner: postgres
--

CREATE TABLE public.attendance_settings (
    id bigint NOT NULL,
    balance_source character varying(20) NOT NULL,
    reward_type character varying(20) NOT NULL,
    fixed_amount numeric(15,2),
    min_amount numeric(15,2) NOT NULL,
    max_amount numeric(15,2) NOT NULL,
    consecutive_bonus_enabled boolean NOT NULL,
    bonus_7_days numeric(15,2) NOT NULL,
    bonus_30_days numeric(15,2) NOT NULL,
    is_active boolean NOT NULL,
    created_at timestamp with time zone NOT NULL,
    updated_at timestamp with time zone NOT NULL,
    rank_rewards jsonb NOT NULL,
    daily_cycle_days integer NOT NULL,
    daily_rewards jsonb NOT NULL
);


ALTER TABLE public.attendance_settings OWNER TO postgres;

--
-- Name: attendance_settings_id_seq; Type: SEQUENCE; Schema: public; Owner: postgres
--

ALTER TABLE public.attendance_settings ALTER COLUMN id ADD GENERATED BY DEFAULT AS IDENTITY (
    SEQUENCE NAME public.attendance_settings_id_seq
    START WITH 1
    INCREMENT BY 1
    NO MINVALUE
    NO MAXVALUE
    CACHE 1
);


--
-- Name: auth_group; Type: TABLE; Schema: public; Owner: postgres
--

CREATE TABLE public.auth_group (
    id integer NOT NULL,
    name character varying(150) NOT NULL
);


ALTER TABLE public.auth_group OWNER TO postgres;

--
-- Name: auth_group_id_seq; Type: SEQUENCE; Schema: public; Owner: postgres
--

ALTER TABLE public.auth_group ALTER COLUMN id ADD GENERATED BY DEFAULT AS IDENTITY (
    SEQUENCE NAME public.auth_group_id_seq
    START WITH 1
    INCREMENT BY 1
    NO MINVALUE
    NO MAXVALUE
    CACHE 1
);


--
-- Name: auth_group_permissions; Type: TABLE; Schema: public; Owner: postgres
--

CREATE TABLE public.auth_group_permissions (
    id bigint NOT NULL,
    group_id integer NOT NULL,
    permission_id integer NOT NULL
);


ALTER TABLE public.auth_group_permissions OWNER TO postgres;

--
-- Name: auth_group_permissions_id_seq; Type: SEQUENCE; Schema: public; Owner: postgres
--

ALTER TABLE public.auth_group_permissions ALTER COLUMN id ADD GENERATED BY DEFAULT AS IDENTITY (
    SEQUENCE NAME public.auth_group_permissions_id_seq
    START WITH 1
    INCREMENT BY 1
    NO MINVALUE
    NO MAXVALUE
    CACHE 1
);


--
-- Name: auth_permission; Type: TABLE; Schema: public; Owner: postgres
--

CREATE TABLE public.auth_permission (
    id integer NOT NULL,
    name character varying(255) NOT NULL,
    content_type_id integer NOT NULL,
    codename character varying(100) NOT NULL
);


ALTER TABLE public.auth_permission OWNER TO postgres;

--
-- Name: auth_permission_id_seq; Type: SEQUENCE; Schema: public; Owner: postgres
--

ALTER TABLE public.auth_permission ALTER COLUMN id ADD GENERATED BY DEFAULT AS IDENTITY (
    SEQUENCE NAME public.auth_permission_id_seq
    START WITH 1
    INCREMENT BY 1
    NO MINVALUE
    NO MAXVALUE
    CACHE 1
);


--
-- Name: authtoken_token; Type: TABLE; Schema: public; Owner: postgres
--

CREATE TABLE public.authtoken_token (
    key character varying(40) NOT NULL,
    created timestamp with time zone NOT NULL,
    user_id bigint NOT NULL
);


ALTER TABLE public.authtoken_token OWNER TO postgres;

--
-- Name: bank_settings; Type: TABLE; Schema: public; Owner: postgres
--

CREATE TABLE public.bank_settings (
    id bigint NOT NULL,
    max_banks_per_user smallint NOT NULL,
    created_at timestamp with time zone NOT NULL,
    updated_at timestamp with time zone NOT NULL,
    CONSTRAINT bank_settings_max_banks_per_user_check CHECK ((max_banks_per_user >= 0))
);


ALTER TABLE public.bank_settings OWNER TO postgres;

--
-- Name: bank_settings_id_seq; Type: SEQUENCE; Schema: public; Owner: postgres
--

ALTER TABLE public.bank_settings ALTER COLUMN id ADD GENERATED BY DEFAULT AS IDENTITY (
    SEQUENCE NAME public.bank_settings_id_seq
    START WITH 1
    INCREMENT BY 1
    NO MINVALUE
    NO MAXVALUE
    CACHE 1
);


--
-- Name: banks; Type: TABLE; Schema: public; Owner: postgres
--

CREATE TABLE public.banks (
    id bigint NOT NULL,
    code character varying(50) NOT NULL,
    name character varying(100) NOT NULL,
    is_active boolean NOT NULL,
    logo character varying(200),
    min_withdrawal numeric(15,2) NOT NULL,
    max_withdrawal numeric(15,2) NOT NULL,
    withdrawal_fee numeric(7,2) NOT NULL,
    processing_time smallint NOT NULL,
    created_at timestamp with time zone NOT NULL,
    updated_at timestamp with time zone NOT NULL,
    CONSTRAINT banks_processing_time_check CHECK ((processing_time >= 0))
);


ALTER TABLE public.banks OWNER TO postgres;

--
-- Name: banks_id_seq; Type: SEQUENCE; Schema: public; Owner: postgres
--

ALTER TABLE public.banks ALTER COLUMN id ADD GENERATED BY DEFAULT AS IDENTITY (
    SEQUENCE NAME public.banks_id_seq
    START WITH 1
    INCREMENT BY 1
    NO MINVALUE
    NO MAXVALUE
    CACHE 1
);


--
-- Name: claim_history; Type: TABLE; Schema: public; Owner: postgres
--

CREATE TABLE public.claim_history (
    id bigint NOT NULL,
    claim_amount numeric(15,2) NOT NULL,
    claim_type character varying(20) NOT NULL,
    status character varying(20) NOT NULL,
    claim_number integer NOT NULL,
    remaining_days_at_claim integer NOT NULL,
    total_claimed_before numeric(15,2) NOT NULL,
    notes text NOT NULL,
    created_at timestamp with time zone NOT NULL,
    investment_id bigint NOT NULL,
    transaction_id bigint,
    user_id bigint NOT NULL
);


ALTER TABLE public.claim_history OWNER TO postgres;

--
-- Name: claim_history_id_seq; Type: SEQUENCE; Schema: public; Owner: postgres
--

ALTER TABLE public.claim_history ALTER COLUMN id ADD GENERATED BY DEFAULT AS IDENTITY (
    SEQUENCE NAME public.claim_history_id_seq
    START WITH 1
    INCREMENT BY 1
    NO MINVALUE
    NO MAXVALUE
    CACHE 1
);


--
-- Name: deposits; Type: TABLE; Schema: public; Owner: postgres
--

CREATE TABLE public.deposits (
    id bigint NOT NULL,
    gateway character varying(20) NOT NULL,
    order_num character varying(60) NOT NULL,
    amount numeric(15,2) NOT NULL,
    wallet_type character varying(20) NOT NULL,
    status character varying(20) NOT NULL,
    payment_url character varying(500) NOT NULL,
    request_params jsonb NOT NULL,
    response_payload jsonb,
    callback_payload jsonb,
    callback_at timestamp with time zone,
    created_at timestamp with time zone NOT NULL,
    updated_at timestamp with time zone NOT NULL,
    transaction_id bigint,
    user_id bigint NOT NULL
);


ALTER TABLE public.deposits OWNER TO postgres;

--
-- Name: deposits_gatewaysettings; Type: TABLE; Schema: public; Owner: postgres
--

CREATE TABLE public.deposits_gatewaysettings (
    id bigint NOT NULL,
    default_wallet_type character varying(20) NOT NULL,
    app_domain character varying(255) NOT NULL,
    jayapay_enabled boolean NOT NULL,
    klikpay_enabled boolean NOT NULL,
    jayapay_merchant_code character varying(100) NOT NULL,
    jayapay_private_key text NOT NULL,
    jayapay_public_key text NOT NULL,
    klikpay_api_url character varying(255) NOT NULL,
    klikpay_merchant_code character varying(100) NOT NULL,
    klikpay_secret_key character varying(255) NOT NULL,
    klikpay_public_key text NOT NULL,
    updated_at timestamp with time zone NOT NULL,
    jayapay_api_url character varying(255) NOT NULL,
    jayapay_callback_path character varying(255) NOT NULL,
    jayapay_redirect_url character varying(255) NOT NULL,
    klikpay_private_key text NOT NULL,
    klikpay_callback_path character varying(255) NOT NULL,
    klikpay_redirect_url character varying(255) NOT NULL
);


ALTER TABLE public.deposits_gatewaysettings OWNER TO postgres;

--
-- Name: deposits_gatewaysettings_id_seq; Type: SEQUENCE; Schema: public; Owner: postgres
--

ALTER TABLE public.deposits_gatewaysettings ALTER COLUMN id ADD GENERATED BY DEFAULT AS IDENTITY (
    SEQUENCE NAME public.deposits_gatewaysettings_id_seq
    START WITH 1
    INCREMENT BY 1
    NO MINVALUE
    NO MAXVALUE
    CACHE 1
);


--
-- Name: deposits_id_seq; Type: SEQUENCE; Schema: public; Owner: postgres
--

ALTER TABLE public.deposits ALTER COLUMN id ADD GENERATED BY DEFAULT AS IDENTITY (
    SEQUENCE NAME public.deposits_id_seq
    START WITH 1
    INCREMENT BY 1
    NO MINVALUE
    NO MAXVALUE
    CACHE 1
);


--
-- Name: django_admin_log; Type: TABLE; Schema: public; Owner: postgres
--

CREATE TABLE public.django_admin_log (
    id integer NOT NULL,
    action_time timestamp with time zone NOT NULL,
    object_id text,
    object_repr character varying(200) NOT NULL,
    action_flag smallint NOT NULL,
    change_message text NOT NULL,
    content_type_id integer,
    user_id bigint NOT NULL,
    CONSTRAINT django_admin_log_action_flag_check CHECK ((action_flag >= 0))
);


ALTER TABLE public.django_admin_log OWNER TO postgres;

--
-- Name: django_admin_log_id_seq; Type: SEQUENCE; Schema: public; Owner: postgres
--

ALTER TABLE public.django_admin_log ALTER COLUMN id ADD GENERATED BY DEFAULT AS IDENTITY (
    SEQUENCE NAME public.django_admin_log_id_seq
    START WITH 1
    INCREMENT BY 1
    NO MINVALUE
    NO MAXVALUE
    CACHE 1
);


--
-- Name: django_content_type; Type: TABLE; Schema: public; Owner: postgres
--

CREATE TABLE public.django_content_type (
    id integer NOT NULL,
    app_label character varying(100) NOT NULL,
    model character varying(100) NOT NULL
);


ALTER TABLE public.django_content_type OWNER TO postgres;

--
-- Name: django_content_type_id_seq; Type: SEQUENCE; Schema: public; Owner: postgres
--

ALTER TABLE public.django_content_type ALTER COLUMN id ADD GENERATED BY DEFAULT AS IDENTITY (
    SEQUENCE NAME public.django_content_type_id_seq
    START WITH 1
    INCREMENT BY 1
    NO MINVALUE
    NO MAXVALUE
    CACHE 1
);


--
-- Name: django_migrations; Type: TABLE; Schema: public; Owner: postgres
--

CREATE TABLE public.django_migrations (
    id bigint NOT NULL,
    app character varying(255) NOT NULL,
    name character varying(255) NOT NULL,
    applied timestamp with time zone NOT NULL
);


ALTER TABLE public.django_migrations OWNER TO postgres;

--
-- Name: django_migrations_id_seq; Type: SEQUENCE; Schema: public; Owner: postgres
--

ALTER TABLE public.django_migrations ALTER COLUMN id ADD GENERATED BY DEFAULT AS IDENTITY (
    SEQUENCE NAME public.django_migrations_id_seq
    START WITH 1
    INCREMENT BY 1
    NO MINVALUE
    NO MAXVALUE
    CACHE 1
);


--
-- Name: django_session; Type: TABLE; Schema: public; Owner: postgres
--

CREATE TABLE public.django_session (
    session_key character varying(40) NOT NULL,
    session_data text NOT NULL,
    expire_date timestamp with time zone NOT NULL
);


ALTER TABLE public.django_session OWNER TO postgres;

--
-- Name: investments; Type: TABLE; Schema: public; Owner: postgres
--

CREATE TABLE public.investments (
    id bigint NOT NULL,
    quantity integer NOT NULL,
    total_amount numeric(15,2) NOT NULL,
    profit_type character varying(20) NOT NULL,
    profit_rate numeric(16,2) NOT NULL,
    profit_method character varying(20) NOT NULL,
    claim_reset_mode character varying(20) NOT NULL,
    duration_days integer NOT NULL,
    remaining_days integer NOT NULL,
    expires_at timestamp with time zone NOT NULL,
    last_claim_time timestamp with time zone,
    next_claim_time timestamp with time zone,
    total_claimed_profit numeric(15,2) NOT NULL,
    status character varying(20) NOT NULL,
    created_at timestamp with time zone NOT NULL,
    updated_at timestamp with time zone NOT NULL,
    product_id bigint NOT NULL,
    transaction_id bigint NOT NULL,
    user_id bigint NOT NULL,
    claims_count integer NOT NULL,
    claims_remaining integer NOT NULL,
    first_claim_time timestamp with time zone,
    last_claim_amount numeric(15,2) NOT NULL,
    total_claimed_amount numeric(15,2) NOT NULL,
    profit_random_max numeric(16,2),
    profit_random_min numeric(16,2),
    principal_returned boolean NOT NULL
);


ALTER TABLE public.investments OWNER TO postgres;

--
-- Name: investments_id_seq; Type: SEQUENCE; Schema: public; Owner: postgres
--

ALTER TABLE public.investments ALTER COLUMN id ADD GENERATED BY DEFAULT AS IDENTITY (
    SEQUENCE NAME public.investments_id_seq
    START WITH 1
    INCREMENT BY 1
    NO MINVALUE
    NO MAXVALUE
    CACHE 1
);


--
-- Name: mission_user_states; Type: TABLE; Schema: public; Owner: postgres
--

CREATE TABLE public.mission_user_states (
    id bigint NOT NULL,
    claimed_count integer NOT NULL,
    last_claimed_at timestamp with time zone,
    created_at timestamp with time zone NOT NULL,
    updated_at timestamp with time zone NOT NULL,
    mission_id bigint NOT NULL,
    user_id bigint NOT NULL,
    CONSTRAINT mission_user_states_claimed_count_check CHECK ((claimed_count >= 0))
);


ALTER TABLE public.mission_user_states OWNER TO postgres;

--
-- Name: mission_user_states_id_seq; Type: SEQUENCE; Schema: public; Owner: postgres
--

ALTER TABLE public.mission_user_states ALTER COLUMN id ADD GENERATED BY DEFAULT AS IDENTITY (
    SEQUENCE NAME public.mission_user_states_id_seq
    START WITH 1
    INCREMENT BY 1
    NO MINVALUE
    NO MAXVALUE
    CACHE 1
);


--
-- Name: missions; Type: TABLE; Schema: public; Owner: postgres
--

CREATE TABLE public.missions (
    id bigint NOT NULL,
    description character varying(255) NOT NULL,
    is_active boolean NOT NULL,
    is_repeatable boolean NOT NULL,
    level smallint,
    type character varying(20) NOT NULL,
    requirement integer NOT NULL,
    reward numeric(15,2) NOT NULL,
    reward_balance_type character varying(20) NOT NULL,
    referral_levels jsonb NOT NULL,
    created_at timestamp with time zone NOT NULL,
    updated_at timestamp with time zone NOT NULL,
    title character varying(100) NOT NULL,
    CONSTRAINT missions_level_check CHECK ((level >= 0)),
    CONSTRAINT missions_requirement_check CHECK ((requirement >= 0))
);


ALTER TABLE public.missions OWNER TO postgres;

--
-- Name: missions_id_seq; Type: SEQUENCE; Schema: public; Owner: postgres
--

ALTER TABLE public.missions ALTER COLUMN id ADD GENERATED BY DEFAULT AS IDENTITY (
    SEQUENCE NAME public.missions_id_seq
    START WITH 1
    INCREMENT BY 1
    NO MINVALUE
    NO MAXVALUE
    CACHE 1
);


--
-- Name: news_news; Type: TABLE; Schema: public; Owner: postgres
--

CREATE TABLE public.news_news (
    id bigint NOT NULL,
    title character varying(200) NOT NULL,
    slug character varying(220) NOT NULL,
    body text NOT NULL,
    is_published boolean NOT NULL,
    published_at timestamp with time zone NOT NULL,
    updated_at timestamp with time zone NOT NULL,
    image character varying(100)
);


ALTER TABLE public.news_news OWNER TO postgres;

--
-- Name: news_news_id_seq; Type: SEQUENCE; Schema: public; Owner: postgres
--

ALTER TABLE public.news_news ALTER COLUMN id ADD GENERATED BY DEFAULT AS IDENTITY (
    SEQUENCE NAME public.news_news_id_seq
    START WITH 1
    INCREMENT BY 1
    NO MINVALUE
    NO MAXVALUE
    CACHE 1
);


--
-- Name: products; Type: TABLE; Schema: public; Owner: postgres
--

CREATE TABLE public.products (
    id bigint NOT NULL,
    name character varying(255) NOT NULL,
    description text NOT NULL,
    price numeric(16,2) NOT NULL,
    status integer NOT NULL,
    purchase_limit integer NOT NULL,
    stock integer NOT NULL,
    stock_enabled boolean NOT NULL,
    profit_type character varying(20) NOT NULL,
    profit_rate numeric(16,2) NOT NULL,
    profit_method character varying(20) NOT NULL,
    duration integer NOT NULL,
    balance_source character varying(20) NOT NULL,
    claim_reset_mode character varying(20) NOT NULL,
    claim_reset_hours integer,
    image character varying(100),
    specifications text NOT NULL,
    created_at timestamp with time zone NOT NULL,
    updated_at timestamp with time zone NOT NULL,
    cashback_enabled boolean NOT NULL,
    cashback_percentage numeric(5,2) NOT NULL,
    custom_field_10_content text,
    custom_field_10_title character varying(255),
    custom_field_1_content text,
    custom_field_1_title character varying(255),
    custom_field_2_content text,
    custom_field_2_title character varying(255),
    custom_field_3_content text,
    custom_field_3_title character varying(255),
    custom_field_4_content text,
    custom_field_4_title character varying(255),
    custom_field_5_content text,
    custom_field_5_title character varying(255),
    custom_field_6_content text,
    custom_field_6_title character varying(255),
    custom_field_7_content text,
    custom_field_7_title character varying(255),
    custom_field_8_content text,
    custom_field_8_title character varying(255),
    custom_field_9_content text,
    custom_field_9_title character varying(255),
    max_purchase_count integer NOT NULL,
    profit_rebate_level_1 numeric(10,2) NOT NULL,
    profit_rebate_level_2 numeric(10,2) NOT NULL,
    profit_rebate_level_3 numeric(10,2) NOT NULL,
    profit_rebate_level_4 numeric(10,2) NOT NULL,
    profit_rebate_level_5 numeric(10,2) NOT NULL,
    purchase_rebate_level_1 numeric(10,2) NOT NULL,
    purchase_rebate_level_2 numeric(10,2) NOT NULL,
    purchase_rebate_level_3 numeric(10,2) NOT NULL,
    purchase_rebate_level_4 numeric(10,2) NOT NULL,
    purchase_rebate_level_5 numeric(10,2) NOT NULL,
    require_upline_ownership_for_commissions boolean NOT NULL,
    profit_random_max numeric(16,2),
    profit_random_min numeric(16,2),
    return_principal_on_completion boolean NOT NULL,
    qualify_as_active_investment boolean NOT NULL
);


ALTER TABLE public.products OWNER TO postgres;

--
-- Name: products_id_seq; Type: SEQUENCE; Schema: public; Owner: postgres
--

ALTER TABLE public.products ALTER COLUMN id ADD GENERATED BY DEFAULT AS IDENTITY (
    SEQUENCE NAME public.products_id_seq
    START WITH 1
    INCREMENT BY 1
    NO MINVALUE
    NO MAXVALUE
    CACHE 1
);


--
-- Name: rank_levels; Type: TABLE; Schema: public; Owner: postgres
--

CREATE TABLE public.rank_levels (
    id bigint NOT NULL,
    rank smallint NOT NULL,
    title character varying(100) NOT NULL,
    missions_required_total integer NOT NULL,
    created_at timestamp with time zone NOT NULL,
    updated_at timestamp with time zone NOT NULL,
    CONSTRAINT rank_levels_missions_required_total_check CHECK ((missions_required_total >= 0)),
    CONSTRAINT rank_levels_rank_check CHECK ((rank >= 0))
);


ALTER TABLE public.rank_levels OWNER TO postgres;

--
-- Name: rank_levels_id_seq; Type: SEQUENCE; Schema: public; Owner: postgres
--

ALTER TABLE public.rank_levels ALTER COLUMN id ADD GENERATED BY DEFAULT AS IDENTITY (
    SEQUENCE NAME public.rank_levels_id_seq
    START WITH 1
    INCREMENT BY 1
    NO MINVALUE
    NO MAXVALUE
    CACHE 1
);


--
-- Name: support_supportchatmessage; Type: TABLE; Schema: public; Owner: postgres
--

CREATE TABLE public.support_supportchatmessage (
    id bigint NOT NULL,
    sender_type character varying(10) NOT NULL,
    message text NOT NULL,
    created_at timestamp with time zone NOT NULL,
    sender_user_id bigint,
    thread_id bigint NOT NULL
);


ALTER TABLE public.support_supportchatmessage OWNER TO postgres;

--
-- Name: support_supportchatmessage_id_seq; Type: SEQUENCE; Schema: public; Owner: postgres
--

ALTER TABLE public.support_supportchatmessage ALTER COLUMN id ADD GENERATED BY DEFAULT AS IDENTITY (
    SEQUENCE NAME public.support_supportchatmessage_id_seq
    START WITH 1
    INCREMENT BY 1
    NO MINVALUE
    NO MAXVALUE
    CACHE 1
);


--
-- Name: support_supportchatthread; Type: TABLE; Schema: public; Owner: postgres
--

CREATE TABLE public.support_supportchatthread (
    id bigint NOT NULL,
    is_closed boolean NOT NULL,
    created_at timestamp with time zone NOT NULL,
    updated_at timestamp with time zone NOT NULL,
    user_id bigint NOT NULL
);


ALTER TABLE public.support_supportchatthread OWNER TO postgres;

--
-- Name: support_supportchatthread_id_seq; Type: SEQUENCE; Schema: public; Owner: postgres
--

ALTER TABLE public.support_supportchatthread ALTER COLUMN id ADD GENERATED BY DEFAULT AS IDENTITY (
    SEQUENCE NAME public.support_supportchatthread_id_seq
    START WITH 1
    INCREMENT BY 1
    NO MINVALUE
    NO MAXVALUE
    CACHE 1
);


--
-- Name: support_supportlink; Type: TABLE; Schema: public; Owner: postgres
--

CREATE TABLE public.support_supportlink (
    id bigint NOT NULL,
    title character varying(100) NOT NULL,
    url character varying(300) NOT NULL,
    platform character varying(20) NOT NULL,
    description text NOT NULL,
    is_active boolean NOT NULL,
    created_at timestamp with time zone NOT NULL,
    updated_at timestamp with time zone NOT NULL,
    icon character varying(100)
);


ALTER TABLE public.support_supportlink OWNER TO postgres;

--
-- Name: support_supportlink_id_seq; Type: SEQUENCE; Schema: public; Owner: postgres
--

ALTER TABLE public.support_supportlink ALTER COLUMN id ADD GENERATED BY DEFAULT AS IDENTITY (
    SEQUENCE NAME public.support_supportlink_id_seq
    START WITH 1
    INCREMENT BY 1
    NO MINVALUE
    NO MAXVALUE
    CACHE 1
);


--
-- Name: transactions; Type: TABLE; Schema: public; Owner: postgres
--

CREATE TABLE public.transactions (
    id bigint NOT NULL,
    trx_id character varying(50) NOT NULL,
    type character varying(20) NOT NULL,
    amount numeric(15,2) NOT NULL,
    description text NOT NULL,
    status character varying(20) NOT NULL,
    wallet_type character varying(20) NOT NULL,
    investment_quantity integer,
    commission_level integer,
    voucher_id integer,
    voucher_code character varying(50),
    created_at timestamp with time zone NOT NULL,
    product_id bigint,
    related_transaction_id bigint,
    upline_user_id bigint,
    user_id bigint NOT NULL
);


ALTER TABLE public.transactions OWNER TO postgres;

--
-- Name: transactions_id_seq; Type: SEQUENCE; Schema: public; Owner: postgres
--

ALTER TABLE public.transactions ALTER COLUMN id ADD GENERATED BY DEFAULT AS IDENTITY (
    SEQUENCE NAME public.transactions_id_seq
    START WITH 1
    INCREMENT BY 1
    NO MINVALUE
    NO MAXVALUE
    CACHE 1
);


--
-- Name: user_banks; Type: TABLE; Schema: public; Owner: postgres
--

CREATE TABLE public.user_banks (
    id bigint NOT NULL,
    account_name character varying(100) NOT NULL,
    account_number character varying(50) NOT NULL,
    is_default boolean NOT NULL,
    created_at timestamp with time zone NOT NULL,
    updated_at timestamp with time zone NOT NULL,
    bank_id bigint NOT NULL,
    user_id bigint NOT NULL
);


ALTER TABLE public.user_banks OWNER TO postgres;

--
-- Name: user_banks_id_seq; Type: SEQUENCE; Schema: public; Owner: postgres
--

ALTER TABLE public.user_banks ALTER COLUMN id ADD GENERATED BY DEFAULT AS IDENTITY (
    SEQUENCE NAME public.user_banks_id_seq
    START WITH 1
    INCREMENT BY 1
    NO MINVALUE
    NO MAXVALUE
    CACHE 1
);


--
-- Name: voucher_usages; Type: TABLE; Schema: public; Owner: postgres
--

CREATE TABLE public.voucher_usages (
    id bigint NOT NULL,
    voucher_code character varying(50) NOT NULL,
    amount_credited numeric(15,2) NOT NULL,
    amount_received numeric(15,2) NOT NULL,
    balance_type character varying(20) NOT NULL,
    used_at timestamp with time zone NOT NULL,
    transaction_id bigint,
    user_id bigint NOT NULL,
    voucher_id bigint NOT NULL
);


ALTER TABLE public.voucher_usages OWNER TO postgres;

--
-- Name: voucher_usages_id_seq; Type: SEQUENCE; Schema: public; Owner: postgres
--

ALTER TABLE public.voucher_usages ALTER COLUMN id ADD GENERATED BY DEFAULT AS IDENTITY (
    SEQUENCE NAME public.voucher_usages_id_seq
    START WITH 1
    INCREMENT BY 1
    NO MINVALUE
    NO MAXVALUE
    CACHE 1
);


--
-- Name: vouchers; Type: TABLE; Schema: public; Owner: postgres
--

CREATE TABLE public.vouchers (
    id bigint NOT NULL,
    code character varying(50) NOT NULL,
    type character varying(20) NOT NULL,
    amount numeric(15,2) NOT NULL,
    max_amount numeric(15,2) NOT NULL,
    balance_type character varying(20) NOT NULL,
    usage_limit integer NOT NULL,
    used_count integer NOT NULL,
    is_active boolean NOT NULL,
    expires_at timestamp with time zone,
    created_at timestamp with time zone NOT NULL,
    updated_at timestamp with time zone NOT NULL,
    min_amount numeric(15,2) NOT NULL,
    rank_rewards jsonb NOT NULL,
    start_at timestamp with time zone,
    claim_mode character varying(20) NOT NULL,
    is_daily_claim boolean NOT NULL
);


ALTER TABLE public.vouchers OWNER TO postgres;

--
-- Name: vouchers_id_seq; Type: SEQUENCE; Schema: public; Owner: postgres
--

ALTER TABLE public.vouchers ALTER COLUMN id ADD GENERATED BY DEFAULT AS IDENTITY (
    SEQUENCE NAME public.vouchers_id_seq
    START WITH 1
    INCREMENT BY 1
    NO MINVALUE
    NO MAXVALUE
    CACHE 1
);


--
-- Name: withdrawal_jayapay; Type: TABLE; Schema: public; Owner: postgres
--

CREATE TABLE public.withdrawal_jayapay (
    id bigint NOT NULL,
    request_params jsonb NOT NULL,
    response_payload jsonb NOT NULL,
    created_at timestamp with time zone NOT NULL,
    updated_at timestamp with time zone NOT NULL,
    withdrawal_id bigint NOT NULL
);


ALTER TABLE public.withdrawal_jayapay OWNER TO postgres;

--
-- Name: withdrawal_jayapay_id_seq; Type: SEQUENCE; Schema: public; Owner: postgres
--

ALTER TABLE public.withdrawal_jayapay ALTER COLUMN id ADD GENERATED BY DEFAULT AS IDENTITY (
    SEQUENCE NAME public.withdrawal_jayapay_id_seq
    START WITH 1
    INCREMENT BY 1
    NO MINVALUE
    NO MAXVALUE
    CACHE 1
);


--
-- Name: withdrawal_services; Type: TABLE; Schema: public; Owner: postgres
--

CREATE TABLE public.withdrawal_services (
    id bigint NOT NULL,
    name character varying(100) NOT NULL,
    description text NOT NULL,
    duration_hours integer NOT NULL,
    fee_percent numeric(5,2) NOT NULL,
    is_active boolean NOT NULL,
    sort_order smallint NOT NULL,
    created_at timestamp with time zone NOT NULL,
    updated_at timestamp with time zone NOT NULL,
    CONSTRAINT withdrawal_services_duration_hours_check CHECK ((duration_hours >= 0)),
    CONSTRAINT withdrawal_services_sort_order_check CHECK ((sort_order >= 0))
);


ALTER TABLE public.withdrawal_services OWNER TO postgres;

--
-- Name: withdrawal_services_id_seq; Type: SEQUENCE; Schema: public; Owner: postgres
--

ALTER TABLE public.withdrawal_services ALTER COLUMN id ADD GENERATED BY DEFAULT AS IDENTITY (
    SEQUENCE NAME public.withdrawal_services_id_seq
    START WITH 1
    INCREMENT BY 1
    NO MINVALUE
    NO MAXVALUE
    CACHE 1
);


--
-- Name: withdrawal_settings; Type: TABLE; Schema: public; Owner: postgres
--

CREATE TABLE public.withdrawal_settings (
    id bigint NOT NULL,
    is_active boolean NOT NULL,
    require_bank_account boolean NOT NULL,
    minimum_product_quantity integer NOT NULL,
    created_at timestamp with time zone NOT NULL,
    updated_at timestamp with time zone NOT NULL,
    required_product_id bigint,
    balance_source character varying(20) NOT NULL,
    require_pin boolean NOT NULL,
    require_active_investment boolean NOT NULL,
    CONSTRAINT withdrawal_settings_minimum_product_quantity_check CHECK ((minimum_product_quantity >= 0))
);


ALTER TABLE public.withdrawal_settings OWNER TO postgres;

--
-- Name: withdrawal_settings_id_seq; Type: SEQUENCE; Schema: public; Owner: postgres
--

ALTER TABLE public.withdrawal_settings ALTER COLUMN id ADD GENERATED BY DEFAULT AS IDENTITY (
    SEQUENCE NAME public.withdrawal_settings_id_seq
    START WITH 1
    INCREMENT BY 1
    NO MINVALUE
    NO MAXVALUE
    CACHE 1
);


--
-- Name: withdrawals; Type: TABLE; Schema: public; Owner: postgres
--

CREATE TABLE public.withdrawals (
    id bigint NOT NULL,
    amount numeric(15,2) NOT NULL,
    fee numeric(15,2) NOT NULL,
    net_amount numeric(15,2) NOT NULL,
    status character varying(20) NOT NULL,
    note text NOT NULL,
    created_at timestamp with time zone NOT NULL,
    updated_at timestamp with time zone NOT NULL,
    bank_account_id bigint,
    user_id bigint NOT NULL,
    transaction_id bigint,
    withdrawal_service_id bigint
);


ALTER TABLE public.withdrawals OWNER TO postgres;

--
-- Name: withdrawals_id_seq; Type: SEQUENCE; Schema: public; Owner: postgres
--

ALTER TABLE public.withdrawals ALTER COLUMN id ADD GENERATED BY DEFAULT AS IDENTITY (
    SEQUENCE NAME public.withdrawals_id_seq
    START WITH 1
    INCREMENT BY 1
    NO MINVALUE
    NO MAXVALUE
    CACHE 1
);


--
-- Data for Name: accounts_generalsetting; Type: TABLE DATA; Schema: public; Owner: postgres
--

COPY public.accounts_generalsetting (id, referral_code_length, referral_code_case, exclude_similar_chars, created_at, updated_at, referral_code_pattern, auto_login_on_register, rank_basis, rank_count_levels_upto, rank_use_missions, rank_use_downlines_total, rank_use_downlines_active, registration_bonus_amount, registration_bonus_enabled, registration_bonus_wallet, otp_enabled, verifyway_api_key, whatsapp_check_enabled, checknumber_api_key, verifynow_api_key, verifynow_customer_id, require_withdraw_pin_on_register, require_withdraw_pin_on_purchase) FROM stdin;
1	7	upper	t	2025-11-02 06:18:27.670585+07	2026-02-18 22:14:32.163454+07	YLMEBXT	t	downlines_active	1	f	f	f	0.00	f	balance	f	1723$foKnjr3jv8g0P4u2Ap5ZeGiXRJX3tF2TdJGf	f	U8fuICmrcJ4HPOsSIhQueciAJHJGcSd7Nzpw6zebcmOu0qH6SxgzQny8VaWP	eyJhbGciOiJIUzUxMiJ9.eyJzdWIiOiJDLUMxMDg2QjY2RDM2MTRGOSIsImlhdCI6MTc2ODMyNDM0OSwiZXhwIjoxOTI2MDA0MzQ5fQ.uv2WVdz1bQI3Upnfet2Jn0q_Uj0W9KFh7WS_1RXSIiPr3K1x3BjO6OmdV_LR_COdBpcwNWxegHXp5e6pU-wjAg	C-C1086B66D3614F9	t	t
\.


--
-- Data for Name: accounts_phoneotp; Type: TABLE DATA; Schema: public; Owner: postgres
--

COPY public.accounts_phoneotp (id, phone, otp_code, created_at, verified, verification_id) FROM stdin;
5	+628123456789	\N	2026-01-14 01:29:52.017989+07	f	4275787
\.


--
-- Data for Name: accounts_user; Type: TABLE DATA; Schema: public; Owner: postgres
--

COPY public.accounts_user (id, password, last_login, is_superuser, username, first_name, last_name, is_staff, is_active, date_joined, email, full_name, phone, balance, balance_deposit, banned_status, referral_code, rank, is_account_non_expired, is_account_non_locked, is_credentials_non_expired, is_enabled, created_at, updated_at, referral_by_id, withdraw_pin, last_login_ip) FROM stdin;
109	pbkdf2_sha256$720000$uR8s1O1YEE9TfM5wXCtflL$ic3B5z1KI38g8rwKgC945fUDMf7CFtoBiocGqIf1/Go=	\N	f	usermls8wn6j2892			f	t	2026-02-18 23:27:33.465236+07	user_mls8wn6j_xkhq06@example.com	usermls8wn6j2892	+62851947292892	0.00	0.00	f	P8GBUC3	1	t	t	t	t	2026-02-18 23:27:33.465236+07	2026-02-18 23:27:33.805671+07	105	pbkdf2_sha256$720000$jx69A7g13OVYV8G2NDUwue$K0iCwgHrEpaZAascqyj8B4+mEESF4VIWDqMIRK65smU=	114.8.199.210
116	pbkdf2_sha256$720000$J6FJS9SZbTIsCvoy23lKLv$RKGC/QCMB5qpLPFWMAlAQzhXSKhjt7mUj4y9tx7S74I=	\N	f	usermls90rxg4631			f	t	2026-02-18 23:30:46.224148+07	user_mls90rxh_1jlppl@example.com	usermls90rxg4631	+6287402794631	0.00	0.00	f	YF3BMH4	1	t	t	t	t	2026-02-18 23:30:46.224148+07	2026-02-18 23:30:46.488145+07	105	pbkdf2_sha256$720000$RJ7SNIVyoUm1TTwmvIBRTQ$R7DhZr62Sze+GuM7M3WlQP9Xo6W7n8p/e0g0rCmsUSg=	114.8.199.210
117	pbkdf2_sha256$720000$cjKD8ONHfdzcrw4nYAs1My$PbIAgW1fm1Qj/bqfY1vwKQm2UsrJ63f4g1p12ZP9Qdc=	\N	f	usermls91bdf9273			f	t	2026-02-18 23:31:11.515306+07	user_mls91bdf_d7cvss@example.com	usermls91bdf9273	+6285803739273	0.00	0.00	f	E2PYZ9Z	1	t	t	t	t	2026-02-18 23:31:11.515306+07	2026-02-18 23:31:11.816033+07	105	pbkdf2_sha256$720000$0XWvl0TDXvS9qSCLTDzWWv$7WlHK7cpyIe8uj+IImvf9oYb7vFKx2p25sQxotYvZ+0=	114.8.199.210
132	pbkdf2_sha256$720000$aAAi9Z2pNxMujOngdkpKwW$MYn8Rc1F6vnSp2i6QHHq1+CidK1v4XPKMsmAF+C8g2s=	\N	f	usermlt4t5s19696			f	t	2026-02-19 14:20:38.626362+07	user_mlt4t5s1_6dx8xs@example.com	usermlt4t5s19696	+6289696969696	794810.50	0.00	f	7UR9PL4	1	t	t	t	t	2026-02-19 14:20:38.626362+07	2026-02-19 14:56:23.133416+07	2	pbkdf2_sha256$720000$HmiyjSIXlldiVTM6YcFBN0$DNLnUgIDKrgq9+KD49X7nLCZWveX8nRvcoAeEv7EnW8=	114.8.205.235
105	pbkdf2_sha256$720000$AHyxHm9mTW8O9hTDIgLLU7$sj30qdlZtpWvC7D8UUl97p06oMN8lsqNTnbARay9BcE=	\N	f	usermls6mile8901			f	t	2026-02-18 22:23:42.275119+07	user_mls6mile_n60nuf@example.com	usermls6mile8901	+62812345678901	161782.03	0.00	f	EKWS5CT	1	t	t	t	t	2026-02-18 22:23:42.275119+07	2026-02-20 00:02:40.84026+07	2	pbkdf2_sha256$720000$FqcVLVJ6a5QWOSYAsaWNs3$4/9O1AyaVUbDLcxCUqleFIHloWFGXkyOumU7wh5pqq0=	2001:448a:2092:52c:1a4:f0ad:1738:c103
2	pbkdf2_sha256$720000$offc6cJngWoKyepAafPoVY$eeCmogT+Od4VhIJwZ9yRar8jXaCtuaj6N9IYHYhCm4w=	\N	f	vhtc695s6on396g7oxdo			f	t	2025-11-09 23:59:59.616716+07	k00rkthpl8@example.com		+6289595959595	15641263.87	409298365.00	f	dgj9yimajp	2	t	t	t	t	2025-11-09 23:59:59.616793+07	2026-02-20 00:02:40.844868+07	1	pbkdf2_sha256$720000$yanXvhM5jVTkCzDTCvAi9z$WkfMOGjdUtmULkqiofgll21JBLIZ36g+js0csU3np/4=	127.0.0.1
128	pbkdf2_sha256$720000$NU1mys9Wb8LohT9LLEyxg3$DUG9nrWjosqt1Hyz3z3Q4CYSI2m5gY0RU+9symaQ4O4=	\N	f	usermls9qnwc9281			f	t	2026-02-18 23:50:54.855547+07	user_mls9qnwc_umdmrr@example.com	usermls9qnwc9281	+62857292729281	2100.00	0.00	f	LQVFTYT	1	t	t	t	t	2026-02-18 23:50:54.855547+07	2026-02-18 23:54:09.782793+07	106	pbkdf2_sha256$720000$ygvlrRZkcbt0r9UMOy2GIw$jyecKi145aMTFPLlgHwo8Fz2fLIeUIl/rIfnfuCt9No=	114.8.199.210
123	pbkdf2_sha256$720000$9VB1YqCsBggD16uv9ngQ2X$GVg8lU06CGybcETUbnZT5aqzQvDvdsfqGjKRHW857IU=	\N	f	usermls9hsxu8299			f	t	2026-02-18 23:44:00.72618+07	user_mls9hsxu_cebm86@example.com	usermls9hsxu8299	+62850282928299	0.00	0.00	f	2M4P6D9	1	t	t	t	t	2026-02-18 23:44:00.72618+07	2026-02-18 23:44:01.037733+07	106	pbkdf2_sha256$720000$MKCbZ0dHEmURUIlCRGZge2$r44SC7yD9cDrJYWSuW+hZg29HX3XMkRzNaXLzvuLxvY=	114.8.199.210
136	pbkdf2_sha256$720000$yaP4EG0TjyQHTxuLUVQ6yi$seC0+qss93kBlpACpHnZQwSuy8H3XToqI6Y9tEwEPe0=	\N	f	usermlt961hs6789			f	t	2026-02-19 16:22:41.737949+07	user_mlt961hs_14a8e0@example.com	usermlt961hs6789	+6281234456789	3132.05	0.00	f	M8556X5	1	t	t	t	t	2026-02-19 16:22:41.737949+07	2026-02-19 16:40:03.359899+07	135	pbkdf2_sha256$720000$2P92n7yMbDSPNsu1caMa11$SuToAoU4SrMs4gvFnrpB+CD+5//g1f986uYZoLnq3h4=	2001:448a:2092:979:b09a:4541:4dff:cc9e
140	pbkdf2_sha256$720000$yeGqTul5dOk4UqmMMBAqV1$PFPHBWT7yPTSSTmPCaGlK8ic6UasiHDLnVXaxvvliCU=	\N	f	usermltmlemb9281			f	t	2026-02-19 22:38:38.597315+07	user_mltmlemb_mntlqn@example.com	usermltmlemb9281	+62857292729285	55760.00	0.00	f	BCXNNX2	1	t	t	t	t	2026-02-19 22:38:38.597315+07	2026-02-19 22:41:29.81928+07	139	pbkdf2_sha256$720000$TlsZ1LUIecuQmFjTDpdwDK$mmhQzPo5M2RxZZND/3P5x04N8cS4bo86E0iQXzjNQlQ=	2001:448a:2092:52c:1a4:f0ad:1738:c103
112	pbkdf2_sha256$720000$6YWs0VKa52jNgAULCb3Ujf$Yk8Fq6QQIkPh1t74lyRyWKoyIeW2oP60KektKjJgNKg=	\N	f	usermls8y74h9018			f	t	2026-02-18 23:28:46.039614+07	user_mls8y74h_e2wfno@example.com	usermls8y74h9018	+62857392729018	0.00	0.00	f	Q8PK8KW	1	t	t	t	t	2026-02-18 23:28:46.039614+07	2026-02-18 23:28:46.294395+07	105	pbkdf2_sha256$720000$xxtEThPBp6UR2p73G94eKf$VMsZy/b4uavyucM9zI3DQ/TaYLXkQk5AOluLq+l7UHw=	114.8.199.210
137	pbkdf2_sha256$720000$Upn96QkZdhpISrGh8RUFEF$FPim8OZ5+pGaww9WBPrsa2W0FO2TicRSdADpOwmv7dk=	\N	f	usermltldhik9883			f	t	2026-02-19 22:04:23.319468+07	user_mltldhik_d924fs@example.com	usermltldhik9883	+62857392729883	62000.00	0.00	f	JBS9BCK	1	t	t	t	t	2026-02-19 22:04:23.319468+07	2026-02-19 22:18:21.281184+07	130	pbkdf2_sha256$720000$4pIBY9nbjZ247Q0fJFBLP5$/24ZZC81YDWSkXskX+AuJIp7fo2gV9YmH/2xIZhz3Dk=	2001:448a:2092:52c:1a4:f0ad:1738:c103
106	pbkdf2_sha256$720000$AVOOt0KjDiy1IC03ANJitk$wuJtzlSL/K82tCy4NAMLaBV3E34kcKskv91uCr2K4Nw=	\N	f	usermls6ujlm8902			f	t	2026-02-18 22:30:16.179574+07	user_mls6ujlm_owhua3@example.com	usermls6ujlm8902	+62812345678902	452840.05	0.00	f	SJC43EH	1	t	t	t	t	2026-02-18 22:30:16.179574+07	2026-02-20 00:02:40.83412+07	105	pbkdf2_sha256$720000$tRGineVQ0EHY31r9zeojPV$kroyZYrrauM0bbyTaYuoP14M/cJmBfRm7hlg3TPvBSY=	2001:448a:2092:52c:1a4:f0ad:1738:c103
118	pbkdf2_sha256$720000$ldbLJilVRQp5fTJcGEBbPS$wL59jQWIFvMbMvoS819ZQmD6brmoxRUhzeZ8kZ4Kchw=	\N	f	usermls937dn9821			f	t	2026-02-18 23:32:40.528511+07	user_mls937dn_e2dn4f@example.com	usermls937dn9821	+62857392729821	0.00	0.00	f	MGKGWVF	1	t	t	t	t	2026-02-18 23:32:40.528511+07	2026-02-18 23:32:40.858297+07	106	pbkdf2_sha256$720000$XI5dmr3PQmW3ZWdkRD2loV$oqeWPuWphVjJkCz2Tjvky6M7cDsp29dehK0I/Gu3xQE=	114.8.199.210
133	pbkdf2_sha256$720000$5CZVqhmiwtuAG9PwnVMZu8$sYCqrh6yzo4JSWuA7mHyEETCMS30Zbqm5Av/jBdnam0=	\N	f	usermlt5nvul9797			f	t	2026-02-19 14:44:32.532696+07	user_mlt5nvul_1oqwjs@example.com	usermlt5nvul9797	+6289797979797	60000.00	0.00	f	RFY8MT3	1	t	t	t	t	2026-02-19 14:44:32.532696+07	2026-02-19 14:49:50.568108+07	132	pbkdf2_sha256$720000$fxCoxzgN5Yphx6MgksvCFV$QRHEm3apI2QPHzOdKgJ1lrnq13phf2Dc4dUrw+aYtz0=	114.8.205.235
129	pbkdf2_sha256$720000$tq4DgVh8P5orfrRflF91aE$/xjbOJUYQBUpGw8LaCpdrwaj5Rzva7m7JiaUFlvYlHY=	\N	f	usermlsxbpoo6123			f	t	2026-02-19 10:51:07.823405+07	user_mlsxbpoo_o4b7y8@example.com	usermlsxbpoo6123	+628789456123	2100.00	0.00	f	X5FWJ8S	1	t	t	t	t	2026-02-19 10:51:07.823405+07	2026-02-19 10:55:36.930811+07	106	pbkdf2_sha256$720000$5AeXIUfJch8RfOKUoe5XiX$4ufTe1OKQjyT+iBfkCnj6Gd1ivp1cVqjzQvFc+OKo+0=	114.8.199.210
110	pbkdf2_sha256$720000$BChr7prHr33jol3FSFszxP$R8PVVCVPDQ/HQj49klIjV/gVY2wJOu5Lzz74renMPMY=	\N	f	usermls8x4be2928			f	t	2026-02-18 23:28:02.380734+07	user_mls8x4be_azhd9r@example.com	usermls8x4be2928	+628593820282	0.00	0.00	f	KYKMXT5	1	t	t	t	t	2026-02-18 23:28:02.380734+07	2026-02-18 23:28:02.604865+07	105	pbkdf2_sha256$720000$YNC7T1uSh4bZ1Y1EJCcFzI$v5liKlWwJ32EBNHTycnNxgCJhB+FhBwEkjs6LhAMzro=	114.8.199.210
111	pbkdf2_sha256$720000$934bXACM5Tz8fzDepBruoQ$4dH34xnEjrmF21AcB7dRitAXotDHzCep7I7cYvNHq0w=	\N	f	usermls8xpc51031			f	t	2026-02-18 23:28:22.799049+07	user_mls8xpc5_7mqyqr@example.com	usermls8xpc51031	+62858398291031	0.00	0.00	f	SZNJBHU	1	t	t	t	t	2026-02-18 23:28:22.799049+07	2026-02-18 23:28:23.194901+07	105	pbkdf2_sha256$720000$S0qBYbFZDJ1kNTKJac4Kfy$U1zNQrBn4RvuSv7Ae+slgI/m+W9lHz3nDykRGkM+XIY=	114.8.199.210
124	pbkdf2_sha256$720000$M8WDLVReAaKfr6INjB0LZD$PB6apWOhnFr+xHtDPXaPSb+4Qc/5ysBoLs951Bhb4a4=	\N	f	usermls9j8kc9282			f	t	2026-02-18 23:45:07.761031+07	user_mls9j8kc_bizc7u@example.com	usermls9j8kc9282	+62857202829282	0.00	0.00	f	MXFLJ84	1	t	t	t	t	2026-02-18 23:45:07.761031+07	2026-02-18 23:45:08.047634+07	106	pbkdf2_sha256$720000$8RdtBDoRRGhfAcapxfETL5$0B7y3IoMnqOeyISrfgOqC+B8zzgW84H1+bydEiDoDwE=	114.8.199.210
141	pbkdf2_sha256$720000$m7wDF9kvrhAzu7gu6qkl1i$bkDnNvoBHBUeqW/1IRfcOG6L+Zu3BvowH1nYcBBUuhk=	\N	f	usermltmo3nc3719			f	t	2026-02-19 22:40:37.341501+07	user_mltmo3nc_vxjjwd@example.com	usermltmo3nc3719	+62818380183719	32000.00	0.00	f	RNU9SGH	1	t	t	t	t	2026-02-19 22:40:37.341501+07	2026-02-19 22:41:29.815213+07	140	pbkdf2_sha256$720000$M0s9LXPieBSOL1tIQo0LHu$KRPynBSdOyv093GjPnkEVOBuQfvcq2wZrSNVST/y0pw=	2001:448a:2092:52c:1a4:f0ad:1738:c103
138	pbkdf2_sha256$720000$H53QtgP8xJR0cbFDlerxZD$4SJXBZMo2yOVDj3T34Q3GdTSlp4ppkuRuaiBTgSmQYM=	\N	f	usermltlpmjb8210			f	t	2026-02-19 22:13:50.993697+07	user_mltlpmjb_m4y1fg@example.com	usermltlpmjb8210	+6281808368210	53460.92	0.00	f	X9SHWLU	1	t	t	t	t	2026-02-19 22:13:50.993697+07	2026-02-19 22:41:56.167925+07	130	pbkdf2_sha256$720000$FwiGqfUPP9t7FDmsk7Ee15$iA8P9HHQpthTL2qgCQUyKjsfBlLTAqgusdtyzyK5Q3k=	2001:448a:2092:52c:1a4:f0ad:1738:c103
107	pbkdf2_sha256$720000$2Izb86NbvcuBxpfDVTgCc5$g9JZqndc8keAZjefmUV4YRPIZ9g1ZhqQNYqUCj7IP7w=	\N	f	usermls8ikml2729			f	t	2026-02-18 23:16:36.785185+07	user_mls8ikml_untxx4@example.com	usermls8ikml2729	+62858393792729	0.00	0.00	f	7HKYKQB	1	t	t	t	t	2026-02-18 23:16:36.785185+07	2026-02-18 23:16:36.986896+07	105	pbkdf2_sha256$720000$JhwXboBpttrO3uORj7wJ51$f1rTiqEb0/E9ONm5LL0/qVRV8WIW0ZViSP2xVAR84/E=	114.8.199.210
125	pbkdf2_sha256$720000$20nxgwEcxXavvuhkdgzuZh$FW6CI0JK2ckCYt0RfGs/DQ6VbA3v05srnm3Nu1GTHe0=	\N	f	usermls9jqjg2971			f	t	2026-02-18 23:45:31.244678+07	user_mls9jqjg_xy9vx2@example.com	usermls9jqjg2971	+62840179472971	0.00	0.00	f	NKBX7BH	1	t	t	t	t	2026-02-18 23:45:31.244678+07	2026-02-18 23:45:31.470006+07	106	pbkdf2_sha256$720000$saAtmxLE9eYSvp495r6RuJ$gxCkh9qUklScAnKpIOQtF6XZ9sVKHlFf/nsjXEkeH24=	114.8.199.210
113	pbkdf2_sha256$720000$FXfVe9e62iw30dkAd2xB7N$F5D/BvrWcxBEaiYx19UXzs5MshijA5zAVPYrlWHUbG4=	\N	f	usermls8ypyx9892			f	t	2026-02-18 23:29:13.816804+07	user_mls8ypyx_fp5si1@example.com	usermls8ypyx9892	+6285173937298	0.00	0.00	f	26MBTQB	1	t	t	t	t	2026-02-18 23:29:13.816804+07	2026-02-18 23:29:14.151644+07	105	pbkdf2_sha256$720000$7ue52K6Btyr9w8ZZADiaCd$YpP4jT+t89oFbwRSW7rg0I+7tFCmC2ATHw4Lep/H9R0=	114.8.199.210
134	pbkdf2_sha256$720000$VWa9zSIrF0MzRXejhI1Wab$hm3HJXggdInjEoo/9buoqkTYo95rgBml8tpTLpEWJ3g=	\N	f	usermlt7kewo2719			f	t	2026-02-19 15:37:49.508945+07	user_mlt7kewo_qtangu@example.com	usermlt7kewo2719	+62858292492719	0.00	0.00	f	QWYQE24	1	t	t	t	t	2026-02-19 15:37:49.508945+07	2026-02-19 15:40:03.595532+07	106	pbkdf2_sha256$720000$50eOJq7GzcSiXBBFYPRiUq$/j9BUaV1V7j1E28D4j6Hqbw4plwjnHaPO3RixljX9dI=	114.8.205.235
114	pbkdf2_sha256$720000$xP2BfaNz7edVUHhJb9c4Mn$uiCyMP2eycIn/7d7kAtZZLPQxNLcWzRu2XsJ0vSQrHU=	\N	f	usermls8zago4028			f	t	2026-02-18 23:29:36.86828+07	user_mls8zago_rfqiop@example.com	usermls8zago4028	+6285930184028	0.00	0.00	f	JDVPJRX	1	t	t	t	t	2026-02-18 23:29:36.86828+07	2026-02-18 23:29:37.124793+07	105	pbkdf2_sha256$720000$Miu9M9CMlsrSfwAZ8EArFe$QgyylTISzEOp94AN7GQ+VZtOEErD6gjSsTqzycS4J2o=	114.8.199.210
119	pbkdf2_sha256$720000$467J7fgFL7GRXcJyba15uc$XsuYA105qj+7Gnb3xe74g7alp4kR9btOh9AkzceUBr4=	\N	f	usermls946jj0371			f	t	2026-02-18 23:33:25.403701+07	user_mls946jj_y8tcfg@example.com	usermls946jj0371	+6285183930371	0.00	0.00	f	E2MCQPE	1	t	t	t	t	2026-02-18 23:33:25.403701+07	2026-02-18 23:33:25.619815+07	106	pbkdf2_sha256$720000$wKJ6L2qN8P9MBBwo35Z5Bj$ex4LtCXqJe8N86TjUsRcLHPMCbgvTi58OW8Q71DxCPU=	114.8.199.210
120	pbkdf2_sha256$720000$BhvQqRmNLxD7paXrkA4Ivv$LHZgjp+mrg+isX5H7KJMzI/GGVmmpQWFk+JiaTMo7LQ=	\N	f	usermls94rht2039			f	t	2026-02-18 23:33:52.944904+07	user_mls94rht_v1xhc5@example.com	usermls94rht2039	+6282048292039	0.00	0.00	f	BBP4QM9	1	t	t	t	t	2026-02-18 23:33:52.944904+07	2026-02-18 23:33:53.190224+07	106	pbkdf2_sha256$720000$8Qf5z3XP2n9qZTFMrBvFSO$wkzSg1ZAIoUB8u9S/1m9LBBFgR0pAH+wk/v1fUp/8qY=	114.8.199.210
121	pbkdf2_sha256$720000$UDb61fHv9G116oMMfbUx7i$KBjRAT7azmu0eHWAHVQO2KbGISzBSXhPavUHK6ao4yw=	\N	f	usermls959f61837			f	t	2026-02-18 23:34:16.374173+07	user_mls959f6_0uw51d@example.com	usermls959f61837	+6285802801837	0.00	0.00	f	Y8LRBA7	1	t	t	t	t	2026-02-18 23:34:16.374173+07	2026-02-18 23:34:16.5874+07	106	pbkdf2_sha256$720000$jYqlKFTFPfJPFhgjCSPS9x$NZxUu7ISXHx22RTX3suvkEUITgmm4CpgI8lIV+tEeV0=	114.8.199.210
1	pbkdf2_sha256$720000$NnNQaokpLkzdw3Ibaz1S9O$PBCF19P0O1VIDjpT/XspA2z9C0tosnFmQqpPxlXGIzA=	2026-02-18 11:47:21.803824+07	t	admin			t	t	2025-11-09 23:04:12.870917+07	admin@example.com	Admin User	085100000000	15249341.74	0.00	f	59SFN2	\N	t	t	t	t	2025-11-09 23:04:12.870942+07	2026-02-20 00:02:40.847961+07	\N	\N	\N
130	pbkdf2_sha256$720000$cztY9Y9QU3NMliraRI70uZ$Dx/YTwSHLCSj9yUaZWANkQ0i6vDB/k62ajeEpWALIe4=	\N	f	usermlt05taa8901			f	t	2026-02-19 12:11:34.902226+07	user_mlt05taa_ou2pqh@example.com	usermlt05taa8901	+6281123456789	12259266.46	0.00	f	48Q2ZXN	1	t	t	t	t	2026-02-19 12:11:34.902226+07	2026-02-19 22:37:31.918118+07	106	pbkdf2_sha256$720000$QTgubQtPxg8Vz4ZtQoMjSL$1rN27F6soA/6PixcNHRckX/PH6bht0ciOoYcIYji7Og=	2001:448a:2092:52c:1a4:f0ad:1738:c103
127	pbkdf2_sha256$720000$8wxDpidnQlA18i0X0Vxr8x$LcVHOFxyn5U/Kt6bh0pQq3B5+XKC8EV51YR6kpfGPyI=	\N	f	usermls9libq7291			f	t	2026-02-18 23:46:53.376795+07	user_mls9libq_2zurbk@example.com	usermls9libq7291	+6285028027291	0.00	0.00	f	SCMWJ9H	1	t	t	t	t	2026-02-18 23:46:53.376795+07	2026-02-18 23:48:22.319454+07	106	pbkdf2_sha256$720000$JmzAGiDBLqh6C53osAEn09$yiCbfXM7zFwdsyhqwbpa/4nlEPVQqgRavTw2XC77qqE=	114.8.199.210
108	pbkdf2_sha256$720000$noawwRnesURxrHyxIyfP4k$ppJMvpUKELibVckuQYb0sJst29fVugCdThcF6gOSw/A=	\N	f	usermls8s5vb9272			f	t	2026-02-18 23:24:05.266795+07	user_mls8s5vb_hmyob4@example.com	usermls8s5vb9272	+62857292729272	0.00	0.00	f	MWGGJZS	1	t	t	t	t	2026-02-18 23:24:05.266795+07	2026-02-18 23:24:05.482126+07	105	pbkdf2_sha256$720000$L6YC4lJxezX4sTlHBGdv0I$yw80PtEpOHaKQw1gTqysXoLHY/utO5GU6XZ/ClaT2Lk=	114.8.199.210
115	pbkdf2_sha256$720000$7eiaLKiJEfAriLxthZRg7y$2rK2dr82Img5zA/5OYz6QcmR/6QmT/24INJbfg2iwZc=	\N	f	usermls8zsx92040			f	t	2026-02-18 23:30:00.785624+07	user_mls8zsx9_v43xmb@example.com	usermls8zsx92040	+6285739282040	0.00	0.00	f	PSUBXY3	1	t	t	t	t	2026-02-18 23:30:00.785624+07	2026-02-18 23:30:01.134617+07	105	pbkdf2_sha256$720000$1sJCKRHN32yS3jU7DbLsOB$xWkk7fJgIhgIRjLwN4BOK2jhQ54DnnWdV52ADlUxQg8=	114.8.199.210
131	pbkdf2_sha256$720000$OpSjzaiTFW4tsDoPEmqJ5E$/7ur/1kcRNsU/uKo4ASEK3SAYijCLr9Cqrc4HdJIzj8=	\N	f	usermlt0a1gv6789			f	t	2026-02-19 12:13:49.1355+07	user_mlt0a1gv_947bxy@example.com	usermlt0a1gv6789	+6281223456789	36602.99	0.00	f	U9WMHVQ	1	t	t	t	t	2026-02-19 12:13:49.1355+07	2026-02-19 16:40:08.927965+07	130	pbkdf2_sha256$720000$T02ytWyBEvdkrhsvI8EhCf$iUsTdVJksSLieCOP2rjBRhnQK9/n1todDkjqzuiQQx8=	2001:448a:2092:52c:1a4:f0ad:1738:c103
122	pbkdf2_sha256$720000$XGPHrvrPCW12KKfNWyyKXB$vv44FMAv9UJcbWivBiX/AWzYSy0ltoeOz4CMkDNiE6Q=	\N	f	usermls9dm3n0211			f	t	2026-02-18 23:40:53.152498+07	user_mls9dm3n_8i0jcq@example.com	usermls9dm3n0211	+6285730272021	0.00	0.00	f	FQVTUGF	1	t	t	t	t	2026-02-18 23:40:53.152498+07	2026-02-18 23:40:53.383273+07	106	pbkdf2_sha256$720000$pJbrjSSmMff1ffczRGE4eH$n7WqMZr22zjtRiZs23WZDuHGA3IFKwiO0nMLzQG2GDY=	114.8.199.210
126	pbkdf2_sha256$720000$yM8ttCjmfJMh9IN9E4EAdf$YnhZTghveXIQmqu3npJNy9z5GY3irHIOx4wAIoTn3nk=	\N	f	usermls9l0q77298			f	t	2026-02-18 23:46:30.755149+07	user_mls9l0q7_ootrey@example.com	usermls9l0q77298	+62850284937298	0.00	0.00	f	WYK7WGA	1	t	t	t	t	2026-02-18 23:46:30.755149+07	2026-02-18 23:46:31.021428+07	106	pbkdf2_sha256$720000$prjSyUS4ANdGiyRDlhmDDB$Q7OjICmV41KtshwkhTctMxKTMe5DzgnXY9Uae2abq2k=	114.8.199.210
139	pbkdf2_sha256$720000$pqw8VInus6vPf0bANc6CT2$4InfJJJpLzu3hl7w/pJieH6ynQa5Xu/ULO7961QCZtQ=	\N	f	usermltmi7fj2729			f	t	2026-02-19 22:36:02.125489+07	user_mltmi7fj_3wroez@example.com	usermltmi7fj2729	+6284937292729	65460.00	0.00	f	WRWU7SH	1	t	t	t	t	2026-02-19 22:36:02.125489+07	2026-02-19 22:41:29.822333+07	138	pbkdf2_sha256$720000$RGU1asehyX6SCrb30x3Fzt$+0rJYRsZW1cHj9iYSoGxtp0qzjzBvynyHFWmmxKZDNw=	2001:448a:2092:52c:1a4:f0ad:1738:c103
135	pbkdf2_sha256$720000$Wk0OjM9f9WplXquqxZ22Ov$W0bIFZbwnbiAji6xnzpxvdDygo5zeAFw1wD49rb21R8=	\N	f	usermlt8zm7f6789			f	t	2026-02-19 16:17:42.885299+07	user_mlt8zm7g_plrf65@example.com	usermlt8zm7f6789	+6281233456789	27004.23	0.00	f	RWY6PEB	1	t	t	t	t	2026-02-19 16:17:42.885299+07	2026-02-19 16:40:03.368129+07	131	pbkdf2_sha256$720000$gPaFGbc55BT1At3Q8Rl3Kj$zRGQxkTrzuMMmzwdtPQxJQF2HeiZv9IcX/cvT2baW4E=	2001:448a:2092:979:b09a:4541:4dff:cc9e
94	pbkdf2_sha256$720000$QNy1DFRqmy0QoQs2t1wPs3$YM98ddJnt87DNb5wu+SOgabWLb9jMBgbQEH6j85y9sg=	\N	f	usermlqelp1g9494			f	t	2026-02-17 16:31:26.66074+07	user_mlqelp1g_hxwesp@example.com	usermlqelp1g9494	89494949494	8840400.00	0.00	f	BJTWNFG	1	t	t	t	t	2026-02-17 16:31:26.66074+07	2026-02-18 19:53:30.47305+07	2	pbkdf2_sha256$720000$VMmpv2jMagd0Ok7IeZRpdA$Qh013OcfwBYRK3wCwkdmMzmA7BDortO9b2WP3jgYq+w=	127.0.0.1
\.


--
-- Data for Name: accounts_user_groups; Type: TABLE DATA; Schema: public; Owner: postgres
--

COPY public.accounts_user_groups (id, user_id, group_id) FROM stdin;
\.


--
-- Data for Name: accounts_user_user_permissions; Type: TABLE DATA; Schema: public; Owner: postgres
--

COPY public.accounts_user_user_permissions (id, user_id, permission_id) FROM stdin;
\.


--
-- Data for Name: accounts_useraddress; Type: TABLE DATA; Schema: public; Owner: postgres
--

COPY public.accounts_useraddress (id, recipient_name, phone_number, address_details, house_number, is_primary, created_at, updated_at, user_id) FROM stdin;
\.


--
-- Data for Name: attendance_logs; Type: TABLE DATA; Schema: public; Owner: postgres
--

COPY public.attendance_logs (id, date, streak_count, amount, created_at, user_id) FROM stdin;
1	2025-11-10	1	1204.19	2025-11-10 00:00:40.839336+07	2
7	2025-11-30	1	472.40	2025-11-30 03:02:02.681395+07	2
19	2025-12-06	1	500.00	2025-12-06 22:41:57.322738+07	2
20	2025-12-07	2	500.00	2025-12-07 00:58:21.670796+07	2
24	2025-12-08	3	1000.00	2025-12-08 09:47:51.779024+07	2
25	2025-12-24	1	1000.00	2025-12-24 05:05:14.207749+07	2
26	2026-01-10	1	1000.00	2026-01-10 15:53:50.873835+07	2
27	2026-01-11	2	1000.00	2026-01-11 02:54:47.560879+07	2
32	2026-01-12	3	300.00	2026-01-12 11:59:38.216978+07	2
42	2026-01-24	1	100.00	2026-01-24 13:22:03.688346+07	2
48	2026-02-16	1	1123.14	2026-02-16 17:02:21.214231+07	2
49	2026-02-17	2	1025.49	2026-02-17 01:47:08.895393+07	2
51	2026-02-18	1	0.00	2026-02-18 22:35:34.395714+07	105
52	2026-02-18	1	163.38	2026-02-18 23:12:12.277645+07	106
53	2026-02-19	2	176.83	2026-02-19 00:03:03.493064+07	105
54	2026-02-19	1	201.09	2026-02-19 01:41:19.934087+07	2
55	2026-02-19	2	263.67	2026-02-19 10:29:46.546434+07	106
56	2026-02-19	1	142.99	2026-02-19 12:15:31.947303+07	131
57	2026-02-19	1	110.50	2026-02-19 14:36:25.001455+07	132
58	2026-02-19	1	346.46	2026-02-19 16:17:58.234841+07	130
59	2026-02-19	1	244.23	2026-02-19 16:19:13.814128+07	135
60	2026-02-19	1	132.05	2026-02-19 16:23:11.265536+07	136
61	2026-02-19	1	257.63	2026-02-19 22:05:33.801785+07	137
62	2026-02-19	1	213.92	2026-02-19 22:14:37.67289+07	138
\.


--
-- Data for Name: attendance_settings; Type: TABLE DATA; Schema: public; Owner: postgres
--

COPY public.attendance_settings (id, balance_source, reward_type, fixed_amount, min_amount, max_amount, consecutive_bonus_enabled, bonus_7_days, bonus_30_days, is_active, created_at, updated_at, rank_rewards, daily_cycle_days, daily_rewards) FROM stdin;
3	balance	random	0.00	100.00	400.00	f	0.00	0.00	t	2026-01-12 00:48:57.051622+07	2026-02-18 22:35:50.992285+07	{}	0	{"1": 0.0, "2": 0.0, "3": 0.0, "4": 0.0, "5": 0.0, "6": 0.0, "7": 0.0}
\.


--
-- Data for Name: auth_group; Type: TABLE DATA; Schema: public; Owner: postgres
--

COPY public.auth_group (id, name) FROM stdin;
\.


--
-- Data for Name: auth_group_permissions; Type: TABLE DATA; Schema: public; Owner: postgres
--

COPY public.auth_group_permissions (id, group_id, permission_id) FROM stdin;
\.


--
-- Data for Name: auth_permission; Type: TABLE DATA; Schema: public; Owner: postgres
--

COPY public.auth_permission (id, name, content_type_id, codename) FROM stdin;
1	Can add log entry	1	add_logentry
2	Can change log entry	1	change_logentry
3	Can delete log entry	1	delete_logentry
4	Can view log entry	1	view_logentry
5	Can add permission	2	add_permission
6	Can change permission	2	change_permission
7	Can delete permission	2	delete_permission
8	Can view permission	2	view_permission
9	Can add group	3	add_group
10	Can change group	3	change_group
11	Can delete group	3	delete_group
12	Can view group	3	view_group
13	Can add content type	4	add_contenttype
14	Can change content type	4	change_contenttype
15	Can delete content type	4	delete_contenttype
16	Can view content type	4	view_contenttype
17	Can add session	5	add_session
18	Can change session	5	change_session
19	Can delete session	5	delete_session
20	Can view session	5	view_session
21	Can add Token	6	add_token
22	Can change Token	6	change_token
23	Can delete Token	6	delete_token
24	Can view Token	6	view_token
25	Can add Token	7	add_tokenproxy
26	Can change Token	7	change_tokenproxy
27	Can delete Token	7	delete_tokenproxy
28	Can view Token	7	view_tokenproxy
29	Can add User	8	add_user
30	Can change User	8	change_user
31	Can delete User	8	delete_user
32	Can view User	8	view_user
33	Can add General Setting	9	add_generalsetting
34	Can change General Setting	9	change_generalsetting
35	Can delete General Setting	9	delete_generalsetting
36	Can view General Setting	9	view_generalsetting
37	Can add Rank Level	10	add_ranklevel
38	Can change Rank Level	10	change_ranklevel
39	Can delete Rank Level	10	delete_ranklevel
40	Can view Rank Level	10	view_ranklevel
41	Can add product	11	add_product
42	Can change product	11	change_product
43	Can delete product	11	delete_product
44	Can view product	11	view_product
45	Can add transaction	12	add_transaction
46	Can change transaction	12	change_transaction
47	Can delete transaction	12	delete_transaction
48	Can view transaction	12	view_transaction
49	Can add investment	13	add_investment
50	Can change investment	13	change_investment
51	Can delete investment	13	delete_investment
52	Can view investment	13	view_investment
53	Can add claim history	14	add_claimhistory
54	Can change claim history	14	change_claimhistory
55	Can delete claim history	14	delete_claimhistory
56	Can view claim history	14	view_claimhistory
57	Can add user product purchase	15	add_userproductpurchase
58	Can change user product purchase	15	change_userproductpurchase
59	Can delete user product purchase	15	delete_userproductpurchase
60	Can view user product purchase	15	view_userproductpurchase
61	Can add attendance settings	16	add_attendancesettings
62	Can change attendance settings	16	change_attendancesettings
63	Can delete attendance settings	16	delete_attendancesettings
64	Can view attendance settings	16	view_attendancesettings
65	Can add attendance log	17	add_attendancelog
66	Can change attendance log	17	change_attendancelog
67	Can delete attendance log	17	delete_attendancelog
68	Can view attendance log	17	view_attendancelog
69	Can add voucher	18	add_voucher
70	Can change voucher	18	change_voucher
71	Can delete voucher	18	delete_voucher
72	Can view voucher	18	view_voucher
73	Can add voucher usage	19	add_voucherusage
74	Can change voucher usage	19	change_voucherusage
75	Can delete voucher usage	19	delete_voucherusage
76	Can view voucher usage	19	view_voucherusage
77	Can add mission	20	add_mission
78	Can change mission	20	change_mission
79	Can delete mission	20	delete_mission
80	Can view mission	20	view_mission
81	Can add mission user state	21	add_missionuserstate
82	Can change mission user state	21	change_missionuserstate
83	Can delete mission user state	21	delete_missionuserstate
84	Can view mission user state	21	view_missionuserstate
85	Can add bank	22	add_bank
86	Can change bank	22	change_bank
87	Can delete bank	22	delete_bank
88	Can view bank	22	view_bank
89	Can add user bank	23	add_userbank
90	Can change user bank	23	change_userbank
91	Can delete user bank	23	delete_userbank
92	Can view user bank	23	view_userbank
93	Can add Bank Settings	24	add_banksettings
94	Can change Bank Settings	24	change_banksettings
95	Can delete Bank Settings	24	delete_banksettings
96	Can view Bank Settings	24	view_banksettings
97	Can add withdrawal settings	25	add_withdrawalsettings
98	Can change withdrawal settings	25	change_withdrawalsettings
99	Can delete withdrawal settings	25	delete_withdrawalsettings
100	Can view withdrawal settings	25	view_withdrawalsettings
101	Can add withdrawal	26	add_withdrawal
102	Can change withdrawal	26	change_withdrawal
103	Can delete withdrawal	26	delete_withdrawal
104	Can view withdrawal	26	view_withdrawal
105	Can add Withdrawal Jayapay	27	add_withdrawaljayapay
106	Can change Withdrawal Jayapay	27	change_withdrawaljayapay
107	Can delete Withdrawal Jayapay	27	delete_withdrawaljayapay
108	Can view Withdrawal Jayapay	27	view_withdrawaljayapay
109	Can add Gateway Settings	28	add_gatewaysettings
110	Can change Gateway Settings	28	change_gatewaysettings
111	Can delete Gateway Settings	28	delete_gatewaysettings
112	Can view Gateway Settings	28	view_gatewaysettings
113	Can add deposit	29	add_deposit
114	Can change deposit	29	change_deposit
115	Can delete deposit	29	delete_deposit
116	Can view deposit	29	view_deposit
117	Can add support link	30	add_supportlink
118	Can change support link	30	change_supportlink
119	Can delete support link	30	delete_supportlink
120	Can view support link	30	view_supportlink
121	Can add news	31	add_news
122	Can change news	31	change_news
123	Can delete news	31	delete_news
124	Can view news	31	view_news
125	Can add jayapay withdrawal	32	add_jayapaywithdrawal
126	Can change jayapay withdrawal	32	change_jayapaywithdrawal
127	Can delete jayapay withdrawal	32	delete_jayapaywithdrawal
128	Can view jayapay withdrawal	32	view_jayapaywithdrawal
129	Can add support chat thread	33	add_supportchatthread
130	Can change support chat thread	33	change_supportchatthread
131	Can delete support chat thread	33	delete_supportchatthread
132	Can view support chat thread	33	view_supportchatthread
133	Can add support chat message	34	add_supportchatmessage
134	Can change support chat message	34	change_supportchatmessage
135	Can delete support chat message	34	delete_supportchatmessage
136	Can view support chat message	34	view_supportchatmessage
137	Can add User Address	35	add_useraddress
138	Can change User Address	35	change_useraddress
139	Can delete User Address	35	delete_useraddress
140	Can view User Address	35	view_useraddress
141	Can add Phone OTP	36	add_phoneotp
142	Can change Phone OTP	36	change_phoneotp
143	Can delete Phone OTP	36	delete_phoneotp
144	Can view Phone OTP	36	view_phoneotp
145	Can add Decode API Response	37	add_admindecodetool
146	Can change Decode API Response	37	change_admindecodetool
147	Can delete Decode API Response	37	delete_admindecodetool
148	Can view Decode API Response	37	view_admindecodetool
149	Can add withdrawal service	38	add_withdrawalservice
150	Can change withdrawal service	38	change_withdrawalservice
151	Can delete withdrawal service	38	delete_withdrawalservice
152	Can view withdrawal service	38	view_withdrawalservice
\.


--
-- Data for Name: authtoken_token; Type: TABLE DATA; Schema: public; Owner: postgres
--

COPY public.authtoken_token (key, created, user_id) FROM stdin;
b34aaf6c0a7554965ce6ac11fec7f23fbccfa8f6	2025-11-09 23:59:59.769637+07	2
a383223a298da235148dd4d3cebafe435344746b	2026-02-18 22:23:42.721968+07	105
e8ba5a27c6997ff214c4e99c797c109616f50a27	2026-02-18 22:30:16.631009+07	106
9c53511bb556f645c985285dfa18874f773904a8	2026-02-18 23:16:37.196439+07	107
7984006ba354cb7d0a5b938743f46ff27b794ef0	2026-02-18 23:24:05.870197+07	108
49b9b46712d7829c5cd7310b97e4e9564c28791a	2026-02-18 23:27:34.11619+07	109
8d86774c7c3c348cde4202e9618eaa713d77afc2	2026-02-18 23:28:02.85869+07	110
6a71543640618de53e521bda5d2096041a3a9866	2026-02-18 23:28:23.62737+07	111
889aa41b1276100af518e6c1a1a4ed5a2fdcfa46	2026-02-18 23:28:46.525565+07	112
8115ddb4b9291485c124a00a4619726efa1b8f3a	2026-02-18 23:29:14.514259+07	113
65074f761c158a668f6d0b16a10ee9d72b7702bd	2026-02-18 23:29:37.436427+07	114
8deec09ef711df68dc42e9c39150c34b7ab4e9b3	2026-02-18 23:30:01.510887+07	115
1f652d1eb9bda61fb78daf3a436ebefec3f81055	2026-02-18 23:30:46.844596+07	116
16d9183dbbf1f265ba5f86e8148e08c2b4ade87a	2026-02-18 23:31:12.147105+07	117
3fb05c514ac0dea43911766346c2857658aec028	2026-02-18 23:32:41.245763+07	118
96decd3425eb2821b903c947f752140293e9abac	2026-02-18 23:33:25.868768+07	119
037d536facc27dfdd07cfa1e2fefbb18771a2614	2026-02-18 23:33:53.418865+07	120
be19717624c11600d653a9f785866e7bcb58b689	2026-02-18 23:34:16.832973+07	121
a53d93b228246a9795f49efa8e96786ee015ff5d	2026-02-18 23:40:53.639361+07	122
e5ae5313e0f9bc40799d4301a6c887213a69f836	2026-02-18 23:44:01.345569+07	123
a7c35cde7068d2e7cf938f64553199ea96574615	2026-02-18 23:45:08.377304+07	124
852bb9f111f5690742111d0f720184a6cfc57667	2026-02-18 23:45:31.709924+07	125
e902ff1e14b3f249febb73c44d287769afb66852	2026-02-18 23:46:31.390141+07	126
923892a1e5590fb5625b5ed3eea7b2cda406fe1b	2026-02-18 23:46:53.842584+07	127
a53fe6ba3529e60bffa96924b9c76a1984edd3e2	2026-02-18 23:50:55.378296+07	128
84a0a2980526abe33398b2537ebe966e60dc7d69	2026-02-19 10:51:08.262652+07	129
d7a738476a89cd96578ae80fc1d6882b12376a46	2026-02-19 12:11:35.307795+07	130
f0ee3dd469d8abfc87ce77416f32788f85dd3794	2026-02-19 12:13:49.598295+07	131
993702eb1ac47ec7224d0e6b381de0b0bb9099e8	2026-02-19 14:20:39.10942+07	132
0366ff2deb1f190a52abd8973ab5f037a3001051	2026-02-19 14:44:33.164577+07	133
ae658215611ab190bfdbb53d91a27ff496ad03e5	2026-02-19 15:37:50.011579+07	134
e9102d87cace15ed619a4e5bb31254551316d36c	2026-02-19 16:17:43.347159+07	135
fa0a25b6b74528c5fa5120ea814f0417f2309b34	2026-02-19 16:22:42.208733+07	136
4d6069e8c78b0869b5aaa08be656c7cbce46268f	2026-02-19 22:04:23.905312+07	137
e0e7a46e41a3ea6ce485ea4cf6d0368541556677	2026-02-19 22:13:51.555744+07	138
675d0f38348ac785060e4ad3cd52b281722e4b2b	2026-02-19 22:36:02.6498+07	139
2a7c1c4e0fab5c7bd51672bb56dd6a052ce9f3f0	2026-02-19 22:38:39.089325+07	140
a8a91b65a68a74ee3b2bd929aec551e05d126914	2026-02-19 22:40:37.846895+07	141
9f8199dde97888ca7fec6f1c24e1009654dda504	2026-02-17 16:31:27.240506+07	94
\.


--
-- Data for Name: bank_settings; Type: TABLE DATA; Schema: public; Owner: postgres
--

COPY public.bank_settings (id, max_banks_per_user, created_at, updated_at) FROM stdin;
1	1	2025-10-23 17:11:59.530568+07	2026-02-17 10:45:57.414126+07
\.


--
-- Data for Name: banks; Type: TABLE DATA; Schema: public; Owner: postgres
--

COPY public.banks (id, code, name, is_active, logo, min_withdrawal, max_withdrawal, withdrawal_fee, processing_time, created_at, updated_at) FROM stdin;
18	BCA	Bank Central Asia	t	\N	35000.00	5000000.00	0.00	1	2025-11-04 03:49:12.668321+07	2026-02-18 11:53:27.976647+07
17	BNI	Bank Negara Indonesia	t	\N	35000.00	5000000.00	0.00	1	2025-11-04 03:46:56.041303+07	2026-02-18 11:53:34.827366+07
15	BRI	Bank Rakyat Indonesia	t	\N	35000.00	5000000.00	0.00	1	2025-11-04 03:45:02.450466+07	2026-02-18 11:53:41.716171+07
13	DANA	DANA	t	\N	35000.00	5000000.00	0.00	1	2025-11-04 03:44:13.401908+07	2026-02-18 11:53:47.981705+07
14	GOPAY	GOPAY	t	\N	35000.00	10000000.00	0.00	1	2025-11-04 03:44:32.518143+07	2026-02-18 11:53:56.317241+07
20	MANDIRI	Mandiri	t	\N	35000.00	100000000.00	0.00	1	2026-01-12 13:24:56.598164+07	2026-02-18 11:54:03.908289+07
12	OVO	OVO	t	\N	35000.00	5000000.00	0.00	1	2025-11-04 03:43:49.225187+07	2026-02-18 11:55:09.593413+07
\.


--
-- Data for Name: claim_history; Type: TABLE DATA; Schema: public; Owner: postgres
--

COPY public.claim_history (id, claim_amount, claim_type, status, claim_number, remaining_days_at_claim, total_claimed_before, notes, created_at, investment_id, transaction_id, user_id) FROM stdin;
750	2100.00	manual	completed	1	1	0.00	Manual profit claim from Proyek Konservasi-Uji Coba Biota	2026-02-18 23:36:54.164238+07	144	1945	106
751	6320.00	manual	completed	1	1	0.00	Manual profit claim from Proyek Konservasi-Kuda Laut	2026-02-18 23:38:21.640129+07	146	1946	106
752	2100.00	manual	completed	1	1	0.00	Manual profit claim from Proyek Konservasi-Uji Coba Biota	2026-02-18 23:42:12.425896+07	143	1950	106
753	2100.00	manual	completed	1	1	0.00	Manual profit claim from Proyek Konservasi-Uji Coba Biota	2026-02-18 23:42:22.359701+07	142	1951	106
754	6320.00	manual	completed	1	1	0.00	Manual profit claim from Proyek Konservasi-Kuda Laut	2026-02-18 23:42:56.486807+07	145	1952	106
755	2100.00	manual	completed	1	1	0.00	Manual profit claim from Proyek Konservasi-Uji Coba Biota	2026-02-18 23:54:09.788976+07	148	1964	128
756	36372.00	manual	completed	1	99	0.00	Manual profit claim from Proyek Konservasi-Penyu Laut	2026-02-19 10:28:25.844464+07	149	1974	106
757	2100.00	manual	completed	1	1	0.00	Manual profit claim from Proyek Konservasi-Uji Coba Biota	2026-02-19 10:55:36.937468+07	150	1985	129
758	2100.00	manual	completed	1	1	0.00	Manual profit claim from Proyek Konservasi-Uji Coba Biota	2026-02-19 14:22:05.043577+07	151	1994	132
759	2100.00	manual	completed	2	0	2100.00	Manual profit claim from Proyek Konservasi-Uji Coba Biota	2026-02-19 23:42:28.773936+07	142	2148	106
760	2100.00	manual	completed	2	0	2100.00	Manual profit claim from Proyek Konservasi-Uji Coba Biota	2026-02-19 23:44:22.347075+07	143	2151	106
761	2100.00	manual	completed	2	0	2100.00	Manual profit claim from Proyek Konservasi-Uji Coba Biota	2026-02-20 00:01:41.769968+07	144	2153	106
762	6320.00	manual	completed	2	0	6320.00	Manual profit claim from Proyek Konservasi-Kuda Laut	2026-02-20 00:02:00.131834+07	145	2155	106
763	6320.00	manual	completed	2	0	6320.00	Manual profit claim from Proyek Konservasi-Kuda Laut	2026-02-20 00:02:40.852536+07	146	2160	106
\.


--
-- Data for Name: deposits; Type: TABLE DATA; Schema: public; Owner: postgres
--

COPY public.deposits (id, gateway, order_num, amount, wallet_type, status, payment_url, request_params, response_payload, callback_payload, callback_at, created_at, updated_at, transaction_id, user_id) FROM stdin;
67	JAYAPAY	DEP-20260123183736-0403F2	50000.00	BALANCE_DEPOSIT	FAILED		{"name": "vhtc695s6on396g7oxdo", "sign": "Sd0DZ59RQlHtGVxbnkRenqkRlPoKLQXFm55v16v3oKdgK/QbfS9iCJal+ubPELO/fAr8onhG4EmFuDtN0zItdW5ZZhkW3ZulnuxANtn9hM3AtbETxF6d5bYl2oUaq0yjE0DJxDCn2cnzkzkQzCwB6iR2Ic9bMwlBJ+7pOUjDh3NH5xInMjv8LNr3dbBzUrsbGnnvIsT4jDy8IRTxIxuyt/eWKfNbuKOBKe4Vl19BTQ1Wm6yyby6UE3r0gyl9XEAu8TP70A0+r9Uztyt5qTgWFmNa1ZHQUU46WpFytCLt0q0KvJRuurj8ztvEz6WfXS1od4oFTM6cMd45IbLfuTVPYg==", "email": "k00rkthpl8@example.com", "phone": "+6289595959595", "method": "", "dateTime": "20260123183736", "orderNum": "DEP-20260123183736-0403F2", "payMoney": "50000", "notifyUrl": "https://api.bcbt-bt.online/api/deposits/jayapay/callback/", "orderType": "0", "expiryPeriod": "1000", "merchantCode": "S820250914134021000027", "productDetail": "Top Up Saldo"}	{"platSign": "CBucsbEjXo1Jjak0jY77O0USm3IweQHqp/ShHl/z/mqq7RACGMf3j1WkWcU/HRnHZCjnKgf67kwqbi7SSGMTW/kMMMFVLMWO3WrwNLKLhya8zTwBl97KuOiEzoQlqVxqevLKD7VVztIYA0x/ZN5TRGmNwHfFC+Nnk1RA/m2/NEk=", "platRespCode": "FAIL", "platRespMessage": "JayaPay-params : verify signature failed"}	\N	\N	2026-01-23 18:37:36.386921+07	2026-01-23 18:37:36.386921+07	1547	2
70	JAYAPAY	DEP-20260124154308-D72A29	50000.00	BALANCE_DEPOSIT	FAILED		{"name": "vhtc695s6on396g7oxdo", "sign": "dcPZWTXlh7Z6z7RM57udXngAueOkECw/WBt8n4TloAeGksL4cNyAp7VsdAeV8tGaNzKRvF8epjsasWWHXAE5gxm/YZAb+55D3vHdwEPQkbrzI+dLpb2Cx6MJFM8tnlAA4TQ1AgPkPrguOusdFm22FevtAWtASBgnOb9SQG6XNa+LWIpGoMmta6/ddJ2k2w94Z/vfA52/2X/oGm1mO5vO0Z95uHMLBAEYTnK3piJHcIrTgk6zX/4wq1od2v9vlRo514YxP4yCBk7SKD4BTzxpK9cP4LwUrrVLNpYsykaGZqp96DRWSNvRK5VMJZsT5fIQLXqGXVQxnoKpuphOVCruTA==", "email": "k00rkthpl8@example.com", "phone": "+6289595959595", "method": "", "dateTime": "20260124154308", "orderNum": "DEP-20260124154308-D72A29", "payMoney": "50000", "notifyUrl": "https://api.bcbt-bt.online/api/deposits/jayapay/callback/", "orderType": "0", "expiryPeriod": "1000", "merchantCode": "S820250914134021000027", "productDetail": "Top Up Saldo"}	{"platSign": "CBucsbEjXo1Jjak0jY77O0USm3IweQHqp/ShHl/z/mqq7RACGMf3j1WkWcU/HRnHZCjnKgf67kwqbi7SSGMTW/kMMMFVLMWO3WrwNLKLhya8zTwBl97KuOiEzoQlqVxqevLKD7VVztIYA0x/ZN5TRGmNwHfFC+Nnk1RA/m2/NEk=", "platRespCode": "FAIL", "platRespMessage": "JayaPay-params : verify signature failed"}	\N	\N	2026-01-24 15:43:08.569173+07	2026-01-24 15:43:08.569173+07	1559	2
72	JAYAPAY	DEP-20260124154308-0FA7A3	50000.00	BALANCE_DEPOSIT	FAILED		{"name": "vhtc695s6on396g7oxdo", "sign": "dcPZWTXlh7Z6z7RM57udXngAueOkECw/WBt8n4TloAeGksL4cNyAp7VsdAeV8tGaNzKRvF8epjsasWWHXAE5gxm/YZAb+55D3vHdwEPQkbrzI+dLpb2Cx6MJFM8tnlAA4TQ1AgPkPrguOusdFm22FevtAWtASBgnOb9SQG6XNa8Prkzhr0UpYiCC3U+BcWZRRhZxGXbfy+2zxwsTO6NlI9+yhjSrplxsyfWy3IIDs7ZLh2yo/1YuxpbXkH7vJD6eWWSh3RmRsMM7USBwrdk2T31e+Cthy+xmbWYTeqPcCTivEgXl/hjPs1XxHPIPzZMpEDTxzDz15uf9RvrmMZ8zvg==", "email": "k00rkthpl8@example.com", "phone": "+6289595959595", "method": "", "dateTime": "20260124154308", "orderNum": "DEP-20260124154308-0FA7A3", "payMoney": "50000", "notifyUrl": "https://api.bcbt-bt.online/api/deposits/jayapay/callback/", "orderType": "0", "expiryPeriod": "1000", "merchantCode": "S820250914134021000027", "productDetail": "Top Up Saldo"}	{"platSign": "CBucsbEjXo1Jjak0jY77O0USm3IweQHqp/ShHl/z/mqq7RACGMf3j1WkWcU/HRnHZCjnKgf67kwqbi7SSGMTW/kMMMFVLMWO3WrwNLKLhya8zTwBl97KuOiEzoQlqVxqevLKD7VVztIYA0x/ZN5TRGmNwHfFC+Nnk1RA/m2/NEk=", "platRespCode": "FAIL", "platRespMessage": "JayaPay-params : verify signature failed"}	\N	\N	2026-01-24 15:43:08.728062+07	2026-01-24 15:43:08.728062+07	1561	2
68	JAYAPAY	DEP-20260123183736-32D59A	50000.00	BALANCE_DEPOSIT	FAILED		{"name": "vhtc695s6on396g7oxdo", "sign": "Sd0DZ59RQlHtGVxbnkRenqkRlPoKLQXFm55v16v3oKdgK/QbfS9iCJal+ubPELO/fAr8onhG4EmFuDtN0zItdW5ZZhkW3ZulnuxANtn9hM3AtbETxF6d5bYl2oUaq0yjE0DJxDCn2cnzkzkQzCwB6iR2Ic9bMwlBJ+7pOUjDh3Opt7Up27qCmiWTwOsrcTt61wrigvl2kMDSY/NLSkFmygHtIoUPlwHzsmSwwY9jS8F+wLO+Ey/5Mo/41/f+t/ZQwk7HHGZ2DqyjCeN3ysT+s9niDUIr4e0y4dH7WSycwGq+UEhZNSF30VfwF+bX4XZRfxzETChwPL+N9QQvjH9ERQ==", "email": "k00rkthpl8@example.com", "phone": "+6289595959595", "method": "", "dateTime": "20260123183736", "orderNum": "DEP-20260123183736-32D59A", "payMoney": "50000", "notifyUrl": "https://api.bcbt-bt.online/api/deposits/jayapay/callback/", "orderType": "0", "expiryPeriod": "1000", "merchantCode": "S820250914134021000027", "productDetail": "Top Up Saldo"}	{"platSign": "CBucsbEjXo1Jjak0jY77O0USm3IweQHqp/ShHl/z/mqq7RACGMf3j1WkWcU/HRnHZCjnKgf67kwqbi7SSGMTW/kMMMFVLMWO3WrwNLKLhya8zTwBl97KuOiEzoQlqVxqevLKD7VVztIYA0x/ZN5TRGmNwHfFC+Nnk1RA/m2/NEk=", "platRespCode": "FAIL", "platRespMessage": "JayaPay-params : verify signature failed"}	\N	\N	2026-01-23 18:37:36.859813+07	2026-01-23 18:37:36.859813+07	1548	2
71	JAYAPAY	DEP-20260124154308-47784B	50000.00	BALANCE_DEPOSIT	FAILED		{"name": "vhtc695s6on396g7oxdo", "sign": "dcPZWTXlh7Z6z7RM57udXngAueOkECw/WBt8n4TloAeGksL4cNyAp7VsdAeV8tGaNzKRvF8epjsasWWHXAE5gxm/YZAb+55D3vHdwEPQkbrzI+dLpb2Cx6MJFM8tnlAA4TQ1AgPkPrguOusdFm22FevtAWtASBgnOb9SQG6XNa8S1jgNWUPP7DBKsWMUknylCBKOUd1PboIYk8NkUN0nNL2iszkZGUltS8/z6R06nP9Q9j6QbNI4ch4cpL3LNVZrd0weYLX8Gv9aimw+Pw1O4c1u4af9C+ijFw3SfdIuWBNZUuD9v4KZAVgRuhM/0mz/EuF7Xu4mTQCt1Bj2V6GoXg==", "email": "k00rkthpl8@example.com", "phone": "+6289595959595", "method": "", "dateTime": "20260124154308", "orderNum": "DEP-20260124154308-47784B", "payMoney": "50000", "notifyUrl": "https://api.bcbt-bt.online/api/deposits/jayapay/callback/", "orderType": "0", "expiryPeriod": "1000", "merchantCode": "S820250914134021000027", "productDetail": "Top Up Saldo"}	{"platSign": "CBucsbEjXo1Jjak0jY77O0USm3IweQHqp/ShHl/z/mqq7RACGMf3j1WkWcU/HRnHZCjnKgf67kwqbi7SSGMTW/kMMMFVLMWO3WrwNLKLhya8zTwBl97KuOiEzoQlqVxqevLKD7VVztIYA0x/ZN5TRGmNwHfFC+Nnk1RA/m2/NEk=", "platRespCode": "FAIL", "platRespMessage": "JayaPay-params : verify signature failed"}	\N	\N	2026-01-24 15:43:08.603058+07	2026-01-24 15:43:08.603058+07	1560	2
69	JAYAPAY	DEP-20260124154307-D39222	50000.00	BALANCE_DEPOSIT	FAILED		{"name": "vhtc695s6on396g7oxdo", "sign": "Q3AJfXzxBqTmOGw4DzG+dS4P1LBMlDlYA0rbFdFehNh3BTMC0Uuq5I0cHIxMpx9Yu601U8iOA755ZwQK18ujVC6Wdsljvw4ie/SH5wBQTupvtc1r0Xp56vbubVIiJOD8fzKekqLeJN5HzuaPOvzp2E6xdtFNuWcw/5rFFH0WxnCxPCOM3VjnhvX34ZQbTPVIotir0g7ZDqZKDMSI3UiCj0CyG8YC3HFLRk6PYBrCKT+2yJchbLjG/fbzRrm68SKoXXGLH8QyiQ9wwtJwCadTJP03c+oEkvDFK40bxz7jrNezzRfjVprKg3HWPVcSpLe6jAlVv1uvSeJDzeGLcrXi2A==", "email": "k00rkthpl8@example.com", "phone": "+6289595959595", "method": "", "dateTime": "20260124154307", "orderNum": "DEP-20260124154307-D39222", "payMoney": "50000", "notifyUrl": "https://api.bcbt-bt.online/api/deposits/jayapay/callback/", "orderType": "0", "expiryPeriod": "1000", "merchantCode": "S820250914134021000027", "productDetail": "Top Up Saldo"}	{"platSign": "CBucsbEjXo1Jjak0jY77O0USm3IweQHqp/ShHl/z/mqq7RACGMf3j1WkWcU/HRnHZCjnKgf67kwqbi7SSGMTW/kMMMFVLMWO3WrwNLKLhya8zTwBl97KuOiEzoQlqVxqevLKD7VVztIYA0x/ZN5TRGmNwHfFC+Nnk1RA/m2/NEk=", "platRespCode": "FAIL", "platRespMessage": "JayaPay-params : verify signature failed"}	\N	\N	2026-01-24 15:43:08.561395+07	2026-01-24 15:43:08.561395+07	1558	2
63	JAYAPAY	DEP-20260121160739-3DD937	150000.00	BALANCE_DEPOSIT	FAILED		{"name": "vhtc695s6on396g7oxdo", "sign": "k2NEtyEGcMIXraZ+k5BODNIuzzlKhffPPNa7KhMrWySY8/fFNhjaQpemwSTE5OkPFhbR61UUXFYvEnFUwB44D4ZU1IPwmOgs0IZsh2eA/TiBwi7GW29o9q+YreFVIi4Q3CYvwuPzq+5+ag4GLzVPHrl6QDpTaUyA6G7pjcuji66aD2AUAmmTB3+QaNBcR3Xirul3p1ShHZnfJUzaHb2aOwgIUpDqZyqy0Ho+nGVTtBvxYqJpUro7rxo+T74UtzjezAci2Ox+E+69tsgw7fRV7vNugIFxwwrs6tAc2dL+8R7uV/R+0aVOVbKfUhYaJr6EyYPesoHI1S7efcYEIcE/4g==", "email": "k00rkthpl8@example.com", "phone": "+6289595959595", "method": "", "dateTime": "20260121160739", "orderNum": "DEP-20260121160739-3DD937", "payMoney": "150000", "notifyUrl": "https://api.bcbt-bt.online/api/deposits/jayapay/callback/", "orderType": "0", "expiryPeriod": "1000", "merchantCode": "S820250914134021000027", "productDetail": "Top Up Saldo"}	{"platSign": "CBucsbEjXo1Jjak0jY77O0USm3IweQHqp/ShHl/z/mqq7RACGMf3j1WkWcU/HRnHZCjnKgf67kwqbi7SSGMTW/kMMMFVLMWO3WrwNLKLhya8zTwBl97KuOiEzoQlqVxqevLKD7VVztIYA0x/ZN5TRGmNwHfFC+Nnk1RA/m2/NEk=", "platRespCode": "FAIL", "platRespMessage": "JayaPay-params : verify signature failed"}	\N	\N	2026-01-21 16:07:39.900768+07	2026-01-21 16:07:39.900768+07	1540	2
64	JAYAPAY	DEP-20260121160741-A754DA	150000.00	BALANCE_DEPOSIT	FAILED		{"name": "vhtc695s6on396g7oxdo", "sign": "Yh+HFXcw6yDnsIysGj03tMiF9CJ9zpCQogojpWtbAoJ5jxhtR2z3k+bpRUDkwkGu73wEzeojzeHJyWUvqlURz3WXZUTxucDopBeRW9/ezhsqvzNaRKBHqgxFVPgEhbRj2s3XUgV0KHe0vWFnJZBc8U3IH8xqSZ/3al+Qv27lYORcLBnjh0zaecZ2hmH4M21oCwbCGWJd9IIUgLJGcdo6FRa97ByOy4XUQQeqdDiu1iWAw1m+pnDaxuRydt/AVnEAujgX7U0lA9GUaeQkBefOtDCYE3n6XNn3SouPY/CulSBBkixsX4olj5SSJhf7ZNiVtj+u8OgceQ350MTDrLblrg==", "email": "k00rkthpl8@example.com", "phone": "+6289595959595", "method": "", "dateTime": "20260121160741", "orderNum": "DEP-20260121160741-A754DA", "payMoney": "150000", "notifyUrl": "https://api.bcbt-bt.online/api/deposits/jayapay/callback/", "orderType": "0", "expiryPeriod": "1000", "merchantCode": "S820250914134021000027", "productDetail": "Top Up Saldo"}	{"platSign": "CBucsbEjXo1Jjak0jY77O0USm3IweQHqp/ShHl/z/mqq7RACGMf3j1WkWcU/HRnHZCjnKgf67kwqbi7SSGMTW/kMMMFVLMWO3WrwNLKLhya8zTwBl97KuOiEzoQlqVxqevLKD7VVztIYA0x/ZN5TRGmNwHfFC+Nnk1RA/m2/NEk=", "platRespCode": "FAIL", "platRespMessage": "JayaPay-params : verify signature failed"}	\N	\N	2026-01-21 16:07:41.082793+07	2026-01-21 16:07:41.082793+07	1541	2
65	JAYAPAY	DEP-20260121160756-1ADE4C	150000.00	BALANCE_DEPOSIT	FAILED		{"name": "vhtc695s6on396g7oxdo", "sign": "J0N3OkygR+RKuu9QPlpF3sJRgWBxaqytZygOy6g5ieYqdykZY2kmwK2gkalbS4BBjgpc9hVixm0Ewbt7X6F3jzopLYOBCPFPlZEL7cDUEIvDJ/ugiCK24L1UBqbrHiUkx5hBLihqLUVD24OVFXhXDupIRzLBn1zLYVDa1gMO9JMvTu3jyoddUsIYlBiA43ppTXhC9U2+vYQt2wX0hEHXc0JxqPUH8+qGFbZnbzm2AVW+oeocGqsSnL7lQZ35VOkEkbkQruL0q1v2rDEu9CPNHs14BxkPnYL6Gy4JWWrmlZN70xUabyoR9kbcCG5eGRNipd7fm+ac9IWgOsQz3jJuVQ==", "email": "k00rkthpl8@example.com", "phone": "+6289595959595", "method": "", "dateTime": "20260121160756", "orderNum": "DEP-20260121160756-1ADE4C", "payMoney": "150000", "notifyUrl": "https://api.bcbt-bt.online/api/deposits/jayapay/callback/", "orderType": "0", "expiryPeriod": "1000", "merchantCode": "S820250914134021000027", "productDetail": "Top Up Saldo"}	{"platSign": "CBucsbEjXo1Jjak0jY77O0USm3IweQHqp/ShHl/z/mqq7RACGMf3j1WkWcU/HRnHZCjnKgf67kwqbi7SSGMTW/kMMMFVLMWO3WrwNLKLhya8zTwBl97KuOiEzoQlqVxqevLKD7VVztIYA0x/ZN5TRGmNwHfFC+Nnk1RA/m2/NEk=", "platRespCode": "FAIL", "platRespMessage": "JayaPay-params : verify signature failed"}	\N	\N	2026-01-21 16:07:56.784447+07	2026-01-21 16:07:56.784447+07	1542	2
66	JAYAPAY	DEP-20260121161355-0D5C69	50000.00	BALANCE_DEPOSIT	FAILED		{"name": "vhtc695s6on396g7oxdo", "sign": "EzOEbpRMLebQ2mIffKT0MNd5sjhrOCCtIQb8apxldKh1VDh8M9HoxgOXL+X+iG0DuvN7MDZk8qe/ClmtSPtUBsYPWDmN4tIir2xGECpF//qoOUn0COM491Gp0dxgwmittXS89y/2aMkBCJr4zh2/l7Y0HmH1kjMvSoqXM+tsYnFtJQrQ5O6pDt4A9GERjQFCtIsIg/bTp3PjZkHBdjC24gGkw1FBizwvmc7kPRfZS25bGLEvlDJPjvgqozKkqroANXs2F2DQjAbHtHWnzefcHxh3M8Veyh0dJPHyuGheP4xblk0nNr+lO/80S+mYVSNLVGsYMjjcAFaMwltZhds6uw==", "email": "k00rkthpl8@example.com", "phone": "+6289595959595", "method": "", "dateTime": "20260121161355", "orderNum": "DEP-20260121161355-0D5C69", "payMoney": "50000", "notifyUrl": "https://api.bcbt-bt.online/api/deposits/jayapay/callback/", "orderType": "0", "expiryPeriod": "1000", "merchantCode": "S820250914134021000027", "productDetail": "Top Up Saldo"}	{"platSign": "CBucsbEjXo1Jjak0jY77O0USm3IweQHqp/ShHl/z/mqq7RACGMf3j1WkWcU/HRnHZCjnKgf67kwqbi7SSGMTW/kMMMFVLMWO3WrwNLKLhya8zTwBl97KuOiEzoQlqVxqevLKD7VVztIYA0x/ZN5TRGmNwHfFC+Nnk1RA/m2/NEk=", "platRespCode": "FAIL", "platRespMessage": "JayaPay-params : verify signature failed"}	\N	\N	2026-01-21 16:13:55.094543+07	2026-01-21 16:13:55.094543+07	1543	2
87	JAYAPAY	DEP-20260125002943-92A228	50000.00	BALANCE_DEPOSIT	FAILED		{"name": "vhtc695s6on396g7oxdo", "sign": "T4I5jf9r2eyj02AcWwKb4rA5P0CYn/m4Q9gDa02lpBSt5Za1O+zycixZ4KVjZqK0k4QUmLRLjWniT5JWsYwB483SHSiIbTk+OJ0a3hv40vB8GF5merhhl7W0utlv0/NZkLpudBgJDF3ff8hre0QyNa6NHdQcROtpaA2riL6P8np6m9/V2SpIkF5qCAmTmJfSE/D4+4knkUFf3rLbAtPwxm5i7hpGBinH1cXbER8hvOYc95ysG4WmaTggjSlKlt09vI+7arjnEA14gPUOpNWGJURoNZkriSJ6jjjTcidwHFA46753c0zZcnoeKqLGombp/0S8U1FYn8lGnJcM0Z57Og==", "email": "k00rkthpl8@example.com", "phone": "+6289595959595", "method": "", "dateTime": "20260125002943", "orderNum": "DEP-20260125002943-92A228", "payMoney": "50000", "notifyUrl": "https://api.bcbt-bt.online/api/deposits/jayapay/callback/", "orderType": "0", "expiryPeriod": "1000", "merchantCode": "S820250914134021000027", "productDetail": "Top Up Saldo"}	{"platSign": "CBucsbEjXo1Jjak0jY77O0USm3IweQHqp/ShHl/z/mqq7RACGMf3j1WkWcU/HRnHZCjnKgf67kwqbi7SSGMTW/kMMMFVLMWO3WrwNLKLhya8zTwBl97KuOiEzoQlqVxqevLKD7VVztIYA0x/ZN5TRGmNwHfFC+Nnk1RA/m2/NEk=", "platRespCode": "FAIL", "platRespMessage": "JayaPay-params : verify signature failed"}	\N	\N	2026-01-25 00:29:43.839245+07	2026-01-25 00:29:43.839245+07	1647	2
88	JAYAPAY	DEP-20260125002949-6A2B14	150000.00	BALANCE_DEPOSIT	FAILED		{"name": "vhtc695s6on396g7oxdo", "sign": "njKsvpn3MeEQP9gFsPC7YcJOEpjTrnvqGD3Me4aqQSIU8/nQGD+eLgBwT67OZViLEzrah+qJxrYr5HdV+fUNcd1sslY6JHz7Gydw1bdR3K0KabCjViHoNANGAmc4TdbnccM5uMpAXrHYEprkr6vzqHS5eh7y62MhJRUFLZwGd6NDmgrnp4uWPB9mYd4wkbdOudxBUQRsKXNtqK1eEeIsculc1K2OU0iQAToYUCGUMbwZStwbJaKVg/SggI8ODMGjoq6p6HZSjj8lIpialBAkt3kF716IlowwLQ5Z1jyyZ04gmKbbDSaIH/4zwq3clemvylhF17YNmNOdiZcwHoYfeQ==", "email": "k00rkthpl8@example.com", "phone": "+6289595959595", "method": "", "dateTime": "20260125002949", "orderNum": "DEP-20260125002949-6A2B14", "payMoney": "150000", "notifyUrl": "https://api.bcbt-bt.online/api/deposits/jayapay/callback/", "orderType": "0", "expiryPeriod": "1000", "merchantCode": "S820250914134021000027", "productDetail": "Top Up Saldo"}	{"platSign": "CBucsbEjXo1Jjak0jY77O0USm3IweQHqp/ShHl/z/mqq7RACGMf3j1WkWcU/HRnHZCjnKgf67kwqbi7SSGMTW/kMMMFVLMWO3WrwNLKLhya8zTwBl97KuOiEzoQlqVxqevLKD7VVztIYA0x/ZN5TRGmNwHfFC+Nnk1RA/m2/NEk=", "platRespCode": "FAIL", "platRespMessage": "JayaPay-params : verify signature failed"}	\N	\N	2026-01-25 00:29:50.008107+07	2026-01-25 00:29:50.008107+07	1648	2
95	JAYAPAY	DEP-20260213001144-B59D54	123444.00	BALANCE_DEPOSIT	FAILED		{"name": "vhtc695s6on396g7oxdo", "sign": "c6OT/FivgSkbQCThTd5di6wmPM0iPFUAr7mHKLg/bs1oxD5zfSQbpXnHwT1USpwKiLrKRx15WezCrURSaPaSa2WRZ72xTKnz0tSpZb1agQIJ7vJkZGFu89PXHYgu0FfAiwMNKAkzK5BjHbnnT5XzP5TML5xUWQtJNIfTb44ZEn+b1XUDoXDK8+U9q3CGx54Esbvp33VAZBEuvYyzM/Vj4qShG11/Vi833gUG92BcCTmEzrRxSuPO7zzBlYqh5M7jwpU/Dfvy+9QNUxLCrPWqX4VjVnv3qtWOZX1ny806FvzyvBhrULPINIaO3MLcotqAMFLdfwW43LJ20pPdPNhVsQ==", "email": "k00rkthpl8@example.com", "phone": "+6289595959595", "method": "", "dateTime": "20260213001144", "orderNum": "DEP-20260213001144-B59D54", "payMoney": "123444", "notifyUrl": "https://api.bcbt-bt.online/api/deposits/jayapay/callback/", "orderType": "0", "expiryPeriod": "1000", "merchantCode": "S820250914134021000027", "productDetail": "Top Up Saldo"}	{"platSign": "CBucsbEjXo1Jjak0jY77O0USm3IweQHqp/ShHl/z/mqq7RACGMf3j1WkWcU/HRnHZCjnKgf67kwqbi7SSGMTW/kMMMFVLMWO3WrwNLKLhya8zTwBl97KuOiEzoQlqVxqevLKD7VVztIYA0x/ZN5TRGmNwHfFC+Nnk1RA/m2/NEk=", "platRespCode": "FAIL", "platRespMessage": "JayaPay-params : verify signature failed"}	\N	\N	2026-02-13 00:11:45.525637+07	2026-02-13 00:11:45.525637+07	1792	2
96	JAYAPAY	DEP-20260218133607-99FD68	75000.00	BALANCE_DEPOSIT	FAILED		{"name": "vhtc695s6on396g7oxdo", "sign": "hGVP5tNBE/t44bguiHAvgpujVDIoouAgw0114AqLMSb6SkykPnOfp566kG7CCFRWriX+EK5xMWfCeET/jaKYt/nWNmAa3Qd9I7s/fOnkHUSv2KsPJDTkohjbTfP2PwaquHP/JQaw+nJ8QIDkMemJzHo2/SbhBq9Bl1xykmd02o1VUoNWkmmn5oDTWJ2Aino6HC1iDvWUrxE6OjHvSb8HXQMDmQ3ixSR0Ra9uUZi78jscNnHZwaPyIQ9BpFTYBxQwlXQZEuBNq8+SRylX+y+ctgZqR1qZjPOVQyHebgmUtS1TfhR3nFhiqPLN3x6ZOUuzZsd6kLmOfGaEtL0sBy7cTw==", "email": "k00rkthpl8@example.com", "phone": "+6289595959595", "method": "", "dateTime": "20260218133607", "orderNum": "DEP-20260218133607-99FD68", "payMoney": "75000", "notifyUrl": "https://api.bcbt-bt.online/api/deposits/jayapay/callback/", "orderType": "0", "expiryPeriod": "1000", "merchantCode": "S820250914134021000027", "productDetail": "Top Up Saldo"}	{"platSign": "CBucsbEjXo1Jjak0jY77O0USm3IweQHqp/ShHl/z/mqq7RACGMf3j1WkWcU/HRnHZCjnKgf67kwqbi7SSGMTW/kMMMFVLMWO3WrwNLKLhya8zTwBl97KuOiEzoQlqVxqevLKD7VVztIYA0x/ZN5TRGmNwHfFC+Nnk1RA/m2/NEk=", "platRespCode": "FAIL", "platRespMessage": "JayaPay-params : verify signature failed"}	\N	\N	2026-02-18 13:36:08.262345+07	2026-02-18 13:36:08.262345+07	1886	2
\.


--
-- Data for Name: deposits_gatewaysettings; Type: TABLE DATA; Schema: public; Owner: postgres
--

COPY public.deposits_gatewaysettings (id, default_wallet_type, app_domain, jayapay_enabled, klikpay_enabled, jayapay_merchant_code, jayapay_private_key, jayapay_public_key, klikpay_api_url, klikpay_merchant_code, klikpay_secret_key, klikpay_public_key, updated_at, jayapay_api_url, jayapay_callback_path, jayapay_redirect_url, klikpay_private_key, klikpay_callback_path, klikpay_redirect_url) FROM stdin;
1	BALANCE_DEPOSIT	api.bcbt-bt.online	t	t	S820250914134021000027	MIICdgIBADANBgkqhkiG9w0BAQEFAASCAmAwggJcAgEAAoGBALNhEgUzeH14CGXz6VuQOXkRJN9JIuZoXZWuXADe80cU7rBi46PyJlih+BifLKw+TbDoHeHUid+mEPL1TkfJJDfO1WapIT43gCU5Wtjs5td+8J8MJqBG2gSewPCnYcRWEbPxoA0nqvY6zpXWxdyn6xtrr6Ffj7lbD+WpnMUAWizRAgMBAAECgYAAx3OBPGDYWKperDFi1KyvOvtIRGRndrB7XmaNzJ1NY688UTDW02eS7uDDO9COAfcRhUlfii48H35HQKubOINhmc2uVrQRZlCJkO1/KMYbquIF6VIdZn4saNKey6b+HPJ01VLV4D9Wr65T56JCrolKm+wXmz8PDrtMq9nvlk0BXQJBAOpOKaZbZV/hnN8LQgjtJtrn92TmfYYTFgnbcUeSk2N7oUE+kZjyRPQGKb0ia58dzDzA5rvdmOucndC0UwKeXbUCQQDD/Phnif4XTg7hyVQBXlXFAOFxLQzv1iyBWpOW3DfKuj6YZXCw1rNTz5W6ycjnXsiJz4px0ClY9dGVACdP5WQtAkBSWpTDFx7Dm64iq3dTYd+lU6EeAvGdvXmij1H6oSdS8TJVl2Nfic/4oW3sP3vqWnPd6sNuxs2oCs1hfPAsXHN9AkAsnwbLQ/6mva3juBu5KAotDTNGujQM0t1VIhMiMMc/D8I6njXW/Trc5RE48sIb81eDEM57dSJEz8rEusE4joiNAkEAwDWRAlEcfgOWBKrqsdzYQMEaU+AdcdNpkoOuBoFT4QZVlVMVNcOQhqAUEm+06ztI6N0Mer4N6TROBQxj/xvGyQ==	MIGfMA0GCSqGSIb3DQEBAQUAA4GNADCBiQKBgQCqgzIEwglWoOALQp3QtA/nBLG0JCZV3YOgzBLa4GQV8RCU1NSGugdM2uqyr3AayCUhUVML4PpYsLRlCvkztEAMKaPS1zOCvbnqtx4Sx/KmDyKZIaqY/I0AAt3SHrY3YLhg1GbWONaxlT/urSRIcnprRdNyIfzAS+NUifWJqi9CQQIDAQAB	https://idvs.klysnv.com/gateway/prepaidOrder	S820240925150637000035		MIGfMA0GCSqGSIb3DQEBAQUAA4GNADCBiQKBgQClCcqIoPbJutG+d/JYQ6se5BnaO8Tapm7ssZDCYZgkEWhsaydRmRivC1okBOFOlASN6W20ESkt7X5Z8aWyrkLpKqrJ6ixCef0f/O4z7/PaKGeCh7egNpMSNL9XApIf+HU+co+hJc59TN424KRKY2HfnQh8qpOd/BqXYcd/JoiUHwIDAQAB	2025-11-08 17:04:48.162909+07	https://openapi.jayapayment.com/gateway/prepaidOrder	api/deposits/jayapay/callback/		MIICdgIBADANBgkqhkiG9w0BAQEFAASCAmAwggJcAgEAAoGBALI1GyfyI6AVyokJq04SLdoK3MxuaGwtzfm5cSXVUP+cM2K0/RbyflWx0r+G9ScCPYyqQuOEYdQvs1SH402JtYDuXjbNCczUsURao0rKx1mF0OyT8XpWXIlajI11Q7uJue1auY2iG6BaAD7mUXIOT5/nQu+XXelWRUAFdfER8m0NAgMBAAECgYBIWidcYIL2S+KfIL3cRKU5EY/zsB/VTAOEkDXQFnt8S/7Q5Iqc9nc0c64M9M4zuEUlBzuBBA50B6nXeBRhNrfporrKphiUkyhukeBrFLiCLhVJq/C7biOdR4bPhheTT3G0vduGYo5aF/ZLhdxDBDVkKL40LQ6BzBbYg2d23Lp8AQJBAOmib/vpXS54gapq4kKRF6EEHZSg+gXR8b5GAenmtdcXwZnBKMAYSYNkeF4z/Q37DTKLMWHHEemGMHQlDtOYAHECQQDDRFhvMM4OAVNyCfK4NM447sEhiu1QZYl+rhP2vodmih2/4+EhPHuRo+aWgqnMN9wnEknglto/Z7u59LrLgIRdAkEAqM5tCx657PG0/mTrxhz/bZ+Dn/gPrlTazhfXGiFQEXFguK8PunvR4dWeArKdjJRwHKzlqTgkgQ4rxD9iTw/sgQJAWpamgE8gCRdMYyeCVzsIQRlit/D/z8CLdR3dXSdfIY8J5jAODaFFondrToAnzfpMREQTygGyFqBFUyvaTPa+cQJAQWFEM6IMAjgtaiMsQT77TSkrpZUqnbw5eFX2B31L98jfz+h9CbuLxbukTWe4N3OYMK6/OOadJj7ihfYMxCgeRg==	api/deposits/klikpay/callback/	
\.


--
-- Data for Name: django_admin_log; Type: TABLE DATA; Schema: public; Owner: postgres
--

COPY public.django_admin_log (id, action_time, object_id, object_repr, action_flag, change_message, content_type_id, user_id) FROM stdin;
1	2025-11-09 23:54:59.918825+07	37	Null 01	2	[]	11	1
2	2025-11-10 00:02:50.162676+07	7	123456 (random)	2	[{"changed": {"fields": ["Is active"]}}]	18	1
3	2025-11-10 00:02:58.765807+07	6	01020304 (random)	2	[{"changed": {"fields": ["Is active"]}}]	18	1
4	2025-11-10 00:04:12.61692+07	8	bebekdungu (fixed)	2	[{"changed": {"fields": ["Expires at", "Usage limit"]}}]	18	1
5	2025-11-10 00:33:10.251614+07	38	Null 00	2	[{"changed": {"fields": ["Purchase rebate level 1", "Purchase rebate level 2", "Purchase rebate level 3", "Profit rebate level 1", "Profit rebate level 2", "Profit rebate level 3"]}}]	11	1
6	2025-11-10 00:35:04.823458+07	36	Sistem Celenix	2	[{"changed": {"fields": ["Purchase rebate level 1", "Purchase rebate level 2", "Purchase rebate level 3", "Profit rebate level 1", "Profit rebate level 2", "Profit rebate level 3"]}}]	11	1
7	2025-11-10 00:37:16.569888+07	34	Sistem Omnisurg	2	[{"changed": {"fields": ["Purchase rebate level 1", "Purchase rebate level 2", "Purchase rebate level 3", "Profit rebate level 1", "Profit rebate level 2", "Profit rebate level 3"]}}]	11	1
8	2025-11-10 01:15:34.578967+07	3	fkb8tiysht@example.com	2	[{"changed": {"fields": ["Referral by"]}}]	8	1
9	2025-11-10 01:15:46.29105+07	3	fkb8tiysht@example.com	2	[{"changed": {"fields": ["Referral by"]}}]	8	1
10	2025-11-10 09:02:23.28748+07	1	Yorobun (random)	1	[{"added": {}}]	18	1
11	2025-11-10 09:04:09.872936+07	36	Sistem Celenix	2	[{"changed": {"fields": ["Purchase rebate level 1", "Purchase rebate level 3", "Profit rebate level 2", "Profit rebate level 3"]}}]	11	1
12	2025-11-10 09:04:28.391094+07	34	Sistem Omnisurg	2	[{"changed": {"fields": ["Purchase rebate level 1", "Purchase rebate level 3", "Profit rebate level 2", "Profit rebate level 3"]}}]	11	1
13	2025-11-10 09:05:03.717393+07	40	Sistem Lyvion	2	[{"changed": {"fields": ["Purchase rebate level 1", "Purchase rebate level 2", "Purchase rebate level 3", "Profit rebate level 1", "Profit rebate level 2", "Profit rebate level 3"]}}]	11	1
14	2025-11-10 09:05:26.944081+07	41	Sistem Hermis	2	[{"changed": {"fields": ["Purchase rebate level 1", "Purchase rebate level 2", "Purchase rebate level 3", "Profit rebate level 1", "Profit rebate level 2", "Profit rebate level 3"]}}]	11	1
15	2025-11-10 09:05:49.521676+07	42	Sistem Vitaris	2	[{"changed": {"fields": ["Purchase rebate level 1", "Purchase rebate level 2", "Purchase rebate level 3", "Profit rebate level 1", "Profit rebate level 2", "Profit rebate level 3"]}}]	11	1
16	2025-11-10 09:06:13.506099+07	43	Sistem Surgena	2	[{"changed": {"fields": ["Purchase rebate level 1", "Purchase rebate level 2", "Purchase rebate level 3", "Profit rebate level 1", "Profit rebate level 2", "Profit rebate level 3"]}}]	11	1
17	2025-11-10 09:19:22.232367+07	1	Saluran Telegram (telegram)	1	[{"added": {}}]	30	1
18	2025-11-10 09:19:58.766975+07	2	Saluran WhatsApp (whatsapp)	1	[{"added": {}}]	30	1
19	2025-11-10 09:26:02.296533+07	2	80123456789 - 271245.64 (COMPLETED)	2	[{"changed": {"fields": ["Status"]}}]	26	1
20	2025-11-10 09:31:42.638219+07	3	81123456789 - 269949.79 (COMPLETED)	2	[{"changed": {"fields": ["Status"]}}]	26	1
21	2025-11-10 09:37:20.352286+07	4	8223456789 - 266274.73 (COMPLETED)	2	[{"changed": {"fields": ["Status"]}}]	26	1
22	2025-11-10 09:45:13.649458+07	5	0800123456789 - 1022640.58 (PROCESSING)	2	[{"changed": {"fields": ["Status"]}}]	26	1
23	2025-11-10 09:45:38.412992+07	5	0800123456789 - 1022640.58 (REJECTED)	2	[{"changed": {"fields": ["Status"]}}]	26	1
24	2025-11-10 09:46:27.581433+07	6	0800123456789 - 1022640.58 (COMPLETED)	2	[{"changed": {"fields": ["Status"]}}]	26	1
25	2025-11-10 09:59:25.209649+07	7	0800123456789 - 50000.00 (REJECTED)	2	[{"changed": {"fields": ["Status"]}}]	26	1
26	2025-11-10 12:52:29.25181+07	1	89595959595 - 50000.00 (REJECTED)	2	[{"changed": {"fields": ["Status"]}}]	26	1
27	2025-11-10 12:53:55.647169+07	8	89595959595 - 50000.00 (REJECTED)	2	[{"changed": {"fields": ["Status"]}}]	26	1
28	2025-11-10 12:57:25.42956+07	2	k00rkthpl8@example.com	2	[{"changed": {"fields": ["Balance deposit"]}}]	8	1
29	2025-11-10 13:20:29.540946+07	8	89595959595 - 50000.00 (PENDING)	2	[{"changed": {"fields": ["Status"]}}]	26	1
30	2025-11-30 19:40:00.389388+07	1	Referral Code: numbers_only/6	2	[{"changed": {"fields": ["Referral code case", "Referral code length", "Referral code pattern", "Rank basis"]}}]	9	1
31	2025-11-30 19:41:13.253879+07	2	Rank 1 - Lv 0 (requires 0)	2	[{"changed": {"fields": ["Title"]}}]	10	1
32	2025-11-30 19:41:13.291496+07	1	Rank 2 - Lv 1 (requires 3)	2	[{"changed": {"fields": ["Title", "Missions required total"]}}]	10	1
33	2025-11-30 19:41:13.329644+07	3	Rank 3 - Lv 2 (requires 6)	2	[{"changed": {"fields": ["Title", "Missions required total"]}}]	10	1
34	2025-11-30 19:41:13.367906+07	4	Rank 4 - Lv 3 (requires 10)	2	[{"changed": {"fields": ["Title", "Missions required total"]}}]	10	1
35	2025-11-30 19:41:13.40649+07	5	Rank 5 - Lv 4 (requires 25)	2	[{"changed": {"fields": ["Title", "Missions required total"]}}]	10	1
36	2025-11-30 19:41:13.447016+07	6	Rank 6 - Lv 5 (requires 50)	2	[{"changed": {"fields": ["Title", "Missions required total"]}}]	10	1
37	2025-11-30 19:44:09.436275+07	2	AttendanceSettings(id=2, active=True)	2	[{"changed": {"fields": ["Reward type", "Fixed amount", "Min amount", "Max amount"]}}]	16	1
38	2025-11-30 19:44:59.056396+07	1	Max Banks Per User: 1	2	[{"changed": {"fields": ["Max banks per user"]}}]	24	1
39	2025-11-30 19:49:07.37905+07	7	0800123456789 - DANA 083198292203	3		23	1
40	2025-11-30 19:49:07.407931+07	6	8223456789 - DANA 123456789	3		23	1
41	2025-11-30 19:49:07.43772+07	5	81123456789 - Bank DKI 12345688588	3		23	1
42	2025-11-30 19:49:07.468733+07	4	80123456789 - Bank Mizuho Indonesia 123456789	3		23	1
43	2025-11-30 19:49:07.517967+07	3	0800123456789 - OVO 1234567890	3		23	1
44	2025-11-30 19:49:07.532907+07	2	0800123456789 - Royal Bank of Scotland 123456789	3		23	1
45	2025-11-30 19:49:07.570044+07	1	89595959595 - Bank Negara Indonesia 12165456454	3		23	1
46	2025-11-30 19:49:52.921285+07	2	Bank DKI (DKI)	3		22	1
47	2025-11-30 19:49:52.960237+07	7	Bank ICBC Indonesia (ICBC)	3		22	1
48	2025-11-30 19:49:52.991562+07	3	Bank Jateng (BJA)	3		22	1
49	2025-11-30 19:49:53.022607+07	4	Bank Jatim (BJT)	3		22	1
50	2025-11-30 19:49:53.05939+07	1	Bank Jawa Barat (BJB)	3		22	1
51	2025-11-30 19:49:53.083543+07	19	Bank Mizuho Indonesia (MZH)	3		22	1
52	2025-11-30 19:49:53.109975+07	6	Bank Shinhan Indonesia (SHINHAN)	3		22	1
53	2025-11-30 19:49:53.143557+07	8	Bank Victoria Syariah (VCT)	3		22	1
54	2025-11-30 19:49:53.165735+07	5	Bank of India Indonesia (INDIA)	3		22	1
55	2025-11-30 19:49:53.200321+07	11	CTBC Indonesia (CTBC)	3		22	1
56	2025-11-30 19:49:53.231289+07	9	KEB Hana (LINE)	3		22	1
57	2025-11-30 19:49:53.26534+07	10	Royal Bank of Scotland (ROS)	3		22	1
58	2025-11-30 19:50:46.064475+07	7	Mission 7 - purchase: Saatnya memiliki kontribusi mengajak teman memiliki proyek medis sebanyak 1 anggota dan dapatkan kemenangan Rp5.000.	3		20	1
59	2025-11-30 19:50:46.103028+07	4	Mission 4 - purchase: Saatnya memiliki kontribusi mengajak teman memiliki proyek medis sebanyak 2 anggota dan dapatkan kemenangan Rp15.000	3		20	1
60	2025-11-30 19:50:46.13158+07	3	Mission 3 - purchase: Saatnya memiliki kontribusi mengajak teman memiliki proyek medis sebanyak 3 anggota dan dapatkan kemenangan Rp25.000	3		20	1
61	2025-11-30 19:50:46.163368+07	2	Mission 2 - purchase: Saatnya memiliki kontribusi mengajak teman memiliki proyek medis sebanyak 4 anggota dan dapatkan kemenangan Rp35.000	3		20	1
62	2025-11-30 19:58:46.785327+07	1	Mission 1 - purchase: 150 orang tersisa untuk meningkatkan ke level berikutnya	2	[{"changed": {"fields": ["Judul Misi", "Deskripsi", "Level (opsional)", "Ambang Progres", "Nominal Hadiah", "Level downline yang dihitung"]}}]	20	1
63	2025-11-30 20:03:12.036345+07	8	Mission 8 - purchase: 80 orang tersisa untuk meningkatkan ke level berikutnya	1	[{"added": {}}]	20	1
64	2025-11-30 20:03:19.188635+07	8	Mission 8 - purchase: 80 orang tersisa untuk meningkatkan ke level berikutnya	2	[{"changed": {"fields": ["Level downline yang dihitung"]}}]	20	1
65	2025-11-30 20:04:14.823818+07	9	Mission 9 - purchase: 50 orang tersisa untuk meningkatkan ke level berikutnya	1	[{"added": {}}]	20	1
66	2025-11-30 20:05:09.114576+07	10	Mission 10 - purchase: 25 orang tersisa untuk meningkatkan ke level berikutnya	1	[{"added": {}}]	20	1
67	2025-11-30 20:06:26.882446+07	11	Mission 11 - purchase: 10 orang tersisa untuk meningkatkan ke level berikutnya	1	[{"added": {}}]	20	1
68	2025-11-30 20:07:25.08415+07	12	Mission 12 - purchase: 6 orang tersisa untuk meningkatkan ke level berikutnya	1	[{"added": {}}]	20	1
69	2025-11-30 20:08:49.072919+07	13	Mission 13 - purchase: 3 orang tersisa untuk meningkatkan ke level berikutnya	1	[{"added": {}}]	20	1
70	2025-11-30 20:12:00.547169+07	3	💰 Sistem Komisi & Rabat	3		31	1
71	2025-11-30 20:12:00.571257+07	2	⚙️ Panduan Terbaru	3		31	1
72	2025-11-30 20:12:00.614151+07	1	🏢 Sejarah dan Perjalanan Inovasi	3		31	1
73	2025-11-30 20:48:50.479642+07	5	Selamat datang	2	[{"changed": {"fields": ["Title", "Slug", "Body"]}}]	31	1
74	2025-11-30 20:49:24.22189+07	4	Kami adalah..	2	[{"changed": {"fields": ["Title", "Slug", "Body"]}}]	31	1
75	2025-11-30 20:50:17.215264+07	43	Sistem Surgena	3		11	1
76	2025-11-30 20:50:17.234846+07	42	Sistem Vitaris	3		11	1
77	2025-11-30 20:50:17.256873+07	41	Sistem Hermis	3		11	1
78	2025-11-30 20:50:17.2805+07	40	Sistem Lyvion	3		11	1
79	2025-11-30 20:50:17.302924+07	39	Null 003	3		11	1
80	2025-11-30 20:50:17.326554+07	38	Null 00	3		11	1
81	2025-11-30 20:50:17.34677+07	37	Null 01	3		11	1
82	2025-11-30 20:50:17.371648+07	34	Sistem Omnisurg	3		11	1
83	2025-11-30 21:10:14.65483+07	36	Exx 01	2	[{"changed": {"fields": ["Name", "Description", "Price", "Image", "Specifications", "Profit type", "Profit rate", "Profit random min", "Profit random max", "Duration (days)", "Purchase rebate level 1", "Purchase rebate level 2", "Purchase rebate level 3", "Profit rebate level 1", "Profit rebate level 2", "Profit rebate level 3", "Cashback enabled"]}}]	11	1
84	2025-11-30 21:14:35.4685+07	36	Exx 01	2	[{"changed": {"fields": ["Price", "Profit rate"]}}]	11	1
85	2025-11-30 21:15:41.797081+07	1	Exx 02	1	[{"added": {}}]	11	1
86	2025-11-30 21:16:48.889257+07	2	Exx 03	1	[{"added": {}}]	11	1
87	2025-11-30 21:19:15.558796+07	3	Exx 04	1	[{"added": {}}]	11	1
88	2025-11-30 21:20:16.040517+07	4	Exx 05	1	[{"added": {}}]	11	1
89	2025-11-30 21:22:40.402742+07	5	Exx 06	1	[{"added": {}}]	11	1
90	2025-11-30 21:24:36.433707+07	6	Exx 07	1	[{"added": {}}]	11	1
91	2025-11-30 21:25:32.990556+07	7	Exx 08	1	[{"added": {}}]	11	1
92	2025-11-30 21:26:53.926993+07	7	123456 (random)	3		18	1
93	2025-11-30 21:26:53.949932+07	6	01020304 (random)	3		18	1
94	2025-11-30 21:27:21.377457+07	2	000000 (fixed)	1	[{"added": {}}]	18	1
95	2025-11-30 22:44:29.506546+07	3	999999 (fixed)	1	[{"added": {}}]	18	1
96	2025-12-01 07:40:49.287893+07	9	7ys0gub7vt3jlyu5eh5n@example.com	2	[{"changed": {"fields": ["password"]}}]	8	1
97	2025-12-01 14:05:16.762984+07	1	Referral Code: numbers_only/6	2	[{"changed": {"fields": ["Registration bonus enabled", "Registration bonus amount", "Registration bonus wallet"]}}]	9	1
98	2025-12-01 14:08:59.955426+07	18	Bank BCA (BCA)	2	[{"changed": {"fields": ["Name"]}}]	22	1
99	2025-12-01 14:09:08.246412+07	16	Mandiri (MANDIRI)	2	[{"changed": {"fields": ["Name"]}}]	22	1
100	2025-12-01 14:09:16.802014+07	17	Bank BNI (BNI)	2	[{"changed": {"fields": ["Name"]}}]	22	1
101	2025-12-01 14:09:24.359567+07	15	Bank BRI (BRI)	2	[{"changed": {"fields": ["Name"]}}]	22	1
102	2025-12-01 14:09:32.577738+07	13	DANA Wallet (DANA)	2	[{"changed": {"fields": ["Name"]}}]	22	1
103	2025-12-01 14:09:39.25388+07	14	GOPAY Wallet (GOPAY)	2	[{"changed": {"fields": ["Name"]}}]	22	1
104	2025-12-01 14:09:48.568175+07	12	OVO Wallet (OVO)	2	[{"changed": {"fields": ["Name"]}}]	22	1
105	2025-12-01 14:13:27.454365+07	2	Grup diskusi (telegram)	2	[{"changed": {"fields": ["Title", "Url", "Platform", "Description"]}}]	30	1
106	2025-12-01 14:14:03.302977+07	1	Layanan Pelanggan (telegram)	2	[{"changed": {"fields": ["Title", "Url", "Description"]}}]	30	1
107	2025-12-01 14:34:40.625455+07	9	7ys0gub7vt3jlyu5eh5n@example.com	2	[{"changed": {"fields": ["password"]}}]	8	1
108	2025-12-01 14:56:13.423365+07	14	cuniy3c6u7g46l4wd37l@example.com	2	[{"changed": {"fields": ["Balance deposit"]}}]	8	1
109	2025-12-01 17:30:05.900564+07	16	082122425470 - 66750.00 (REJECTED)	2	[{"changed": {"fields": ["Status"]}}]	26	1
110	2025-12-01 17:30:32.619851+07	12	OVO Wallet (OVO)	2	[{"changed": {"fields": ["Withdrawal fee"]}}]	22	1
111	2025-12-01 17:30:43.006375+07	16	Mandiri (MANDIRI)	2	[{"changed": {"fields": ["Withdrawal fee"]}}]	22	1
112	2025-12-01 17:30:53.827509+07	14	GOPAY Wallet (GOPAY)	2	[{"changed": {"fields": ["Withdrawal fee"]}}]	22	1
113	2025-12-01 17:31:05.749316+07	13	DANA Wallet (DANA)	2	[{"changed": {"fields": ["Withdrawal fee"]}}]	22	1
114	2025-12-01 17:31:15.714497+07	15	Bank BRI (BRI)	2	[{"changed": {"fields": ["Withdrawal fee"]}}]	22	1
115	2025-12-01 17:31:25.427208+07	17	Bank BNI (BNI)	2	[{"changed": {"fields": ["Withdrawal fee"]}}]	22	1
116	2025-12-01 17:31:35.297604+07	18	Bank BCA (BCA)	2	[{"changed": {"fields": ["Withdrawal fee"]}}]	22	1
117	2025-12-01 17:33:53.479256+07	17	082122425470 - 66750.00 (COMPLETED)	2	[{"changed": {"fields": ["Status"]}}]	26	1
118	2025-12-02 16:00:45.093149+07	1	Referral Code: numbers_only/8	2	[{"changed": {"fields": ["Referral code length", "Referral code pattern", "Auto login on register", "Rank use missions", "Rank use downlines active"]}}]	9	1
119	2025-12-02 16:03:12.160976+07	18	Bank BCA (BCA)	2	[{"changed": {"fields": ["Min withdrawal"]}}]	22	1
120	2025-12-02 16:03:28.129814+07	17	Bank BNI (BNI)	2	[{"changed": {"fields": ["Min withdrawal"]}}]	22	1
121	2025-12-02 16:03:46.996974+07	15	Bank BRI (BRI)	2	[{"changed": {"fields": ["Min withdrawal"]}}]	22	1
122	2025-12-02 16:04:02.413211+07	13	DANA Wallet (DANA)	2	[{"changed": {"fields": ["Min withdrawal"]}}]	22	1
123	2025-12-02 16:07:01.601053+07	14	GOPAY Wallet (GOPAY)	2	[{"changed": {"fields": ["Min withdrawal", "Max withdrawal"]}}]	22	1
124	2025-12-02 16:07:21.840544+07	16	Mandiri (MANDIRI)	2	[{"changed": {"fields": ["Min withdrawal"]}}]	22	1
125	2025-12-02 16:07:39.417403+07	12	OVO Wallet (OVO)	2	[{"changed": {"fields": ["Min withdrawal"]}}]	22	1
126	2025-12-02 19:55:01.286084+07	19	083812591985 - 58750.00 (COMPLETED)	2	[{"changed": {"fields": ["Status"]}}]	26	1
127	2025-12-07 17:48:13.612472+07	1	Referral Code: numbers_only/8	2	[{"changed": {"fields": ["Auto login on register"]}}]	9	1
128	2025-12-08 07:24:22.645736+07	1	Referral Code: numbers_only/8	2	[{"changed": {"fields": ["Registration bonus amount", "Rank use downlines active"]}}]	9	1
129	2025-12-08 07:27:29.7443+07	1	Referral Code: numbers_only/8	2	[{"changed": {"fields": ["Registration bonus amount"]}}]	9	1
130	2025-12-08 07:27:42.223962+07	2	AttendanceSettings(id=2, active=True)	2	[{"changed": {"fields": ["Fixed amount"]}}]	16	1
131	2025-12-08 07:28:47.755358+07	16	Mandiri (MANDIRI)	3		22	1
132	2025-12-08 07:29:06.56787+07	18	Bank Central Asia (BCA)	2	[{"changed": {"fields": ["Name"]}}]	22	1
133	2025-12-08 07:29:18.606053+07	17	Bank Negara Indonesia (BNI)	2	[{"changed": {"fields": ["Name"]}}]	22	1
134	2025-12-08 07:29:27.518688+07	15	Bank Rakyat Indonesia (BRI)	2	[{"changed": {"fields": ["Name"]}}]	22	1
135	2025-12-08 07:29:37.458544+07	13	DANA (DANA)	2	[{"changed": {"fields": ["Name"]}}]	22	1
136	2025-12-08 07:29:47.087885+07	14	GO-PAY (GOPAY)	2	[{"changed": {"fields": ["Name"]}}]	22	1
137	2025-12-08 07:29:59.615936+07	12	OVO (OVO)	2	[{"changed": {"fields": ["Name"]}}]	22	1
138	2025-12-08 07:35:00.614599+07	1	Mission 1 - purchase: Anggota saya mengisi ulang 15.000.000 ; klaim 1.500.000	2	[{"changed": {"fields": ["Judul Misi", "Deskripsi", "Level (opsional)", "Ambang Progres", "Nominal Hadiah"]}}]	20	1
139	2025-12-08 07:36:01.808288+07	8	Mission 8 - purchase: Anggota saya mengisi ulang 10.000.000 ; klaim 1.000.000	2	[{"changed": {"fields": ["Judul Misi", "Deskripsi", "Level (opsional)", "Ambang Progres", "Nominal Hadiah"]}}]	20	1
140	2025-12-08 07:36:57.475466+07	9	Mission 9 - purchase: Anggota saya mengisi ulang 8.800.000 ; klaim 880.000	2	[{"changed": {"fields": ["Judul Misi", "Deskripsi", "Level (opsional)", "Ambang Progres", "Nominal Hadiah"]}}]	20	1
141	2025-12-08 07:37:59.419208+07	10	Mission 10 - purchase: Anggota saya mengisi ulang 6.700.000 ; klaim 670.000	2	[{"changed": {"fields": ["Judul Misi", "Deskripsi", "Level (opsional)", "Ambang Progres", "Nominal Hadiah"]}}]	20	1
142	2025-12-08 07:38:19.844694+07	9	Mission 9 - purchase: Anggota saya mengisi ulang 8.800.000 ; klaim 880.000	2	[{"changed": {"fields": ["Judul Misi"]}}]	20	1
143	2025-12-08 07:38:29.20915+07	10	Mission 10 - purchase: Anggota saya mengisi ulang 6.700.000 ; klaim 670.000	2	[{"changed": {"fields": ["Judul Misi"]}}]	20	1
144	2025-12-08 07:39:14.320789+07	11	Mission 11 - purchase: Anggota saya mengisi ulang 4.500.000 ; klaim 450.000	2	[{"changed": {"fields": ["Judul Misi", "Deskripsi", "Level (opsional)", "Ambang Progres", "Nominal Hadiah"]}}]	20	1
145	2025-12-08 07:41:19.472521+07	12	Mission 12 - purchase: Anggota saya mengisi ulang 2.000.000 ; klaim 200.000	2	[{"changed": {"fields": ["Judul Misi", "Deskripsi", "Level (opsional)", "Ambang Progres", "Nominal Hadiah"]}}]	20	1
146	2025-12-08 07:42:11.12413+07	13	Mission 13 - purchase: Anggota saya mengisi ulang 1.250.000 ; klaim 125.000	2	[{"changed": {"fields": ["Judul Misi", "Deskripsi", "Level (opsional)", "Ambang Progres", "Nominal Hadiah"]}}]	20	1
147	2025-12-08 07:42:51.180674+07	13	Mission 13 - purchase: Anggota saya mengisi ulang 1.250.000 ; klaim 125.000	2	[{"changed": {"fields": ["Judul Misi"]}}]	20	1
148	2025-12-08 07:44:54.225544+07	14	Mission 14 - purchase: Anggota saya mengisi ulang 500.000 ; klaim 50.000	1	[{"added": {}}]	20	1
149	2025-12-08 07:45:45.994331+07	15	Mission 15 - purchase: Anggota saya mengisi ulang 250.000 ; klaim 25.000	1	[{"added": {}}]	20	1
150	2025-12-08 07:46:41.20741+07	16	Mission 16 - purchase: Anggota saya mengisi ulang 100.000 ; klaim 10.000	1	[{"added": {}}]	20	1
151	2025-12-08 08:47:12.263136+07	36	RBR A100	2	[{"changed": {"fields": ["Name", "Description", "Price", "Image", "Specifications", "Purchase limit", "Max purchase count", "Profit rate", "Duration (days)", "Claim reset hours", "Purchase rebate level 1", "Purchase rebate level 2"]}}]	11	1
152	2025-12-08 08:50:56.702258+07	1	RBB B100	2	[{"changed": {"fields": ["Name", "Description", "Price", "Image", "Specifications", "Purchase limit", "Max purchase count", "Stock", "Profit rate", "Duration (days)", "Claim reset hours", "Purchase rebate level 1", "Purchase rebate level 2"]}}]	11	1
153	2025-12-08 08:51:23.353987+07	1	RBB B100	2	[]	11	1
154	2025-12-08 08:51:30.974822+07	36	RBR A100	2	[]	11	1
155	2025-12-08 08:52:55.874085+07	2	RBB A200	2	[{"changed": {"fields": ["Name", "Description", "Price", "Image", "Specifications", "Purchase limit", "Max purchase count", "Profit rate", "Duration (days)", "Claim reset hours", "Purchase rebate level 1", "Purchase rebate level 2"]}}]	11	1
156	2025-12-08 08:53:11.664198+07	2	RBR A200	2	[{"changed": {"fields": ["Name"]}}]	11	1
157	2025-12-08 08:54:33.285077+07	3	RBB B200	2	[{"changed": {"fields": ["Name", "Description", "Price", "Image", "Specifications", "Purchase limit", "Max purchase count", "Profit rate", "Duration (days)", "Purchase rebate level 1", "Purchase rebate level 2"]}}]	11	1
158	2025-12-08 08:55:50.701272+07	4	RBR A300	2	[{"changed": {"fields": ["Name", "Price", "Image", "Purchase limit", "Max purchase count", "Profit rate", "Duration (days)", "Claim reset hours", "Purchase rebate level 1", "Purchase rebate level 2"]}}]	11	1
159	2025-12-08 08:57:11.784075+07	5	RBB B300	2	[{"changed": {"fields": ["Name", "Price", "Image", "Purchase limit", "Max purchase count", "Profit rate", "Duration (days)", "Purchase rebate level 1", "Purchase rebate level 2"]}}]	11	1
160	2025-12-08 08:58:17.056393+07	6	RBR A400	2	[{"changed": {"fields": ["Name", "Price", "Image", "Purchase limit", "Max purchase count", "Duration (days)", "Purchase rebate level 1", "Purchase rebate level 2"]}}]	11	1
161	2025-12-08 08:59:20.305701+07	7	RBB B400	2	[{"changed": {"fields": ["Name", "Price", "Image", "Purchase limit", "Max purchase count", "Profit rate", "Duration (days)", "Purchase rebate level 1", "Purchase rebate level 2"]}}]	11	1
162	2025-12-08 09:00:45.277504+07	8	RBR A500	1	[{"added": {}}]	11	1
163	2025-12-08 09:23:02.242935+07	9	RBB B500	1	[{"added": {}}]	11	1
164	2025-12-08 15:27:25.368516+07	9	RBB B500	2	[{"changed": {"fields": ["Profit rate"]}}]	11	1
165	2025-12-08 21:46:23.706563+07	9	RBB B500	2	[{"changed": {"fields": ["Image"]}}]	11	1
166	2025-12-09 05:55:40.434423+07	9	RBB B500	2	[{"changed": {"fields": ["Image"]}}]	11	1
167	2025-12-09 05:57:49.297504+07	34	sz8s0dxkivbkoilrlu7l@example.com	2	[{"changed": {"fields": ["password"]}}]	8	1
168	2026-01-07 20:23:09.448688+07	2	k00rkthpl8@example.com	2	[{"changed": {"fields": ["password"]}}]	8	1
169	2026-01-11 10:44:23.324673+07	4	Kami adalah..	3		31	1
170	2026-01-11 10:45:41.076527+07	6	CoreVolt Resmi Meluncurkan Program VIP Berjenjang	1	[{"added": {}}]	31	1
171	2026-01-11 10:45:46.652494+07	5	Selamat datang	3		31	1
172	2026-01-11 10:45:54.368105+07	6	CoreVolt Resmi Meluncurkan Program VIP Berjenjang	2	[]	31	1
173	2026-01-11 10:49:50.379601+07	1	ChatThread(user=2, closed=False)	2	[{"added": {"name": "support chat message", "object": "Msg(thread=1, sender=ADMIN, at=2026-01-11 03:49:50.378598+00:00)"}}]	33	1
174	2026-01-11 10:50:04.576348+07	1	ChatThread(user=2, closed=True)	2	[{"changed": {"fields": ["Is closed"]}}]	33	1
175	2026-01-11 10:54:35.893253+07	9	Produk Test 01	2	[{"changed": {"fields": ["Name", "Description", "Price", "Image", "Specifications", "Purchase limit", "Max purchase count", "Stock", "Profit rate", "Profit method", "Duration (days)", "Purchase rebate level 1"]}}]	11	1
176	2026-01-11 10:55:43.198936+07	8	Produk Test 02	2	[{"changed": {"fields": ["Name", "Description", "Price", "Image", "Specifications", "Purchase limit", "Max purchase count", "Stock", "Profit rate", "Profit method", "Duration (days)", "Purchase rebate level 1"]}}]	11	1
177	2026-01-11 10:56:40.497452+07	10	Produk Test 03	1	[{"added": {}}]	11	1
178	2026-01-11 11:12:30.709075+07	20	89595959595 - 700000.00 (PROCESSING)	2	[{"changed": {"fields": ["Status"]}}]	26	1
179	2026-01-11 11:12:46.985106+07	20	89595959595 - 700000.00 (COMPLETED)	2	[{"changed": {"fields": ["Status"]}}]	26	1
180	2026-01-11 11:40:54.115282+07	1	Referral Code: numbers_only/14	2	[{"changed": {"fields": ["Referral code length", "Referral code pattern", "Registration bonus enabled", "Registration bonus amount"]}}]	9	1
181	2026-01-11 11:42:45.73302+07	2	AttendanceSettings(id=2, active=True)	2	[]	16	1
182	2026-01-11 11:43:40.126012+07	18	87123456789 - GO-PAY 12345678999	3		23	1
183	2026-01-11 11:43:40.127539+07	17	82525252525 - GO-PAY 123321	3		23	1
184	2026-01-11 11:43:40.127539+07	16	81808368210 - DANA 083198292201	3		23	1
185	2026-01-11 11:43:40.129596+07	15	083812591985 - Bank Central Asia 123454646464	3		23	1
186	2026-01-11 11:43:40.129596+07	14	082122425474 - DANA 123456789	3		23	1
187	2026-01-11 11:43:40.130601+07	13	082122425470 - Bank Negara Indonesia 123456789	3		23	1
188	2026-01-11 11:43:40.131106+07	12	081808368211 - OVO 1234568	3		23	1
189	2026-01-11 11:43:40.131106+07	11	08123123123 - Bank Central Asia 5666	3		23	1
190	2026-01-11 11:43:40.132109+07	10	85454545454 - GO-PAY 67547474	3		23	1
191	2026-01-11 11:43:40.132109+07	9	081808368210 - Bank Negara Indonesia 123456789	3		23	1
192	2026-01-11 11:43:40.132109+07	8	89595959595 - OVO 123456g	3		23	1
193	2026-01-11 19:14:04.029706+07	72	89595959595 - Produk Test 02 (1x)	3		13	1
194	2026-01-11 19:14:04.046192+07	71	89595959595 - Produk Test 02 (1x)	3		13	1
195	2026-01-11 19:14:04.048715+07	70	89595959595 - RBB B100 (1x)	3		13	1
196	2026-01-11 19:14:04.049222+07	69	89595959595 - RBB B100 (1x)	3		13	1
197	2026-01-11 19:14:04.050231+07	68	89595959595 - RBB B100 (1x)	3		13	1
198	2026-01-11 19:14:04.052248+07	67	89595959595 - RBR A100 (1x)	3		13	1
199	2026-01-11 19:14:04.053256+07	66	89595959595 - RBR A100 (1x)	3		13	1
200	2026-01-11 19:14:04.053765+07	65	89595959595 - RBR A100 (1x)	3		13	1
201	2026-01-11 19:14:04.053765+07	64	89595959595 - RBR A100 (1x)	3		13	1
202	2026-01-11 19:14:04.054779+07	63	89595959595 - Produk Test 01 (1x)	3		13	1
203	2026-01-11 19:14:04.055293+07	62	89595959595 - Produk Test 01 (1x)	3		13	1
204	2026-01-11 19:14:04.055293+07	57	89595959595 - RBB B100 (1x)	3		13	1
205	2026-01-11 19:14:04.056299+07	53	89595959595 - RBB B200 (1x)	3		13	1
206	2026-01-11 19:14:04.056805+07	52	89595959595 - RBB B300 (1x)	3		13	1
207	2026-01-11 19:14:04.056805+07	51	89595959595 - RBR A300 (1x)	3		13	1
208	2026-01-11 19:14:04.057818+07	33	89595959595 - RBR A400 (1x)	3		13	1
209	2026-01-11 19:14:04.058337+07	32	89595959595 - RBB B400 (1x)	3		13	1
210	2026-01-11 19:14:04.058337+07	1	89595959595 - RBR A100 (1x)	3		13	1
211	2026-01-11 21:08:06.765142+07	6	Rank 3 - Rank (requires 10)	1	[{"added": {}}]	10	1
212	2026-01-11 21:08:12.687298+07	6	Rank 3 - L3 (requires 10)	2	[{"changed": {"fields": ["Title"]}}]	10	1
213	2026-01-11 21:08:19.436878+07	6	Rank 3 - L3 (requires 20)	2	[{"changed": {"fields": ["Missions required total"]}}]	10	1
214	2026-01-11 21:08:34.826595+07	7	Rank 4 - L4 (requires 30)	1	[{"added": {}}]	10	1
215	2026-01-11 21:08:54.392675+07	8	Rank 5 - L5 (requires 40)	1	[{"added": {}}]	10	1
216	2026-01-11 21:09:05.136339+07	9	Rank 6 - L6 (requires 50)	1	[{"added": {}}]	10	1
217	2026-01-11 21:09:16.348562+07	10	Rank 7 - L7 (requires 60)	1	[{"added": {}}]	10	1
218	2026-01-11 21:09:26.411069+07	11	Rank 8 - L8 (requires 70)	1	[{"added": {}}]	10	1
219	2026-01-11 21:09:36.950767+07	12	Rank 9 - L9 (requires 80)	1	[{"added": {}}]	10	1
220	2026-01-11 21:09:47.39673+07	13	Rank 10 - L10 (requires 90)	1	[{"added": {}}]	10	1
221	2026-01-11 22:08:48.647161+07	44	yuyun@gmail.com	2	[{"changed": {"fields": ["password"]}}]	8	1
222	2026-01-11 22:10:45.454067+07	43	xsdfgf@gmail.com	2	[{"changed": {"fields": ["Phone"]}}]	8	1
223	2026-01-11 22:29:53.406614+07	44	yuyun@gmail.com	2	[{"changed": {"fields": ["Balance deposit"]}}]	8	1
224	2026-01-11 22:31:29.076954+07	43	xsdfgf@gmail.com	2	[{"changed": {"fields": ["Balance deposit"]}}]	8	1
225	2026-01-11 22:31:59.842353+07	43	xsdfgf@gmail.com	2	[{"changed": {"fields": ["Balance"]}}]	8	1
226	2026-01-11 22:33:32.494406+07	10	Produk Test 03	2	[{"changed": {"fields": ["Claim reset mode", "Claim reset hours"]}}]	11	1
227	2026-01-11 22:33:44.355345+07	9	Produk Test 01	2	[{"changed": {"fields": ["Claim reset mode", "Claim reset hours"]}}]	11	1
228	2026-01-11 22:33:53.602103+07	8	Produk Test 02	2	[{"changed": {"fields": ["Claim reset mode", "Claim reset hours"]}}]	11	1
229	2026-01-11 22:39:34.078786+07	1	WithdrawalSettings(active=True)	2	[{"changed": {"fields": ["Require active investment", "Minimum product quantity"]}}]	25	1
230	2026-01-12 00:20:17.957305+07	10	Produk Test 03	2	[{"changed": {"fields": ["Custom field 1 title", "Custom field 1 content", "Custom field 2 title", "Custom field 2 content"]}}]	11	1
231	2026-01-12 00:25:43.392051+07	45	fdfdsdf@gmail.com	2	[{"changed": {"fields": ["Balance", "Balance deposit"]}}]	8	1
232	2026-01-12 00:49:35.220663+07	3	AttendanceSettings(id=3, active=True)	2	[{"changed": {"fields": ["Daily cycle days"]}}]	16	1
233	2026-01-12 00:49:46.28733+07	3	AttendanceSettings(id=3, active=True)	2	[{"changed": {"fields": ["Daily cycle days"]}}]	16	1
234	2026-01-12 00:54:07.417553+07	2	WA (whatsapp)	2	[{"changed": {"fields": ["Title", "Url", "Platform"]}}]	30	1
235	2026-01-12 00:54:17.362281+07	1	Telegram (telegram)	2	[{"changed": {"fields": ["Title"]}}]	30	1
236	2026-01-12 00:54:52.334418+07	3	Facebook (other)	1	[{"added": {}}]	30	1
237	2026-01-12 07:35:41.969532+07	31	ORD092737 - JAYAPAY - 51	1	[{"added": {}}]	29	1
238	2026-01-12 07:37:57.995326+07	31	ORD092737 - JAYAPAY - 51	3		29	1
239	2026-01-12 07:38:26.503599+07	51	test02@gmail.com	2	[{"changed": {"fields": ["Balance deposit"]}}]	8	1
240	2026-01-12 07:42:49.060259+07	8	Produk Test 02	2	[{"changed": {"fields": ["Stock"]}}]	11	1
241	2026-01-12 07:58:13.709119+07	3	AttendanceSettings(id=3, active=True)	2	[]	16	1
242	2026-01-12 12:55:27.984906+07	1	Referral Code: numbers_only/14	2	[]	9	1
243	2026-01-12 13:02:42.401523+07	1	Referral Code: numbers_only/14	2	[{"changed": {"fields": ["Rank use missions"]}}]	9	1
244	2026-01-12 13:18:34.88707+07	3	AttendanceSettings(id=3, active=True)	2	[{"changed": {"fields": ["Day 7 Reward"]}}]	16	1
245	2026-01-12 13:22:13.419095+07	18	Bank Central Asia (BCA) (BCA)	2	[{"changed": {"fields": ["Name", "Min withdrawal", "Processing time"]}}]	22	1
246	2026-01-12 13:22:41.200535+07	17	Bank Negara Indonesia(BNI) (BNI)	2	[{"changed": {"fields": ["Name", "Min withdrawal"]}}]	22	1
247	2026-01-12 13:23:00.022438+07	18	Bank Central Asia(BCA) (BCA)	2	[{"changed": {"fields": ["Name"]}}]	22	1
248	2026-01-12 13:23:12.605608+07	15	Bank Rakyat Indonesia(BRI) (BRI)	2	[{"changed": {"fields": ["Name", "Min withdrawal"]}}]	22	1
249	2026-01-12 13:23:28.484709+07	13	DANA(DANA) (DANA)	2	[{"changed": {"fields": ["Name", "Min withdrawal"]}}]	22	1
250	2026-01-12 13:23:42.596939+07	14	GOPAY(GOPAY) (GOPAY)	2	[{"changed": {"fields": ["Name", "Min withdrawal"]}}]	22	1
251	2026-01-12 13:23:53.23027+07	12	OVO(OVO) (OVO)	2	[{"changed": {"fields": ["Name", "Min withdrawal"]}}]	22	1
252	2026-01-12 13:24:56.607505+07	20	Mandiri(Bank Mandiri) (MANDIRI)	1	[{"added": {}}]	22	1
253	2026-01-12 13:25:20.047357+07	21	Danamon(Bank Danamon Indonesia) (Danamon)	1	[{"added": {}}]	22	1
254	2026-01-12 13:25:36.514006+07	22	Permata(Bank Permata) (Permata)	1	[{"added": {}}]	22	1
255	2026-01-12 13:25:59.412109+07	23	Maybank(Maybank) (Maybank)	1	[{"added": {}}]	22	1
256	2026-01-12 13:26:13.141327+07	24	Panin(PaninBank) (Panin)	1	[{"added": {}}]	22	1
257	2026-01-12 13:26:31.151323+07	25	CIMB Niaga(Bank CIMB Niaga) (CIMB)	1	[{"added": {}}]	22	1
258	2026-01-12 13:27:13.673441+07	26	CIMB Niaga Syariah(CIMB Niaga Syariah) (CIMB Syariah)	1	[{"added": {}}]	22	1
259	2026-01-12 13:27:40.204179+07	27	UOB(United Overseas Bank Limited) (UOB)	1	[{"added": {}}]	22	1
260	2026-01-12 13:28:05.594402+07	28	OCBC NISP(Bank OCBC NISP) (OCBC NISP)	1	[{"added": {}}]	22	1
261	2026-01-12 13:28:21.226767+07	29	Citibank(Citibank) (Citibank)	1	[{"added": {}}]	22	1
262	2026-01-12 13:28:37.708307+07	30	Artha Graha Internasional(Bank Artha) (Artha)	1	[{"added": {}}]	22	1
263	2026-01-12 13:28:56.074274+07	31	HSBC(HSBC Holdings PLC) (HSBC)	1	[{"added": {}}]	22	1
264	2026-01-12 13:29:12.234898+07	32	DBS(DBS Bank) (DBS)	1	[{"added": {}}]	22	1
265	2026-01-12 13:29:39.65268+07	33	Standard Chartered(Standard CH Bank) (Standard CH)	1	[{"added": {}}]	22	1
266	2026-01-12 13:29:57.065791+07	34	Capital Indonesia(Bank Capital Indonesia) (Capital)	1	[{"added": {}}]	22	1
267	2026-01-12 13:30:13.720171+07	35	Woori Indonesia(Bank Woori Saudara) (Woori)	1	[{"added": {}}]	22	1
268	2026-01-12 13:30:29.607364+07	36	BOC(Bank Of CHINA) (BOC)	1	[{"added": {}}]	22	1
269	2026-01-12 13:30:46.180468+07	37	Mayapada(Bank Mayapada) (MAYAPADA)	1	[{"added": {}}]	22	1
270	2026-01-12 13:30:57.558973+07	38	BJB(Bank BJB) (BJB)	1	[{"added": {}}]	22	1
271	2026-01-12 13:31:10.312678+07	39	Jateng(Bank Jateng) (Jateng)	1	[{"added": {}}]	22	1
272	2026-01-12 13:31:23.081546+07	40	Jatim(Bank Jatim) (Jatim)	1	[{"added": {}}]	22	1
273	2026-01-12 13:31:34.916102+07	41	Aceh(Bank Aceh) (Aceh)	1	[{"added": {}}]	22	1
274	2026-01-12 13:31:50.570126+07	42	BPD Nusa Tenggara Barat (BPD NTB)	1	[{"added": {}}]	22	1
275	2026-01-12 13:32:07.326139+07	43	BPD Bali(Bank BPD Bali) (BPD Bali)	1	[{"added": {}}]	22	1
276	2026-01-12 13:32:26.13945+07	44	Maluku Malut(Bank Maluku Malut) (Maluku)	1	[{"added": {}}]	22	1
277	2026-01-12 13:33:01.524568+07	45	BPD Papua(Bank Papua) (BPD Papua)	1	[{"added": {}}]	22	1
278	2026-01-12 13:33:21.027409+07	46	Muamalat Indonesia(Bank Muamalat) (Muamalat)	1	[{"added": {}}]	22	1
279	2026-01-12 13:33:47.49668+07	47	Mestika Dharma(Bank Mestika) (MESTIKA)	1	[{"added": {}}]	22	1
280	2026-01-12 13:33:59.487393+07	48	Sinarmas(Bank Sinarmas) (Sinarmas)	1	[{"added": {}}]	22	1
281	2026-01-12 13:34:15.883437+07	49	Maspion Indonesia(Bank Maspion) (Maspion)	1	[{"added": {}}]	22	1
282	2026-01-12 13:34:29.841787+07	50	Ganesha(Bank Ganesha) (Ganesha)	1	[{"added": {}}]	22	1
283	2026-01-12 13:34:46.33367+07	51	ICBC(Bank ICBC Indonesia) (ICBC)	1	[{"added": {}}]	22	1
284	2026-01-12 13:35:09.536446+07	52	QNB Indonesia(Bank QNB Indonesia) (QNB)	1	[{"added": {}}]	22	1
285	2026-01-12 13:35:35.113401+07	53	BTPN(Bank BTPN) (BTPN)	1	[{"added": {}}]	22	1
286	2026-01-12 13:35:56.809294+07	54	Mega(Bank Mega) (Mega)	1	[{"added": {}}]	22	1
287	2026-01-12 13:36:13.536979+07	55	Hana(Hana Bank) (Hana)	1	[{"added": {}}]	22	1
288	2026-01-12 13:36:35.931893+07	56	Neo Commerce(Bank Neo Commerce) (Neo Commerce)	1	[{"added": {}}]	22	1
289	2026-01-12 13:36:53.341717+07	57	National Nobu(Bank National Nobu) (Nobu)	1	[{"added": {}}]	22	1
290	2026-01-12 13:37:26.017933+07	58	Seabank Indonesia(PT Bank Seabank Indonesia) (Seabank)	1	[{"added": {}}]	22	1
291	2026-01-12 13:37:39.499017+07	59	Jago(Bank Jago) (Jago)	1	[{"added": {}}]	22	1
292	2026-01-12 13:38:05.533028+07	60	Victoria International(Bank Victoria International) (Victoria)	1	[{"added": {}}]	22	1
293	2026-01-12 13:38:26.39218+07	61	CTBC Indonesia(Bank CTBC Indonesia) (CTBC)	1	[{"added": {}}]	22	1
294	2026-01-12 13:38:42.149605+07	62	LINKAJA(LINKAJA) (LINKAJA)	1	[{"added": {}}]	22	1
295	2026-01-12 13:45:17.474181+07	1	Mission 1 - referral: Bagikan tautan undangan Anda dan dapatkan anggota untuk membuka manfaat	2	[{"changed": {"fields": ["Judul Misi", "Deskripsi", "Jenis Misi", "Level (opsional)", "Ambang Progres", "Nominal Hadiah"]}}]	20	1
333	2026-01-12 14:27:09.842814+07	36	Mission 36 - active_downline: Ketika Anda sudah mencapai target seorang agen kerja, Anda dapat klaim penghasilan tetap 3 kali dalam satu bulan IDR 95.000	1	[{"added": {}}]	20	1
296	2026-01-12 13:45:39.553924+07	8	Mission 8 - referral: Bagikan tautan undangan Anda dan dapatkan anggota untuk membuka manfaat	2	[{"changed": {"fields": ["Judul Misi", "Deskripsi", "Jenis Misi", "Level (opsional)", "Ambang Progres", "Nominal Hadiah"]}}]	20	1
297	2026-01-12 13:46:05.1274+07	9	Mission 9 - referral: Bagikan tautan undangan Anda dan dapatkan anggota untuk membuka manfaat	2	[{"changed": {"fields": ["Judul Misi", "Deskripsi", "Jenis Misi", "Level (opsional)", "Ambang Progres", "Nominal Hadiah"]}}]	20	1
298	2026-01-12 13:46:47.836957+07	10	Mission 10 - referral: Bagikan tautan undangan Anda dan dapatkan anggota untuk membuka manfaat	2	[{"changed": {"fields": ["Judul Misi", "Deskripsi", "Jenis Misi", "Level (opsional)", "Ambang Progres", "Nominal Hadiah"]}}]	20	1
299	2026-01-12 13:47:16.050786+07	11	Mission 11 - referral: Bagikan tautan undangan Anda dan dapatkan anggota untuk membuka manfaat	2	[{"changed": {"fields": ["Judul Misi", "Deskripsi", "Jenis Misi", "Level (opsional)", "Ambang Progres", "Nominal Hadiah"]}}]	20	1
300	2026-01-12 13:47:44.184415+07	12	Mission 12 - referral: Bagikan tautan undangan Anda dan dapatkan anggota untuk membuka manfaat	2	[{"changed": {"fields": ["Judul Misi", "Deskripsi", "Jenis Misi", "Level (opsional)", "Ambang Progres", "Nominal Hadiah"]}}]	20	1
301	2026-01-12 13:48:08.618502+07	13	Mission 13 - referral: Bagikan tautan undangan Anda dan dapatkan anggota untuk membuka manfaat	2	[{"changed": {"fields": ["Judul Misi", "Deskripsi", "Jenis Misi", "Level (opsional)", "Ambang Progres", "Nominal Hadiah"]}}]	20	1
302	2026-01-12 13:48:55.731735+07	14	Mission 14 - purchase: Bagikan tautan undangan Anda dan dapatkan anggota untuk membuka manfaat	2	[{"changed": {"fields": ["Judul Misi", "Deskripsi", "Level (opsional)", "Ambang Progres", "Nominal Hadiah"]}}]	20	1
303	2026-01-12 13:50:06.332983+07	15	Mission 15 - deposit: Anggota Anda melakukan beberapa pengisian ulang, ambil manfaatnya IDR 56.000	2	[{"changed": {"fields": ["Judul Misi", "Deskripsi", "Jenis Misi", "Level (opsional)", "Ambang Progres", "Nominal Hadiah"]}}]	20	1
304	2026-01-12 13:50:31.656751+07	1	Mission 1 - referral: Bagikan tautan undangan Anda dan dapatkan anggota untuk membuka manfaat IDR 2.000	2	[{"changed": {"fields": ["Deskripsi"]}}]	20	1
305	2026-01-12 13:50:54.81438+07	8	Mission 8 - referral: Bagikan tautan undangan Anda dan dapatkan anggota untuk membuka manfaat IDR 7.000 2.000	2	[{"changed": {"fields": ["Deskripsi"]}}]	20	1
306	2026-01-12 13:51:09.191806+07	8	Mission 8 - referral: Bagikan tautan undangan Anda dan dapatkan anggota untuk membuka manfaat IDR 7.000	2	[{"changed": {"fields": ["Deskripsi"]}}]	20	1
307	2026-01-12 13:52:08.009834+07	9	Mission 9 - referral: Bagikan tautan undangan Anda dan dapatkan anggota untuk membuka manfaat IDR 10.000	2	[{"changed": {"fields": ["Deskripsi"]}}]	20	1
308	2026-01-12 13:52:25.885405+07	10	Mission 10 - referral: Bagikan tautan undangan Anda dan dapatkan anggota untuk membuka manfaat IDR 15.000	2	[{"changed": {"fields": ["Deskripsi"]}}]	20	1
309	2026-01-12 13:53:13.09052+07	11	Mission 11 - referral: Bagikan tautan undangan Anda dan dapatkan anggota untuk membuka manfaat IDR 38.000	2	[{"changed": {"fields": ["Deskripsi"]}}]	20	1
310	2026-01-12 13:55:13.071994+07	12	Mission 12 - referral: Bagikan tautan undangan Anda dan dapatkan anggota untuk membuka manfaat IDR 60.000	2	[{"changed": {"fields": ["Deskripsi"]}}]	20	1
311	2026-01-12 13:55:43.430228+07	13	Mission 13 - referral: Bagikan tautan undangan Anda dan dapatkan anggota untuk membuka manfaat IDR 80.000	2	[{"changed": {"fields": ["Deskripsi"]}}]	20	1
312	2026-01-12 13:56:02.637532+07	14	Mission 14 - purchase: Bagikan tautan undangan Anda dan dapatkan anggota untuk membuka manfaat IDR 100.000	2	[{"changed": {"fields": ["Deskripsi"]}}]	20	1
313	2026-01-12 13:58:31.073805+07	16	Mission 16 - deposit: Anggota Anda melakukan beberapa pengisian ulang, ambil manfaatnya IDR 117.000	2	[{"changed": {"fields": ["Judul Misi", "Deskripsi", "Jenis Misi", "Ambang Progres", "Nominal Hadiah"]}}]	20	1
314	2026-01-12 13:59:45.002192+07	18	Mission 18 - deposit: Anggota Anda melakukan beberapa pengisian ulang, ambil manfaatnya IDR 290.000	1	[{"added": {}}]	20	1
315	2026-01-12 14:00:30.908263+07	19	Mission 19 - deposit: Anggota Anda melakukan beberapa pengisian ulang, ambil manfaatnya IDR 690.000	1	[{"added": {}}]	20	1
316	2026-01-12 14:00:39.351152+07	19	Mission 19 - deposit: Anggota Anda melakukan beberapa pengisian ulang, ambil manfaatnya IDR 690.000	2	[{"changed": {"fields": ["Level downline yang dihitung"]}}]	20	1
317	2026-01-12 14:01:23.900597+07	20	Mission 20 - deposit: Anggota Anda melakukan beberapa pengisian ulang, ambil manfaatnya IDR 1.005.000	1	[{"added": {}}]	20	1
318	2026-01-12 14:02:03.95281+07	21	Mission 21 - deposit: Anggota Anda melakukan beberapa pengisian ulang, ambil manfaatnya IDR 1.805.000	1	[{"added": {}}]	20	1
319	2026-01-12 14:03:42.961785+07	22	Mission 22 - deposit: Anggota Anda melakukan beberapa pengisian ulang, ambil manfaatnya IDR 3.005.000	1	[{"added": {}}]	20	1
320	2026-01-12 14:07:53.091595+07	23	Mission 23 - deposit_self: Ketika Anda melakukan isi ulang, manfaat Anda lebih banyak setelah mencapainya. Menerima IDR 30.000. Ambil hadiah fisik sekarang.	1	[{"added": {}}]	20	1
321	2026-01-12 14:08:31.611978+07	24	Mission 24 - deposit_self: Ketika Anda melakukan isi ulang, manfaat Anda lebih banyak setelah mencapainya. Menerima IDR 72.000. Ambil hadiah fisik sekarang.	1	[{"added": {}}]	20	1
322	2026-01-12 14:09:23.699708+07	25	Mission 25 - deposit_self: Ketika Anda melakukan isi ulang, manfaat Anda lebih banyak setelah mencapainya. Menerima IDR 150.000. Ambil hadiah fisik sekarang.	1	[{"added": {}}]	20	1
323	2026-01-12 14:09:59.98269+07	26	Mission 26 - deposit_self: Ketika Anda melakukan isi ulang, manfaat Anda lebih banyak setelah mencapainya. Menerima IDR 360.000. Ambil hadiah fisik sekarang.	1	[{"added": {}}]	20	1
324	2026-01-12 14:12:14.194068+07	27	Mission 27 - deposit_self: Ketika Anda melakukan isi ulang, manfaat Anda lebih banyak setelah mencapainya. Menerima IDR 888.000. Ambil hadiah fisik sekarang.	1	[{"added": {}}]	20	1
325	2026-01-12 14:13:59.010501+07	28	Mission 28 - deposit_self: Ketika Anda melakukan isi ulang, manfaat Anda lebih banyak setelah mencapainya. Menerima IDR 1.410.000. Ambil hadiah fisik sekarang.	1	[{"added": {}}]	20	1
326	2026-01-12 14:15:07.51652+07	29	Mission 29 - deposit_self: Ketika Anda melakukan isi ulang, manfaat Anda lebih banyak setelah mencapainya. Menerima IDR 1.800.000. Ambil hadiah fisik sekarang.	1	[{"added": {}}]	20	1
327	2026-01-12 14:16:40.188531+07	30	Mission 30 - deposit_self: LOREMIPSUM	1	[{"added": {}}]	20	1
328	2026-01-12 14:17:06.368419+07	31	Mission 31 - deposit_self: LOREM IPSUM	1	[{"added": {}}]	20	1
329	2026-01-12 14:17:30.744488+07	32	Mission 32 - deposit_self: LOREMIPSUM	1	[{"added": {}}]	20	1
330	2026-01-12 14:18:37.964429+07	33	Mission 33 - deposit_self: LOREMIPSUM	1	[{"added": {}}]	20	1
331	2026-01-12 14:21:41.600317+07	34	Mission 34 - deposit_self: LOREM IPSUM	1	[{"added": {}}]	20	1
332	2026-01-12 14:26:38.922932+07	35	Mission 35 - active_downline: Ketika Anda sudah mencapai target seorang agen kerja, Anda dapat klaim penghasilan tetap 3 kali dalam satu bulan IDR 50.000	1	[{"added": {}}]	20	1
334	2026-01-12 14:28:29.787333+07	37	Mission 37 - active_downline: Ketika Anda sudah mencapai target seorang agen kerja, Anda dapat klaim penghasilan tetap 3 kali dalam satu bulan IDR 170.000	1	[{"added": {}}]	20	1
335	2026-01-12 14:29:20.097929+07	38	Mission 38 - active_downline: Ketika Anda sudah mencapai target seorang agen kerja, Anda dapat klaim penghasilan tetap 3 kali dalam satu bulan IDR 250.000	1	[{"added": {}}]	20	1
336	2026-01-12 14:30:31.918906+07	39	Mission 39 - active_downline: Ketika Anda sudah mencapai target seorang agen kerja, Anda dapat klaim penghasilan tetap 3 kali dalam satu bulan IDR 400.000	1	[{"added": {}}]	20	1
337	2026-01-12 14:31:48.277692+07	40	Mission 40 - active_downline: Ketika Anda sudah mencapai target seorang agen kerja, Anda dapat klaim penghasilan tetap 3 kali dalam satu bulan IDR 700.000	1	[{"added": {}}]	20	1
338	2026-01-12 14:32:30.493089+07	41	Mission 41 - referral: Ketika Anda sudah mencapai target seorang agen kerja, Anda dapat klaim penghasilan tetap 3 kali dalam satu bulan IDR 1.750.000	1	[{"added": {}}]	20	1
339	2026-01-12 14:33:06.506463+07	42	Mission 42 - active_downline: Ketika Anda sudah mencapai target seorang agen kerja, Anda dapat klaim penghasilan tetap 3 kali dalam satu bulan IDR 6.700.000	1	[{"added": {}}]	20	1
340	2026-01-12 14:53:51.730887+07	6	CoreVolt Resmi Meluncurkan Program VIP Berjenjang	2	[{"changed": {"fields": ["Body", "Image"]}}]	31	1
341	2026-01-12 14:54:21.248956+07	7	CoreVolt Memperkuat Sistem Layanan untuk Mendukung Pengalaman Pengguna	1	[{"added": {}}]	31	1
342	2026-01-12 14:54:45.732274+07	8	CoreVolt Memperluas Arah Pengembangan Layanan Berbasis Keanggotaan	1	[{"added": {}}]	31	1
343	2026-01-12 14:55:07.878182+07	9	CoreVolt Menegaskan Komitmen terhadap Keamanan dan Keandalan Sistem	1	[{"added": {}}]	31	1
344	2026-01-12 14:55:35.800718+07	10	CoreVolt Menegaskan Arah Visi Pengembangan Layanan Berbasis Nilai dan Keberlanjutan	1	[{"added": {}}]	31	1
345	2026-01-12 14:56:02.287657+07	11	CoreVolt Memperkenalkan Struktur Layanan Terintegrasi dengan Pendekatan Berjenjang	1	[{"added": {}}]	31	1
346	2026-01-12 14:56:35.670862+07	12	CoreVolt Menyusun Arsitektur Program Berbasis Periode untuk Mendukung Perencanaan Pengguna	1	[{"added": {}}]	31	1
347	2026-01-12 14:56:58.820215+07	13	CoreVolt Mendorong Pemahaman Pengguna melalui Transparansi Mekanisme Layanan	1	[{"added": {}}]	31	1
348	2026-01-12 14:57:26.564112+07	14	CoreVolt Memperkuat Strategi Komunikasi Digital untuk Menjangkau Masyarakat Lebih Luas	1	[{"added": {}}]	31	1
349	2026-01-12 14:59:18.692627+07	15	CoreVolt Menetapkan Misi Pengembangan Keuntungan Berbasis Langganan	1	[{"added": {}}]	31	1
350	2026-01-12 15:00:03.007264+07	16	CoreVolt Mengarahkan Pengembangan Layanan untuk Meningkatkan Nilai Keuntungan Langganan	1	[{"added": {}}]	31	1
351	2026-01-12 15:00:40.98141+07	17	CoreVolt Mengarahkan Pengembangan Layanan untuk Meningkatkan Nilai Tambah bagi Pengguna	1	[{"added": {}}]	31	1
352	2026-01-12 15:02:27.59074+07	18	CoreVolt Menegaskan Nilai Inti dan Budaya Kerja sebagai Fondasi Pengembangan Perusahaan	1	[{"added": {}}]	31	1
353	2026-01-12 15:04:11.942363+07	19	CoreVolt Menetapkan Core Values sebagai Landasan Budaya Perusahaan	1	[{"added": {}}]	31	1
354	2026-01-12 15:35:21.125539+07	10	PowerVault S	2	[{"changed": {"fields": ["Name", "Description", "Price", "Image", "Specifications", "Purchase limit", "Max purchase count", "Stock", "Profit rate", "Duration (days)", "Custom field 1 title", "Custom field 1 content", "Custom field 2 title", "Custom field 2 content", "Custom field 3 title", "Custom field 3 content"]}}]	11	1
355	2026-01-12 15:35:34.338936+07	10	PowerVault S	2	[{"changed": {"fields": ["Image"]}}]	11	1
356	2026-01-12 15:39:39.96008+07	9	PowerVault AA	2	[{"changed": {"fields": ["Name", "Description", "Price", "Image", "Specifications", "Stock", "Profit rate", "Duration (days)", "Custom field 1 title", "Custom field 1 content", "Custom field 2 title", "Custom field 2 content", "Custom field 3 title", "Custom field 3 content"]}}]	11	1
357	2026-01-12 15:43:14.413133+07	8	PowerVault M	2	[{"changed": {"fields": ["Name", "Description", "Price", "Image", "Specifications", "Stock", "Profit rate", "Duration (days)", "Custom field 1 title", "Custom field 1 content", "Custom field 2 title", "Custom field 2 content", "Custom field 3 title", "Custom field 3 content"]}}]	11	1
358	2026-01-12 15:45:38.039493+07	7	PowerVault L	2	[{"changed": {"fields": ["Name", "Description", "Price", "Image", "Specifications", "Purchase limit", "Max purchase count", "Stock", "Profit rate", "Profit method", "Duration (days)", "Claim reset mode", "Claim reset hours", "Purchase rebate level 1", "Custom field 1 title", "Custom field 1 content", "Custom field 2 title", "Custom field 2 content", "Custom field 3 title", "Custom field 3 content"]}}]	11	1
359	2026-01-12 15:48:17.476067+07	6	PowerVault Secure	2	[{"changed": {"fields": ["Name", "Description", "Price", "Image", "Specifications", "Purchase limit", "Max purchase count", "Stock", "Profit rate", "Profit method", "Duration (days)", "Claim reset mode", "Claim reset hours", "Purchase rebate level 1", "Custom field 1 title", "Custom field 1 content", "Custom field 2 title", "Custom field 2 content", "Custom field 3 title", "Custom field 3 content"]}}]	11	1
360	2026-01-12 15:50:17.28458+07	5	Tower One	2	[{"changed": {"fields": ["Name", "Description", "Price", "Image", "Specifications", "Purchase limit", "Max purchase count", "Stock", "Profit rate", "Duration (days)", "Claim reset mode", "Claim reset hours", "Purchase rebate level 1", "Custom field 1 title", "Custom field 1 content", "Custom field 2 title", "Custom field 2 content", "Custom field 3 title", "Custom field 3 content"]}}]	11	1
361	2026-01-12 15:52:30.431187+07	4	Tower Dualingal	2	[{"changed": {"fields": ["Name", "Description", "Price", "Image", "Specifications", "Purchase limit", "Max purchase count", "Stock", "Profit rate", "Profit method", "Duration (days)", "Claim reset mode", "Claim reset hours", "Purchase rebate level 1", "Custom field 1 title", "Custom field 1 content", "Custom field 2 title", "Custom field 2 content", "Custom field 3 title", "Custom field 3 content"]}}]	11	1
362	2026-01-12 15:54:16.571875+07	3	Tower Meridian	2	[{"changed": {"fields": ["Name", "Description", "Price", "Image", "Specifications", "Purchase limit", "Max purchase count", "Stock", "Profit rate", "Profit method", "Duration (days)", "Claim reset mode", "Claim reset hours", "Purchase rebate level 1", "Custom field 1 title", "Custom field 1 content", "Custom field 2 title", "Custom field 2 content", "Custom field 3 title", "Custom field 3 content"]}}]	11	1
363	2026-01-12 15:56:07.601351+07	2	SmartStorage X	2	[{"changed": {"fields": ["Name", "Description", "Price", "Image", "Specifications", "Purchase limit", "Max purchase count", "Stock", "Profit rate", "Profit method", "Duration (days)", "Claim reset mode", "Claim reset hours", "Purchase rebate level 1", "Custom field 1 title", "Custom field 1 content", "Custom field 2 title", "Custom field 2 content", "Custom field 3 title", "Custom field 3 content"]}}]	11	1
414	2026-01-14 11:32:14.625962+07	1534	DEP-20260114110811-A75049 - +628111222333	2	[{"changed": {"fields": ["Type", "Status"]}}]	12	1
415	2026-01-14 13:46:35.739565+07	2	k00rkthpl8@example.com	2	[{"changed": {"fields": ["Phone"]}}]	8	1
364	2026-01-12 15:57:28.600728+07	1	EdgeStorage	2	[{"changed": {"fields": ["Name", "Description", "Price", "Image", "Specifications", "Purchase limit", "Max purchase count", "Stock", "Profit rate", "Profit method", "Duration (days)", "Claim reset mode", "Claim reset hours", "Purchase rebate level 1", "Custom field 1 title", "Custom field 1 content", "Custom field 2 title", "Custom field 2 content", "Custom field 3 title", "Custom field 3 content"]}}]	11	1
365	2026-01-12 15:59:12.248367+07	36	GridStorage Pro	2	[{"changed": {"fields": ["Name", "Description", "Price", "Image", "Specifications", "Purchase limit", "Max purchase count", "Stock", "Profit rate", "Profit method", "Duration (days)", "Claim reset mode", "Claim reset hours", "Purchase rebate level 1", "Custom field 1 title", "Custom field 1 content", "Custom field 2 title", "Custom field 2 content", "Custom field 3 title", "Custom field 3 content", "Custom field 4 title", "Custom field 4 content", "Custom field 5 title", "Custom field 5 content", "Custom field 6 title", "Custom field 6 content", "Custom field 7 title", "Custom field 7 content"]}}]	11	1
366	2026-01-12 16:00:43.745015+07	3	Facebook (other)	2	[{"changed": {"fields": ["Url", "Description"]}}]	30	1
367	2026-01-12 16:01:23.961878+07	2	WA (whatsapp)	2	[{"changed": {"fields": ["Url", "Description"]}}]	30	1
368	2026-01-12 16:01:35.455588+07	2	WhatsApp (whatsapp)	2	[{"changed": {"fields": ["Title"]}}]	30	1
369	2026-01-12 16:02:07.679004+07	1	Telegram (telegram)	2	[{"changed": {"fields": ["Url", "Description"]}}]	30	1
370	2026-01-12 16:02:18.741242+07	3	999999 (fixed)	3		18	1
371	2026-01-12 16:02:18.746771+07	2	000000 (fixed)	3		18	1
372	2026-01-12 16:02:18.748281+07	1	Yorobun (random)	3		18	1
373	2026-01-12 16:02:18.748281+07	8	bebekdungu (fixed)	3		18	1
374	2026-01-12 16:02:39.438391+07	4	123456 (fixed)	1	[{"added": {}}]	18	1
375	2026-01-12 16:33:25.719727+07	42	DEP-20260112163311-5897EB - JAYAPAY - 53	2	[{"changed": {"fields": ["Status"]}}]	29	1
376	2026-01-12 16:47:51.362947+07	53	test04@gmail.com	2	[{"changed": {"fields": ["Balance deposit"]}}]	8	1
377	2026-01-12 16:48:49.676828+07	53	test04@gmail.com	2	[{"changed": {"fields": ["Balance deposit"]}}]	8	1
378	2026-01-12 21:51:15.134749+07	41	Mission 41 - active_downline: Ketika Anda sudah mencapai target seorang agen kerja, Anda dapat klaim penghasilan tetap 3 kali dalam satu bulan IDR 1.750.000	2	[{"changed": {"fields": ["Jenis Misi"]}}]	20	1
379	2026-01-12 22:33:11.879423+07	1	Mission 1 - referral: Bagikan tautan undangan Anda dan dapatkan anggota untuk membuka manfaat IDR 2.000	2	[{"changed": {"fields": ["Ambang Progres"]}}]	20	1
380	2026-01-12 22:33:35.879123+07	14	Mission 14 - referral: Bagikan tautan undangan Anda dan dapatkan anggota untuk membuka manfaat IDR 100.000	2	[{"changed": {"fields": ["Jenis Misi"]}}]	20	1
381	2026-01-12 22:34:08.500586+07	15	Mission 15 - deposit: Anggota Anda melakukan beberapa pengisian ulang, ambil manfaatnya IDR 56.000	2	[{"changed": {"fields": ["Ambang Progres"]}}]	20	1
382	2026-01-12 22:36:56.280418+07	23	Mission 23 - deposit_self: Ketika Anda melakukan isi ulang, manfaat Anda lebih banyak setelah mencapainya. Menerima IDR 30.000. Ambil hadiah fisik sekarang.	2	[{"changed": {"fields": ["Ambang Progres"]}}]	20	1
383	2026-01-12 22:37:15.014737+07	35	Mission 35 - active_downline: Ketika Anda sudah mencapai target seorang agen kerja, Anda dapat klaim penghasilan tetap 3 kali dalam satu bulan IDR 50.000	2	[{"changed": {"fields": ["Ambang Progres"]}}]	20	1
384	2026-01-13 08:52:21.585525+07	9	ChatThread(user=55, closed=False)	2	[{"added": {"name": "support chat message", "object": "Msg(thread=9, sender=ADMIN, at=2026-01-13 01:52:21.585525+00:00)"}}]	33	1
385	2026-01-13 10:53:35.127969+07	56	testing02@gmail.com	2	[{"changed": {"fields": ["Balance", "Balance deposit"]}}]	8	1
386	2026-01-13 10:57:52.11639+07	3	Facebook (other)	3		30	1
387	2026-01-13 11:05:46.021218+07	56	testing02@gmail.com	2	[{"changed": {"fields": ["Balance"]}}]	8	1
388	2026-01-13 11:12:20.610919+07	56	testing01@gmail.com	2	[{"changed": {"fields": ["Email"]}}]	8	1
389	2026-01-13 11:12:34.144468+07	56	testing01@gmail.com	2	[{"changed": {"fields": ["Username"]}}]	8	1
390	2026-01-13 11:49:04.425584+07	36	Mission 36 - active_downline: Ketika Anda sudah mencapai target seorang agen kerja, Anda dapat klaim penghasilan tetap 3 kali dalam satu bulan IDR 95.000	2	[{"changed": {"fields": ["Ambang Progres"]}}]	20	1
391	2026-01-13 11:51:22.966566+07	62	testing07@gmail.com	2	[{"changed": {"fields": ["Balance"]}}]	8	1
392	2026-01-13 13:54:58.101501+07	1	Referral Code: numbers_only/14	2	[{"changed": {"fields": ["Otp enabled", "Verifyway api key"]}}]	9	1
393	2026-01-13 15:40:07.863679+07	62	testing07@gmail.com	2	[{"changed": {"fields": ["Username"]}}]	8	1
394	2026-01-13 15:43:04.353341+07	22	8111333111 - BOC(Bank Of CHINA) 213464	3		23	1
395	2026-01-13 17:29:42.203059+07	1	Referral Code: numbers_only/14	2	[{"changed": {"fields": ["Otp enabled", "Whatsapp check enabled", "Checknumber api key"]}}]	9	1
396	2026-01-13 20:15:36.537613+07	21	8111222333 - Neo Commerce(Bank Neo Commerce) 123456789	3		23	1
397	2026-01-13 20:19:17.661894+07	28	8111222333 - 100000.00 (REJECTED)	2	[{"changed": {"fields": ["Status"]}}]	26	1
398	2026-01-13 20:20:30.838562+07	29	8111222333 - 100000.00 (PROCESSING)	2	[{"changed": {"fields": ["Status"]}}]	26	1
399	2026-01-13 20:20:51.559313+07	29	8111222333 - 100000.00 (COMPLETED)	2	[{"changed": {"fields": ["Status"]}}]	26	1
400	2026-01-14 00:39:17.166931+07	1	Referral Code: numbers_only/14	2	[{"changed": {"fields": ["Verifynow customer id", "Verifynow api key"]}}]	9	1
401	2026-01-14 00:40:38.269695+07	1	Referral Code: numbers_only/14	2	[{"changed": {"fields": ["Otp enabled", "Whatsapp check enabled"]}}]	9	1
402	2026-01-14 01:03:04.714529+07	3	085770404473 - None	3		36	1
403	2026-01-14 01:03:04.729402+07	2	8975617198 - 719666	3		36	1
404	2026-01-14 01:03:04.731003+07	1	85770404473 - None	3		36	1
405	2026-01-14 01:06:30.815834+07	1	Referral Code: numbers_only/14	2	[{"changed": {"fields": ["Verifynow api key"]}}]	9	1
406	2026-01-14 10:21:02.910247+07	1	Referral Code: numbers_only/14	2	[{"changed": {"fields": ["Otp enabled"]}}]	9	1
407	2026-01-14 10:29:11.489119+07	1	Referral Code: numbers_only/14	2	[{"changed": {"fields": ["Otp enabled"]}}]	9	1
408	2026-01-14 10:42:58.28063+07	65	testingotp@gmail.com	2	[{"changed": {"fields": ["Phone"]}}]	8	1
409	2026-01-14 10:54:06.206007+07	66	testingotp1@gmail.com	2	[{"changed": {"fields": ["Phone"]}}]	8	1
410	2026-01-14 10:55:48.011661+07	68	testingotp3@gmail.com	2	[{"changed": {"fields": ["Phone"]}}]	8	1
411	2026-01-14 11:05:05.144538+07	55	testing0@gmail.com	2	[{"changed": {"fields": ["Phone"]}}]	8	1
412	2026-01-14 11:08:39.274255+07	62	DEP-20260114110811-A75049 - KLIKPAY - 55	2	[{"changed": {"fields": ["Status"]}}]	29	1
413	2026-01-14 11:31:47.494979+07	61	DEP-20260114110811-920098 - KLIKPAY - 55	2	[{"changed": {"fields": ["Status"]}}]	29	1
416	2026-01-14 20:03:19.007704+07	67	testingotp2@gmail.com	2	[{"changed": {"fields": ["Phone"]}}]	8	1
417	2026-01-23 18:46:19.327569+07	24	+628111222333 - BPD Bali(Bank BPD Bali) 12345678	3		23	1
418	2026-01-23 18:46:19.335257+07	23	85770404123 - Bank Negara Indonesia(BNI) 435363565	3		23	1
419	2026-01-23 18:46:19.336794+07	20	83812591982 - ICBC(Bank ICBC Indonesia) 123456789	3		23	1
420	2026-01-23 18:46:19.336794+07	19	+6289595959595 - Bank Rakyat Indonesia(BRI) 67567567865	3		23	1
421	2026-01-24 00:52:53.771505+07	1	Referral Code: numbers_only/14	2	[{"changed": {"fields": ["Otp enabled", "Whatsapp check enabled"]}}]	9	1
422	2026-01-24 00:54:05.307796+07	2	k00rkthpl8@example.com	2	[{"changed": {"fields": ["password"]}}]	8	1
423	2026-01-24 15:31:58.750914+07	1	Referral Code: mixed/6	2	[{"changed": {"fields": ["Referral code case", "Referral code length", "Referral code pattern", "Registration bonus enabled", "Registration bonus amount", "Registration bonus wallet"]}}]	9	1
424	2026-01-24 16:05:54.153373+07	73	user124014@algosphere.com	2	[{"changed": {"fields": ["Balance deposit"]}}]	8	1
425	2026-01-24 17:55:37.183609+07	5	654321 (fixed)	1	[{"added": {}}]	18	1
426	2026-01-24 17:59:10.657846+07	5	654321 (fixed)	2	[{"changed": {"fields": ["Expires at"]}}]	18	1
427	2026-01-24 18:04:37.35022+07	25	+6286565656565 - BPD Bali(Bank BPD Bali) 2146546	3		23	1
428	2026-01-24 22:51:20.394636+07	3	AttendanceSettings(id=3, active=True)	2	[{"changed": {"fields": ["Reward type", "Fixed amount", "Min amount", "Max amount", "Daily cycle days", "Day 1 Reward", "Day 2 Reward", "Day 3 Reward", "Day 4 Reward", "Day 5 Reward", "Day 6 Reward", "Day 7 Reward"]}}]	16	1
429	2026-01-24 22:54:50.865996+07	41	Aceh(Bank Aceh) (Aceh)	3		22	1
430	2026-01-24 22:54:50.869087+07	30	Artha Graha Internasional(Bank Artha) (Artha)	3		22	1
431	2026-01-24 22:54:50.87064+07	38	BJB(Bank BJB) (BJB)	3		22	1
432	2026-01-24 22:54:50.872186+07	36	BOC(Bank Of CHINA) (BOC)	3		22	1
433	2026-01-24 22:54:50.873733+07	43	BPD Bali(Bank BPD Bali) (BPD Bali)	3		22	1
434	2026-01-24 22:54:50.8753+07	42	BPD Nusa Tenggara Barat (BPD NTB)	3		22	1
435	2026-01-24 22:54:50.876851+07	45	BPD Papua(Bank Papua) (BPD Papua)	3		22	1
436	2026-01-24 22:54:50.878395+07	53	BTPN(Bank BTPN) (BTPN)	3		22	1
437	2026-01-24 22:54:50.879936+07	34	Capital Indonesia(Bank Capital Indonesia) (Capital)	3		22	1
438	2026-01-24 22:54:50.879936+07	26	CIMB Niaga Syariah(CIMB Niaga Syariah) (CIMB Syariah)	3		22	1
439	2026-01-24 22:54:50.881502+07	25	CIMB Niaga(Bank CIMB Niaga) (CIMB)	3		22	1
440	2026-01-24 22:54:50.883029+07	29	Citibank(Citibank) (Citibank)	3		22	1
441	2026-01-24 22:54:50.883029+07	61	CTBC Indonesia(Bank CTBC Indonesia) (CTBC)	3		22	1
442	2026-01-24 22:54:50.884613+07	21	Danamon(Bank Danamon Indonesia) (Danamon)	3		22	1
443	2026-01-24 22:54:50.886129+07	32	DBS(DBS Bank) (DBS)	3		22	1
444	2026-01-24 22:54:50.887681+07	50	Ganesha(Bank Ganesha) (Ganesha)	3		22	1
445	2026-01-24 22:54:50.887681+07	55	Hana(Hana Bank) (Hana)	3		22	1
446	2026-01-24 22:54:50.889222+07	31	HSBC(HSBC Holdings PLC) (HSBC)	3		22	1
447	2026-01-24 22:54:50.890318+07	51	ICBC(Bank ICBC Indonesia) (ICBC)	3		22	1
448	2026-01-24 22:54:50.890318+07	59	Jago(Bank Jago) (Jago)	3		22	1
449	2026-01-24 22:54:50.891852+07	39	Jateng(Bank Jateng) (Jateng)	3		22	1
450	2026-01-24 22:54:50.891852+07	40	Jatim(Bank Jatim) (Jatim)	3		22	1
451	2026-01-24 22:54:50.893393+07	62	LINKAJA(LINKAJA) (LINKAJA)	3		22	1
452	2026-01-24 22:54:50.894937+07	44	Maluku Malut(Bank Maluku Malut) (Maluku)	3		22	1
453	2026-01-24 22:54:50.896+07	49	Maspion Indonesia(Bank Maspion) (Maspion)	3		22	1
454	2026-01-24 22:54:50.896+07	37	Mayapada(Bank Mayapada) (MAYAPADA)	3		22	1
455	2026-01-24 22:54:50.897541+07	23	Maybank(Maybank) (Maybank)	3		22	1
456	2026-01-24 22:54:50.899093+07	54	Mega(Bank Mega) (Mega)	3		22	1
457	2026-01-24 22:54:50.899093+07	47	Mestika Dharma(Bank Mestika) (MESTIKA)	3		22	1
458	2026-01-24 22:54:50.900627+07	46	Muamalat Indonesia(Bank Muamalat) (Muamalat)	3		22	1
459	2026-01-24 22:54:50.902194+07	57	National Nobu(Bank National Nobu) (Nobu)	3		22	1
460	2026-01-24 22:54:50.903729+07	56	Neo Commerce(Bank Neo Commerce) (Neo Commerce)	3		22	1
461	2026-01-24 22:54:50.903729+07	28	OCBC NISP(Bank OCBC NISP) (OCBC NISP)	3		22	1
462	2026-01-24 22:54:50.905478+07	24	Panin(PaninBank) (Panin)	3		22	1
463	2026-01-24 22:54:50.905478+07	22	Permata(Bank Permata) (Permata)	3		22	1
464	2026-01-24 22:54:50.907083+07	52	QNB Indonesia(Bank QNB Indonesia) (QNB)	3		22	1
465	2026-01-24 22:54:50.908626+07	58	Seabank Indonesia(PT Bank Seabank Indonesia) (Seabank)	3		22	1
466	2026-01-24 22:54:50.908626+07	48	Sinarmas(Bank Sinarmas) (Sinarmas)	3		22	1
467	2026-01-24 22:54:50.91016+07	33	Standard Chartered(Standard CH Bank) (Standard CH)	3		22	1
468	2026-01-24 22:54:50.91016+07	27	UOB(United Overseas Bank Limited) (UOB)	3		22	1
469	2026-01-24 22:54:50.9117+07	60	Victoria International(Bank Victoria International) (Victoria)	3		22	1
470	2026-01-24 22:54:50.913247+07	35	Woori Indonesia(Bank Woori Saudara) (Woori)	3		22	1
471	2026-01-24 22:55:43.182689+07	18	Bank Central Asia(BCA) (BCA)	2	[{"changed": {"fields": ["Min withdrawal"]}}]	22	1
472	2026-01-24 22:56:19.444325+07	18	Bank Central Asia(BCA) (BCA)	2	[{"changed": {"fields": ["Withdrawal fee"]}}]	22	1
473	2026-01-24 22:56:32.154807+07	17	Bank Negara Indonesia(BNI) (BNI)	2	[{"changed": {"fields": ["Min withdrawal", "Withdrawal fee"]}}]	22	1
474	2026-01-24 22:56:40.58785+07	15	Bank Rakyat Indonesia(BRI) (BRI)	2	[{"changed": {"fields": ["Min withdrawal", "Withdrawal fee"]}}]	22	1
475	2026-01-24 22:56:50.237104+07	13	DANA(DANA) (DANA)	2	[{"changed": {"fields": ["Min withdrawal", "Withdrawal fee"]}}]	22	1
476	2026-01-24 22:56:59.716217+07	14	GOPAY(GOPAY) (GOPAY)	2	[{"changed": {"fields": ["Min withdrawal", "Withdrawal fee"]}}]	22	1
477	2026-01-24 22:57:12.216772+07	20	Mandiri(Bank Mandiri) (MANDIRI)	2	[{"changed": {"fields": ["Min withdrawal", "Withdrawal fee"]}}]	22	1
478	2026-01-24 22:57:22.494824+07	12	OVO(OVO) (OVO)	2	[{"changed": {"fields": ["Min withdrawal", "Withdrawal fee"]}}]	22	1
479	2026-01-24 22:57:41.634498+07	42	Mission 42 - active_downline: Ketika Anda sudah mencapai target seorang agen kerja, Anda dapat klaim penghasilan tetap 3 kali dalam satu bulan IDR 6.700.000	3		20	1
480	2026-01-24 22:57:41.639722+07	41	Mission 41 - active_downline: Ketika Anda sudah mencapai target seorang agen kerja, Anda dapat klaim penghasilan tetap 3 kali dalam satu bulan IDR 1.750.000	3		20	1
481	2026-01-24 22:57:41.640746+07	40	Mission 40 - active_downline: Ketika Anda sudah mencapai target seorang agen kerja, Anda dapat klaim penghasilan tetap 3 kali dalam satu bulan IDR 700.000	3		20	1
482	2026-01-24 22:57:41.642283+07	39	Mission 39 - active_downline: Ketika Anda sudah mencapai target seorang agen kerja, Anda dapat klaim penghasilan tetap 3 kali dalam satu bulan IDR 400.000	3		20	1
483	2026-01-24 22:57:41.643892+07	38	Mission 38 - active_downline: Ketika Anda sudah mencapai target seorang agen kerja, Anda dapat klaim penghasilan tetap 3 kali dalam satu bulan IDR 250.000	3		20	1
484	2026-01-24 22:57:41.645417+07	37	Mission 37 - active_downline: Ketika Anda sudah mencapai target seorang agen kerja, Anda dapat klaim penghasilan tetap 3 kali dalam satu bulan IDR 170.000	3		20	1
485	2026-01-24 22:57:41.645417+07	36	Mission 36 - active_downline: Ketika Anda sudah mencapai target seorang agen kerja, Anda dapat klaim penghasilan tetap 3 kali dalam satu bulan IDR 95.000	3		20	1
486	2026-01-24 22:57:41.646968+07	35	Mission 35 - active_downline: Ketika Anda sudah mencapai target seorang agen kerja, Anda dapat klaim penghasilan tetap 3 kali dalam satu bulan IDR 50.000	3		20	1
487	2026-01-24 22:57:41.648514+07	34	Mission 34 - deposit_self: LOREM IPSUM	3		20	1
488	2026-01-24 22:57:41.649523+07	33	Mission 33 - deposit_self: LOREMIPSUM	3		20	1
489	2026-01-24 22:57:41.650031+07	32	Mission 32 - deposit_self: LOREMIPSUM	3		20	1
490	2026-01-24 22:57:41.650031+07	31	Mission 31 - deposit_self: LOREM IPSUM	3		20	1
491	2026-01-24 22:57:41.651577+07	30	Mission 30 - deposit_self: LOREMIPSUM	3		20	1
492	2026-01-24 22:57:41.653124+07	29	Mission 29 - deposit_self: Ketika Anda melakukan isi ulang, manfaat Anda lebih banyak setelah mencapainya. Menerima IDR 1.800.000. Ambil hadiah fisik sekarang.	3		20	1
493	2026-01-24 22:57:41.653124+07	28	Mission 28 - deposit_self: Ketika Anda melakukan isi ulang, manfaat Anda lebih banyak setelah mencapainya. Menerima IDR 1.410.000. Ambil hadiah fisik sekarang.	3		20	1
494	2026-01-24 22:57:41.654665+07	27	Mission 27 - deposit_self: Ketika Anda melakukan isi ulang, manfaat Anda lebih banyak setelah mencapainya. Menerima IDR 888.000. Ambil hadiah fisik sekarang.	3		20	1
495	2026-01-24 22:57:41.654665+07	26	Mission 26 - deposit_self: Ketika Anda melakukan isi ulang, manfaat Anda lebih banyak setelah mencapainya. Menerima IDR 360.000. Ambil hadiah fisik sekarang.	3		20	1
496	2026-01-24 22:57:41.656221+07	25	Mission 25 - deposit_self: Ketika Anda melakukan isi ulang, manfaat Anda lebih banyak setelah mencapainya. Menerima IDR 150.000. Ambil hadiah fisik sekarang.	3		20	1
497	2026-01-24 22:57:41.657765+07	24	Mission 24 - deposit_self: Ketika Anda melakukan isi ulang, manfaat Anda lebih banyak setelah mencapainya. Menerima IDR 72.000. Ambil hadiah fisik sekarang.	3		20	1
498	2026-01-24 22:57:41.65832+07	23	Mission 23 - deposit_self: Ketika Anda melakukan isi ulang, manfaat Anda lebih banyak setelah mencapainya. Menerima IDR 30.000. Ambil hadiah fisik sekarang.	3		20	1
499	2026-01-24 22:57:41.65933+07	22	Mission 22 - deposit: Anggota Anda melakukan beberapa pengisian ulang, ambil manfaatnya IDR 3.005.000	3		20	1
500	2026-01-24 22:57:41.6612+07	21	Mission 21 - deposit: Anggota Anda melakukan beberapa pengisian ulang, ambil manfaatnya IDR 1.805.000	3		20	1
501	2026-01-24 22:57:41.6612+07	20	Mission 20 - deposit: Anggota Anda melakukan beberapa pengisian ulang, ambil manfaatnya IDR 1.005.000	3		20	1
502	2026-01-24 22:57:41.662749+07	19	Mission 19 - deposit: Anggota Anda melakukan beberapa pengisian ulang, ambil manfaatnya IDR 690.000	3		20	1
503	2026-01-24 22:57:41.662749+07	18	Mission 18 - deposit: Anggota Anda melakukan beberapa pengisian ulang, ambil manfaatnya IDR 290.000	3		20	1
504	2026-01-24 22:57:41.664302+07	16	Mission 16 - deposit: Anggota Anda melakukan beberapa pengisian ulang, ambil manfaatnya IDR 117.000	3		20	1
505	2026-01-24 22:57:41.664302+07	15	Mission 15 - deposit: Anggota Anda melakukan beberapa pengisian ulang, ambil manfaatnya IDR 56.000	3		20	1
506	2026-01-24 22:57:41.665858+07	14	Mission 14 - referral: Bagikan tautan undangan Anda dan dapatkan anggota untuk membuka manfaat IDR 100.000	3		20	1
507	2026-01-24 22:57:41.6674+07	13	Mission 13 - referral: Bagikan tautan undangan Anda dan dapatkan anggota untuk membuka manfaat IDR 80.000	3		20	1
508	2026-01-24 22:57:41.6674+07	12	Mission 12 - referral: Bagikan tautan undangan Anda dan dapatkan anggota untuk membuka manfaat IDR 60.000	3		20	1
509	2026-01-24 22:57:41.669475+07	11	Mission 11 - referral: Bagikan tautan undangan Anda dan dapatkan anggota untuk membuka manfaat IDR 38.000	3		20	1
510	2026-01-24 22:57:41.670485+07	10	Mission 10 - referral: Bagikan tautan undangan Anda dan dapatkan anggota untuk membuka manfaat IDR 15.000	3		20	1
511	2026-01-24 22:57:41.670485+07	9	Mission 9 - referral: Bagikan tautan undangan Anda dan dapatkan anggota untuk membuka manfaat IDR 10.000	3		20	1
512	2026-01-24 22:57:41.672075+07	8	Mission 8 - referral: Bagikan tautan undangan Anda dan dapatkan anggota untuk membuka manfaat IDR 7.000	3		20	1
513	2026-01-24 22:57:41.672075+07	1	Mission 1 - referral: Bagikan tautan undangan Anda dan dapatkan anggota untuk membuka manfaat IDR 2.000	3		20	1
514	2026-01-24 23:00:34.426333+07	43	Mission 43 - deposit: Kumpulkan total keseluruhan tim tingkat 1 mencapai IDR300.000 dan klaim bonus sebesar IDR30.000	1	[{"added": {}}]	20	1
515	2026-01-24 23:01:16.2801+07	44	Mission 44 - deposit: Kumpulkan total keseluruhan tim tingkat 1 mencapai IDR900.000 dan klaim bonus sebesar IDR80.000	1	[{"added": {}}]	20	1
516	2026-01-24 23:01:21.920439+07	44	Mission 44 - deposit: Kumpulkan total keseluruhan tim tingkat 1 mencapai IDR900.000 dan klaim bonus sebesar IDR80.000	2	[{"changed": {"fields": ["Level downline yang dihitung"]}}]	20	1
517	2026-01-24 23:02:50.113691+07	45	Mission 45 - deposit: Kumpulkan total keseluruhan tim tingkat 1 mencapai IDR1.800.000 dan klaim bonus sebesar IDR120.000	1	[{"added": {}}]	20	1
518	2026-01-24 23:03:21.42477+07	46	Mission 46 - deposit: Kumpulkan total keseluruhan tim tingkat 1 mencapai IDR3.500.000 dan klaim bonus sebesar IDR250.000	1	[{"added": {}}]	20	1
519	2026-01-24 23:04:19.381808+07	47	Mission 47 - deposit: Kumpulkan total keseluruhan tim tingkat 1 mencapai IDR5.000.000 dan klaim bonus sebesar IDR450.000	1	[{"added": {}}]	20	1
520	2026-01-24 23:04:49.830169+07	48	Mission 48 - deposit: Kumpulkan total keseluruhan tim tingkat 1 mencapai IDR7.800.000 dan klaim bonus sebesar IDR750.000	1	[{"added": {}}]	20	1
521	2026-01-24 23:05:20.515173+07	49	Mission 49 - deposit: Kumpulkan total keseluruhan tim tingkat 1 mencapai IDR10.000.000 dan klaim bonus sebesar IDR980.000	1	[{"added": {}}]	20	1
522	2026-01-24 23:06:40.462394+07	50	Mission 50 - deposit: Kumpulkan total keseluruhan tim tingkat 1 mencapai IDR15.000.000 dan klaim bonus sebesar IDR1.500.000	1	[{"added": {}}]	20	1
523	2026-01-24 23:10:21.906888+07	9	PowerVault AA	3		11	1
524	2026-01-24 23:10:21.912522+07	8	PowerVault M	3		11	1
525	2026-01-24 23:10:21.914054+07	7	PowerVault L	3		11	1
526	2026-01-24 23:10:21.914667+07	6	PowerVault Secure	3		11	1
527	2026-01-24 23:10:21.915681+07	5	Tower One	3		11	1
528	2026-01-24 23:10:21.917268+07	4	Tower Dualingal	3		11	1
529	2026-01-24 23:10:21.918808+07	3	Tower Meridian	3		11	1
530	2026-01-24 23:10:21.92034+07	2	SmartStorage X	3		11	1
531	2026-01-24 23:10:21.92034+07	1	EdgeStorage	3		11	1
532	2026-01-24 23:10:21.922063+07	36	GridStorage Pro	3		11	1
533	2026-01-24 23:19:06.512529+07	10	Cloud AI	2	[{"changed": {"fields": ["Name", "Description", "Price", "Image", "Specifications", "Purchase limit", "Max purchase count", "Profit rate", "Profit method", "Duration (days)", "Claim reset mode", "Claim reset hours", "Purchase rebate level 1", "Purchase rebate level 2"]}}]	11	1
534	2026-01-24 23:20:14.465546+07	12	NeuralAi-24827	1	[{"added": {}}]	11	1
535	2026-01-24 23:21:25.174987+07	13	InsightAi-10382	1	[{"added": {}}]	11	1
536	2026-01-24 23:22:19.076403+07	14	VisionAi-92639	1	[{"added": {}}]	11	1
537	2026-01-24 23:23:14.466784+07	15	SecureAi-17492	1	[{"added": {}}]	11	1
538	2026-01-24 23:24:13.07774+07	16	OpsAi-74692	1	[{"added": {}}]	11	1
539	2026-01-24 23:25:27.038935+07	17	ChatAi-49361	1	[{"added": {}}]	11	1
540	2026-01-24 23:26:15.659614+07	18	DevAi-27491	1	[{"added": {}}]	11	1
541	2026-01-24 23:26:32.558147+07	2	WhatsApp (whatsapp)	3		30	1
542	2026-01-24 23:27:07.021632+07	1	Telegram (telegram)	2	[{"changed": {"fields": ["Url", "Description"]}}]	30	1
543	2026-01-25 00:00:03.096378+07	85	DEP-20260124235949-4E3C2E - JAYAPAY - 77	2	[{"changed": {"fields": ["Status"]}}]	29	1
544	2026-01-25 00:00:33.052084+07	1633	DEP-20260124235949-4E3C2E - +628000000002	2	[{"changed": {"fields": ["Type", "Status"]}}]	12	1
545	2026-01-25 00:03:16.948281+07	43	Mission 43 - deposit: Kumpulkan total keseluruhan tim tingkat 1 mencapai Rp 300.000 dan klaim bonus sebesar Rp 30.000	2	[{"changed": {"fields": ["Deskripsi"]}}]	20	1
546	2026-01-25 00:03:39.881219+07	44	Mission 44 - deposit: Kumpulkan total keseluruhan tim tingkat 1 mencapai Rp 900.000 dan klaim bonus sebesar Rp 80.000	2	[{"changed": {"fields": ["Deskripsi"]}}]	20	1
547	2026-01-25 00:04:02.237866+07	45	Mission 45 - deposit: Kumpulkan total keseluruhan tim tingkat 1 mencapai Rp 1.800.000 dan klaim bonus sebesar Rp 120.000	2	[{"changed": {"fields": ["Deskripsi"]}}]	20	1
548	2026-01-25 00:04:27.81175+07	46	Mission 46 - deposit: Kumpulkan total keseluruhan tim tingkat 1 mencapai Rp 3.500.000 dan klaim bonus sebesar Rp 250.000	2	[{"changed": {"fields": ["Deskripsi"]}}]	20	1
549	2026-01-25 00:04:51.668862+07	47	Mission 47 - deposit: Kumpulkan total keseluruhan tim tingkat 1 mencapai Rp 5.000.000 dan klaim bonus sebesar Rp 450.000	2	[{"changed": {"fields": ["Deskripsi"]}}]	20	1
550	2026-01-25 00:10:41.305506+07	86	DEP-20260125001020-B1505A - JAYAPAY - 78	2	[{"changed": {"fields": ["Status"]}}]	29	1
551	2026-01-25 00:11:25.130944+07	1641	DEP-20260125001020-B1505A - +628000000003	2	[{"changed": {"fields": ["Type", "Status"]}}]	12	1
552	2026-01-25 13:36:31.123107+07	1	Telegram (telegram)	2	[]	30	1
553	2026-01-25 13:45:02.19438+07	76	user185180@algosphere.com	2	[{"changed": {"fields": ["Balance deposit"]}}]	8	1
554	2026-01-25 14:08:06.305846+07	30	+6289595959595 - OVO(OVO) 123456789	3		23	1
555	2026-01-25 14:11:52.580686+07	117	+6286565656565 - Cloud AI (1x)	3		13	1
556	2026-02-12 15:54:05.365957+07	8	as (fixed)	1	[{"added": {}}]	18	1
557	2026-02-12 18:50:11.798443+07	8	as (fixed)	2	[{"changed": {"fields": ["Is daily claim"]}}]	18	1
558	2026-02-12 19:10:06.128057+07	8	auto (fixed)	2	[{"changed": {"fields": ["Code"]}}]	18	1
559	2026-02-12 19:20:14.055269+07	8	auto (fixed)	2	[{"changed": {"fields": ["Usage limit"]}}]	18	1
560	2026-02-12 19:35:21.83573+07	1	WithdrawalSettings(active=True)	2	[{"changed": {"fields": ["Require pin"]}}]	25	1
561	2026-02-15 14:34:49.919931+07	10	Cloud AI	2	[{"changed": {"fields": ["Image"]}}]	11	1
562	2026-02-16 01:56:39.808909+07	1	Referral Code: mixed/6	2	[{"changed": {"fields": ["Require withdraw pin on purchase"]}}]	9	1
563	2026-02-16 14:34:53.066291+07	1	1 jam (5 jam, 15%)	1	[{"added": {}}]	38	1
564	2026-02-16 14:42:11.271262+07	2	2 Jam (1 jam, 11%)	1	[{"added": {}}]	38	1
565	2026-02-16 14:42:31.344079+07	3	3 jam (13 jam, 10%)	1	[{"added": {}}]	38	1
566	2026-02-16 16:59:00.244711+07	2	ChatThread(user=2, closed=False)	2	[{"added": {"name": "support chat message", "object": "Msg(thread=2, sender=ADMIN, at=2026-02-16 09:59:00.244711+00:00)"}}]	33	1
567	2026-02-16 18:16:09.525925+07	31	+6289595959595 - GOPAY(GOPAY) 5555555	3		23	1
568	2026-02-16 18:23:19.242225+07	12	Yaya (fixed)	1	[{"added": {}}]	18	1
569	2026-02-16 18:24:36.014061+07	12	test (fixed)	2	[{"changed": {"fields": ["Code", "Start at"]}}]	18	1
570	2026-02-16 18:25:01.612725+07	8	auto (fixed)	2	[{"changed": {"fields": ["Is active", "Is daily claim"]}}]	18	1
571	2026-02-16 18:25:37.099947+07	12	test (fixed)	2	[{"changed": {"fields": ["Is daily claim"]}}]	18	1
572	2026-02-17 10:44:52.906956+07	1	Referral Code: upper/7	2	[{"changed": {"fields": ["Referral code case", "Referral code length", "Referral code pattern", "Registration bonus enabled", "Registration bonus amount", "Require withdraw pin on register"]}}]	9	1
573	2026-02-17 10:45:07.745987+07	5	Testing 1 - Jawa jawa jawa 13349 - Jawa jawa jawa	3		35	1
574	2026-02-17 10:45:07.748627+07	4	Test03 - Test - Test	3		35	1
575	2026-02-17 10:45:07.748627+07	2	Yuyun - Singapore,singa,pore,88788 - Shangsu,shang,su,12	3		35	1
576	2026-02-17 10:45:07.750178+07	1	cfgfdghdh - sgdfghf - gjh	3		35	1
577	2026-02-17 10:45:07.750178+07	3	Test01 - Test01 test01 - Test01	3		35	1
578	2026-02-17 10:45:43.069819+07	3	AttendanceSettings(id=3, active=True)	2	[{"changed": {"fields": ["Reward type", "Fixed amount", "Min amount", "Max amount"]}}]	16	1
579	2026-02-17 10:45:57.415664+07	1	Max Banks Per User: 1	2	[]	24	1
580	2026-02-17 10:46:21.781592+07	18	Bank Central Asia (BCA)	2	[{"changed": {"fields": ["Name", "Min withdrawal"]}}]	22	1
581	2026-02-17 10:46:38.085161+07	18	Bank Central Asia (BCA)	2	[{"changed": {"fields": ["Withdrawal fee", "Processing time"]}}]	22	1
582	2026-02-17 10:46:45.776662+07	17	Bank Negara Indonesia(BNI) (BNI)	2	[{"changed": {"fields": ["Withdrawal fee"]}}]	22	1
583	2026-02-17 10:46:55.049485+07	17	Bank Negara Indonesia(BNI) (BNI)	2	[{"changed": {"fields": ["Min withdrawal"]}}]	22	1
584	2026-02-17 10:47:04.482875+07	15	Bank Rakyat Indonesia(BRI) (BRI)	2	[{"changed": {"fields": ["Min withdrawal", "Withdrawal fee"]}}]	22	1
585	2026-02-17 10:47:15.747698+07	13	DANA(DANA) (DANA)	2	[{"changed": {"fields": ["Min withdrawal", "Withdrawal fee"]}}]	22	1
586	2026-02-17 10:47:25.119125+07	14	GOPAY(GOPAY) (GOPAY)	2	[{"changed": {"fields": ["Min withdrawal", "Withdrawal fee"]}}]	22	1
587	2026-02-17 10:47:36.898513+07	20	Mandiri(Bank Mandiri) (MANDIRI)	2	[{"changed": {"fields": ["Min withdrawal", "Withdrawal fee"]}}]	22	1
588	2026-02-17 10:47:50.222851+07	12	OVO (OVO)	2	[{"changed": {"fields": ["Name", "Min withdrawal", "Withdrawal fee"]}}]	22	1
589	2026-02-17 10:48:01.034945+07	20	Mandiri (MANDIRI)	2	[{"changed": {"fields": ["Name"]}}]	22	1
590	2026-02-17 10:48:07.610712+07	14	GOPAY (GOPAY)	2	[{"changed": {"fields": ["Name"]}}]	22	1
591	2026-02-17 10:48:13.264604+07	13	DANA (DANA)	2	[{"changed": {"fields": ["Name"]}}]	22	1
592	2026-02-17 10:48:18.741342+07	15	Bank Rakyat Indonesia (BRI)	2	[{"changed": {"fields": ["Name"]}}]	22	1
593	2026-02-17 10:48:23.492851+07	17	Bank Negara Indonesia (BNI)	2	[{"changed": {"fields": ["Name"]}}]	22	1
594	2026-02-17 10:49:35.05743+07	50	Mission 50 - deposit: Kumpulkan total keseluruhan tim tingkat 1 mencapai IDR15.000.000 dan klaim bonus sebesar IDR1.500.000	3		20	1
595	2026-02-17 10:49:35.063985+07	49	Mission 49 - deposit: Kumpulkan total keseluruhan tim tingkat 1 mencapai IDR10.000.000 dan klaim bonus sebesar IDR980.000	3		20	1
596	2026-02-17 10:49:35.065527+07	48	Mission 48 - deposit: Kumpulkan total keseluruhan tim tingkat 1 mencapai IDR7.800.000 dan klaim bonus sebesar IDR750.000	3		20	1
597	2026-02-17 10:49:35.065527+07	47	Mission 47 - deposit: Kumpulkan total keseluruhan tim tingkat 1 mencapai Rp 5.000.000 dan klaim bonus sebesar Rp 450.000	3		20	1
598	2026-02-17 10:49:35.067075+07	46	Mission 46 - deposit: Kumpulkan total keseluruhan tim tingkat 1 mencapai Rp 3.500.000 dan klaim bonus sebesar Rp 250.000	3		20	1
599	2026-02-17 10:49:35.067075+07	45	Mission 45 - deposit: Kumpulkan total keseluruhan tim tingkat 1 mencapai Rp 1.800.000 dan klaim bonus sebesar Rp 120.000	3		20	1
600	2026-02-17 10:49:35.068599+07	44	Mission 44 - deposit: Kumpulkan total keseluruhan tim tingkat 1 mencapai Rp 900.000 dan klaim bonus sebesar Rp 80.000	3		20	1
601	2026-02-17 10:49:35.068599+07	43	Mission 43 - deposit: Kumpulkan total keseluruhan tim tingkat 1 mencapai Rp 300.000 dan klaim bonus sebesar Rp 30.000	3		20	1
602	2026-02-17 10:50:40.529267+07	51	Mission 51 - active_downline: Undang 10 teman tingkat 1-3 untuk membuka peti 50000	1	[{"added": {}}]	20	1
603	2026-02-17 10:51:45.958268+07	19	CoreVolt Menetapkan Core Values sebagai Landasan Budaya Perusahaan	3		31	1
604	2026-02-17 10:51:45.96591+07	18	CoreVolt Menegaskan Nilai Inti dan Budaya Kerja sebagai Fondasi Pengembangan Perusahaan	3		31	1
605	2026-02-17 10:51:45.967462+07	17	CoreVolt Mengarahkan Pengembangan Layanan untuk Meningkatkan Nilai Tambah bagi Pengguna	3		31	1
606	2026-02-17 10:51:45.967462+07	16	CoreVolt Mengarahkan Pengembangan Layanan untuk Meningkatkan Nilai Keuntungan Langganan	3		31	1
607	2026-02-17 10:51:45.969028+07	15	CoreVolt Menetapkan Misi Pengembangan Keuntungan Berbasis Langganan	3		31	1
608	2026-02-17 10:51:45.969692+07	14	CoreVolt Memperkuat Strategi Komunikasi Digital untuk Menjangkau Masyarakat Lebih Luas	3		31	1
609	2026-02-17 10:51:45.970725+07	13	CoreVolt Mendorong Pemahaman Pengguna melalui Transparansi Mekanisme Layanan	3		31	1
610	2026-02-17 10:51:45.970725+07	12	CoreVolt Menyusun Arsitektur Program Berbasis Periode untuk Mendukung Perencanaan Pengguna	3		31	1
611	2026-02-17 10:51:45.971641+07	11	CoreVolt Memperkenalkan Struktur Layanan Terintegrasi dengan Pendekatan Berjenjang	3		31	1
612	2026-02-17 10:51:45.972152+07	10	CoreVolt Menegaskan Arah Visi Pengembangan Layanan Berbasis Nilai dan Keberlanjutan	3		31	1
613	2026-02-17 10:51:45.972152+07	9	CoreVolt Menegaskan Komitmen terhadap Keamanan dan Keandalan Sistem	3		31	1
614	2026-02-17 10:51:45.973063+07	8	CoreVolt Memperluas Arah Pengembangan Layanan Berbasis Keanggotaan	3		31	1
615	2026-02-17 10:51:45.973577+07	7	CoreVolt Memperkuat Sistem Layanan untuk Mendukung Pengalaman Pengguna	3		31	1
616	2026-02-17 10:51:45.974165+07	6	CoreVolt Resmi Meluncurkan Program VIP Berjenjang	3		31	1
617	2026-02-17 10:57:16.909506+07	20	Ocerin Foundation Luncurkan Program Konservasi Laut Berkelanjutan	1	[{"added": {}}]	31	1
618	2026-02-17 10:58:49.332881+07	18	DevAi-27491	3		11	1
619	2026-02-17 10:58:49.335936+07	17	ChatAi-49361	3		11	1
620	2026-02-17 10:58:49.337466+07	16	OpsAi-74692	3		11	1
621	2026-02-17 10:58:49.337466+07	15	SecureAi-17492	3		11	1
622	2026-02-17 10:58:49.339024+07	14	VisionAi-92639	3		11	1
623	2026-02-17 10:58:49.339024+07	13	InsightAi-10382	3		11	1
624	2026-02-17 10:58:49.339024+07	12	NeuralAi-24827	3		11	1
625	2026-02-17 10:58:49.340572+07	10	Cloud AI	3		11	1
626	2026-02-17 11:04:16.580274+07	19	Proyek Konservasi-Penyu Laut	1	[{"added": {}}]	11	1
627	2026-02-17 11:08:26.835907+07	2	ChatThread(user=2, closed=False)	3		33	1
628	2026-02-17 11:08:26.841022+07	12	ChatThread(user=62, closed=False)	3		33	1
629	2026-02-17 11:08:26.842029+07	11	ChatThread(user=58, closed=False)	3		33	1
630	2026-02-17 11:08:26.842534+07	10	ChatThread(user=56, closed=False)	3		33	1
631	2026-02-17 11:08:26.843537+07	9	ChatThread(user=55, closed=False)	3		33	1
632	2026-02-17 11:08:26.843537+07	8	ChatThread(user=54, closed=False)	3		33	1
633	2026-02-17 11:08:26.843537+07	7	ChatThread(user=52, closed=False)	3		33	1
634	2026-02-17 11:08:26.845072+07	6	ChatThread(user=51, closed=False)	3		33	1
635	2026-02-17 11:08:26.845072+07	5	ChatThread(user=50, closed=False)	3		33	1
636	2026-02-17 11:08:26.845072+07	4	ChatThread(user=43, closed=False)	3		33	1
637	2026-02-17 11:08:26.846601+07	3	ChatThread(user=1, closed=False)	3		33	1
638	2026-02-17 11:08:26.846601+07	1	ChatThread(user=2, closed=True)	3		33	1
639	2026-02-17 11:08:50.632553+07	11	LIMITTEST (fixed)	3		18	1
640	2026-02-17 11:08:50.639036+07	9	DAILYTEST (fixed)	3		18	1
641	2026-02-17 11:08:50.641724+07	5	654321 (fixed)	3		18	1
642	2026-02-17 11:08:50.641724+07	4	123456 (fixed)	3		18	1
643	2026-02-17 11:10:47.492398+07	1	WithdrawalSettings(active=True)	2	[]	25	1
644	2026-02-17 16:56:34.159147+07	19	Proyek Konservasi-Penyu Laut	2	[{"changed": {"fields": ["Balance source"]}}]	11	1
645	2026-02-17 17:24:10.422019+07	8	auto (fixed)	2	[{"changed": {"fields": ["Expires at", "Balance type"]}}]	18	1
646	2026-02-17 17:24:20.214363+07	12	test (fixed)	3		18	1
647	2026-02-17 17:24:39.904807+07	8	auto (fixed)	2	[{"changed": {"fields": ["Expires at"]}}]	18	1
648	2026-02-17 17:24:57.904937+07	8	auto (fixed)	2	[{"changed": {"fields": ["Is active", "Is daily claim"]}}]	18	1
649	2026-02-17 19:24:47.033495+07	94	user_mlqelp1g_hxwesp@example.com	2	[{"changed": {"fields": ["password"]}}]	8	1
650	2026-02-17 19:25:05.428793+07	94	user_mlqelp1g_hxwesp@example.com	2	[{"changed": {"fields": ["Phone"]}}]	8	1
651	2026-02-17 19:58:05.751494+07	8	auto (fixed)	2	[{"changed": {"fields": ["Is active", "Is daily claim"]}}]	18	1
652	2026-02-17 19:58:39.310489+07	13	Auto01 (fixed)	1	[{"added": {}}]	18	1
653	2026-02-17 19:58:49.978127+07	13	Auto01 (fixed)	2	[{"changed": {"fields": ["Balance type"]}}]	18	1
794	2026-02-18 22:21:32.27946+07	60	testing05@gmail.com	3		8	1
654	2026-02-17 21:41:10.172101+07	19	Proyek Konservasi-Penyu Laut	2	[{"changed": {"fields": ["Price", "Profit rate"]}}]	11	1
655	2026-02-18 01:46:24.461584+07	64	uxxser@example.com	3		8	1
656	2026-02-18 01:47:52.795362+07	96	user_mlqyfwo1_9a9rkp@example.com	3		8	1
657	2026-02-18 02:08:49.441821+07	19	Proyek Konservasi-Penyu Laut	2	[{"changed": {"fields": ["Return principal on completion"]}}]	11	1
658	2026-02-18 11:53:13.958232+07	3	AttendanceSettings(id=3, active=True)	2	[{"changed": {"fields": ["Fixed amount", "Min amount", "Max amount"]}}]	16	1
659	2026-02-18 11:53:27.979748+07	18	Bank Central Asia (BCA)	2	[{"changed": {"fields": ["Min withdrawal"]}}]	22	1
660	2026-02-18 11:53:34.827366+07	17	Bank Negara Indonesia (BNI)	2	[{"changed": {"fields": ["Min withdrawal"]}}]	22	1
661	2026-02-18 11:53:41.716171+07	15	Bank Rakyat Indonesia (BRI)	2	[{"changed": {"fields": ["Min withdrawal"]}}]	22	1
662	2026-02-18 11:53:47.981705+07	13	DANA (DANA)	2	[{"changed": {"fields": ["Min withdrawal"]}}]	22	1
663	2026-02-18 11:53:56.318245+07	14	GOPAY (GOPAY)	2	[{"changed": {"fields": ["Min withdrawal"]}}]	22	1
664	2026-02-18 11:54:03.908289+07	20	Mandiri (MANDIRI)	2	[{"changed": {"fields": ["Min withdrawal"]}}]	22	1
665	2026-02-18 11:55:09.594948+07	12	OVO (OVO)	2	[{"changed": {"fields": ["Min withdrawal"]}}]	22	1
666	2026-02-18 12:40:10.475843+07	19	Proyek Konservasi-Uji Coba Biota	2	[{"changed": {"fields": ["Name", "Image", "Purchase limit", "Max purchase count", "Profit method", "Duration (days)", "Purchase rebate level 1", "Profit rebate level 1", "Profit rebate level 2", "Profit rebate level 3"]}}]	11	1
667	2026-02-18 12:42:57.358844+07	20	Proyek Konservasi-Kuda Laut	1	[{"added": {}}]	11	1
668	2026-02-18 12:43:21.151134+07	20	Proyek Konservasi-Kuda Laut	2	[]	11	1
669	2026-02-18 12:44:38.755149+07	21	Proyek Konservasi-Kerang Laut	1	[{"added": {}}]	11	1
670	2026-02-18 12:45:46.154104+07	22	Proyek Konservasi-Penyu Laut	1	[{"added": {}}]	11	1
671	2026-02-18 12:47:15.12996+07	23	Proyek Konservasi-Terumbu Karang	1	[{"added": {}}]	11	1
672	2026-02-18 12:51:45.093454+07	24	Proyek Konservasi-Padang Lamun	1	[{"added": {}}]	11	1
673	2026-02-18 12:52:58.091134+07	13	Auto01 (fixed)	3		18	1
674	2026-02-18 12:54:45.437136+07	1	Tarif biaya 13%-5 Jam Proses (5 jam, 13%)	2	[{"changed": {"fields": ["Name", "Description", "Fee percent"]}}]	38	1
675	2026-02-18 12:55:33.121565+07	2	Tarif biaya 9%-24 Jam Proses (24 jam, 9%)	2	[{"changed": {"fields": ["Name", "Description", "Duration hours", "Fee percent"]}}]	38	1
676	2026-02-18 12:56:09.941967+07	3	Tarif biaya 5%-48 Jam Proses (48 jam, 5%)	2	[{"changed": {"fields": ["Name", "Description", "Duration hours", "Fee percent"]}}]	38	1
677	2026-02-18 12:56:53.50523+07	41	+6289595959595 - 50000.00 (PENDING)	3		26	1
678	2026-02-18 12:56:53.511787+07	40	+6289595959595 - 50000.00 (PENDING)	3		26	1
679	2026-02-18 12:56:53.512307+07	39	89494949494 - 90000.00 (PENDING)	3		26	1
680	2026-02-18 12:56:53.513865+07	38	+6289595959595 - 50000.00 (PENDING)	3		26	1
681	2026-02-18 12:56:53.513865+07	37	+628000000001 - 35000.00 (PENDING)	3		26	1
682	2026-02-18 12:56:53.513865+07	36	+6289595959595 - 35000.00 (PENDING)	3		26	1
683	2026-02-18 12:56:53.515398+07	35	+6289595959595 - 35000.00 (PENDING)	3		26	1
684	2026-02-18 12:56:53.515398+07	34	+6289595959595 - 35000.00 (PENDING)	3		26	1
685	2026-02-18 12:56:53.516925+07	33	+628000000004 - 50000.00 (PENDING)	3		26	1
686	2026-02-18 12:56:53.516925+07	32	+6286565656565 - 50000.00 (PENDING)	3		26	1
687	2026-02-18 12:56:53.516925+07	31	+628111222333 - 50000.00 (PENDING)	3		26	1
688	2026-02-18 12:56:53.518447+07	30	+6289595959595 - 50000.00 (PENDING)	3		26	1
689	2026-02-18 12:56:53.519009+07	29	+628111222333 - 100000.00 (COMPLETED)	3		26	1
690	2026-02-18 12:56:53.519659+07	28	+628111222333 - 100000.00 (REJECTED)	3		26	1
691	2026-02-18 12:56:53.520587+07	27	85770404123 - 50000.00 (PENDING)	3		26	1
692	2026-02-18 12:56:53.520587+07	26	+6289595959595 - 50000.00 (PENDING)	3		26	1
693	2026-02-18 12:56:53.520587+07	25	+6289595959595 - 50000.00 (PENDING)	3		26	1
694	2026-02-18 12:56:53.522115+07	24	+6289595959595 - 100000.00 (PENDING)	3		26	1
695	2026-02-18 12:56:53.522115+07	23	+6289595959595 - 100000.00 (PENDING)	3		26	1
696	2026-02-18 12:56:53.522115+07	22	+6289595959595 - 100000.00 (PENDING)	3		26	1
697	2026-02-18 12:56:53.523653+07	21	+6289595959595 - 70000.00 (PENDING)	3		26	1
698	2026-02-18 12:56:53.523653+07	20	+6289595959595 - 700000.00 (COMPLETED)	3		26	1
699	2026-02-18 12:56:53.523653+07	19	083812591985 - 58750.00 (COMPLETED)	3		26	1
700	2026-02-18 12:56:53.525197+07	18	082122425470 - 48000.00 (PENDING)	3		26	1
701	2026-02-18 12:56:53.525197+07	17	082122425470 - 66750.00 (COMPLETED)	3		26	1
702	2026-02-18 12:56:53.526754+07	16	082122425470 - 66750.00 (REJECTED)	3		26	1
703	2026-02-18 12:56:53.526754+07	15	081808368211 - 100000.00 (PENDING)	3		26	1
704	2026-02-18 12:56:53.526754+07	14	081808368211 - 100000.00 (PENDING)	3		26	1
705	2026-02-18 12:56:53.528287+07	13	+6289595959595 - 100000.00 (PENDING)	3		26	1
706	2026-02-18 12:56:53.528287+07	12	+6289595959595 - 100000.00 (PENDING)	3		26	1
707	2026-02-18 12:56:53.528287+07	11	+6289595959595 - 100000.00 (PENDING)	3		26	1
708	2026-02-18 12:56:53.528287+07	10	+6289595959595 - 50000.00 (REJECTED)	3		26	1
709	2026-02-18 12:56:53.529836+07	9	+6289595959595 - 50000.00 (COMPLETED)	3		26	1
710	2026-02-18 12:56:53.529836+07	8	+6289595959595 - 50000.00 (COMPLETED)	3		26	1
711	2026-02-18 12:56:53.529836+07	7	0800123456789 - 50000.00 (REJECTED)	3		26	1
712	2026-02-18 12:56:53.531636+07	6	0800123456789 - 1022640.58 (COMPLETED)	3		26	1
713	2026-02-18 12:56:53.532677+07	5	0800123456789 - 1022640.58 (REJECTED)	3		26	1
714	2026-02-18 12:56:53.532677+07	4	8223456789 - 266274.73 (COMPLETED)	3		26	1
715	2026-02-18 12:56:53.534255+07	3	81123456789 - 269949.79 (COMPLETED)	3		26	1
716	2026-02-18 12:56:53.534255+07	2	80123456789 - 271245.64 (COMPLETED)	3		26	1
717	2026-02-18 12:56:53.534255+07	1	+6289595959595 - 50000.00 (REJECTED)	3		26	1
718	2026-02-18 13:25:22.779475+07	1	WithdrawalSettings(active=False)	2	[{"changed": {"fields": ["Is active"]}}]	25	1
719	2026-02-18 13:27:22.169447+07	1	WithdrawalSettings(active=True)	2	[{"changed": {"fields": ["Is active"]}}]	25	1
720	2026-02-18 13:42:00.596396+07	14	auto01 (fixed)	1	[{"added": {}}]	18	1
721	2026-02-18 13:44:13.915098+07	14	auto01 (fixed)	3		18	1
722	2026-02-18 13:44:48.049158+07	8	auto (fixed)	2	[{"changed": {"fields": ["Start at", "Expires at"]}}]	18	1
723	2026-02-18 13:45:09.161233+07	8	auto (fixed)	2	[{"changed": {"fields": ["Is active"]}}]	18	1
724	2026-02-18 13:45:23.889128+07	8	auto (fixed)	2	[{"changed": {"fields": ["Is daily claim"]}}]	18	1
725	2026-02-18 13:46:42.106246+07	8	auto (fixed)	2	[{"changed": {"fields": ["Start at", "Expires at", "Amount"]}}]	18	1
726	2026-02-18 13:47:00.853405+07	8	auto (fixed)	2	[{"changed": {"fields": ["Is active", "Is daily claim"]}}]	18	1
727	2026-02-18 13:47:06.494124+07	8	auto (fixed)	2	[{"changed": {"fields": ["Is active", "Is daily claim"]}}]	18	1
728	2026-02-18 13:56:57.276991+07	99	user_mlroh44b_4hux40@example.com	2	[{"changed": {"fields": ["Phone"]}}]	8	1
729	2026-02-18 13:57:16.276699+07	32	42mpcwhmgkve3mu4bsei@example.com	2	[{"changed": {"fields": ["Phone"]}}]	8	1
730	2026-02-18 13:57:28.889719+07	14	cuniy3c6u7g46l4wd37l@example.com	2	[{"changed": {"fields": ["Phone"]}}]	8	1
731	2026-02-18 13:57:36.077625+07	15	u6d95uowhwvn5eo0924p@example.com	2	[{"changed": {"fields": ["Phone"]}}]	8	1
732	2026-02-18 13:57:47.074463+07	9	7ys0gub7vt3jlyu5eh5n@example.com	2	[{"changed": {"fields": ["Phone"]}}]	8	1
733	2026-02-18 14:04:21.203286+07	33	+6289595959595 - Mandiri 984829502	3		23	1
734	2026-02-18 14:04:21.206303+07	32	89494949494 - GOPAY 12345678	3		23	1
735	2026-02-18 14:04:21.206303+07	29	+628000000004 - OVO 193828292	3		23	1
736	2026-02-18 14:04:21.207827+07	28	+628000000001 - Bank Negara Indonesia 37272281	3		23	1
737	2026-02-18 14:04:21.208335+07	27	+62899123456789 - OVO 1234567	3		23	1
738	2026-02-18 14:04:21.208335+07	26	+6286565656565 - Bank Rakyat Indonesia 123456789	3		23	1
739	2026-02-18 14:24:14.873252+07	51	Mission 51 - active_downline: Kelas 1-3 Tambahkan 8 orang Hadiah peti harta karun 20000 Rp	2	[{"changed": {"fields": ["Deskripsi", "Ambang Progres", "Nominal Hadiah"]}}]	20	1
740	2026-02-18 14:25:18.423562+07	52	Mission 52 - active_downline: Kelas 1-3 Tambahkan 15 orang Hadiah peti harta karun 45000 Rp	1	[{"added": {}}]	20	1
741	2026-02-18 14:26:06.342913+07	53	Mission 53 - active_downline: Kelas 1-3 Tambahkan 25 orang Hadiah peti harta karun 80000 Rp	1	[{"added": {}}]	20	1
742	2026-02-18 14:26:50.351175+07	54	Mission 54 - active_downline: Kelas 1-3 Tambahkan 35 orang Hadiah peti harta karun 130000 Rp	1	[{"added": {}}]	20	1
743	2026-02-18 14:27:33.453275+07	55	Mission 55 - active_downline: Kelas 1-3 Tambahkan 60 orang Hadiah peti harta karun 180000 Rp	1	[{"added": {}}]	20	1
744	2026-02-18 14:28:13.751961+07	56	Mission 56 - active_downline: Kelas 1-3 Tambahkan 90 orang Hadiah peti harta karun 260000 Rp	1	[{"added": {}}]	20	1
745	2026-02-18 14:28:51.78624+07	57	Mission 57 - active_downline: Kelas 1-3 Tambahkan 140 orang Hadiah peti harta karun 450000 Rp	1	[{"added": {}}]	20	1
746	2026-02-18 14:29:59.523003+07	58	Mission 58 - active_downline: Kelas 1-3 Tambahkan 200 orang Hadiah peti harta karun 700000	1	[{"added": {}}]	20	1
747	2026-02-18 14:32:16.147481+07	59	Mission 59 - active_downline: Kelas 1-3 Tambahkan 350 orang Hadiah peti harta karun 1000000 Rp	1	[{"added": {}}]	20	1
748	2026-02-18 14:33:18.620859+07	60	Mission 60 - active_downline: Kelas 1-3 Tambahkan 600 orang Hadiah peti harta karun 2500000 Rp	1	[{"added": {}}]	20	1
749	2026-02-18 14:42:22.445418+07	51	Mission 51 - active_downline: Kelas 1-3 Tambahkan 8 orang Hadiah peti harta karun 20000 Rp	2	[{"changed": {"fields": ["Ambang Progres"]}}]	20	1
750	2026-02-18 14:51:01.93738+07	104	user_mlrqe1bq_b37s9x@example.com	2	[{"changed": {"fields": ["Balance"]}}]	8	1
751	2026-02-18 14:53:14.653745+07	51	Mission 51 - active_downline: Kelas 1-3 Tambahkan 3 orang Hadiah peti harta karun 20000 Rp	2	[{"changed": {"fields": ["Deskripsi"]}}]	20	1
752	2026-02-18 19:50:27.002195+07	140	+6285770404473 - Proyek Konservasi-Uji Coba Biota (1x)	3		13	1
753	2026-02-18 19:50:27.022583+07	139	+6285770404473 - Proyek Konservasi-Uji Coba Biota (1x)	3		13	1
754	2026-02-18 19:50:39.021956+07	126	+6285770404473 - Proyek Konservasi-Uji Coba Biota (1x)	3		13	1
755	2026-02-18 20:07:07.492611+07	1	Referral Code: upper/7	2	[{"changed": {"fields": ["Whatsapp check enabled"]}}]	9	1
756	2026-02-18 22:14:32.183994+07	1	Referral Code: upper/7	2	[{"changed": {"fields": ["Whatsapp check enabled"]}}]	9	1
757	2026-02-18 22:14:52.154212+07	35	+6285770404473 - DANA 12345678	3		23	1
758	2026-02-18 22:14:52.155218+07	34	+6289595959595 - GOPAY 123456789	3		23	1
759	2026-02-18 22:17:56.816361+07	19	Proyek Konservasi-Uji Coba Biota	2	[{"changed": {"fields": ["Purchase rebate level 2"]}}]	11	1
760	2026-02-18 22:18:59.243404+07	15	ChatThread(user=2, closed=False)	3		33	1
761	2026-02-18 22:18:59.246456+07	14	ChatThread(user=1, closed=False)	3		33	1
762	2026-02-18 22:18:59.248026+07	13	ChatThread(user=94, closed=False)	3		33	1
763	2026-02-18 22:21:32.25281+07	104	user_mlrqe1bq_b37s9x@example.com	3		8	1
764	2026-02-18 22:21:32.257418+07	103	user_mlrq8l8n_plex9q@example.com	3		8	1
765	2026-02-18 22:21:32.257418+07	102	user_mlrpxngv_ixoghl@example.com	3		8	1
766	2026-02-18 22:21:32.258951+07	101	user_mlromhyl_k9rbjr@example.com	3		8	1
767	2026-02-18 22:21:32.258951+07	100	user_mlrokm7n_qchsyj@example.com	3		8	1
768	2026-02-18 22:21:32.26048+07	99	user_mlroh44b_4hux40@example.com	3		8	1
769	2026-02-18 22:21:32.262011+07	98	user_mlrodpe7_wlo0mb@example.com	3		8	1
770	2026-02-18 22:21:32.262011+07	97	user_mlqyfwo1_9a9rkp@example.com	3		8	1
771	2026-02-18 22:21:32.263541+07	95	user_mlqiqns4_fxnlep@example.com	3		8	1
772	2026-02-18 22:21:32.264548+07	91	l3@test.com	3		8	1
773	2026-02-18 22:21:32.265053+07	90	l2@test.com	3		8	1
774	2026-02-18 22:21:32.265053+07	89	l1@test.com	3		8	1
775	2026-02-18 22:21:32.268949+07	83		3		8	1
776	2026-02-18 22:21:32.268949+07	79	user410924@algosphere.com	3		8	1
777	2026-02-18 22:21:32.268949+07	78	user876015@algosphere.com	3		8	1
778	2026-02-18 22:21:32.270487+07	77	user107384@algosphere.com	3		8	1
779	2026-02-18 22:21:32.271879+07	76	user185180@algosphere.com	3		8	1
780	2026-02-18 22:21:32.271879+07	75	user999208@algosphere.com	3		8	1
781	2026-02-18 22:21:32.273542+07	74	user998749@algosphere.com	3		8	1
782	2026-02-18 22:21:32.274351+07	73	user124014@algosphere.com	3		8	1
783	2026-02-18 22:21:32.274854+07	72	user907462@algosphere.com	3		8	1
784	2026-02-18 22:21:32.275367+07	71	user201249@algosphere.com	3		8	1
785	2026-02-18 22:21:32.275367+07	70	yanto@gmail.com	3		8	1
786	2026-02-18 22:21:32.275367+07	69	testingotplagi1@gmail.com	3		8	1
787	2026-02-18 22:21:32.276897+07	68	testingotp3@gmail.com	3		8	1
788	2026-02-18 22:21:32.276897+07	67	testingotp2@gmail.com	3		8	1
789	2026-02-18 22:21:32.276897+07	66	testingotp1@gmail.com	3		8	1
790	2026-02-18 22:21:32.278428+07	65	testingotp@gmail.com	3		8	1
791	2026-02-18 22:21:32.278428+07	63	test08@gmail.com	3		8	1
792	2026-02-18 22:21:32.27946+07	62	testing07@gmail.com	3		8	1
793	2026-02-18 22:21:32.27946+07	61	testing06@gmail.com	3		8	1
795	2026-02-18 22:21:32.280997+07	59	testing04@gmail.com	3		8	1
796	2026-02-18 22:21:32.282094+07	58	testing03@gmail.com	3		8	1
797	2026-02-18 22:21:32.282094+07	57	testing02@gmail.com	3		8	1
798	2026-02-18 22:21:32.283626+07	56	testing01@gmail.com	3		8	1
799	2026-02-18 22:21:32.283626+07	55	testing0@gmail.com	3		8	1
800	2026-02-18 22:21:32.28464+07	54	test05@gmail.com	3		8	1
801	2026-02-18 22:21:32.285151+07	53	test04@gmail.com	3		8	1
802	2026-02-18 22:21:32.285151+07	52	test03@gmail.com	3		8	1
803	2026-02-18 22:21:32.285151+07	51	test02@gmail.com	3		8	1
804	2026-02-18 22:21:32.286679+07	50	test01@gmail.com	3		8	1
805	2026-02-18 22:21:32.286679+07	45	fdfdsdf@gmail.com	3		8	1
806	2026-02-18 22:21:32.288214+07	44	yuyun@gmail.com	3		8	1
807	2026-02-18 22:21:32.288214+07	43	xsdfgf@gmail.com	3		8	1
808	2026-02-18 22:21:32.289762+07	42	u3@test.com	3		8	1
809	2026-02-18 22:21:32.289762+07	41	u2@test.com	3		8	1
810	2026-02-18 22:21:32.289762+07	37	dszw7shijb5vphucvg98@example.com	3		8	1
811	2026-02-18 22:21:32.291287+07	36	jaxg841lrmidk14xkkh1@example.com	3		8	1
812	2026-02-18 22:21:32.291287+07	35	gq75m9spbinhje8j08md@example.com	3		8	1
813	2026-02-18 22:21:32.291287+07	34	sz8s0dxkivbkoilrlu7l@example.com	3		8	1
814	2026-02-18 22:21:32.292811+07	33	nkws7yg235hzyi0wce93@example.com	3		8	1
815	2026-02-18 22:21:32.292811+07	32	42mpcwhmgkve3mu4bsei@example.com	3		8	1
816	2026-02-18 22:21:32.292811+07	31	j8ypp0gya2s3tcekjdzp@example.com	3		8	1
817	2026-02-18 22:21:32.294342+07	30	becsze59sxae8x9z29n5@example.com	3		8	1
818	2026-02-18 22:21:32.294789+07	29	xzvvsimnxe6yh8f1o8n7@example.com	3		8	1
819	2026-02-18 22:21:32.294789+07	28	x78v65c758usdzyedbji@example.com	3		8	1
820	2026-02-18 22:21:32.295886+07	27	jf5hysfglpmii9cr33il@example.com	3		8	1
821	2026-02-18 22:21:32.295886+07	26	ni1izyqd8vx0fi0n65f1@example.com	3		8	1
822	2026-02-18 22:21:32.295886+07	25	d01j27yis8jf9yh2p7pz@example.com	3		8	1
823	2026-02-18 22:21:32.297388+07	24	5fi8heux3d3zyhgnxm02@example.com	3		8	1
824	2026-02-18 22:21:32.297388+07	23	h9f4bg6jnt16c0nbslb6@example.com	3		8	1
825	2026-02-18 22:21:32.297388+07	22	rw726uyc19fv1nto1bie@example.com	3		8	1
826	2026-02-18 22:21:32.298963+07	21	pi19c0osm5eqacjiuxd9@example.com	3		8	1
827	2026-02-18 22:21:32.298963+07	20	urrbpr80zcvjj02c1t7s@example.com	3		8	1
828	2026-02-18 22:21:32.298963+07	19	3l4edfmvm723x10ozgzi@example.com	3		8	1
829	2026-02-18 22:21:32.300492+07	18	soplgjduljsrgp7b7l56@example.com	3		8	1
830	2026-02-18 22:21:32.300492+07	17	ri41kj6l3upo9aybxtr7@example.com	3		8	1
831	2026-02-18 22:21:32.300492+07	16	jm0bhojymahirkm5rg0j@example.com	3		8	1
832	2026-02-18 22:21:32.300492+07	15	u6d95uowhwvn5eo0924p@example.com	3		8	1
833	2026-02-18 22:21:32.30202+07	14	cuniy3c6u7g46l4wd37l@example.com	3		8	1
834	2026-02-18 22:21:32.302536+07	13	xf8cghndrdy87shd1dp3@example.com	3		8	1
835	2026-02-18 22:21:32.302536+07	12	m3nyn8w5h28wuvtl7riz@example.com	3		8	1
836	2026-02-18 22:21:32.303552+07	11	87zri3smztadaprvorbn@example.com	3		8	1
837	2026-02-18 22:21:32.303552+07	10	a6ttv1124duaq5qbt41u@example.com	3		8	1
838	2026-02-18 22:21:32.304746+07	9	7ys0gub7vt3jlyu5eh5n@example.com	3		8	1
839	2026-02-18 22:21:32.304746+07	8	xx6oo1x5mh5nld73urmc@example.com	3		8	1
840	2026-02-18 22:21:32.304746+07	7	5i15tks11b@example.com	3		8	1
841	2026-02-18 22:21:32.306276+07	6	hc1bnzvf9q@example.com	3		8	1
842	2026-02-18 22:21:32.306276+07	5	1j4qltvtnj@example.com	3		8	1
843	2026-02-18 22:21:32.306276+07	4	8scuhtkknw@example.com	3		8	1
844	2026-02-18 22:21:32.307807+07	3	fkb8tiysht@example.com	3		8	1
845	2026-02-18 22:31:09.181742+07	16	ChatThread(user=105, closed=False)	2	[{"added": {"name": "support chat message", "object": "Msg(thread=16, sender=ADMIN, at=2026-02-18 15:31:09.181237+00:00)"}}]	33	1
846	2026-02-18 22:35:50.998471+07	3	AttendanceSettings(id=3, active=True)	2	[{"changed": {"fields": ["Reward type"]}}]	16	1
847	2026-02-18 23:03:11.691144+07	106	user_mls6ujlm_owhua3@example.com	2	[]	8	1
848	2026-02-18 23:11:44.168176+07	106	user_mls6ujlm_owhua3@example.com	2	[{"changed": {"fields": ["Balance"]}}]	8	1
849	2026-02-18 23:33:04.781675+07	43	+6289595959595 - 60000.00 (PENDING)	3		26	1
850	2026-02-18 23:33:04.784732+07	42	+6289595959595 - 60000.00 (PENDING)	3		26	1
851	2026-02-18 23:33:23.049349+07	1	WithdrawalSettings(active=False)	2	[{"changed": {"fields": ["Is active"]}}]	25	1
852	2026-02-18 23:34:20.127782+07	1	WithdrawalSettings(active=True)	2	[{"changed": {"fields": ["Is active"]}}]	25	1
853	2026-02-18 23:48:02.902904+07	127	user_mls9libq_2zurbk@example.com	2	[]	8	1
854	2026-02-18 23:48:21.434646+07	127	user_mls9libq_2zurbk@example.com	2	[{"changed": {"fields": ["Withdraw PIN (admin set/reset)"]}}]	8	1
855	2026-02-18 23:53:28.568529+07	128	user_mls9qnwc_umdmrr@example.com	2	[]	8	1
856	2026-02-19 01:19:53.694889+07	16	ChatThread(user=105, closed=False)	2	[{"added": {"name": "support chat message", "object": "Msg(thread=16, sender=ADMIN, at=2026-02-18 18:19:53.693337+00:00)"}}]	33	1
857	2026-02-19 01:29:02.31392+07	18	ChatThread(user=2, closed=False)	2	[{"added": {"name": "support chat message", "object": "Msg(thread=18, sender=ADMIN, at=2026-02-18 18:29:02.312879+00:00)"}}]	33	1
858	2026-02-19 01:30:49.961325+07	18	ChatThread(user=2, closed=False)	2	[{"added": {"name": "support chat message", "object": "Msg(thread=18, sender=ADMIN, at=2026-02-18 18:30:49.961325+00:00)"}}]	33	1
859	2026-02-19 01:47:41.659951+07	37	+6289595959595 - Mandiri 12345678	3		23	1
860	2026-02-19 01:49:16.352612+07	38	+6289595959595 - Bank Rakyat Indonesia 12345678	3		23	1
861	2026-02-19 10:21:25.763106+07	106	user_mls6ujlm_owhua3@example.com	2	[]	8	1
862	2026-02-19 10:53:33.886334+07	129	user_mlsxbpoo_o4b7y8@example.com	2	[]	8	1
863	2026-02-19 12:05:11.267111+07	8	auto (fixed)	2	[{"changed": {"fields": ["Is active", "Is daily claim"]}}]	18	1
864	2026-02-19 12:07:34.106574+07	8	auto (fixed)	2	[{"changed": {"fields": ["Amount"]}}]	18	1
865	2026-02-19 12:07:44.284562+07	8	auto (fixed)	2	[{"changed": {"fields": ["Is active", "Is daily claim"]}}]	18	1
866	2026-02-19 13:52:07.66838+07	18	ChatThread(user=2, closed=False)	2	[{"added": {"name": "support chat message", "object": "Msg(thread=18, sender=ADMIN, at=2026-02-19 06:52:07.666824+00:00)"}}]	33	1
867	2026-02-19 14:00:21.293954+07	18	ChatThread(user=2, closed=False)	2	[{"added": {"name": "support chat message", "object": "Msg(thread=18, sender=ADMIN, at=2026-02-19 07:00:21.292428+00:00)"}}]	33	1
868	2026-02-19 14:49:01.461901+07	19	Proyek Konservasi-Uji Coba Biota	2	[{"changed": {"fields": ["Qualify as active investment"]}}]	11	1
869	2026-02-19 14:49:23.163356+07	153	+6289797979797 - Proyek Konservasi-Uji Coba Biota (1x)	3		13	1
870	2026-02-19 14:56:16.504146+07	8	auto (fixed)	2	[{"changed": {"fields": ["Start at", "Expires at"]}}]	18	1
871	2026-02-19 15:11:13.957168+07	1	Telegram (telegram)	2	[{"changed": {"fields": ["Url", "Description"]}}]	30	1
872	2026-02-19 15:13:29.767939+07	1	Telegram (telegram)	2	[{"changed": {"fields": ["Url"]}}]	30	1
873	2026-02-19 15:26:40.347402+07	4	Layanan Ocerin (other)	1	[{"added": {}}]	30	1
874	2026-02-19 15:28:14.356194+07	18	ChatThread(user=2, closed=False)	3		33	1
875	2026-02-19 15:28:14.36329+07	20	ChatThread(user=131, closed=False)	3		33	1
876	2026-02-19 15:28:14.365358+07	19	ChatThread(user=130, closed=False)	3		33	1
877	2026-02-19 15:28:14.366374+07	16	ChatThread(user=105, closed=False)	3		33	1
878	2026-02-19 15:28:14.366374+07	17	ChatThread(user=106, closed=False)	3		33	1
879	2026-02-19 15:28:53.901876+07	21	ChatThread(user=106, closed=False)	2	[{"added": {"name": "support chat message", "object": "Msg(thread=21, sender=ADMIN, at=2026-02-19 08:28:53.901876+00:00)"}}]	33	1
880	2026-02-19 15:29:11.778361+07	21	ChatThread(user=106, closed=False)	2	[{"added": {"name": "support chat message", "object": "Msg(thread=21, sender=ADMIN, at=2026-02-19 08:29:11.776846+00:00)"}}]	33	1
881	2026-02-19 15:34:10.423466+07	1	WithdrawalSettings(active=True)	2	[]	25	1
882	2026-02-19 15:39:31.540104+07	134	user_mlt7kewo_qtangu@example.com	2	[]	8	1
883	2026-02-19 15:46:57.35944+07	41	+62812345678901 - OVO 038282828	3		23	1
884	2026-02-19 15:46:57.361016+07	40	+6281223456789 - OVO 136278282	3		23	1
885	2026-02-19 15:46:57.362542+07	39	+6289595959595 - OVO 12345678	3		23	1
886	2026-02-19 15:46:57.362542+07	36	+62812345678902 - Bank Negara Indonesia 123456789	3		23	1
887	2026-02-19 15:48:53.147145+07	42	+62812345678901 - Bank Rakyat Indonesia 7382828228	3		23	1
888	2026-02-19 16:24:42.245158+07	136	user_mlt961hs_14a8e0@example.com	2	[]	8	1
889	2026-02-19 16:28:39.124715+07	131	user_mlt0a1gv_947bxy@example.com	2	[]	8	1
890	2026-02-19 16:31:28.583758+07	135	user_mlt8zm7g_plrf65@example.com	2	[]	8	1
891	2026-02-19 16:38:38.641285+07	136	user_mlt961hs_14a8e0@example.com	2	[]	8	1
892	2026-02-19 16:38:53.95463+07	135	user_mlt8zm7g_plrf65@example.com	2	[]	8	1
893	2026-02-19 16:39:08.452463+07	131	user_mlt0a1gv_947bxy@example.com	2	[]	8	1
894	2026-02-19 22:03:36.575628+07	52	Mission 52 - active_downline: Kelas 1-3 Tambahkan 4 orang Hadiah peti harta karun 45000 Rp	2	[{"changed": {"fields": ["Deskripsi", "Ambang Progres"]}}]	20	1
895	2026-02-19 22:07:42.902749+07	137	user_mltldhik_d924fs@example.com	2	[{"changed": {"fields": ["Balance"]}}]	8	1
896	2026-02-19 22:15:21.888396+07	22	ChatThread(user=138, closed=False)	2	[{"added": {"name": "support chat message", "object": "Msg(thread=22, sender=ADMIN, at=2026-02-19 15:15:21.887387+00:00)"}}]	33	1
897	2026-02-19 22:17:02.86063+07	8	auto (fixed)	2	[]	18	1
898	2026-02-19 22:17:28.780691+07	8	auto (fixed)	2	[{"changed": {"fields": ["Amount"]}}]	18	1
899	2026-02-19 22:17:40.841341+07	8	auto (fixed)	2	[{"changed": {"fields": ["Is active", "Is daily claim"]}}]	18	1
900	2026-02-19 22:17:56.130773+07	8	auto (fixed)	2	[{"changed": {"fields": ["Is active", "Is daily claim", "Expires at"]}}]	18	1
901	2026-02-19 22:18:15.26215+07	8	auto (fixed)	2	[{"changed": {"fields": ["Expires at"]}}]	18	1
902	2026-02-19 22:32:36.741153+07	51	+6281808368210 - 35000.00 (CANCELLED)	2	[{"changed": {"fields": ["Status"]}}]	26	1
903	2026-02-19 22:32:46.619897+07	52	+6281808368210 - 35000.00 (PROCESSING)	2	[{"changed": {"fields": ["Status"]}}]	26	1
904	2026-02-19 22:33:09.756747+07	53	+6281808368210 - 35000.00 (COMPLETED)	2	[{"changed": {"fields": ["Status"]}}]	26	1
\.


--
-- Data for Name: django_content_type; Type: TABLE DATA; Schema: public; Owner: postgres
--

COPY public.django_content_type (id, app_label, model) FROM stdin;
1	admin	logentry
2	auth	permission
3	auth	group
4	contenttypes	contenttype
5	sessions	session
6	authtoken	token
7	authtoken	tokenproxy
8	accounts	user
9	accounts	generalsetting
10	accounts	ranklevel
11	products	product
12	products	transaction
13	products	investment
14	products	claimhistory
15	products	userproductpurchase
16	attendance	attendancesettings
17	attendance	attendancelog
18	vouchers	voucher
19	vouchers	voucherusage
20	missions	mission
21	missions	missionuserstate
22	banks	bank
23	banks	userbank
24	banks	banksettings
25	withdrawal	withdrawalsettings
26	withdrawal	withdrawal
27	withdrawal	withdrawaljayapay
28	deposits	gatewaysettings
29	deposits	deposit
30	support	supportlink
31	news	news
32	withdrawal	jayapaywithdrawal
33	support	supportchatthread
34	support	supportchatmessage
35	accounts	useraddress
36	accounts	phoneotp
37	accounts	admindecodetool
38	withdrawal	withdrawalservice
\.


--
-- Data for Name: django_migrations; Type: TABLE DATA; Schema: public; Owner: postgres
--

COPY public.django_migrations (id, app, name, applied) FROM stdin;
1	contenttypes	0001_initial	2025-11-09 22:40:00.921016+07
2	contenttypes	0002_remove_content_type_name	2025-11-09 22:40:00.926634+07
3	auth	0001_initial	2025-11-09 22:40:00.961557+07
4	auth	0002_alter_permission_name_max_length	2025-11-09 22:40:00.96615+07
5	auth	0003_alter_user_email_max_length	2025-11-09 22:40:00.970816+07
6	auth	0004_alter_user_username_opts	2025-11-09 22:40:00.976004+07
7	auth	0005_alter_user_last_login_null	2025-11-09 22:40:00.981478+07
8	auth	0006_require_contenttypes_0002	2025-11-09 22:40:00.983696+07
9	auth	0007_alter_validators_add_error_messages	2025-11-09 22:40:00.988256+07
10	auth	0008_alter_user_username_max_length	2025-11-09 22:40:00.993113+07
11	auth	0009_alter_user_last_name_max_length	2025-11-09 22:40:00.997935+07
12	auth	0010_alter_group_name_max_length	2025-11-09 22:40:01.003784+07
13	auth	0011_update_proxy_permissions	2025-11-09 22:40:01.010734+07
14	auth	0012_alter_user_first_name_max_length	2025-11-09 22:40:01.016136+07
15	accounts	0001_initial	2025-11-09 22:40:01.068423+07
16	accounts	0002_alter_user_rank	2025-11-09 22:40:01.098872+07
17	accounts	0003_generalsetting	2025-11-09 22:40:01.10812+07
18	accounts	0004_generalsetting_referral_code_pattern	2025-11-09 22:40:01.112465+07
19	accounts	0005_ranklevel	2025-11-09 22:40:01.121559+07
20	admin	0001_initial	2025-11-09 22:40:01.14111+07
21	admin	0002_logentry_remove_auto_add	2025-11-09 22:40:01.147723+07
22	admin	0003_logentry_add_action_flag_choices	2025-11-09 22:40:01.155352+07
23	attendance	0001_initial	2025-11-09 22:40:01.164201+07
24	attendance	0002_attendancelog_and_more	2025-11-09 22:40:01.187498+07
25	attendance	0003_attendancesettings_rank_rewards_and_more	2025-11-09 22:40:01.198398+07
26	authtoken	0001_initial	2025-11-09 22:40:01.214907+07
27	authtoken	0002_auto_20160226_1747	2025-11-09 22:40:01.235777+07
28	authtoken	0003_tokenproxy	2025-11-09 22:40:01.239694+07
29	authtoken	0004_alter_tokenproxy_options	2025-11-09 22:40:01.246228+07
30	banks	0001_initial	2025-11-09 22:40:01.284033+07
31	banks	0002_alter_userbank_unique_together_and_more	2025-11-09 22:40:01.30631+07
32	banks	0003_banksettings_remove_userbank_unique_user_bank_and_more	2025-11-09 22:40:01.391395+07
33	products	0001_initial	2025-11-09 22:40:01.45463+07
34	products	0002_investment	2025-11-09 22:40:01.483187+07
35	deposits	0001_initial	2025-11-09 22:40:01.592607+07
36	deposits	0002_gateway_extra_fields	2025-11-09 22:40:01.615379+07
37	missions	0001_initial	2025-11-09 22:40:01.684381+07
38	missions	0002_mission_title	2025-11-09 22:40:01.695329+07
39	news	0001_initial	2025-11-09 22:40:01.719823+07
40	news	0002_news_image	2025-11-09 22:40:01.728004+07
41	products	0003_remove_product_max_investment_and_more	2025-11-09 22:40:01.745533+07
42	products	0004_add_purchase_commission_type	2025-11-09 22:40:01.767686+07
43	products	0005_alter_transaction_type	2025-11-09 22:40:01.787178+07
44	products	0006_alter_transaction_status	2025-11-09 22:40:01.802476+07
45	products	0007_add_earned_transaction_type	2025-11-09 22:40:01.820975+07
46	products	0008_remove_earned_transaction_type	2025-11-09 22:40:01.861708+07
47	products	0009_investment_claims_count_investment_claims_remaining_and_more	2025-11-09 22:40:02.006374+07
48	products	0010_product_cashback_enabled_product_cashback_percentage	2025-11-09 22:40:02.027012+07
49	products	0011_alter_transaction_type	2025-11-09 22:40:02.050567+07
50	products	0012_product_custom_field_10_content_and_more	2025-11-09 22:40:02.160539+07
51	products	0013_change_image_field_to_imagefield	2025-11-09 22:40:02.165451+07
52	products	0014_product_max_purchase_count_userproductpurchase	2025-11-09 22:40:02.216473+07
53	products	0015_remove_product_custom_fields_and_more	2025-11-09 22:40:02.226186+07
54	sessions	0001_initial	2025-11-09 22:40:02.246605+07
55	support	0001_initial	2025-11-09 22:40:02.260534+07
56	vouchers	0001_initial	2025-11-09 22:40:02.31953+07
57	vouchers	0002_voucher_min_amount_voucher_rank_rewards_and_more	2025-11-09 22:40:02.344225+07
58	withdrawal	0001_initial	2025-11-09 22:40:02.403217+07
59	withdrawal	0002_withdrawalsettings_balance_source	2025-11-09 22:40:02.41567+07
60	withdrawal	0003_withdrawal_transaction	2025-11-09 22:40:02.438281+07
61	withdrawal	0004_withdrawaljayapay	2025-11-09 22:40:02.444165+07
62	products	0016_remove_product_custom_fields_and_more	2025-11-10 00:29:12.063448+07
63	withdrawal	0005_jayapaywithdrawal	2025-11-10 13:43:56.710776+07
64	accounts	0006_user_withdraw_pin	2025-11-26 20:46:09.817625+07
65	accounts	0007_generalsetting_auto_login_on_register	2025-11-26 20:46:09.974738+07
66	accounts	0008_generalsetting_rank_policy	2025-11-26 20:46:10.184847+07
67	accounts	0009_generalsetting_rank_basis_flags	2025-11-26 20:46:10.461921+07
68	news	0003_fix_sequence_news_id	2025-11-26 20:46:10.585988+07
69	products	0017_product_require_upline_ownership_for_commissions	2025-11-26 20:46:10.967674+07
70	products	0018_investment_profit_random_max_and_more	2025-11-26 20:46:11.214645+07
71	support	0002_supportchatthread_supportchatmessage	2025-11-26 20:46:11.605109+07
72	support	0003_supportlink_icon	2025-11-26 20:46:11.693711+07
73	withdrawal	0006_withdrawalsettings_require_pin	2025-11-26 20:46:11.843505+07
74	accounts	0010_generalsetting_registration_bonus_amount_and_more	2025-12-01 13:49:43.658689+07
75	products	0019_add_transaction_indexes	2025-12-08 01:08:27.124044+07
76	products	0020_alter_product_price_alter_product_profit_random_max_and_more	2025-12-08 10:40:21.214402+07
77	products	0021_alter_investment_profit_random_max_and_more	2025-12-08 10:42:55.646964+07
78	withdrawal	0007_withdrawalsettings_require_active_investment	2026-01-07 19:12:11.123684+07
79	accounts	0011_useraddress	2026-01-09 03:06:53.181498+07
80	products	0022_alter_investment_claim_reset_mode_and_more	2026-01-11 19:33:24.710739+07
81	accounts	0012_alter_ranklevel_rank	2026-01-11 20:50:07.735374+07
82	attendance	0004_attendancesettings_daily_cycle_days_and_more	2026-01-12 00:48:49.815343+07
83	accounts	0013_user_last_login_ip	2026-01-12 20:04:33.264466+07
84	accounts	0014_phoneotp_generalsetting_otp_enabled_and_more	2026-01-13 13:41:27.9432+07
85	accounts	0015_generalsetting_whatsapp_check	2026-01-13 17:29:01.584738+07
86	accounts	0016_phoneotp_verification_id_alter_phoneotp_otp_code	2026-01-14 00:23:30.972408+07
87	accounts	0017_generalsetting_verifynow_api_key_and_more	2026-01-14 00:28:01.152585+07
88	vouchers	0003_voucher_start_at	2026-02-12 15:23:57.733437+07
89	vouchers	0004_voucher_claim_mode	2026-02-12 15:44:12.245018+07
90	accounts	0018_admindecodetool	2026-02-12 18:48:05.181317+07
91	missions	0003_alter_mission_created_at_alter_mission_description_and_more	2026-02-12 18:48:05.218302+07
92	vouchers	0005_voucher_is_daily_claim	2026-02-12 18:48:05.244734+07
93	accounts	0012_generalsetting_require_withdraw_pin_on_register	2026-02-16 01:02:17.177531+07
94	accounts	0019_merge_20260216_0102	2026-02-16 01:02:17.182101+07
95	accounts	0020_generalsetting_require_withdraw_pin_on_purchase	2026-02-16 01:54:42.27465+07
96	withdrawal	0008_withdrawalservice_withdrawal_withdrawal_service	2026-02-16 14:31:35.056626+07
97	withdrawal	0009_seed_default_withdrawal_services	2026-02-16 14:37:54.444434+07
98	products	0023_investment_principal_returned_and_more	2026-02-18 02:05:24.96472+07
99	products	0024_alter_transaction_type	2026-02-18 02:10:26.605818+07
100	products	0025_product_qualify_as_active_investment	2026-02-18 20:39:25.073088+07
\.


--
-- Data for Name: django_session; Type: TABLE DATA; Schema: public; Owner: postgres
--

COPY public.django_session (session_key, session_data, expire_date) FROM stdin;
49afzixx4klt7p5a3lt9n716r8imhilr	.eJxVizEOAiEQRe9CbTYOMKxr6QXWxpoMzBCMkU2WpTLeXTax0OYX_733Up7aln2rsvo7q7MCdfj9AsWHlB1QjEsrWx12OFzzUmReb90p9JTLV_trM9XcQ2QexZ6YSJPVk8W-gDIKMkZntUuQ2ImAEUgxJA6IkzkaYEoAJqr3B9-oNvI:1vI7uZ:DfQmWpqrX_5eHgDK2QJT7D2UFsuNiSZiH1Hvw1m1Uxo	2025-11-23 23:05:03.515206+07
ewbg9lavn6gxal7f8xkgfdo3ovru0ahv	.eJxVjMEOwiAQRP-FsyEusNR69N5vIAu7SNXQpLQn47_bJj3oZQ7z3sxbBVqXEtYmcxhZXRWo028XKT2l7oAfVO-TTlNd5jHqXdEHbXqYWF63w_07KNTKtkbmTtyFiQw50zvcElA6QcbknfEZMnsRsAI5xcwRsbdnC0wZwCb1-QL32TiD:1vI7uy:EAIRsMHyLhizmV7I94XboAktqL9xgFh5ouyewDqeEOA	2025-11-23 23:05:28.331352+07
rze0v4m3frodykkhi4bvqdo0ea4q9kfj	.eJxVjMEOwiAQRP-FsyEusNR69N5vIAu7SNXQpLQn47_bJj3oZQ7z3sxbBVqXEtYmcxhZXRWo028XKT2l7oAfVO-TTlNd5jHqXdEHbXqYWF63w_07KNTKtkbmTtyFiQw50zvcElA6QcbknfEZMnsRsAI5xcwRsbdnC0wZwCb1-QL32TiD:1vI9UD:Mq0HBCogY5BGpKuRdOor64S5HvCG1_zguXeDjt0ih_4	2025-11-24 00:45:57.831374+07
0ak1nkxqh4m5j2u976hfmvwsifdkue4m	.eJxVjMEOwiAQRP-FsyEusNR69N5vIAu7SNXQpLQn47_bJj3oZQ7z3sxbBVqXEtYmcxhZXRWo028XKT2l7oAfVO-TTlNd5jHqXdEHbXqYWF63w_07KNTKtkbmTtyFiQw50zvcElA6QcbknfEZMnsRsAI5xcwRsbdnC0wZwCb1-QL32TiD:1vIACN:M9BhAglAvxxILC97EZJe4WfZ0qojj38ze0LmB54cW7Q	2025-11-24 01:31:35.497349+07
q4uzctj6w4wxdwhsxhl4l75agb4tptw4	.eJxVjMEOwiAQRP-FsyEusNR69N5vIAu7SNXQpLQn47_bJj3oZQ7z3sxbBVqXEtYmcxhZXRWo028XKT2l7oAfVO-TTlNd5jHqXdEHbXqYWF63w_07KNTKtkbmTtyFiQw50zvcElA6QcbknfEZMnsRsAI5xcwRsbdnC0wZwCb1-QL32TiD:1vIHBb:QQFM7wzam6PFb6YCqH-lbX5RozkUTla4LMdJ2aq31vA	2025-11-24 08:59:15.386009+07
4utrfznzxt1zvhrezqg0omipgah18d2h	.eJxVi70OwiAQgN-F2TRQhANHX0AXZ3K9O4Ix0qSUyfjutomDrt_PSyXsa0m9yZLurE7KqMMvm5AeUneBRHOvaxt2OVzLXOWy3Lam4lPO3-zvLdjKNoYRNUU0DrQDCgFCnsDb6MFkIdES2ZDXbEdE5_hos8sWOEQjLOhFvT-9JzaI:1vPggw:TfTy30by4XpXESzLLGK_mDTU9LJw9niiLf2wGpdx_1Y	2025-12-14 19:38:14.99951+07
zfspztpm6etih8jgc8459q56w8msc4o2	.eJxVi70OwiAQgN-F2TRQhANHX0AXZ3K9O4Ix0qSUyfjutomDrt_PSyXsa0m9yZLurE7KqMMvm5AeUneBRHOvaxt2OVzLXOWy3Lam4lPO3-zvLdjKNoYRNUU0DrQDCgFCnsDb6MFkIdES2ZDXbEdE5_hos8sWOEQjLOhFvT-9JzaI:1vPyQi:AGfFE4tVG3pGJ-q3Ymulqv11AlXBsu7H19XFFkJlepk	2025-12-15 14:34:40.781498+07
zs8m4fkx5g6x4wrz0kn2y2qkapgciyjb	.eJxVi70OwiAQgN-F2TRQhANHX0AXZ3K9O4Ix0qSUyfjutomDrt_PSyXsa0m9yZLurE7KqMMvm5AeUneBRHOvaxt2OVzLXOWy3Lam4lPO3-zvLdjKNoYRNUU0DrQDCgFCnsDb6MFkIdES2ZDXbEdE5_hos8sWOEQjLOhFvT-9JzaI:1vQLLS:uxzEciTC6_FoMVr4SwbfKVzV7r3JQUF4ZVHFcjkO1PQ	2025-12-16 15:02:46.85899+07
nipea7ftx677ruszwwcwzwncys4reeer	.eJxVi70OwiAQgN-F2TRQhANHX0AXZ3K9O4Ix0qSUyfjutomDrt_PSyXsa0m9yZLurE7KqMMvm5AeUneBRHOvaxt2OVzLXOWy3Lam4lPO3-zvLdjKNoYRNUU0DrQDCgFCnsDb6MFkIdES2ZDXbEdE5_hos8sWOEQjLOhFvT-9JzaI:1vQMCF:SigYF01gwX4rxiBSEjTEpjIwEx68Ykg4gJNJGQBBebg	2025-12-16 15:57:19.693622+07
hc8hsbuq7wifam6e65ev8i43baxcnby1	.eJxVi70OwiAQgN-F2TRQhANHX0AXZ3K9O4Ix0qSUyfjutomDrt_PSyXsa0m9yZLurE7KqMMvm5AeUneBRHOvaxt2OVzLXOWy3Lam4lPO3-zvLdjKNoYRNUU0DrQDCgFCnsDb6MFkIdES2ZDXbEdE5_hos8sWOEQjLOhFvT-9JzaI:1vRUzK:1-36sCqr654PM64V0GupXOIQ8h5joIzyoZIF0ZPEkYw	2025-12-19 19:32:42.676001+07
j2orwau0ydzm7covwodv2l08v3ptppue	.eJxVi70OwiAQgN-F2TRQhANHX0AXZ3K9O4Ix0qSUyfjutomDrt_PSyXsa0m9yZLurE7KqMMvm5AeUneBRHOvaxt2OVzLXOWy3Lam4lPO3-zvLdjKNoYRNUU0DrQDCgFCnsDb6MFkIdES2ZDXbEdE5_hos8sWOEQjLOhFvT-9JzaI:1vScUN:QBNqbRhtnuoUXzFnsodyFnC-xJ_FVlpSvuTXRUh77FA	2025-12-22 21:45:23.743382+07
gidok7fp4r0f3fetirk0x8lpjo7mdh8v	.eJxVi70OwiAQgN-F2TRQhANHX0AXZ3K9O4Ix0qSUyfjutomDrt_PSyXsa0m9yZLurE7KqMMvm5AeUneBRHOvaxt2OVzLXOWy3Lam4lPO3-zvLdjKNoYRNUU0DrQDCgFCnsDb6MFkIdES2ZDXbEdE5_hos8sWOEQjLOhFvT-9JzaI:1vSkAv:UXrSlLrw0qW7gYx3U5flfMPLrXmEr3U7NNNWk6RJu1k	2025-12-23 05:57:49.461453+07
y7i4l1cugzbk83runj9olos8erebfow3	.eJxVi70OwiAQgN-F2TRQhANHX0AXZ3K9O4Ix0qSUyfjutomDrt_PSyXsa0m9yZLurE7KqMMvm5AeUneBRHOvaxt2OVzLXOWy3Lam4lPO3-zvLdjKNoYRNUU0DrQDCgFCnsDb6MFkIdES2ZDXbEdE5_hos8sWOEQjLOhFvT-9JzaI:1vdTVF:DRFxyRLHw5XWb0BkFA_mRGYTHXK_phDlOH9VHrPpamk	2026-01-21 20:23:09.468345+07
4a7pwmf955l2raathvxn5kxt2p6rstvz	.eJxVi70OwiAQgN-F2TRQhANHX0AXZ3K9O4Ix0qSUyfjutomDrt_PSyXsa0m9yZLurE7KqMMvm5AeUneBRHOvaxt2OVzLXOWy3Lam4lPO3-zvLdjKNoYRNUU0DrQDCgFCnsDb6MFkIdES2ZDXbEdE5_hos8sWOEQjLOhFvT-9JzaI:1vemC2:e7fhMfFZ6II7bV7J9v8TcmUJFxCdy1a7n-ezaJXWoRg	2026-01-25 10:32:42.121992+07
ps4brkiz4t4oyuf3x2pe4g7y5xoqq89i	.eJxVi70OwiAQgN-F2TRQhANHX0AXZ3K9O4Ix0qSUyfjutomDrt_PSyXsa0m9yZLurE7KqMMvm5AeUneBRHOvaxt2OVzLXOWy3Lam4lPO3-zvLdjKNoYRNUU0DrQDCgFCnsDb6MFkIdES2ZDXbEdE5_hos8sWOEQjLOhFvT-9JzaI:1vex3g:T1EU5FuiTfyloi2p-r6jBexJt3zYqUqcjrsLKFEU0Kk	2026-01-25 22:08:48.656298+07
36ozyh853zvj3j7bi5rvxbh5igi0jblf	.eJxVi70OwiAQgN-F2TRQhANHX0AXZ3K9O4Ix0qSUyfjutomDrt_PSyXsa0m9yZLurE7KqMMvm5AeUneBRHOvaxt2OVzLXOWy3Lam4lPO3-zvLdjKNoYRNUU0DrQDCgFCnsDb6MFkIdES2ZDXbEdE5_hos8sWOEQjLOhFvT-9JzaI:1vfudw:2ExbNHYkG9jYV_bU5NrNc8CyC7nIluPcntJDxkBn7cY	2026-01-28 13:46:12.219773+07
ycwgfwp6if3ll605unxn4nfwa3d91vlz	.eJxVjEEOwiAQRe_C2hAowoBL9z0DGZhBqoYmpV0Z765NutDtf-_9l4i4rTVunZc4kbgILU6_W8L84LYDumO7zTLPbV2mJHdFHrTLcSZ-Xg_376Bir9_aD6hyQG1BWcjegy8JnAkOdOHMigPp7BSZAdFaOptiiwHyQTMxOhbvD9VYOBk:1vjLMD:LEli8l8xoNIkRYcXben4s2MxPJ4FYmIKlNmRw_hzZa0	2026-02-07 00:54:05.320935+07
wk8b6c61vd6lz5ikrbvj6y1ftden6zxt	.eJxVjEEOwiAQRe_C2hAowoBL9z0DGZhBqoYmpV0Z765NutDtf-_9l4i4rTVunZc4kbgILU6_W8L84LYDumO7zTLPbV2mJHdFHrTLcSZ-Xg_376Bir9_aD6hyQG1BWcjegy8JnAkOdOHMigPp7BSZAdFaOptiiwHyQTMxOhbvD9VYOBk:1vjZ2s:Vf3b744ZIlIB0ZLsYwkyYG-wcrUGU1k6k7e8EMmYvlc	2026-02-07 15:31:02.849721+07
6y3zj1d4qp7tmexbaqoop53p9277k15s	.eJxVjEEOwiAQRe_C2hAowoBL9z0DGZhBqoYmpV0Z765NutDtf-_9l4i4rTVunZc4kbgILU6_W8L84LYDumO7zTLPbV2mJHdFHrTLcSZ-Xg_376Bir9_aD6hyQG1BWcjegy8JnAkOdOHMigPp7BSZAdFaOptiiwHyQTMxOhbvD9VYOBk:1vjfn4:LA3LYm8AM0l-DCMzteMIqYvbEw5gF6-H0MLewj4A_Fg	2026-02-07 22:43:10.546932+07
slpulf5qzwa2f9kegg3c89a58jjhelym	.eJxVjEEOwiAQRe_C2hAowoBL9z0DGZhBqoYmpV0Z765NutDtf-_9l4i4rTVunZc4kbgILU6_W8L84LYDumO7zTLPbV2mJHdFHrTLcSZ-Xg_376Bir9_aD6hyQG1BWcjegy8JnAkOdOHMigPp7BSZAdFaOptiiwHyQTMxOhbvD9VYOBk:1vqRuF:mAzgCwOm-MKh0cZ9koPkInM-ld5WZBi__7dVDoi8lmQ	2026-02-26 15:18:35.004654+07
gzpqlqz2k1zqi3obemamhx9tie4iul29	.eJxVjEEOwiAQRe_C2hAowoBL9z0DGZhBqoYmpV0Z765NutDtf-_9l4i4rTVunZc4kbgILU6_W8L84LYDumO7zTLPbV2mJHdFHrTLcSZ-Xg_376Bir9_aD6hyQG1BWcjegy8JnAkOdOHMigPp7BSZAdFaOptiiwHyQTMxOhbvD9VYOBk:1vrWAD:2i8aCLwWQQ8SdE_RGnv3FffKkeFknAMR5NYP5O3wS2Y	2026-03-01 14:03:29.659533+07
b3l39c16jsnz8nluonyq5hcz4vm186t1	.eJxVjEEOwiAQRe_C2hAowoBL9z0DGZhBqoYmpV0Z765NutDtf-_9l4i4rTVunZc4kbgILU6_W8L84LYDumO7zTLPbV2mJHdFHrTLcSZ-Xg_376Bir9_aD6hyQG1BWcjegy8JnAkOdOHMigPp7BSZAdFaOptiiwHyQTMxOhbvD9VYOBk:1vsK8F:gMcuGG9U_yZoe5Ipiu-EXcU-y8SjcGJmHaCdpli1edo	2026-03-03 19:24:47.039591+07
h3ajch2qgr88h7syznyb8gshiwpf4h8k	.eJxVjEEOwiAQRe_C2hAowoBL9z0DGZhBqoYmpV0Z765NutDtf-_9l4i4rTVunZc4kbgILU6_W8L84LYDumO7zTLPbV2mJHdFHrTLcSZ-Xg_376Bir9_aD6hyQG1BWcjegy8JnAkOdOHMigPp7BSZAdFaOptiiwHyQTMxOhbvD9VYOBk:1vsZT7:1vbTGDzNm-VKQ1zKJfLtwjZWjKGNLChn6IdhbgEy-vs	2026-03-04 11:47:21.81458+07
\.


--
-- Data for Name: investments; Type: TABLE DATA; Schema: public; Owner: postgres
--

COPY public.investments (id, quantity, total_amount, profit_type, profit_rate, profit_method, claim_reset_mode, duration_days, remaining_days, expires_at, last_claim_time, next_claim_time, total_claimed_profit, status, created_at, updated_at, product_id, transaction_id, user_id, claims_count, claims_remaining, first_claim_time, last_claim_amount, total_claimed_amount, profit_random_max, profit_random_min, principal_returned) FROM stdin;
151	1	60000.00	percentage	3.50	manual	after_purchase	2	1	2026-02-21 14:21:55.759103+07	2026-02-19 14:22:05.042033+07	2026-02-20 14:22:05.042033+07	2100.00	ACTIVE	2026-02-19 14:21:55.76062+07	2026-02-19 14:22:05.043577+07	19	1991	132	1	1	2026-02-19 14:22:05.042033+07	2100.00	2100.00	\N	\N	f
157	1	60000.00	percentage	3.50	manual	after_purchase	2	2	2026-02-21 15:42:27.409883+07	\N	2026-02-20 15:42:27.410891+07	0.00	ACTIVE	2026-02-19 15:42:27.410891+07	2026-02-19 15:42:27.411931+07	19	2017	105	0	2	\N	0.00	0.00	\N	\N	f
184	1	60000.00	percentage	3.50	manual	after_purchase	2	2	2026-02-21 22:36:43.480376+07	\N	2026-02-20 22:36:43.480376+07	0.00	ACTIVE	2026-02-19 22:36:43.480376+07	2026-02-19 22:36:43.480376+07	19	2127	139	0	2	\N	0.00	0.00	\N	\N	f
182	1	2966000.00	percentage	4.50	manual	after_purchase	160	160	2026-07-29 22:25:54.060073+07	\N	2026-02-20 22:25:54.060073+07	0.00	ACTIVE	2026-02-19 22:25:54.060073+07	2026-02-19 22:25:54.061606+07	24	2114	138	0	160	\N	0.00	0.00	0.00	0.00	f
185	1	158000.00	percentage	4.00	manual	after_purchase	2	2	2026-02-21 22:37:31.913495+07	\N	2026-02-20 22:37:31.913495+07	0.00	ACTIVE	2026-02-19 22:37:31.913495+07	2026-02-19 22:37:31.913495+07	20	2130	139	0	0	\N	0.00	0.00	0.00	0.00	f
159	1	60000.00	percentage	3.50	manual	after_purchase	2	2	2026-02-21 16:28:48.431653+07	\N	2026-02-20 16:28:48.431653+07	0.00	ACTIVE	2026-02-19 16:28:48.431653+07	2026-02-19 16:28:48.431653+07	19	2031	131	0	2	\N	0.00	0.00	\N	\N	f
187	1	158000.00	percentage	4.00	manual	after_purchase	2	2	2026-02-21 22:39:49.531134+07	\N	2026-02-20 22:39:49.531134+07	0.00	ACTIVE	2026-02-19 22:39:49.531134+07	2026-02-19 22:39:49.531134+07	20	2137	140	0	0	\N	0.00	0.00	0.00	0.00	f
147	1	60000.00	percentage	3.50	manual	after_purchase	2	2	2026-02-20 23:48:22.329019+07	\N	2026-02-19 23:48:22.330025+07	0.00	ACTIVE	2026-02-18 23:48:22.330025+07	2026-02-18 23:48:22.330529+07	19	1957	127	0	2	\N	0.00	0.00	\N	\N	f
155	1	350000.00	percentage	4.00	manual	after_purchase	70	70	2026-04-30 15:29:53.725134+07	\N	2026-02-20 15:29:53.725657+07	0.00	ACTIVE	2026-02-19 15:29:53.725657+07	2026-02-19 15:29:53.726679+07	21	2008	106	0	70	\N	0.00	0.00	0.00	0.00	f
164	1	60000.00	percentage	3.50	manual	after_purchase	2	2	2026-02-21 22:06:19.844192+07	\N	2026-02-20 22:06:19.845748+07	0.00	ACTIVE	2026-02-19 22:06:19.845748+07	2026-02-19 22:06:19.861215+07	19	2054	137	0	2	\N	0.00	0.00	\N	\N	f
143	1	60000.00	percentage	3.50	manual	after_purchase	2	0	2026-02-20 23:05:01.707151+07	2026-02-19 23:44:22.343935+07	2026-02-20 23:44:22.343935+07	4200.00	COMPLETED	2026-02-18 23:05:01.707151+07	2026-02-19 23:44:22.345509+07	19	1928	106	2	0	2026-02-18 23:42:12.424345+07	2100.00	4200.00	\N	\N	t
131	1	60000.00	percentage	3.50	manual	after_purchase	2	1	2026-02-20 13:09:33.808943+07	\N	2026-02-19 13:09:33.808943+07	0.00	ACTIVE	2026-02-18 13:09:33.808943+07	2026-02-18 13:09:33.808943+07	19	1880	2	0	2	\N	0.00	0.00	\N	\N	f
130	1	60000.00	percentage	3.50	manual	after_purchase	2	1	2026-02-20 13:09:19.731267+07	\N	2026-02-19 13:09:19.732778+07	0.00	ACTIVE	2026-02-18 13:09:19.732778+07	2026-02-18 13:09:19.732778+07	19	1878	2	0	2	\N	0.00	0.00	\N	\N	f
129	1	2966000.00	percentage	4.50	manual	after_purchase	160	159	2026-07-28 13:09:04.606735+07	\N	2026-02-19 13:09:04.608264+07	0.00	ACTIVE	2026-02-18 13:09:04.608264+07	2026-02-18 13:09:04.608264+07	24	1876	2	0	160	\N	0.00	0.00	0.00	0.00	f
181	1	2966000.00	percentage	4.50	manual	after_purchase	160	160	2026-07-29 22:25:43.067037+07	\N	2026-02-20 22:25:43.067547+07	0.00	ACTIVE	2026-02-19 22:25:43.067547+07	2026-02-19 22:25:43.067547+07	24	2111	138	0	160	\N	0.00	0.00	0.00	0.00	f
177	1	866000.00	percentage	4.20	manual	after_purchase	100	100	2026-05-30 22:23:57.753905+07	\N	2026-02-20 22:23:57.754424+07	0.00	ACTIVE	2026-02-19 22:23:57.754424+07	2026-02-19 22:23:57.754424+07	22	2098	138	0	100	\N	0.00	0.00	0.00	0.00	f
176	1	866000.00	percentage	4.20	manual	after_purchase	100	100	2026-05-30 22:23:41.940582+07	\N	2026-02-20 22:23:41.940582+07	0.00	ACTIVE	2026-02-19 22:23:41.940582+07	2026-02-19 22:23:41.94212+07	22	2095	138	0	100	\N	0.00	0.00	0.00	0.00	f
128	1	2966000.00	percentage	4.50	manual	after_purchase	160	159	2026-07-28 13:08:54.616289+07	\N	2026-02-19 13:08:54.616289+07	0.00	ACTIVE	2026-02-18 13:08:54.616289+07	2026-02-18 13:08:54.617847+07	24	1874	2	0	160	\N	0.00	0.00	0.00	0.00	f
125	1	100000.00	percentage	2.00	auto	after_purchase	10	8	2026-02-27 19:31:06.977243+07	\N	2026-02-18 19:31:06.977243+07	0.00	ACTIVE	2026-02-17 19:31:06.977243+07	2026-02-17 19:31:06.978772+07	19	1863	2	0	10	\N	0.00	0.00	\N	\N	f
149	1	866000.00	percentage	4.20	manual	after_purchase	100	99	2026-05-30 10:21:34.642146+07	2026-02-19 10:28:25.841371+07	2026-02-20 10:28:25.841371+07	36372.00	ACTIVE	2026-02-19 10:21:34.642146+07	2026-02-19 10:28:25.842897+07	22	1970	106	1	99	2026-02-19 10:28:25.841371+07	36372.00	36372.00	0.00	0.00	f
175	1	866000.00	percentage	4.20	manual	after_purchase	100	100	2026-05-30 22:23:27.943119+07	\N	2026-02-20 22:23:27.943119+07	0.00	ACTIVE	2026-02-19 22:23:27.943119+07	2026-02-19 22:23:27.944672+07	22	2092	138	0	100	\N	0.00	0.00	0.00	0.00	f
161	1	158000.00	percentage	4.00	manual	after_purchase	2	2	2026-02-21 16:39:46.027199+07	\N	2026-02-20 16:39:46.027199+07	0.00	ACTIVE	2026-02-19 16:39:46.027199+07	2026-02-19 16:39:46.027709+07	20	2041	135	0	2	\N	0.00	0.00	0.00	0.00	f
171	1	158000.00	percentage	4.00	manual	after_purchase	2	2	2026-02-21 22:22:20.85649+07	\N	2026-02-20 22:22:20.858023+07	0.00	ACTIVE	2026-02-19 22:22:20.858023+07	2026-02-19 22:22:20.858023+07	20	2080	138	0	2	\N	0.00	0.00	0.00	0.00	f
168	1	60000.00	percentage	3.50	manual	after_purchase	2	2	2026-02-21 22:21:42.930486+07	\N	2026-02-20 22:21:42.930486+07	0.00	ACTIVE	2026-02-19 22:21:42.930486+07	2026-02-19 22:21:42.931007+07	19	2071	138	0	2	\N	0.00	0.00	\N	\N	f
167	1	60000.00	percentage	3.50	manual	after_purchase	2	2	2026-02-21 22:21:32.950005+07	\N	2026-02-20 22:21:32.950005+07	0.00	ACTIVE	2026-02-19 22:21:32.950005+07	2026-02-19 22:21:32.951607+07	19	2068	138	0	2	\N	0.00	0.00	\N	\N	f
166	1	60000.00	percentage	3.50	manual	after_purchase	2	2	2026-02-21 22:21:20.378749+07	\N	2026-02-20 22:21:20.378749+07	0.00	ACTIVE	2026-02-19 22:21:20.378749+07	2026-02-19 22:21:20.379763+07	19	2065	138	0	2	\N	0.00	0.00	\N	\N	f
145	1	158000.00	percentage	4.00	manual	after_purchase	2	0	2026-02-20 23:06:53.252768+07	2026-02-20 00:02:00.130297+07	2026-02-21 00:02:00.130297+07	12640.00	COMPLETED	2026-02-18 23:06:53.252768+07	2026-02-20 00:02:00.130297+07	20	1934	106	2	0	2026-02-18 23:42:56.482083+07	6320.00	12640.00	0.00	0.00	t
178	1	1520000.00	percentage	4.40	manual	after_purchase	125	125	2026-06-24 22:24:20.637957+07	\N	2026-02-20 22:24:20.639504+07	0.00	ACTIVE	2026-02-19 22:24:20.639504+07	2026-02-19 22:24:20.639504+07	23	2101	138	0	125	\N	0.00	0.00	0.00	0.00	f
162	1	158000.00	percentage	4.00	manual	after_purchase	2	2	2026-02-21 16:40:03.365554+07	\N	2026-02-20 16:40:03.365554+07	0.00	ACTIVE	2026-02-19 16:40:03.365554+07	2026-02-19 16:40:03.367089+07	20	2044	136	0	2	\N	0.00	0.00	0.00	0.00	f
158	1	60000.00	percentage	3.50	manual	after_purchase	2	2	2026-02-21 16:25:10.868695+07	\N	2026-02-20 16:25:10.868695+07	0.00	ACTIVE	2026-02-19 16:25:10.868695+07	2026-02-19 16:25:10.868695+07	19	2027	136	0	2	\N	0.00	0.00	\N	\N	f
150	1	60000.00	percentage	3.50	manual	after_purchase	2	1	2026-02-21 10:55:29.712957+07	2026-02-19 10:55:36.935929+07	2026-02-20 10:55:36.935929+07	2100.00	ACTIVE	2026-02-19 10:55:29.712957+07	2026-02-19 10:55:36.935929+07	19	1982	129	1	1	2026-02-19 10:55:36.935929+07	2100.00	2100.00	\N	\N	f
132	1	350000.00	percentage	4.00	manual	after_purchase	70	69	2026-04-29 13:16:10.119472+07	\N	2026-02-19 13:16:10.119472+07	0.00	ACTIVE	2026-02-18 13:16:10.119472+07	2026-02-18 13:16:10.121+07	21	1882	2	0	70	\N	0.00	0.00	0.00	0.00	f
127	1	2966000.00	percentage	4.50	manual	after_purchase	160	159	2026-07-28 13:07:55.648862+07	\N	2026-02-19 13:07:55.648862+07	0.00	ACTIVE	2026-02-18 13:07:55.648862+07	2026-02-18 13:07:55.66562+07	24	1872	2	0	160	\N	0.00	0.00	0.00	0.00	f
148	1	60000.00	percentage	3.50	manual	after_purchase	2	1	2026-02-20 23:54:01.90019+07	2026-02-18 23:54:09.787429+07	2026-02-19 23:54:09.787429+07	2100.00	ACTIVE	2026-02-18 23:54:01.900694+07	2026-02-18 23:54:09.788976+07	19	1961	128	1	1	2026-02-18 23:54:09.787429+07	2100.00	2100.00	\N	\N	f
174	1	350000.00	percentage	4.00	manual	after_purchase	70	70	2026-04-30 22:23:04.555393+07	\N	2026-02-20 22:23:04.556928+07	0.00	ACTIVE	2026-02-19 22:23:04.556928+07	2026-02-19 22:23:04.556928+07	21	2089	138	0	70	\N	0.00	0.00	0.00	0.00	f
124	1	100000.00	percentage	2.00	auto	after_purchase	10	10	2026-02-27 16:56:38.016122+07	\N	2026-02-18 16:56:38.01768+07	0.00	ACTIVE	2026-02-17 16:56:38.01768+07	2026-02-17 16:56:38.028116+07	19	1858	94	0	10	\N	0.00	0.00	\N	\N	f
154	1	60000.00	percentage	3.50	manual	after_purchase	2	2	2026-02-21 14:49:50.574342+07	\N	2026-02-20 14:49:50.575892+07	0.00	ACTIVE	2026-02-19 14:49:50.575892+07	2026-02-19 14:49:50.575892+07	19	2004	133	0	0	\N	0.00	0.00	\N	\N	f
152	1	60000.00	percentage	3.50	manual	after_purchase	2	2	2026-02-21 14:25:20.3733+07	\N	2026-02-20 14:25:20.3733+07	0.00	ACTIVE	2026-02-19 14:25:20.3733+07	2026-02-19 14:25:20.374872+07	19	1995	132	0	2	\N	0.00	0.00	\N	\N	f
173	1	350000.00	percentage	4.00	manual	after_purchase	70	70	2026-04-30 22:22:53.394713+07	\N	2026-02-20 22:22:53.394713+07	0.00	ACTIVE	2026-02-19 22:22:53.394713+07	2026-02-19 22:22:53.396254+07	21	2086	138	0	70	\N	0.00	0.00	0.00	0.00	f
172	1	350000.00	percentage	4.00	manual	after_purchase	70	70	2026-04-30 22:22:41.677902+07	\N	2026-02-20 22:22:41.679433+07	0.00	ACTIVE	2026-02-19 22:22:41.679433+07	2026-02-19 22:22:41.679433+07	21	2083	138	0	70	\N	0.00	0.00	0.00	0.00	f
142	1	60000.00	percentage	3.50	manual	after_purchase	2	0	2026-02-20 23:04:03.027955+07	2026-02-19 23:42:28.768245+07	2026-02-20 23:42:28.768245+07	4200.00	COMPLETED	2026-02-18 23:04:03.027955+07	2026-02-19 23:42:28.769858+07	19	1925	106	2	0	2026-02-18 23:42:22.357188+07	2100.00	4200.00	\N	\N	t
156	1	60000.00	percentage	3.50	manual	after_purchase	2	2	2026-02-21 15:40:03.599608+07	\N	2026-02-20 15:40:03.599608+07	0.00	ACTIVE	2026-02-19 15:40:03.599608+07	2026-02-19 15:40:03.599608+07	19	2014	134	0	2	\N	0.00	0.00	\N	\N	f
163	1	158000.00	percentage	4.00	manual	after_purchase	2	2	2026-02-21 16:40:08.931047+07	\N	2026-02-20 16:40:08.931047+07	0.00	ACTIVE	2026-02-19 16:40:08.931047+07	2026-02-19 16:40:08.932586+07	20	2047	131	0	2	\N	0.00	0.00	0.00	0.00	f
188	1	60000.00	percentage	3.50	manual	after_purchase	2	2	2026-02-21 22:41:19.262319+07	\N	2026-02-20 22:41:19.263325+07	0.00	ACTIVE	2026-02-19 22:41:19.263325+07	2026-02-19 22:41:19.263828+07	19	2141	141	0	2	\N	0.00	0.00	\N	\N	f
165	1	158000.00	percentage	4.00	manual	after_purchase	2	2	2026-02-21 22:09:10.618583+07	\N	2026-02-20 22:09:10.618583+07	0.00	ACTIVE	2026-02-19 22:09:10.618583+07	2026-02-19 22:09:10.619128+07	20	2057	137	0	2	\N	0.00	0.00	0.00	0.00	f
170	1	158000.00	percentage	4.00	manual	after_purchase	2	2	2026-02-21 22:22:12.510092+07	\N	2026-02-20 22:22:12.510092+07	0.00	ACTIVE	2026-02-19 22:22:12.510092+07	2026-02-19 22:22:12.511605+07	20	2077	138	0	2	\N	0.00	0.00	0.00	0.00	f
169	1	158000.00	percentage	4.00	manual	after_purchase	2	2	2026-02-21 22:22:03.317871+07	\N	2026-02-20 22:22:03.318877+07	0.00	ACTIVE	2026-02-19 22:22:03.318877+07	2026-02-19 22:22:03.31938+07	20	2074	138	0	2	\N	0.00	0.00	0.00	0.00	f
160	1	60000.00	percentage	3.50	manual	after_purchase	2	2	2026-02-21 16:35:49.343119+07	\N	2026-02-20 16:35:49.343119+07	0.00	ACTIVE	2026-02-19 16:35:49.343119+07	2026-02-19 16:35:49.343119+07	19	2035	135	0	2	\N	0.00	0.00	\N	\N	f
189	1	158000.00	percentage	4.00	manual	after_purchase	2	2	2026-02-21 22:41:29.817747+07	\N	2026-02-20 22:41:29.817747+07	0.00	ACTIVE	2026-02-19 22:41:29.817747+07	2026-02-19 22:41:29.817747+07	20	2144	141	0	0	\N	0.00	0.00	0.00	0.00	f
144	1	60000.00	percentage	3.50	manual	after_purchase	2	0	2026-02-20 23:05:45.48751+07	2026-02-20 00:01:41.76845+07	2026-02-21 00:01:41.76845+07	4200.00	COMPLETED	2026-02-18 23:05:45.489037+07	2026-02-20 00:01:41.769462+07	19	1931	106	2	0	2026-02-18 23:36:54.162214+07	2100.00	4200.00	\N	\N	t
186	1	60000.00	percentage	3.50	manual	after_purchase	2	2	2026-02-21 22:39:21.611676+07	\N	2026-02-20 22:39:21.61321+07	0.00	ACTIVE	2026-02-19 22:39:21.61321+07	2026-02-19 22:39:21.61321+07	19	2134	140	0	2	\N	0.00	0.00	\N	\N	f
146	1	158000.00	percentage	4.00	manual	after_purchase	2	0	2026-02-20 23:09:42.887027+07	2026-02-20 00:02:40.849473+07	2026-02-21 00:02:40.849473+07	12640.00	COMPLETED	2026-02-18 23:09:42.888583+07	2026-02-20 00:02:40.850997+07	20	1937	106	2	0	2026-02-18 23:38:21.638585+07	6320.00	12640.00	0.00	0.00	t
183	1	2966000.00	percentage	4.50	manual	after_purchase	160	160	2026-07-29 22:26:33.583283+07	\N	2026-02-20 22:26:33.584302+07	0.00	ACTIVE	2026-02-19 22:26:33.584302+07	2026-02-19 22:26:33.584302+07	24	2118	138	0	160	\N	0.00	0.00	0.00	0.00	f
180	1	1520000.00	percentage	4.40	manual	after_purchase	125	125	2026-06-24 22:24:49.558696+07	\N	2026-02-20 22:24:49.558696+07	0.00	ACTIVE	2026-02-19 22:24:49.558696+07	2026-02-19 22:24:49.560339+07	23	2107	138	0	125	\N	0.00	0.00	0.00	0.00	f
179	1	1520000.00	percentage	4.40	manual	after_purchase	125	125	2026-06-24 22:24:39.13267+07	\N	2026-02-20 22:24:39.13267+07	0.00	ACTIVE	2026-02-19 22:24:39.13267+07	2026-02-19 22:24:39.13267+07	23	2104	138	0	125	\N	0.00	0.00	0.00	0.00	f
\.


--
-- Data for Name: mission_user_states; Type: TABLE DATA; Schema: public; Owner: postgres
--

COPY public.mission_user_states (id, claimed_count, last_claimed_at, created_at, updated_at, mission_id, user_id) FROM stdin;
21	1	2026-02-19 20:47:42.653111+07	2026-02-19 20:47:42.627011+07	2026-02-19 20:47:42.653111+07	51	130
22	1	2026-02-19 22:09:24.600975+07	2026-02-19 22:09:24.599441+07	2026-02-19 22:09:24.600975+07	52	130
23	1	2026-02-19 22:41:56.16946+07	2026-02-19 22:41:56.167925+07	2026-02-19 22:41:56.16946+07	51	138
\.


--
-- Data for Name: missions; Type: TABLE DATA; Schema: public; Owner: postgres
--

COPY public.missions (id, description, is_active, is_repeatable, level, type, requirement, reward, reward_balance_type, referral_levels, created_at, updated_at, title) FROM stdin;
53	Kelas 1-3 Tambahkan 25 orang Hadiah peti harta karun 80000 Rp	t	f	1	active_downline	25	80000.00	balance	[1, 2, 3]	2026-02-18 14:26:06.341403+07	2026-02-18 14:26:06.342913+07	Undang Teman
54	Kelas 1-3 Tambahkan 35 orang Hadiah peti harta karun 130000 Rp	t	f	1	active_downline	35	130000.00	balance	[1, 2, 3]	2026-02-18 14:26:50.348065+07	2026-02-18 14:26:50.349595+07	Undang Teman
55	Kelas 1-3 Tambahkan 60 orang Hadiah peti harta karun 180000 Rp	t	f	1	active_downline	60	180000.00	balance	[1, 2, 3]	2026-02-18 14:27:33.451737+07	2026-02-18 14:27:33.451737+07	Undang Teman
56	Kelas 1-3 Tambahkan 90 orang Hadiah peti harta karun 260000 Rp	t	f	1	active_downline	90	260000.00	balance	[1, 2, 3]	2026-02-18 14:28:13.750429+07	2026-02-18 14:28:13.750429+07	Undang Teman
57	Kelas 1-3 Tambahkan 140 orang Hadiah peti harta karun 450000 Rp	t	f	1	active_downline	140	450000.00	balance	[1, 2, 3]	2026-02-18 14:28:51.784704+07	2026-02-18 14:28:51.784704+07	Undang Teman
58	Kelas 1-3 Tambahkan 200 orang Hadiah peti harta karun 700000	t	f	1	active_downline	200	700000.00	balance	[1, 2, 3]	2026-02-18 14:29:59.521468+07	2026-02-18 14:29:59.521468+07	Undang Teman
59	Kelas 1-3 Tambahkan 350 orang Hadiah peti harta karun 1000000 Rp	t	f	1	active_downline	350	1000000.00	balance	[1, 2, 3]	2026-02-18 14:32:16.14592+07	2026-02-18 14:32:16.14592+07	Undang Teman
60	Kelas 1-3 Tambahkan 600 orang Hadiah peti harta karun 2500000 Rp	t	f	1	active_downline	600	2500000.00	balance	[1, 2, 3]	2026-02-18 14:33:18.619856+07	2026-02-18 14:33:18.619856+07	Undang Teman
51	Kelas 1-3 Tambahkan 3 orang Hadiah peti harta karun 20000 Rp	t	f	1	active_downline	3	20000.00	balance	[1, 2, 3]	2026-02-17 10:50:40.524696+07	2026-02-18 14:53:14.652207+07	Undang Teman
52	Kelas 1-3 Tambahkan 4 orang Hadiah peti harta karun 45000 Rp	t	f	1	active_downline	4	45000.00	balance	[1, 2, 3]	2026-02-18 14:25:18.407653+07	2026-02-19 22:03:36.572963+07	Undang Teman
\.


--
-- Data for Name: news_news; Type: TABLE DATA; Schema: public; Owner: postgres
--

COPY public.news_news (id, title, slug, body, is_published, published_at, updated_at, image) FROM stdin;
20	Ocerin Foundation Luncurkan Program Konservasi Laut Berkelanjutan	ocerin-foundation-luncurkan-program-konservasi-laut-berkelanjutan	Jakarta, 2026 – Ocerin Foundation secara resmi meluncurkan program konservasi laut berkelanjutan sebagai bagian dari komitmennya dalam menjaga keseimbangan ekosistem perairan dan pesisir. Program ini berfokus pada perlindungan terumbu karang, konservasi satwa laut, serta pemantauan kualitas lingkungan perairan secara berkala.\r\n\r\nDalam kegiatan perdananya, Ocerin Foundation melakukan pemantauan kondisi ekosistem laut dan pengumpulan data kualitas air di wilayah pesisir yang menjadi fokus program. Selain itu, tim juga melaksanakan aksi bersih pantai bersama komunitas lokal sebagai langkah awal dalam mengurangi dampak limbah terhadap lingkungan laut.\r\n\r\nPerwakilan Ocerin Foundation menyampaikan bahwa konservasi laut memerlukan pendekatan yang terencana dan berkelanjutan. “Upaya menjaga ekosistem laut tidak dapat dilakukan secara instan. Diperlukan kolaborasi, edukasi, dan pemantauan yang konsisten agar dampaknya dapat dirasakan dalam jangka panjang,” ujar perwakilan tersebut.\r\n\r\nProgram ini juga mencakup kegiatan edukasi lingkungan kepada masyarakat sekitar pesisir, dengan tujuan meningkatkan kesadaran akan pentingnya menjaga habitat laut dan keanekaragaman hayati. Ocerin Foundation menekankan bahwa partisipasi masyarakat menjadi salah satu kunci dalam menciptakan perubahan yang berkelanjutan.\r\n\r\nMelalui program konservasi laut ini, Ocerin Foundation berharap dapat berkontribusi dalam menjaga kelestarian ekosistem laut untuk generasi saat ini dan mendatang. Ke depan, foundation ini berencana memperluas cakupan kegiatan konservasi serta memperkuat kolaborasi dengan berbagai pihak yang memiliki kepedulian terhadap lingkungan.	t	2026-02-17 10:57:16.89878+07	2026-02-17 10:57:16.89878+07	news/1000857243.png
\.


--
-- Data for Name: products; Type: TABLE DATA; Schema: public; Owner: postgres
--

COPY public.products (id, name, description, price, status, purchase_limit, stock, stock_enabled, profit_type, profit_rate, profit_method, duration, balance_source, claim_reset_mode, claim_reset_hours, image, specifications, created_at, updated_at, cashback_enabled, cashback_percentage, custom_field_10_content, custom_field_10_title, custom_field_1_content, custom_field_1_title, custom_field_2_content, custom_field_2_title, custom_field_3_content, custom_field_3_title, custom_field_4_content, custom_field_4_title, custom_field_5_content, custom_field_5_title, custom_field_6_content, custom_field_6_title, custom_field_7_content, custom_field_7_title, custom_field_8_content, custom_field_8_title, custom_field_9_content, custom_field_9_title, max_purchase_count, profit_rebate_level_1, profit_rebate_level_2, profit_rebate_level_3, profit_rebate_level_4, profit_rebate_level_5, purchase_rebate_level_1, purchase_rebate_level_2, purchase_rebate_level_3, purchase_rebate_level_4, purchase_rebate_level_5, require_upline_ownership_for_commissions, profit_random_max, profit_random_min, return_principal_on_completion, qualify_as_active_investment) FROM stdin;
19	Proyek Konservasi-Uji Coba Biota	-	60000.00	1	3	965	t	percentage	3.50	manual	2	balance	after_purchase	0	products/12.png	-	2026-02-17 11:04:16.567953+07	2026-02-19 22:41:19.262319+07	f	0.00		\N		\N		\N		\N		\N		\N		\N		\N		\N		\N	3	0.00	0.00	0.00	0.00	0.00	8.00	3.00	0.00	0.00	0.00	f	\N	\N	t	f
20	Proyek Konservasi-Kuda Laut	-	158000.00	1	3	987	t	percentage	4.00	manual	2	balance	after_purchase	\N	products/9.png	-	2026-02-18 12:42:57.343835+07	2026-02-19 22:41:29.816217+07	f	0.00		\N		\N		\N		\N		\N		\N		\N		\N		\N		\N	3	10.00	5.00	1.00	0.00	0.00	12.00	5.00	0.00	0.00	0.00	f	0.00	0.00	t	t
21	Proyek Konservasi-Kerang Laut	-	350000.00	1	3	995	t	percentage	4.00	manual	70	balance	after_purchase	\N	products/11.png	-	2026-02-18 12:44:38.753617+07	2026-02-19 22:23:04.555393+07	f	0.00		\N		\N		\N		\N		\N		\N		\N		\N		\N		\N	3	10.00	5.00	1.00	0.00	0.00	12.00	5.00	0.00	0.00	0.00	f	0.00	0.00	t	t
22	Proyek Konservasi-Penyu Laut	-	866000.00	1	3	996	t	percentage	4.20	manual	100	balance	after_purchase	\N	products/7.png	-	2026-02-18 12:45:46.153095+07	2026-02-19 22:23:57.752368+07	f	0.00		\N		\N		\N		\N		\N		\N		\N		\N		\N		\N	3	10.00	5.00	1.00	0.00	0.00	12.00	5.00	0.00	0.00	0.00	f	0.00	0.00	t	t
23	Proyek Konservasi-Terumbu Karang	-	1520000.00	1	3	997	t	percentage	4.40	manual	125	balance	after_purchase	\N	products/8.png	-	2026-02-18 12:47:15.126834+07	2026-02-19 22:24:49.557162+07	f	0.00		\N		\N		\N		\N		\N		\N		\N		\N		\N		\N	3	10.00	5.00	1.00	0.00	0.00	12.00	5.00	0.00	0.00	0.00	f	0.00	0.00	t	t
24	Proyek Konservasi-Padang Lamun	-	2966000.00	1	3	994	t	percentage	4.50	manual	160	balance	after_purchase	\N	products/10.png	-	2026-02-18 12:51:45.091939+07	2026-02-19 22:26:33.582701+07	f	0.00		\N		\N		\N		\N		\N		\N		\N		\N		\N		\N	3	10.00	5.00	1.00	0.00	0.00	12.00	5.00	0.00	0.00	0.00	f	0.00	0.00	t	t
\.


--
-- Data for Name: rank_levels; Type: TABLE DATA; Schema: public; Owner: postgres
--

COPY public.rank_levels (id, rank, title, missions_required_total, created_at, updated_at) FROM stdin;
4	1	L1	0	2026-01-11 21:01:57.59057+07	2026-01-11 21:01:57.59057+07
5	2	L2	10	2026-01-11 21:01:57.591577+07	2026-01-11 21:01:57.592084+07
6	3	L3	20	2026-01-11 21:08:06.762072+07	2026-01-11 21:08:19.43534+07
7	4	L4	30	2026-01-11 21:08:34.825044+07	2026-01-11 21:08:34.825044+07
8	5	L5	40	2026-01-11 21:08:54.391141+07	2026-01-11 21:08:54.392675+07
9	6	L6	50	2026-01-11 21:09:05.135833+07	2026-01-11 21:09:05.136339+07
10	7	L7	60	2026-01-11 21:09:16.348057+07	2026-01-11 21:09:16.348562+07
11	8	L8	70	2026-01-11 21:09:26.40826+07	2026-01-11 21:09:26.410558+07
12	9	L9	80	2026-01-11 21:09:36.949229+07	2026-01-11 21:09:36.949229+07
13	10	L10	90	2026-01-11 21:09:47.395199+07	2026-01-11 21:09:47.39673+07
\.


--
-- Data for Name: support_supportchatmessage; Type: TABLE DATA; Schema: public; Owner: postgres
--

COPY public.support_supportchatmessage (id, sender_type, message, created_at, sender_user_id, thread_id) FROM stdin;
36	USER	hai	2026-02-19 15:28:34.494718+07	106	21
37	ADMIN	halooo	2026-02-19 15:28:53.901876+07	1	21
38	USER	udah bisa ya	2026-02-19 15:29:03.823203+07	106	21
39	ADMIN	sudah kak	2026-02-19 15:29:11.776846+07	1	21
40	USER	Hai	2026-02-19 22:14:50.222317+07	138	22
41	ADMIN	Selamat malam! Apa ada yang bisa saya bantu saat ini?	2026-02-19 22:15:21.887387+07	1	22
\.


--
-- Data for Name: support_supportchatthread; Type: TABLE DATA; Schema: public; Owner: postgres
--

COPY public.support_supportchatthread (id, is_closed, created_at, updated_at, user_id) FROM stdin;
21	f	2026-02-19 15:28:30.571814+07	2026-02-19 15:29:11.776846+07	106
22	f	2026-02-19 22:14:47.925616+07	2026-02-19 22:15:21.885337+07	138
23	f	2026-02-19 22:23:07.853145+07	2026-02-19 22:23:07.853145+07	137
\.


--
-- Data for Name: support_supportlink; Type: TABLE DATA; Schema: public; Owner: postgres
--

COPY public.support_supportlink (id, title, url, platform, description, is_active, created_at, updated_at, icon) FROM stdin;
1	Telegram	https://t.me/+8jbB9lRcEm1kZTNh	telegram	Ocerin Foundation	t	2025-11-10 09:19:22.230154+07	2026-02-19 15:13:29.766933+07	
4	Layanan Ocerin	https://t.me/zlataocrn2000	other	Layanan Ocerin	t	2026-02-19 15:26:40.338255+07	2026-02-19 15:26:40.338255+07	
\.


--
-- Data for Name: transactions; Type: TABLE DATA; Schema: public; Owner: postgres
--

COPY public.transactions (id, trx_id, type, amount, description, status, wallet_type, investment_quantity, commission_level, voucher_id, voucher_code, created_at, product_id, related_transaction_id, upline_user_id, user_id) FROM stdin;
1	ATT-20251109170040-C7BCB0	ATTENDANCE	1204.19	Daily attendance claim	COMPLETED	BALANCE	\N	\N	\N	\N	2025-11-10 00:00:40.840372+07	\N	\N	\N	2
2	VCH-20251109170418-420A2D	VOUCHER	5000.00	Voucher claim bebekdungu	COMPLETED	BALANCE	\N	\N	8	bebekdungu	2025-11-10 00:04:18.80315+07	\N	\N	\N	2
3	ADM-BALANCE_DEPOSIT-2-1762707923	CREDIT	500000.00	Admin increased balance_deposit by 500000	COMPLETED	BALANCE_DEPOSIT	\N	\N	\N	\N	2025-11-10 00:05:23.11076+07	\N	\N	\N	2
1923	ATT-20260218153534-DD7950	ATTENDANCE	0.00	Daily attendance claim	COMPLETED	BALANCE	\N	\N	\N	\N	2026-02-18 22:35:34.397249+07	\N	\N	\N	105
2062	VCH-20260219221821-6AF6DA	VOUCHER	10000.00	Voucher claim auto	COMPLETED	BALANCE	\N	\N	8	auto	2026-02-19 22:18:21.282716+07	\N	\N	\N	137
2063	VCH-20260219221822-29A60D	VOUCHER	10000.00	Voucher claim auto	COMPLETED	BALANCE	\N	\N	8	auto	2026-02-19 22:18:22.953821+07	\N	\N	\N	138
7	ADM-BALANCE-2-1762708045	CREDIT	50000.00	Admin increased balance by 50000	COMPLETED	BALANCE	\N	\N	\N	\N	2025-11-10 00:07:25.146731+07	\N	\N	\N	2
18	MSN-20251109175930-2-7	MISSIONS	5000.00	Mission reward: Saatnya memiliki kontribusi mengajak teman memiliki proyek medis sebanyak 1 anggota dan dapatkan kemenangan Rp5.000. (x1)	COMPLETED	BALANCE	\N	\N	\N	\N	2025-11-10 00:59:30.865209+07	\N	\N	\N	2
19	DEP-20251109183643-9C2497	DEPOSIT	10000.00	Deposit via Jayapay (BALANCE_DEPOSIT)	COMPLETED	BALANCE_DEPOSIT	\N	\N	\N	\N	2025-11-10 01:36:43.663643+07	\N	\N	\N	2
1606	AUTO-20260124232231-0FC04A	INTEREST	7520.00	Automatic profit from Cloud AI investment	COMPLETED	BALANCE	\N	\N	\N	\N	2026-01-24 23:22:31.330605+07	\N	\N	\N	2
1765	AUTO-20260212000049-464E8C	INTEREST	7520.00	Automatic profit from Cloud AI investment	COMPLETED	BALANCE	\N	\N	\N	\N	2026-02-12 00:00:49.856079+07	\N	\N	\N	2
1857	ADM-BALANCE-94-1771322046	CREDIT	9000000.00	Admin increased balance by 9000000	COMPLETED	BALANCE	\N	\N	\N	\N	2026-02-17 16:54:06.824052+07	\N	\N	\N	94
10	PUR-20251109173951-3B2B88	INVESTMENTS	299880.00	Purchase Sistem Omnisurg (x1)	COMPLETED	BALANCE_DEPOSIT	1	\N	\N	\N	2025-11-10 00:39:51.476979+07	\N	\N	\N	2
1924	ADM-BALANCE-106-1771430455	CREDIT	1000000.00	Admin increased balance by 1000000	COMPLETED	BALANCE	\N	\N	\N	\N	2026-02-18 23:00:55.133545+07	\N	\N	\N	106
2064	ADM-BALANCE-138-1771514467	CREDIT	10000000.00	Admin increased balance by 10000000	COMPLETED	BALANCE	\N	\N	\N	\N	2026-02-19 22:21:07.828168+07	\N	\N	\N	138
2065	PUR-20260219152120-8BD2C5	INVESTMENTS	60000.00	Purchase Proyek Konservasi-Uji Coba Biota (x1)	COMPLETED	BALANCE	1	\N	\N	\N	2026-02-19 22:21:20.377218+07	19	\N	\N	138
2066	REB-20260219152120-3540B5	PURCHASE_COMMISSION	4800.00	Purchase rebate L1 from +6281808368210 - Proyek Konservasi-Uji Coba Biota	COMPLETED	BALANCE	\N	1	\N	\N	2026-02-19 22:21:20.382935+07	19	2065	138	130
1672	WD-367CE8875E	WITHDRAW	35000.00	Withdrawal request	PENDING	BALANCE	\N	\N	\N	\N	2026-01-25 03:14:17.963148+07	\N	\N	\N	2
1673	WD-EB66E074DB	WITHDRAW	35000.00	Withdrawal request	PENDING	BALANCE	\N	\N	\N	\N	2026-01-25 03:14:30.444516+07	\N	\N	\N	2
2067	REB-20260219152120-16C37B	PURCHASE_COMMISSION	1800.00	Purchase rebate L2 from +6281808368210 - Proyek Konservasi-Uji Coba Biota	COMPLETED	BALANCE	\N	2	\N	\N	2026-02-19 22:21:20.384464+07	19	2065	138	106
692	VCH-20251130144846-15F4A0	VOUCHER	5000.00	Voucher claim 000000	COMPLETED	BALANCE	\N	\N	2	000000	2025-11-30 21:48:46.199704+07	\N	\N	\N	2
2068	PUR-20260219152132-DA48B0	INVESTMENTS	60000.00	Purchase Proyek Konservasi-Uji Coba Biota (x1)	COMPLETED	BALANCE	1	\N	\N	\N	2026-02-19 22:21:32.946949+07	19	\N	\N	138
2069	REB-20260219152132-09AA0D	PURCHASE_COMMISSION	4800.00	Purchase rebate L1 from +6281808368210 - Proyek Konservasi-Uji Coba Biota	COMPLETED	BALANCE	\N	1	\N	\N	2026-02-19 22:21:32.954564+07	19	2068	138	130
2070	REB-20260219152132-0D4CB8	PURCHASE_COMMISSION	1800.00	Purchase rebate L2 from +6281808368210 - Proyek Konservasi-Uji Coba Biota	COMPLETED	BALANCE	\N	2	\N	\N	2026-02-19 22:21:32.957686+07	19	2068	138	106
2071	PUR-20260219152142-B593CA	INVESTMENTS	60000.00	Purchase Proyek Konservasi-Uji Coba Biota (x1)	COMPLETED	BALANCE	1	\N	\N	\N	2026-02-19 22:21:42.928413+07	19	\N	\N	138
2072	REB-20260219152142-E2DD55	PURCHASE_COMMISSION	4800.00	Purchase rebate L1 from +6281808368210 - Proyek Konservasi-Uji Coba Biota	COMPLETED	BALANCE	\N	1	\N	\N	2026-02-19 22:21:42.933664+07	19	2071	138	130
2073	REB-20260219152142-D66EC2	PURCHASE_COMMISSION	1800.00	Purchase rebate L2 from +6281808368210 - Proyek Konservasi-Uji Coba Biota	COMPLETED	BALANCE	\N	2	\N	\N	2026-02-19 22:21:42.936254+07	19	2071	138	106
1858	PUR-20260217095638-A765E4	INVESTMENTS	100000.00	Purchase Proyek Konservasi-Penyu Laut (x1)	COMPLETED	BALANCE	1	\N	\N	\N	2026-02-17 16:56:38.008454+07	19	\N	\N	94
687	WD-68662892D6	WITHDRAW	100000.00	Withdrawal request	PENDING	BALANCE	\N	\N	\N	\N	2025-11-30 21:45:34.822054+07	\N	\N	\N	2
1859	REB-20260217095638-E2B663	PURCHASE_COMMISSION	10000.00	Purchase rebate L1 from +6289494949494 - Proyek Konservasi-Penyu Laut	COMPLETED	BALANCE	\N	1	\N	\N	2026-02-17 16:56:38.031175+07	19	1858	94	2
1860	REB-20260217095638-9E7AB6	PURCHASE_COMMISSION	5000.00	Purchase rebate L2 from +6289494949494 - Proyek Konservasi-Penyu Laut	COMPLETED	BALANCE	\N	2	\N	\N	2026-02-17 16:56:38.032709+07	19	1858	94	1
1925	PUR-20260218160403-8B3217	INVESTMENTS	60000.00	Purchase Proyek Konservasi-Uji Coba Biota (x1)	COMPLETED	BALANCE	1	\N	\N	\N	2026-02-18 23:04:03.015685+07	19	\N	\N	106
1926	REB-20260218160403-8D24E6	PURCHASE_COMMISSION	4800.00	Purchase rebate L1 from +62812345678902 - Proyek Konservasi-Uji Coba Biota	COMPLETED	BALANCE	\N	1	\N	\N	2026-02-18 23:04:03.041706+07	19	1925	106	105
1927	REB-20260218160403-363104	PURCHASE_COMMISSION	1800.00	Purchase rebate L2 from +62812345678902 - Proyek Konservasi-Uji Coba Biota	COMPLETED	BALANCE	\N	2	\N	\N	2026-02-18 23:04:03.044427+07	19	1925	106	2
2074	PUR-20260219152203-525327	INVESTMENTS	158000.00	Purchase Proyek Konservasi-Kuda Laut (x1)	COMPLETED	BALANCE	1	\N	\N	\N	2026-02-19 22:22:03.314773+07	20	\N	\N	138
2075	REB-20260219152203-0902EA	PURCHASE_COMMISSION	18960.00	Purchase rebate L1 from +6281808368210 - Proyek Konservasi-Kuda Laut	COMPLETED	BALANCE	\N	1	\N	\N	2026-02-19 22:22:03.322478+07	20	2074	138	130
2076	REB-20260219152203-6D926F	PURCHASE_COMMISSION	7900.00	Purchase rebate L2 from +6281808368210 - Proyek Konservasi-Kuda Laut	COMPLETED	BALANCE	\N	2	\N	\N	2026-02-19 22:22:03.324013+07	20	2074	138	106
2077	PUR-20260219152212-A74A8F	INVESTMENTS	158000.00	Purchase Proyek Konservasi-Kuda Laut (x1)	COMPLETED	BALANCE	1	\N	\N	\N	2026-02-19 22:22:12.508557+07	20	\N	\N	138
2078	REB-20260219152212-831D2D	PURCHASE_COMMISSION	18960.00	Purchase rebate L1 from +6281808368210 - Proyek Konservasi-Kuda Laut	COMPLETED	BALANCE	\N	1	\N	\N	2026-02-19 22:22:12.513132+07	20	2077	138	130
2079	REB-20260219152212-B01DB9	PURCHASE_COMMISSION	7900.00	Purchase rebate L2 from +6281808368210 - Proyek Konservasi-Kuda Laut	COMPLETED	BALANCE	\N	2	\N	\N	2026-02-19 22:22:12.517769+07	20	2077	138	106
2080	PUR-20260219152220-24BD90	INVESTMENTS	158000.00	Purchase Proyek Konservasi-Kuda Laut (x1)	COMPLETED	BALANCE	1	\N	\N	\N	2026-02-19 22:22:20.85649+07	20	\N	\N	138
2081	REB-20260219152220-0A99D8	PURCHASE_COMMISSION	18960.00	Purchase rebate L1 from +6281808368210 - Proyek Konservasi-Kuda Laut	COMPLETED	BALANCE	\N	1	\N	\N	2026-02-19 22:22:20.861604+07	20	2080	138	130
2082	REB-20260219152220-34FDA5	PURCHASE_COMMISSION	7900.00	Purchase rebate L2 from +6281808368210 - Proyek Konservasi-Kuda Laut	COMPLETED	BALANCE	\N	2	\N	\N	2026-02-19 22:22:20.863849+07	20	2080	138	106
1674	WD-DD2A9F01FC	WITHDRAW	35000.00	Withdrawal request	PENDING	BALANCE	\N	\N	\N	\N	2026-01-25 03:17:57.480032+07	\N	\N	\N	2
8	WD-1A948089C1	WITHDRAW	50000.00	Withdrawal request	REJECTED	BALANCE	\N	\N	\N	\N	2025-11-10 00:09:21.327296+07	\N	\N	\N	2
170	WDREF-DF0B901828	REJECT	50000.00	Withdrawal rejected - refund	COMPLETED	BALANCE	\N	\N	\N	\N	2025-11-10 12:52:29.250887+07	\N	8	\N	2
172	WDREF-F2DC9A57F7	REJECT	50000.00	Withdrawal rejected - refund	COMPLETED	BALANCE	\N	\N	\N	\N	2025-11-10 12:53:55.646198+07	\N	171	\N	2
173	ADM-BALANCE_DEPOSIT-2-1762754218	CREDIT	150000.00	Admin increased balance_deposit by 150000	COMPLETED	BALANCE_DEPOSIT	\N	\N	\N	\N	2025-11-10 12:56:58.210895+07	\N	\N	\N	2
1861	VCH-20260217172505-E04090	VOUCHER	10000.00	Voucher claim auto	COMPLETED	BALANCE	\N	\N	8	auto	2026-02-17 17:25:05.96109+07	\N	\N	\N	94
171	WD-33625F0256	WITHDRAW	50000.00	Withdrawal request	COMPLETED	BALANCE	\N	\N	\N	\N	2025-11-10 12:53:36.008394+07	\N	\N	\N	2
180	WD-F0F7B1B55A	WITHDRAW	50000.00	Withdrawal request	COMPLETED	BALANCE	\N	\N	\N	\N	2025-11-10 15:28:00.500638+07	\N	\N	\N	2
181	WD-DFCA4909BF	WITHDRAW	50000.00	Withdrawal request	REJECTED	BALANCE	\N	\N	\N	\N	2025-11-10 16:12:00.666151+07	\N	\N	\N	2
182	WDREF-8C62A618C7	REJECT	50000.00	Withdrawal rejected - refund	COMPLETED	BALANCE	\N	\N	\N	\N	2025-11-10 16:55:00.243299+07	\N	181	\N	2
1928	PUR-20260218160501-040ACA	INVESTMENTS	60000.00	Purchase Proyek Konservasi-Uji Coba Biota (x1)	COMPLETED	BALANCE	1	\N	\N	\N	2026-02-18 23:05:01.705622+07	19	\N	\N	106
1929	REB-20260218160501-C5E5D7	PURCHASE_COMMISSION	4800.00	Purchase rebate L1 from +62812345678902 - Proyek Konservasi-Uji Coba Biota	COMPLETED	BALANCE	\N	1	\N	\N	2026-02-18 23:05:01.710187+07	19	1928	106	105
1930	REB-20260218160501-40FC45	PURCHASE_COMMISSION	1800.00	Purchase rebate L2 from +62812345678902 - Proyek Konservasi-Uji Coba Biota	COMPLETED	BALANCE	\N	2	\N	\N	2026-02-18 23:05:01.71171+07	19	1928	106	2
2083	PUR-20260219152241-E48AEB	INVESTMENTS	350000.00	Purchase Proyek Konservasi-Kerang Laut (x1)	COMPLETED	BALANCE	1	\N	\N	\N	2026-02-19 22:22:41.674981+07	21	\N	\N	138
2084	REB-20260219152241-D1DC20	PURCHASE_COMMISSION	42000.00	Purchase rebate L1 from +6281808368210 - Proyek Konservasi-Kerang Laut	COMPLETED	BALANCE	\N	1	\N	\N	2026-02-19 22:22:41.682507+07	21	2083	138	130
2085	REB-20260219152241-2128BF	PURCHASE_COMMISSION	17500.00	Purchase rebate L2 from +6281808368210 - Proyek Konservasi-Kerang Laut	COMPLETED	BALANCE	\N	2	\N	\N	2026-02-19 22:22:41.68406+07	21	2083	138	106
2086	PUR-20260219152253-3C90FF	INVESTMENTS	350000.00	Purchase Proyek Konservasi-Kerang Laut (x1)	COMPLETED	BALANCE	1	\N	\N	\N	2026-02-19 22:22:53.393179+07	21	\N	\N	138
2087	REB-20260219152253-E152CA	PURCHASE_COMMISSION	42000.00	Purchase rebate L1 from +6281808368210 - Proyek Konservasi-Kerang Laut	COMPLETED	BALANCE	\N	1	\N	\N	2026-02-19 22:22:53.399399+07	21	2086	138	130
2088	REB-20260219152253-0844B1	PURCHASE_COMMISSION	17500.00	Purchase rebate L2 from +6281808368210 - Proyek Konservasi-Kerang Laut	COMPLETED	BALANCE	\N	2	\N	\N	2026-02-19 22:22:53.402448+07	21	2086	138	106
2089	PUR-20260219152304-5169C0	INVESTMENTS	350000.00	Purchase Proyek Konservasi-Kerang Laut (x1)	COMPLETED	BALANCE	1	\N	\N	\N	2026-02-19 22:23:04.553854+07	21	\N	\N	138
2090	REB-20260219152304-CAFE88	PURCHASE_COMMISSION	42000.00	Purchase rebate L1 from +6281808368210 - Proyek Konservasi-Kerang Laut	COMPLETED	BALANCE	\N	1	\N	\N	2026-02-19 22:23:04.560008+07	21	2089	138	130
2091	REB-20260219152304-0410D5	PURCHASE_COMMISSION	17500.00	Purchase rebate L2 from +6281808368210 - Proyek Konservasi-Kerang Laut	COMPLETED	BALANCE	\N	2	\N	\N	2026-02-19 22:23:04.56306+07	21	2089	138	106
1862	WD-6659AA2A11	WITHDRAW	90000.00	Withdrawal request	PENDING	BALANCE	\N	\N	\N	\N	2026-02-17 17:34:22.445598+07	\N	\N	\N	94
213	PRB-20251126134655-A1E6A6	PROFIT_COMMISSION	905.92	Profit rebate L2 from 0800123456789 - Sistem Lyvion	COMPLETED	BALANCE	\N	2	\N	\N	2025-11-26 20:46:55.322237+07	\N	\N	\N	2
214	PRB-20251126134655-0861D9	PROFIT_COMMISSION	452.96	Profit rebate L3 from 0800123456789 - Sistem Lyvion	COMPLETED	BALANCE	\N	3	\N	\N	2025-11-26 20:46:55.393825+07	\N	\N	\N	1
1931	PUR-20260218160545-16F676	INVESTMENTS	60000.00	Purchase Proyek Konservasi-Uji Coba Biota (x1)	COMPLETED	BALANCE	1	\N	\N	\N	2026-02-18 23:05:45.48598+07	19	\N	\N	106
1932	REB-20260218160545-F0DE46	PURCHASE_COMMISSION	4800.00	Purchase rebate L1 from +62812345678902 - Proyek Konservasi-Uji Coba Biota	COMPLETED	BALANCE	\N	1	\N	\N	2026-02-18 23:05:45.491588+07	19	1931	106	105
1933	REB-20260218160545-B9C1DF	PURCHASE_COMMISSION	1800.00	Purchase rebate L2 from +62812345678902 - Proyek Konservasi-Uji Coba Biota	COMPLETED	BALANCE	\N	2	\N	\N	2026-02-18 23:05:45.493117+07	19	1931	106	2
2092	PUR-20260219152327-FA6B73	INVESTMENTS	866000.00	Purchase Proyek Konservasi-Penyu Laut (x1)	COMPLETED	BALANCE	1	\N	\N	\N	2026-02-19 22:23:27.940011+07	22	\N	\N	138
2093	REB-20260219152327-0053F7	PURCHASE_COMMISSION	103920.00	Purchase rebate L1 from +6281808368210 - Proyek Konservasi-Penyu Laut	COMPLETED	BALANCE	\N	1	\N	\N	2026-02-19 22:23:27.949371+07	22	2092	138	130
2094	REB-20260219152327-8DFC5D	PURCHASE_COMMISSION	43300.00	Purchase rebate L2 from +6281808368210 - Proyek Konservasi-Penyu Laut	COMPLETED	BALANCE	\N	2	\N	\N	2026-02-19 22:23:27.954663+07	22	2092	138	106
1863	PUR-20260217123106-709DCB	INVESTMENTS	100000.00	Purchase Proyek Konservasi-Penyu Laut (x1)	COMPLETED	BALANCE	1	\N	\N	\N	2026-02-17 19:31:06.969639+07	19	\N	\N	2
1864	REB-20260217123106-81598B	PURCHASE_COMMISSION	10000.00	Purchase rebate L1 from +6289595959595 - Proyek Konservasi-Penyu Laut	COMPLETED	BALANCE	\N	1	\N	\N	2026-02-17 19:31:06.983788+07	19	1863	2	1
2095	PUR-20260219152341-8BA4EC	INVESTMENTS	866000.00	Purchase Proyek Konservasi-Penyu Laut (x1)	COMPLETED	BALANCE	1	\N	\N	\N	2026-02-19 22:23:41.939041+07	22	\N	\N	138
2096	REB-20260219152341-A08840	PURCHASE_COMMISSION	103920.00	Purchase rebate L1 from +6281808368210 - Proyek Konservasi-Penyu Laut	COMPLETED	BALANCE	\N	1	\N	\N	2026-02-19 22:23:41.944801+07	22	2095	138	130
2097	REB-20260219152341-8343EF	PURCHASE_COMMISSION	43300.00	Purchase rebate L2 from +6281808368210 - Proyek Konservasi-Penyu Laut	COMPLETED	BALANCE	\N	2	\N	\N	2026-02-19 22:23:41.946313+07	22	2095	138	106
2098	PUR-20260219152357-E89BCB	INVESTMENTS	866000.00	Purchase Proyek Konservasi-Penyu Laut (x1)	COMPLETED	BALANCE	1	\N	\N	\N	2026-02-19 22:23:57.750833+07	22	\N	\N	138
2099	REB-20260219152357-DD6286	PURCHASE_COMMISSION	103920.00	Purchase rebate L1 from +6281808368210 - Proyek Konservasi-Penyu Laut	COMPLETED	BALANCE	\N	1	\N	\N	2026-02-19 22:23:57.756935+07	22	2098	138	130
2100	REB-20260219152357-3FD466	PURCHASE_COMMISSION	43300.00	Purchase rebate L2 from +6281808368210 - Proyek Konservasi-Penyu Laut	COMPLETED	BALANCE	\N	2	\N	\N	2026-02-19 22:23:57.760006+07	22	2098	138	106
1934	PUR-20260218160653-CD08D0	INVESTMENTS	158000.00	Purchase Proyek Konservasi-Kuda Laut (x1)	COMPLETED	BALANCE	1	\N	\N	\N	2026-02-18 23:06:53.250736+07	20	\N	\N	106
1935	REB-20260218160653-CC4515	PURCHASE_COMMISSION	18960.00	Purchase rebate L1 from +62812345678902 - Proyek Konservasi-Kuda Laut	COMPLETED	BALANCE	\N	1	\N	\N	2026-02-18 23:06:53.255314+07	20	1934	106	105
1936	REB-20260218160653-D9006D	PURCHASE_COMMISSION	7900.00	Purchase rebate L2 from +62812345678902 - Proyek Konservasi-Kuda Laut	COMPLETED	BALANCE	\N	2	\N	\N	2026-02-18 23:06:53.258226+07	20	1934	106	2
2101	PUR-20260219152420-D09D87	INVESTMENTS	1520000.00	Purchase Proyek Konservasi-Terumbu Karang (x1)	COMPLETED	BALANCE	1	\N	\N	\N	2026-02-19 22:24:20.636371+07	23	\N	\N	138
2102	REB-20260219152420-5E99CD	PURCHASE_COMMISSION	182400.00	Purchase rebate L1 from +6281808368210 - Proyek Konservasi-Terumbu Karang	COMPLETED	BALANCE	\N	1	\N	\N	2026-02-19 22:24:20.642608+07	23	2101	138	130
2103	REB-20260219152420-4C7C52	PURCHASE_COMMISSION	76000.00	Purchase rebate L2 from +6281808368210 - Proyek Konservasi-Terumbu Karang	COMPLETED	BALANCE	\N	2	\N	\N	2026-02-19 22:24:20.645167+07	23	2101	138	106
2104	PUR-20260219152439-1A82A6	INVESTMENTS	1520000.00	Purchase Proyek Konservasi-Terumbu Karang (x1)	COMPLETED	BALANCE	1	\N	\N	\N	2026-02-19 22:24:39.131131+07	23	\N	\N	138
1777	VCH-20260212191244-370A8B	VOUCHER	10000.00	Voucher claim auto	COMPLETED	BALANCE_DEPOSIT	\N	\N	8	auto	2026-02-12 19:12:44.446682+07	\N	\N	\N	2
2105	REB-20260219152439-906502	PURCHASE_COMMISSION	182400.00	Purchase rebate L1 from +6281808368210 - Proyek Konservasi-Terumbu Karang	COMPLETED	BALANCE	\N	1	\N	\N	2026-02-19 22:24:39.137298+07	23	2104	138	130
2106	REB-20260219152439-4A06FE	PURCHASE_COMMISSION	76000.00	Purchase rebate L2 from +6281808368210 - Proyek Konservasi-Terumbu Karang	COMPLETED	BALANCE	\N	2	\N	\N	2026-02-19 22:24:39.138863+07	23	2104	138	106
1865	WD-313E7DB733	WITHDRAW	50000.00	Withdrawal request	PENDING	BALANCE	\N	\N	\N	\N	2026-02-17 19:42:13.915052+07	\N	\N	\N	2
2107	PUR-20260219152449-56732D	INVESTMENTS	1520000.00	Purchase Proyek Konservasi-Terumbu Karang (x1)	COMPLETED	BALANCE	1	\N	\N	\N	2026-02-19 22:24:49.557162+07	23	\N	\N	138
2108	REB-20260219152449-E644A0	PURCHASE_COMMISSION	182400.00	Purchase rebate L1 from +6281808368210 - Proyek Konservasi-Terumbu Karang	COMPLETED	BALANCE	\N	1	\N	\N	2026-02-19 22:24:49.562376+07	23	2107	138	130
2109	REB-20260219152449-996A29	PURCHASE_COMMISSION	76000.00	Purchase rebate L2 from +6281808368210 - Proyek Konservasi-Terumbu Karang	COMPLETED	BALANCE	\N	2	\N	\N	2026-02-19 22:24:49.565463+07	23	2107	138	106
1912	REB-20260218122937-7160A2	PURCHASE_COMMISSION	4800.00	Purchase rebate L1 from +6285770404473 - Proyek Konservasi-Uji Coba Biota	COMPLETED	BALANCE	\N	1	\N	\N	2026-02-18 19:29:37.937872+07	19	\N	\N	94
1913	REB-20260218122937-3BB99B	PURCHASE_COMMISSION	3000.00	Purchase rebate L2 from +6285770404473 - Proyek Konservasi-Uji Coba Biota	COMPLETED	BALANCE	\N	2	\N	\N	2026-02-18 19:29:37.940998+07	19	\N	\N	2
1937	PUR-20260218160942-482BB9	INVESTMENTS	158000.00	Purchase Proyek Konservasi-Kuda Laut (x1)	COMPLETED	BALANCE	1	\N	\N	\N	2026-02-18 23:09:42.876185+07	20	\N	\N	106
1938	REB-20260218160942-6F1C82	PURCHASE_COMMISSION	18960.00	Purchase rebate L1 from +62812345678902 - Proyek Konservasi-Kuda Laut	COMPLETED	BALANCE	\N	1	\N	\N	2026-02-18 23:09:42.899489+07	20	1937	106	105
1939	REB-20260218160942-9FBA49	PURCHASE_COMMISSION	7900.00	Purchase rebate L2 from +62812345678902 - Proyek Konservasi-Kuda Laut	COMPLETED	BALANCE	\N	2	\N	\N	2026-02-18 23:09:42.901039+07	20	1937	106	2
2110	ADM-BALANCE-138-1771514732	CREDIT	7000000.00	Admin increased balance by 7000000	COMPLETED	BALANCE	\N	\N	\N	\N	2026-02-19 22:25:32.24799+07	\N	\N	\N	138
2111	PUR-20260219152543-DAF8C5	INVESTMENTS	2966000.00	Purchase Proyek Konservasi-Padang Lamun (x1)	COMPLETED	BALANCE	1	\N	\N	\N	2026-02-19 22:25:43.06448+07	24	\N	\N	138
2112	REB-20260219152543-5A9DC7	PURCHASE_COMMISSION	355920.00	Purchase rebate L1 from +6281808368210 - Proyek Konservasi-Padang Lamun	COMPLETED	BALANCE	\N	1	\N	\N	2026-02-19 22:25:43.070638+07	24	2111	138	130
2113	REB-20260219152543-BAE435	PURCHASE_COMMISSION	148300.00	Purchase rebate L2 from +6281808368210 - Proyek Konservasi-Padang Lamun	COMPLETED	BALANCE	\N	2	\N	\N	2026-02-19 22:25:43.073725+07	24	2111	138	106
2114	PUR-20260219152554-258494	INVESTMENTS	2966000.00	Purchase Proyek Konservasi-Padang Lamun (x1)	COMPLETED	BALANCE	1	\N	\N	\N	2026-02-19 22:25:54.05907+07	24	\N	\N	138
2115	REB-20260219152554-854DE7	PURCHASE_COMMISSION	355920.00	Purchase rebate L1 from +6281808368210 - Proyek Konservasi-Padang Lamun	COMPLETED	BALANCE	\N	1	\N	\N	2026-02-19 22:25:54.063136+07	24	2114	138	130
1778	PUR-20260212132705-D19FD5	INVESTMENTS	348000.00	Purchase InsightAi-10382 (x1)	COMPLETED	BALANCE_DEPOSIT	1	\N	\N	\N	2026-02-12 20:27:05.428957+07	\N	\N	\N	2
1779	REB-20260212132705-EC9474	PURCHASE_COMMISSION	69600.00	Purchase rebate L1 from +6289595959595 - InsightAi-10382	COMPLETED	BALANCE	\N	1	\N	\N	2026-02-12 20:27:05.456098+07	\N	1778	2	1
1866	WD-5F411CCEA1	WITHDRAW	50000.00	Withdrawal request	PENDING	BALANCE	\N	\N	\N	\N	2026-02-17 19:42:22.680318+07	\N	\N	\N	2
2116	REB-20260219152554-6B3865	PURCHASE_COMMISSION	148300.00	Purchase rebate L2 from +6281808368210 - Proyek Konservasi-Padang Lamun	COMPLETED	BALANCE	\N	2	\N	\N	2026-02-19 22:25:54.066234+07	24	2114	138	106
564	PRB-20251129135224-836CAB	PROFIT_COMMISSION	1491.60	Profit rebate L3 from 0800123456789 - Sistem Vitaris	COMPLETED	BALANCE	\N	3	\N	\N	2025-11-29 20:52:24.545664+07	\N	\N	\N	1
567	PRB-20251129135225-3BEA5A	PROFIT_COMMISSION	1580.80	Profit rebate L2 from 0800123456789 - Sistem Hermis	COMPLETED	BALANCE	\N	2	\N	\N	2025-11-29 20:52:25.092083+07	\N	\N	\N	2
568	PRB-20251129135225-969120	PROFIT_COMMISSION	790.40	Profit rebate L3 from 0800123456789 - Sistem Hermis	COMPLETED	BALANCE	\N	3	\N	\N	2025-11-29 20:52:25.211111+07	\N	\N	\N	1
1940	ATT-20260218161212-5909C3	ATTENDANCE	163.38	Daily attendance claim	COMPLETED	BALANCE	\N	\N	\N	\N	2026-02-18 23:12:12.27918+07	\N	\N	\N	106
2117	ADM-BALANCE-138-1771514786	CREDIT	1000000.00	Admin increased balance by 1000000	COMPLETED	BALANCE	\N	\N	\N	\N	2026-02-19 22:26:26.276737+07	\N	\N	\N	138
2118	PUR-20260219152633-EA1A43	INVESTMENTS	2966000.00	Purchase Proyek Konservasi-Padang Lamun (x1)	COMPLETED	BALANCE	1	\N	\N	\N	2026-02-19 22:26:33.581158+07	24	\N	\N	138
2119	REB-20260219152633-9A0F69	PURCHASE_COMMISSION	355920.00	Purchase rebate L1 from +6281808368210 - Proyek Konservasi-Padang Lamun	COMPLETED	BALANCE	\N	1	\N	\N	2026-02-19 22:26:33.588406+07	24	2118	138	130
2120	REB-20260219152633-D2670F	PURCHASE_COMMISSION	148300.00	Purchase rebate L2 from +6281808368210 - Proyek Konservasi-Padang Lamun	COMPLETED	BALANCE	\N	2	\N	\N	2026-02-19 22:26:33.590456+07	24	2118	138	106
552	DEP-20251129093849-B1AE66	DEPOSIT	100000.00	Deposit via Jayapay (BALANCE_DEPOSIT)	PENDING	BALANCE_DEPOSIT	\N	\N	\N	\N	2025-11-29 16:38:49.678749+07	\N	\N	\N	2
1685	AUTO-20260126000342-B324D5	INTEREST	7520.00	Automatic profit from Cloud AI investment	COMPLETED	BALANCE	\N	\N	\N	\N	2026-01-26 00:03:42.549674+07	\N	\N	\N	2
1782	AUTO-20260212203638-5F1AEB	INTEREST	8800.00	Automatic profit from Cloud AI investment	COMPLETED	BALANCE	\N	\N	\N	\N	2026-02-12 20:36:38.87295+07	\N	\N	\N	2
1867	VCH-20260217195746-244076	VOUCHER	10000.00	Voucher claim auto	COMPLETED	BALANCE	\N	\N	8	auto	2026-02-17 19:57:46.139796+07	\N	\N	\N	2
660	ATT-20251129200202-6E2664	ATTENDANCE	472.40	Daily attendance claim	COMPLETED	BALANCE	\N	\N	\N	\N	2025-11-30 03:02:02.717392+07	\N	\N	\N	2
661	DEP-20251130031220-E61609	DEPOSIT	30000.00	Deposit via Jayapay (BALANCE_DEPOSIT)	PENDING	BALANCE_DEPOSIT	\N	\N	\N	\N	2025-11-30 10:12:20.822687+07	\N	\N	\N	2
1919	REB-20260218125330-530253	PURCHASE_COMMISSION	4800.00	Purchase rebate L1 from +6285770404473 - Proyek Konservasi-Uji Coba Biota	COMPLETED	BALANCE	\N	1	\N	\N	2026-02-18 19:53:30.47305+07	19	\N	\N	94
1920	REB-20260218125330-EF0002	PURCHASE_COMMISSION	3000.00	Purchase rebate L2 from +6285770404473 - Proyek Konservasi-Uji Coba Biota	COMPLETED	BALANCE	\N	2	\N	\N	2026-02-18 19:53:30.476661+07	19	\N	\N	2
664	WD-861A13481A	WITHDRAW	100000.00	Withdrawal request	PENDING	BALANCE	\N	\N	\N	\N	2025-11-30 17:32:42.986899+07	\N	\N	\N	2
665	WD-484EB56D88	WITHDRAW	100000.00	Withdrawal request	PENDING	BALANCE	\N	\N	\N	\N	2025-11-30 17:39:21.800122+07	\N	\N	\N	2
11	REB-20251109173951-99333E	PURCHASE_COMMISSION	20991.60	Purchase rebate L1 from 89595959595 - Sistem Omnisurg	COMPLETED	BALANCE	\N	1	\N	\N	2025-11-10 00:39:51.482608+07	\N	10	2	1
17	CBK-20251109175906-B8E27A	CASHBACK	5997.60	Manual cashback claim 2.00% from Sistem Omnisurg purchase	COMPLETED	BALANCE	\N	\N	\N	\N	2025-11-10 00:59:06.477258+07	\N	10	\N	2
1941	VCH-20260218232958-2E1DF5	VOUCHER	5000.00	Voucher claim auto	COMPLETED	BALANCE	\N	\N	8	auto	2026-02-18 23:29:58.358082+07	\N	\N	\N	105
2121	WD-829D0D580A	WITHDRAW	35000.00	Withdrawal request	CANCELLED	BALANCE	\N	\N	\N	\N	2026-02-19 22:29:33.418058+07	\N	\N	\N	138
1942	VCH-20260218233029-3EF5CE	VOUCHER	5000.00	Voucher claim auto	COMPLETED	BALANCE	\N	\N	8	auto	2026-02-18 23:30:29.167439+07	\N	\N	\N	106
2122	WD-9EAC492195	WITHDRAW	35000.00	Withdrawal request	PROCESSING	BALANCE	\N	\N	\N	\N	2026-02-19 22:30:32.799264+07	\N	\N	\N	138
2123	WD-F28661CA96	WITHDRAW	35000.00	Withdrawal request	COMPLETED	BALANCE	\N	\N	\N	\N	2026-02-19 22:31:13.193795+07	\N	\N	\N	138
1943	ADM-BALANCE-106-1771432242	CREDIT	35000.00	Admin increased balance by 35000	COMPLETED	BALANCE	\N	\N	\N	\N	2026-02-18 23:30:42.820153+07	\N	\N	\N	106
2124	WDREF-333B256DA2	REJECT	35000.00	Withdrawal rejected - refund	COMPLETED	BALANCE	\N	\N	\N	\N	2026-02-19 22:32:36.741153+07	\N	2121	\N	138
174	PUR-20251110055739-B9F7EF	INVESTMENTS	566200.00	Purchase Sistem Lyvion (x1)	COMPLETED	BALANCE_DEPOSIT	1	\N	\N	\N	2025-11-10 12:57:39.116594+07	\N	\N	\N	2
175	REB-20251110055739-A08808	PURCHASE_COMMISSION	56620.00	Purchase rebate L1 from 89595959595 - Sistem Lyvion	COMPLETED	BALANCE	\N	1	\N	\N	2025-11-10 12:57:39.120044+07	\N	174	2	1
176	CBK-20251110055747-20CE33	CASHBACK	16986.00	Manual cashback claim 3.00% from Sistem Lyvion purchase	COMPLETED	BALANCE	\N	\N	\N	\N	2025-11-10 12:57:47.07323+07	\N	174	\N	2
177	PUR-20251110055834-478B45	INVESTMENTS	988000.00	Purchase Sistem Hermis (x1)	COMPLETED	BALANCE_DEPOSIT	1	\N	\N	\N	2025-11-10 12:58:34.574433+07	\N	\N	\N	2
178	REB-20251110055834-D25AA4	PURCHASE_COMMISSION	98800.00	Purchase rebate L1 from 89595959595 - Sistem Hermis	COMPLETED	BALANCE	\N	1	\N	\N	2025-11-10 12:58:34.577576+07	\N	177	2	1
179	CBK-20251110055845-09F735	CASHBACK	39520.00	Manual cashback claim 4.00% from Sistem Hermis purchase	COMPLETED	BALANCE	\N	\N	\N	\N	2025-11-10 12:58:45.713608+07	\N	177	\N	2
183	AUTO-20251126134651-16C28D	INTEREST	39520.00	Automatic profit from Sistem Hermis investment	COMPLETED	BALANCE	\N	\N	\N	\N	2025-11-26 20:46:51.101377+07	\N	\N	\N	2
184	PRB-20251126134651-1A4B36	PROFIT_COMMISSION	2766.40	Profit rebate L1 from 89595959595 - Sistem Hermis	COMPLETED	BALANCE	\N	1	\N	\N	2025-11-26 20:46:51.205841+07	\N	183	2	1
185	AUTO-20251126134651-AF6A00	INTEREST	22648.00	Automatic profit from Sistem Lyvion investment	COMPLETED	BALANCE	\N	\N	\N	\N	2025-11-26 20:46:51.397513+07	\N	\N	\N	2
186	PRB-20251126134651-F7E454	PROFIT_COMMISSION	1585.36	Profit rebate L1 from 89595959595 - Sistem Lyvion	COMPLETED	BALANCE	\N	1	\N	\N	2025-11-26 20:46:51.458526+07	\N	185	2	1
1311	DEP-20260111110233-3C1224	DEPOSIT	50000.00	Deposit via Jayapay (BALANCE_DEPOSIT)	FAILED	BALANCE_DEPOSIT	\N	\N	\N	\N	2026-01-11 11:02:33.510409+07	\N	\N	\N	2
1944	WD-C03B3A3BF9	WITHDRAW	35000.00	Withdrawal request	PENDING	BALANCE	\N	\N	\N	\N	2026-02-18 23:34:44.5883+07	\N	\N	\N	106
2125	WD-1698AD1E49	WITHDRAW	180213.00	Withdrawal request	PENDING	BALANCE	\N	\N	\N	\N	2026-02-19 22:34:08.180259+07	\N	\N	\N	138
1945	CLM-20260218163654-1B1E99	INTEREST	2100.00	Profit claim from Proyek Konservasi-Uji Coba Biota investment	COMPLETED	BALANCE	\N	\N	\N	\N	2026-02-18 23:36:54.156573+07	19	\N	\N	106
2126	ADM-BALANCE-139-1771515383	CREDIT	250000.00	Admin increased balance by 250000	COMPLETED	BALANCE	\N	\N	\N	\N	2026-02-19 22:36:23.476737+07	\N	\N	\N	139
334	AUTO-20251126134718-EBD169	INTEREST	11995.20	Automatic profit from Sistem Omnisurg investment	COMPLETED	BALANCE	\N	\N	\N	\N	2025-11-26 20:47:18.277914+07	\N	\N	\N	2
335	PRB-20251126134718-95F072	PROFIT_COMMISSION	839.66	Profit rebate L1 from 89595959595 - Sistem Omnisurg	COMPLETED	BALANCE	\N	1	\N	\N	2025-11-26 20:47:18.364546+07	\N	334	2	1
338	AUTO-20251127134701-A95E31	INTEREST	39520.00	Automatic profit from Sistem Hermis investment	COMPLETED	BALANCE	\N	\N	\N	\N	2025-11-27 20:47:01.039837+07	\N	\N	\N	2
339	PRB-20251127134701-351027	PROFIT_COMMISSION	2766.40	Profit rebate L1 from 89595959595 - Sistem Hermis	COMPLETED	BALANCE	\N	1	\N	\N	2025-11-27 20:47:01.123165+07	\N	338	2	1
340	AUTO-20251127134701-7883C9	INTEREST	22648.00	Automatic profit from Sistem Lyvion investment	COMPLETED	BALANCE	\N	\N	\N	\N	2025-11-27 20:47:01.318989+07	\N	\N	\N	2
341	PRB-20251127134701-F22731	PROFIT_COMMISSION	1585.36	Profit rebate L1 from 89595959595 - Sistem Lyvion	COMPLETED	BALANCE	\N	1	\N	\N	2025-11-27 20:47:01.372157+07	\N	340	2	1
1946	CLM-20260218163821-92E048	INTEREST	6320.00	Profit claim from Proyek Konservasi-Kuda Laut investment	COMPLETED	BALANCE	\N	\N	\N	\N	2026-02-18 23:38:21.620609+07	20	\N	\N	106
1947	PRB-20260218163821-9279A7	PROFIT_COMMISSION	632.00	Profit rebate L1 from +62812345678902 - Proyek Konservasi-Kuda Laut	COMPLETED	BALANCE	\N	1	\N	\N	2026-02-18 23:38:21.631288+07	20	1946	106	105
1948	PRB-20260218163821-DB0C65	PROFIT_COMMISSION	316.00	Profit rebate L2 from +62812345678902 - Proyek Konservasi-Kuda Laut	COMPLETED	BALANCE	\N	2	\N	\N	2026-02-18 23:38:21.635513+07	20	1946	106	2
1949	PRB-20260218163821-9EFDF7	PROFIT_COMMISSION	63.20	Profit rebate L3 from +62812345678902 - Proyek Konservasi-Kuda Laut	COMPLETED	BALANCE	\N	3	\N	\N	2026-02-18 23:38:21.638585+07	20	1946	106	1
2127	PUR-20260219153643-A1A539	INVESTMENTS	60000.00	Purchase Proyek Konservasi-Uji Coba Biota (x1)	COMPLETED	BALANCE	1	\N	\N	\N	2026-02-19 22:36:43.477321+07	19	\N	\N	139
2128	REB-20260219153643-48D92A	PURCHASE_COMMISSION	4800.00	Purchase rebate L1 from +6284937292729 - Proyek Konservasi-Uji Coba Biota	COMPLETED	BALANCE	\N	1	\N	\N	2026-02-19 22:36:43.483446+07	19	2127	139	138
2129	REB-20260219153643-E08E8F	PURCHASE_COMMISSION	1800.00	Purchase rebate L2 from +6284937292729 - Proyek Konservasi-Uji Coba Biota	COMPLETED	BALANCE	\N	2	\N	\N	2026-02-19 22:36:43.48647+07	19	2127	139	130
2130	PUR-20260219153731-EAE973	INVESTMENTS	158000.00	Purchase Proyek Konservasi-Kuda Laut (x1)	COMPLETED	BALANCE	1	\N	\N	\N	2026-02-19 22:37:31.911957+07	20	\N	\N	139
2131	REB-20260219153731-2A93C5	PURCHASE_COMMISSION	18960.00	Purchase rebate L1 from +6284937292729 - Proyek Konservasi-Kuda Laut	COMPLETED	BALANCE	\N	1	\N	\N	2026-02-19 22:37:31.917112+07	20	2130	139	138
2132	REB-20260219153731-F37E6F	PURCHASE_COMMISSION	7900.00	Purchase rebate L2 from +6284937292729 - Proyek Konservasi-Kuda Laut	COMPLETED	BALANCE	\N	2	\N	\N	2026-02-19 22:37:31.918622+07	20	2130	139	130
1950	CLM-20260218164212-9DA6DB	INTEREST	2100.00	Profit claim from Proyek Konservasi-Uji Coba Biota investment	COMPLETED	BALANCE	\N	\N	\N	\N	2026-02-18 23:42:12.406223+07	19	\N	\N	106
1951	CLM-20260218164222-94A74E	INTEREST	2100.00	Profit claim from Proyek Konservasi-Uji Coba Biota investment	COMPLETED	BALANCE	\N	\N	\N	\N	2026-02-18 23:42:22.353516+07	19	\N	\N	106
2133	ADM-BALANCE-140-1771515541	CREDIT	250000.00	Admin increased balance by 250000	COMPLETED	BALANCE	\N	\N	\N	\N	2026-02-19 22:39:01.369109+07	\N	\N	\N	140
2134	PUR-20260219153921-7FDAA1	INVESTMENTS	60000.00	Purchase Proyek Konservasi-Uji Coba Biota (x1)	COMPLETED	BALANCE	1	\N	\N	\N	2026-02-19 22:39:21.611676+07	19	\N	\N	140
2135	REB-20260219153921-F6108B	PURCHASE_COMMISSION	4800.00	Purchase rebate L1 from +62857292729285 - Proyek Konservasi-Uji Coba Biota	COMPLETED	BALANCE	\N	1	\N	\N	2026-02-19 22:39:21.616305+07	19	2134	140	139
2136	REB-20260219153921-BF3615	PURCHASE_COMMISSION	1800.00	Purchase rebate L2 from +62857292729285 - Proyek Konservasi-Uji Coba Biota	COMPLETED	BALANCE	\N	2	\N	\N	2026-02-19 22:39:21.617845+07	19	2134	140	138
441	AUTO-20251127135213-77B17A	INTEREST	11995.20	Automatic profit from Sistem Omnisurg investment	COMPLETED	BALANCE	\N	\N	\N	\N	2025-11-27 20:52:13.952275+07	\N	\N	\N	2
442	PRB-20251127135214-3D41B7	PROFIT_COMMISSION	839.66	Profit rebate L1 from 89595959595 - Sistem Omnisurg	COMPLETED	BALANCE	\N	1	\N	\N	2025-11-27 20:52:14.017837+07	\N	441	2	1
445	AUTO-20251128135054-B2B915	INTEREST	39520.00	Automatic profit from Sistem Hermis investment	COMPLETED	BALANCE	\N	\N	\N	\N	2025-11-28 20:50:54.833349+07	\N	\N	\N	2
446	PRB-20251128135055-012D0C	PROFIT_COMMISSION	2766.40	Profit rebate L1 from 89595959595 - Sistem Hermis	COMPLETED	BALANCE	\N	1	\N	\N	2025-11-28 20:50:55.055041+07	\N	445	2	1
447	AUTO-20251128135055-7347BA	INTEREST	22648.00	Automatic profit from Sistem Lyvion investment	COMPLETED	BALANCE	\N	\N	\N	\N	2025-11-28 20:50:55.341337+07	\N	\N	\N	2
448	PRB-20251128135055-E54614	PROFIT_COMMISSION	1585.36	Profit rebate L1 from 89595959595 - Sistem Lyvion	COMPLETED	BALANCE	\N	1	\N	\N	2025-11-28 20:50:55.429543+07	\N	447	2	1
1952	CLM-20260218164256-9BA44A	INTEREST	6320.00	Profit claim from Proyek Konservasi-Kuda Laut investment	COMPLETED	BALANCE	\N	\N	\N	\N	2026-02-18 23:42:56.467075+07	20	\N	\N	106
1953	PRB-20260218164256-35135D	PROFIT_COMMISSION	632.00	Profit rebate L1 from +62812345678902 - Proyek Konservasi-Kuda Laut	COMPLETED	BALANCE	\N	1	\N	\N	2026-02-18 23:42:56.472291+07	20	1952	106	105
1954	PRB-20260218164256-CFC901	PROFIT_COMMISSION	316.00	Profit rebate L2 from +62812345678902 - Proyek Konservasi-Kuda Laut	COMPLETED	BALANCE	\N	2	\N	\N	2026-02-18 23:42:56.47534+07	20	1952	106	2
1955	PRB-20260218164256-40F20A	PROFIT_COMMISSION	63.20	Profit rebate L3 from +62812345678902 - Proyek Konservasi-Kuda Laut	COMPLETED	BALANCE	\N	3	\N	\N	2026-02-18 23:42:56.482083+07	20	1952	106	1
2137	PUR-20260219153949-F19537	INVESTMENTS	158000.00	Purchase Proyek Konservasi-Kuda Laut (x1)	COMPLETED	BALANCE	1	\N	\N	\N	2026-02-19 22:39:49.528034+07	20	\N	\N	140
2138	REB-20260219153949-74E54F	PURCHASE_COMMISSION	18960.00	Purchase rebate L1 from +62857292729285 - Proyek Konservasi-Kuda Laut	COMPLETED	BALANCE	\N	1	\N	\N	2026-02-19 22:39:49.534213+07	20	2137	140	139
2139	REB-20260219153949-442679	PURCHASE_COMMISSION	7900.00	Purchase rebate L2 from +62857292729285 - Proyek Konservasi-Kuda Laut	COMPLETED	BALANCE	\N	2	\N	\N	2026-02-19 22:39:49.535751+07	20	2137	140	138
1956	ADM-BALANCE-127-1771433231	CREDIT	60000.00	Admin increased balance by 60000	COMPLETED	BALANCE	\N	\N	\N	\N	2026-02-18 23:47:11.897436+07	\N	\N	\N	127
2140	ADM-BALANCE-141-1771515662	CREDIT	250000.00	Admin increased balance by 250000	COMPLETED	BALANCE	\N	\N	\N	\N	2026-02-19 22:41:02.266687+07	\N	\N	\N	141
2141	PUR-20260219154119-CA8222	INVESTMENTS	60000.00	Purchase Proyek Konservasi-Uji Coba Biota (x1)	COMPLETED	BALANCE	1	\N	\N	\N	2026-02-19 22:41:19.260785+07	19	\N	\N	141
2142	REB-20260219154119-50A162	PURCHASE_COMMISSION	4800.00	Purchase rebate L1 from +62818380183719 - Proyek Konservasi-Uji Coba Biota	COMPLETED	BALANCE	\N	1	\N	\N	2026-02-19 22:41:19.266897+07	19	2141	141	140
2143	REB-20260219154119-9AE01C	PURCHASE_COMMISSION	1800.00	Purchase rebate L2 from +62818380183719 - Proyek Konservasi-Uji Coba Biota	COMPLETED	BALANCE	\N	2	\N	\N	2026-02-19 22:41:19.268434+07	19	2141	141	139
2144	PUR-20260219154129-58B35C	INVESTMENTS	158000.00	Purchase Proyek Konservasi-Kuda Laut (x1)	COMPLETED	BALANCE	1	\N	\N	\N	2026-02-19 22:41:29.816217+07	20	\N	\N	141
2145	REB-20260219154129-DF0841	PURCHASE_COMMISSION	18960.00	Purchase rebate L1 from +62818380183719 - Proyek Konservasi-Kuda Laut	COMPLETED	BALANCE	\N	1	\N	\N	2026-02-19 22:41:29.820808+07	20	2144	141	140
2146	REB-20260219154129-63519E	PURCHASE_COMMISSION	7900.00	Purchase rebate L2 from +62818380183719 - Proyek Konservasi-Kuda Laut	COMPLETED	BALANCE	\N	2	\N	\N	2026-02-19 22:41:29.822333+07	20	2144	141	139
2147	MSN-20260219154156-138-51	MISSIONS	20000.00	Mission reward: Kelas 1-3 Tambahkan 3 orang Hadiah peti harta karun 20000 Rp (x1)	COMPLETED	BALANCE	\N	\N	\N	\N	2026-02-19 22:41:56.16946+07	\N	\N	\N	138
548	AUTO-20251128135615-A287A6	INTEREST	11995.20	Automatic profit from Sistem Omnisurg investment	COMPLETED	BALANCE	\N	\N	\N	\N	2025-11-28 20:56:15.922531+07	\N	\N	\N	2
549	PRB-20251128135615-3B8F6D	PROFIT_COMMISSION	839.66	Profit rebate L1 from 89595959595 - Sistem Omnisurg	COMPLETED	BALANCE	\N	1	\N	\N	2025-11-28 20:56:15.986349+07	\N	548	2	1
553	AUTO-20251129135223-35D472	INTEREST	39520.00	Automatic profit from Sistem Hermis investment	COMPLETED	BALANCE	\N	\N	\N	\N	2025-11-29 20:52:23.008659+07	\N	\N	\N	2
554	PRB-20251129135223-2CEBD5	PROFIT_COMMISSION	2766.40	Profit rebate L1 from 89595959595 - Sistem Hermis	COMPLETED	BALANCE	\N	1	\N	\N	2025-11-29 20:52:23.08227+07	\N	553	2	1
555	AUTO-20251129135223-5325CD	INTEREST	22648.00	Automatic profit from Sistem Lyvion investment	COMPLETED	BALANCE	\N	\N	\N	\N	2025-11-29 20:52:23.372843+07	\N	\N	\N	2
556	PRB-20251129135223-448426	PROFIT_COMMISSION	1585.36	Profit rebate L1 from 89595959595 - Sistem Lyvion	COMPLETED	BALANCE	\N	1	\N	\N	2025-11-29 20:52:23.442012+07	\N	555	2	1
1957	PUR-20260218164822-E4303D	INVESTMENTS	60000.00	Purchase Proyek Konservasi-Uji Coba Biota (x1)	COMPLETED	BALANCE	1	\N	\N	\N	2026-02-18 23:48:22.319454+07	19	\N	\N	127
1958	REB-20260218164822-816D4F	PURCHASE_COMMISSION	4800.00	Purchase rebate L1 from +6285028027291 - Proyek Konservasi-Uji Coba Biota	COMPLETED	BALANCE	\N	1	\N	\N	2026-02-18 23:48:22.332551+07	19	1957	127	106
1959	REB-20260218164822-C449E7	PURCHASE_COMMISSION	1800.00	Purchase rebate L2 from +6285028027291 - Proyek Konservasi-Uji Coba Biota	COMPLETED	BALANCE	\N	2	\N	\N	2026-02-18 23:48:22.334063+07	19	1957	127	105
2148	CLM-20260219164228-142A4F	INTEREST	2100.00	Profit claim from Proyek Konservasi-Uji Coba Biota investment	COMPLETED	BALANCE	\N	\N	\N	\N	2026-02-19 23:42:28.757498+07	19	\N	\N	106
2149	INVRET-20260219164236-CC9103	RETURN	60000.00	Principal return for Proyek Konservasi-Uji Coba Biota investment	COMPLETED	BALANCE	\N	\N	\N	\N	2026-02-19 23:42:36.935177+07	19	1925	\N	106
1960	ADM-BALANCE-128-1771433605	CREDIT	60000.00	Admin increased balance by 60000	COMPLETED	BALANCE	\N	\N	\N	\N	2026-02-18 23:53:25.002524+07	\N	\N	\N	128
1961	PUR-20260218165401-684667	INVESTMENTS	60000.00	Purchase Proyek Konservasi-Uji Coba Biota (x1)	COMPLETED	BALANCE	1	\N	\N	\N	2026-02-18 23:54:01.898674+07	19	\N	\N	128
1962	REB-20260218165401-9282BA	PURCHASE_COMMISSION	4800.00	Purchase rebate L1 from +62857292729281 - Proyek Konservasi-Uji Coba Biota	COMPLETED	BALANCE	\N	1	\N	\N	2026-02-18 23:54:01.903207+07	19	1961	128	106
1963	REB-20260218165401-359ADE	PURCHASE_COMMISSION	1800.00	Purchase rebate L2 from +62857292729281 - Proyek Konservasi-Uji Coba Biota	COMPLETED	BALANCE	\N	2	\N	\N	2026-02-18 23:54:01.904769+07	19	1961	128	105
1964	CLM-20260218165409-619776	INTEREST	2100.00	Profit claim from Proyek Konservasi-Uji Coba Biota investment	COMPLETED	BALANCE	\N	\N	\N	\N	2026-02-18 23:54:09.784339+07	19	\N	\N	128
2150	WD-1542869C68	WITHDRAW	1942839.00	Withdrawal request	PENDING	BALANCE	\N	\N	\N	\N	2026-02-19 23:44:07.607094+07	\N	\N	\N	106
2151	CLM-20260219164422-178EDA	INTEREST	2100.00	Profit claim from Proyek Konservasi-Uji Coba Biota investment	COMPLETED	BALANCE	\N	\N	\N	\N	2026-02-19 23:44:22.33817+07	19	\N	\N	106
656	AUTO-20251129135736-410473	INTEREST	11995.20	Automatic profit from Sistem Omnisurg investment	COMPLETED	BALANCE	\N	\N	\N	\N	2025-11-29 20:57:36.176398+07	\N	\N	\N	2
657	PRB-20251129135736-473288	PROFIT_COMMISSION	839.66	Profit rebate L1 from 89595959595 - Sistem Omnisurg	COMPLETED	BALANCE	\N	1	\N	\N	2025-11-29 20:57:36.242919+07	\N	656	2	1
662	PUR-20251130032010-397A44	INVESTMENTS	1864500.00	Purchase Sistem Vitaris (x1)	COMPLETED	BALANCE_DEPOSIT	1	\N	\N	\N	2025-11-30 10:20:10.204504+07	\N	\N	\N	2
663	REB-20251130032010-FB0970	PURCHASE_COMMISSION	186450.00	Purchase rebate L1 from 89595959595 - Sistem Vitaris	COMPLETED	BALANCE	\N	1	\N	\N	2025-11-30 10:20:10.371139+07	\N	662	2	1
1965	ATT-20260218170303-5464D9	ATTENDANCE	176.83	Daily attendance claim	COMPLETED	BALANCE	\N	\N	\N	\N	2026-02-19 00:03:03.493064+07	\N	\N	\N	105
2152	INVRET-20260219164429-8215D8	RETURN	60000.00	Principal return for Proyek Konservasi-Uji Coba Biota investment	COMPLETED	BALANCE	\N	\N	\N	\N	2026-02-19 23:44:29.518019+07	19	1928	\N	106
1690	AUTO-20260126004344-7C8AB1	INTEREST	8800.00	Automatic profit from Cloud AI investment	COMPLETED	BALANCE	\N	\N	\N	\N	2026-01-26 00:43:44.682139+07	\N	\N	\N	2
1788	AUTO-20260213000145-13B00B	INTEREST	7520.00	Automatic profit from Cloud AI investment	COMPLETED	BALANCE	\N	\N	\N	\N	2026-02-13 00:01:45.49226+07	\N	\N	\N	2
1966	VCH-20260219000800-A4625B	VOUCHER	5000.00	Voucher claim auto	COMPLETED	BALANCE	\N	\N	8	auto	2026-02-19 00:08:00.840094+07	\N	\N	\N	105
2153	CLM-20260219170141-20430B	INTEREST	2100.00	Profit claim from Proyek Konservasi-Uji Coba Biota investment	COMPLETED	BALANCE	\N	\N	\N	\N	2026-02-20 00:01:41.76384+07	19	\N	\N	106
2154	INVRET-20260219170148-793F7E	RETURN	60000.00	Principal return for Proyek Konservasi-Uji Coba Biota investment	COMPLETED	BALANCE	\N	\N	\N	\N	2026-02-20 00:01:48.524119+07	19	1931	\N	106
1792	DEP-20260213001144-B59D54	DEPOSIT	123444.00	Deposit via Jayapay (BALANCE_DEPOSIT)	FAILED	BALANCE_DEPOSIT	\N	\N	\N	\N	2026-02-13 00:11:44.765063+07	\N	\N	\N	2
1794	VCH-20260213140932-E1C688	VOUCHER	10000.00	Voucher claim auto	COMPLETED	BALANCE_DEPOSIT	\N	\N	8	auto	2026-02-13 14:09:32.867465+07	\N	\N	\N	2
2155	CLM-20260219170200-BE88BE	INTEREST	6320.00	Profit claim from Proyek Konservasi-Kuda Laut investment	COMPLETED	BALANCE	\N	\N	\N	\N	2026-02-20 00:02:00.111787+07	20	\N	\N	106
2156	PRB-20260219170200-92233B	PROFIT_COMMISSION	632.00	Profit rebate L1 from +62812345678902 - Proyek Konservasi-Kuda Laut	COMPLETED	BALANCE	\N	1	\N	\N	2026-02-20 00:02:00.114899+07	20	2155	106	105
2157	PRB-20260219170200-7B725E	PROFIT_COMMISSION	316.00	Profit rebate L2 from +62812345678902 - Proyek Konservasi-Kuda Laut	COMPLETED	BALANCE	\N	2	\N	\N	2026-02-20 00:02:00.122619+07	20	2155	106	2
2158	PRB-20260219170200-C19421	PROFIT_COMMISSION	63.20	Profit rebate L3 from +62812345678902 - Proyek Konservasi-Kuda Laut	COMPLETED	BALANCE	\N	3	\N	\N	2026-02-20 00:02:00.127208+07	20	2155	106	1
2159	INVRET-20260219170202-6F4B67	RETURN	158000.00	Principal return for Proyek Konservasi-Kuda Laut investment	COMPLETED	BALANCE	\N	\N	\N	\N	2026-02-20 00:02:02.19365+07	20	1934	\N	106
1804	AUTO-20260214000058-60E477	INTEREST	7520.00	Automatic profit from Cloud AI investment	COMPLETED	BALANCE	\N	\N	\N	\N	2026-02-14 00:00:58.288505+07	\N	\N	\N	2
931	ATT-20251206154157-3159CF	ATTENDANCE	500.00	Daily attendance claim	COMPLETED	BALANCE	\N	\N	\N	\N	2025-12-06 22:41:57.385139+07	\N	\N	\N	2
932	DEP-20251206165728-6F37A8	DEPOSIT	2000000.00	Deposit via Jayapay (BALANCE_DEPOSIT)	FAILED	BALANCE_DEPOSIT	\N	\N	\N	\N	2025-12-06 23:57:28.686553+07	\N	\N	\N	2
934	WD-7C24AD35EC	WITHDRAW	70000.00	Withdrawal request	PENDING	BALANCE	\N	\N	\N	\N	2025-12-06 23:59:58.559111+07	\N	\N	\N	2
935	ATT-20251206175821-3E5679	ATTENDANCE	500.00	Daily attendance claim	COMPLETED	BALANCE	\N	\N	\N	\N	2025-12-07 00:58:21.69913+07	\N	\N	\N	2
936	DEP-20251207162945-437066	DEPOSIT	500000.00	Deposit via Jayapay (BALANCE_DEPOSIT)	FAILED	BALANCE_DEPOSIT	\N	\N	\N	\N	2025-12-07 16:29:45.293058+07	\N	\N	\N	2
937	WD-951868BD5D	WITHDRAW	100000.00	Withdrawal request	PENDING	BALANCE	\N	\N	\N	\N	2025-12-07 16:29:58.913305+07	\N	\N	\N	2
944	WD-7E18AD3148	WITHDRAW	100000.00	Withdrawal request	PENDING	BALANCE	\N	\N	\N	\N	2025-12-07 16:47:31.796473+07	\N	\N	\N	2
945	WD-458E362D1A	WITHDRAW	100000.00	Withdrawal request	PENDING	BALANCE	\N	\N	\N	\N	2025-12-07 16:50:35.918984+07	\N	\N	\N	2
1870	REB-20260217192257-5913A0	PURCHASE_COMMISSION	6000.00	Purchase rebate L1 from +6285770404473 - Proyek Konservasi-Penyu Laut	COMPLETED	BALANCE	\N	1	\N	\N	2026-02-18 02:22:57.886802+07	19	\N	\N	94
1871	REB-20260217192257-F55E55	PURCHASE_COMMISSION	3000.00	Purchase rebate L2 from +6285770404473 - Proyek Konservasi-Penyu Laut	COMPLETED	BALANCE	\N	2	\N	\N	2026-02-18 02:22:57.891473+07	19	\N	\N	2
1653	REB-20260124175246-F69483	PURCHASE_COMMISSION	1760.00	Purchase rebate L2 from +6286565656565 - Cloud AI	COMPLETED	BALANCE	\N	2	\N	\N	2026-01-25 00:52:46.249779+07	\N	\N	\N	1
1967	ATT-20260218184119-639518	ATTENDANCE	201.09	Daily attendance claim	COMPLETED	BALANCE	\N	\N	\N	\N	2026-02-19 01:41:19.93567+07	\N	\N	\N	2
2160	CLM-20260219170240-913D9E	INTEREST	6320.00	Profit claim from Proyek Konservasi-Kuda Laut investment	COMPLETED	BALANCE	\N	\N	\N	\N	2026-02-20 00:02:40.837172+07	20	\N	\N	106
2161	PRB-20260219170240-4E08EB	PROFIT_COMMISSION	632.00	Profit rebate L1 from +62812345678902 - Proyek Konservasi-Kuda Laut	COMPLETED	BALANCE	\N	1	\N	\N	2026-02-20 00:02:40.841808+07	20	2160	106	105
2162	PRB-20260219170240-BF245A	PROFIT_COMMISSION	316.00	Profit rebate L2 from +62812345678902 - Proyek Konservasi-Kuda Laut	COMPLETED	BALANCE	\N	2	\N	\N	2026-02-20 00:02:40.846414+07	20	2160	106	2
2163	PRB-20260219170240-F76162	PROFIT_COMMISSION	63.20	Profit rebate L3 from +62812345678902 - Proyek Konservasi-Kuda Laut	COMPLETED	BALANCE	\N	3	\N	\N	2026-02-20 00:02:40.849473+07	20	2160	106	1
2164	INVRET-20260219170255-146F05	RETURN	158000.00	Principal return for Proyek Konservasi-Kuda Laut investment	COMPLETED	BALANCE	\N	\N	\N	\N	2026-02-20 00:02:55.075127+07	20	1937	\N	106
1793	WD-E1A8F9A115	WITHDRAW	50000.00	Withdrawal request	PENDING	BALANCE	\N	\N	\N	\N	2026-02-13 00:12:51.735682+07	\N	\N	\N	2
988	DEP-20251208003517-964A55	DEPOSIT	50000.00	Deposit via Jayapay (BALANCE_DEPOSIT)	FAILED	BALANCE_DEPOSIT	\N	\N	\N	\N	2025-12-08 00:35:17.616703+07	\N	\N	\N	2
989	DEP-20251208003538-754F05	DEPOSIT	50000.00	Deposit via Jayapay (BALANCE_DEPOSIT)	FAILED	BALANCE_DEPOSIT	\N	\N	\N	\N	2025-12-08 00:35:38.850699+07	\N	\N	\N	2
1798	AUTO-20260213220248-1F53E4	INTEREST	8800.00	Automatic profit from Cloud AI investment	COMPLETED	BALANCE	\N	\N	\N	\N	2026-02-13 22:02:48.390917+07	\N	\N	\N	2
1000	ATT-20251208024751-82498D	ATTENDANCE	1000.00	Daily attendance claim	COMPLETED	BALANCE	\N	\N	\N	\N	2025-12-08 09:47:51.801006+07	\N	\N	\N	2
1872	PUR-20260218060755-74CE31	INVESTMENTS	2966000.00	Purchase Proyek Konservasi-Padang Lamun (x1)	COMPLETED	BALANCE	1	\N	\N	\N	2026-02-18 13:07:55.629075+07	24	\N	\N	2
1873	REB-20260218060755-389E57	PURCHASE_COMMISSION	355920.00	Purchase rebate L1 from +6289595959595 - Proyek Konservasi-Padang Lamun	COMPLETED	BALANCE	\N	1	\N	\N	2026-02-18 13:07:55.668716+07	24	1872	2	1
1968	WD-0C80452407	WITHDRAW	90000.00	Withdrawal request	PENDING	BALANCE	\N	\N	\N	\N	2026-02-19 01:51:35.439536+07	\N	\N	\N	2
1821	PUR-20260215075812-59F956	INVESTMENTS	5770000.00	Purchase DevAi-27491 (x1)	COMPLETED	BALANCE_DEPOSIT	1	\N	\N	\N	2026-02-15 14:58:12.145768+07	\N	\N	\N	2
1822	REB-20260215075812-321AF6	PURCHASE_COMMISSION	1154000.00	Purchase rebate L1 from +6289595959595 - DevAi-27491	COMPLETED	BALANCE	\N	1	\N	\N	2026-02-15 14:58:12.177408+07	\N	1821	2	1
1874	PUR-20260218060854-FFB6CB	INVESTMENTS	2966000.00	Purchase Proyek Konservasi-Padang Lamun (x1)	COMPLETED	BALANCE	1	\N	\N	\N	2026-02-18 13:08:54.614758+07	24	\N	\N	2
1875	REB-20260218060854-E2714E	PURCHASE_COMMISSION	355920.00	Purchase rebate L1 from +6289595959595 - Proyek Konservasi-Padang Lamun	COMPLETED	BALANCE	\N	1	\N	\N	2026-02-18 13:08:54.619379+07	24	1874	2	1
1876	PUR-20260218060904-869018	INVESTMENTS	2966000.00	Purchase Proyek Konservasi-Padang Lamun (x1)	COMPLETED	BALANCE	1	\N	\N	\N	2026-02-18 13:09:04.605225+07	24	\N	\N	2
1877	REB-20260218060904-64B978	PURCHASE_COMMISSION	355920.00	Purchase rebate L1 from +6289595959595 - Proyek Konservasi-Padang Lamun	COMPLETED	BALANCE	\N	1	\N	\N	2026-02-18 13:09:04.609793+07	24	1876	2	1
1878	PUR-20260218060919-0071EE	INVESTMENTS	60000.00	Purchase Proyek Konservasi-Uji Coba Biota (x1)	COMPLETED	BALANCE	1	\N	\N	\N	2026-02-18 13:09:19.731267+07	19	\N	\N	2
1879	REB-20260218060919-3B63CD	PURCHASE_COMMISSION	4800.00	Purchase rebate L1 from +6289595959595 - Proyek Konservasi-Uji Coba Biota	COMPLETED	BALANCE	\N	1	\N	\N	2026-02-18 13:09:19.734334+07	19	1878	2	1
1880	PUR-20260218060933-C232E0	INVESTMENTS	60000.00	Purchase Proyek Konservasi-Uji Coba Biota (x1)	COMPLETED	BALANCE	1	\N	\N	\N	2026-02-18 13:09:33.807409+07	19	\N	\N	2
1881	REB-20260218060933-FEA4FB	PURCHASE_COMMISSION	4800.00	Purchase rebate L1 from +6289595959595 - Proyek Konservasi-Uji Coba Biota	COMPLETED	BALANCE	\N	1	\N	\N	2026-02-18 13:09:33.812641+07	19	1880	2	1
1969	ADM-BALANCE-106-1771471282	CREDIT	865000.00	Admin increased balance by 865000	COMPLETED	BALANCE	\N	\N	\N	\N	2026-02-19 10:21:22.366443+07	\N	\N	\N	106
1049	AUTO-20251208223302-F0A52B	INTEREST	4680.00	Automatic profit from RBR A100 investment	COMPLETED	BALANCE	\N	\N	\N	\N	2025-12-08 22:33:02.198114+07	\N	\N	\N	2
1051	AUTO-20251209001314-55ECF5	INTEREST	20000.00	Automatic profit from RBB B100 investment	COMPLETED	BALANCE	\N	\N	\N	\N	2025-12-09 00:13:14.36921+07	\N	\N	\N	2
1697	AUTO-20260127000132-E666EF	INTEREST	7520.00	Automatic profit from Cloud AI investment	COMPLETED	BALANCE	\N	\N	\N	\N	2026-01-27 00:01:32.202217+07	\N	\N	\N	2
1823	PUR-20260215080015-0D1C7E	INVESTMENTS	5770000.00	Purchase DevAi-27491 (x1)	COMPLETED	BALANCE_DEPOSIT	1	\N	\N	\N	2026-02-15 15:00:15.191494+07	\N	\N	\N	2
1824	REB-20260215080015-E14B28	PURCHASE_COMMISSION	1154000.00	Purchase rebate L1 from +6289595959595 - DevAi-27491	COMPLETED	BALANCE	\N	1	\N	\N	2026-02-15 15:00:15.19558+07	\N	1823	2	1
1882	PUR-20260218061610-14AB03	INVESTMENTS	350000.00	Purchase Proyek Konservasi-Kerang Laut (x1)	COMPLETED	BALANCE	1	\N	\N	\N	2026-02-18 13:16:10.116413+07	21	\N	\N	2
1883	REB-20260218061610-6F2F0A	PURCHASE_COMMISSION	42000.00	Purchase rebate L1 from +6289595959595 - Proyek Konservasi-Kerang Laut	COMPLETED	BALANCE	\N	1	\N	\N	2026-02-18 13:16:10.122516+07	21	1882	2	1
1970	PUR-20260219032134-61FB98	INVESTMENTS	866000.00	Purchase Proyek Konservasi-Penyu Laut (x1)	COMPLETED	BALANCE	1	\N	\N	\N	2026-02-19 10:21:34.639041+07	22	\N	\N	106
1971	REB-20260219032134-64D788	PURCHASE_COMMISSION	103920.00	Purchase rebate L1 from +62812345678902 - Proyek Konservasi-Penyu Laut	COMPLETED	BALANCE	\N	1	\N	\N	2026-02-19 10:21:34.676859+07	22	1970	106	105
1972	REB-20260219032134-21F6FB	PURCHASE_COMMISSION	43300.00	Purchase rebate L2 from +62812345678902 - Proyek Konservasi-Penyu Laut	COMPLETED	BALANCE	\N	2	\N	\N	2026-02-19 10:21:34.679913+07	22	1970	106	2
1636	AUTO-20260125000233-700253	INTEREST	7520.00	Automatic profit from Cloud AI investment	COMPLETED	BALANCE	\N	\N	\N	\N	2026-01-25 00:02:33.166323+07	\N	\N	\N	2
1826	AUTO-20260216005036-D6249E	INTEREST	7520.00	Automatic profit from Cloud AI investment	COMPLETED	BALANCE	\N	\N	\N	\N	2026-02-16 00:50:36.827353+07	\N	\N	\N	2
1884	WD-6BCACD21C8	WITHDRAW	60000.00	Withdrawal request	PENDING	BALANCE	\N	\N	\N	\N	2026-02-18 13:34:31.713104+07	\N	\N	\N	2
1312	DEP-20260111110234-135EC5	DEPOSIT	50000.00	Deposit via Jayapay (BALANCE_DEPOSIT)	FAILED	BALANCE_DEPOSIT	\N	\N	\N	\N	2026-01-11 11:02:34.240178+07	\N	\N	\N	2
1404	MSN-20260112154640-2-35	MISSIONS	50000.00	Mission reward: Ketika Anda sudah mencapai target seorang agen kerja, Anda dapat klaim penghasilan tetap 3 kali dalam satu bulan IDR 50.000 (x1)	COMPLETED	BALANCE	\N	\N	\N	\N	2026-01-12 22:46:40.878261+07	\N	\N	\N	2
144	REB-20251110024753-35FE15	PURCHASE_COMMISSION	8996.40	Purchase rebate L2 from 0800123456789 - Sistem Omnisurg	COMPLETED	BALANCE	\N	2	\N	\N	2025-11-10 09:47:53.247684+07	\N	\N	\N	2
145	REB-20251110024753-F94C59	PURCHASE_COMMISSION	5997.60	Purchase rebate L3 from 0800123456789 - Sistem Omnisurg	COMPLETED	BALANCE	\N	3	\N	\N	2025-11-10 09:47:53.249119+07	\N	\N	\N	1
148	REB-20251110024755-43CE16	PURCHASE_COMMISSION	16986.00	Purchase rebate L2 from 0800123456789 - Sistem Lyvion	COMPLETED	BALANCE	\N	2	\N	\N	2025-11-10 09:47:55.845199+07	\N	\N	\N	2
149	REB-20251110024755-A5940B	PURCHASE_COMMISSION	11324.00	Purchase rebate L3 from 0800123456789 - Sistem Lyvion	COMPLETED	BALANCE	\N	3	\N	\N	2025-11-10 09:47:55.846899+07	\N	\N	\N	1
152	REB-20251110024758-AC12F1	PURCHASE_COMMISSION	29640.00	Purchase rebate L2 from 0800123456789 - Sistem Hermis	COMPLETED	BALANCE	\N	2	\N	\N	2025-11-10 09:47:58.124932+07	\N	\N	\N	2
153	REB-20251110024758-55B85B	PURCHASE_COMMISSION	19760.00	Purchase rebate L3 from 0800123456789 - Sistem Hermis	COMPLETED	BALANCE	\N	3	\N	\N	2025-11-10 09:47:58.126532+07	\N	\N	\N	1
1973	ADM-BALANCE-106-1771471373	CREDIT	350000.00	Admin increased balance by 350000	COMPLETED	BALANCE	\N	\N	\N	\N	2026-02-19 10:22:53.622998+07	\N	\N	\N	106
1702	AUTO-20260127004634-926C96	INTEREST	8800.00	Automatic profit from Cloud AI investment	COMPLETED	BALANCE	\N	\N	\N	\N	2026-01-27 00:46:34.446661+07	\N	\N	\N	2
1833	AUTO-20260216015334-7030D7	INTEREST	8800.00	Automatic profit from Cloud AI investment	COMPLETED	BALANCE	\N	\N	\N	\N	2026-02-16 01:53:34.476781+07	\N	\N	\N	2
1830	AUTO-20260216015334-F39374	INTEREST	34800.00	Automatic profit from InsightAi-10382 investment	COMPLETED	BALANCE	\N	\N	\N	\N	2026-02-16 01:53:34.38755+07	\N	\N	\N	2
1885	WD-68F7436AC7	WITHDRAW	60000.00	Withdrawal request	PENDING	BALANCE	\N	\N	\N	\N	2026-02-18 13:35:22.318458+07	\N	\N	\N	2
161	REB-20251110024802-A8CFDD	PURCHASE_COMMISSION	55540.00	Purchase rebate L3 from 0800123456789 - Sistem Surgena	COMPLETED	BALANCE	\N	3	\N	\N	2025-11-10 09:48:02.767907+07	\N	\N	\N	1
933	WD-CD4E534FB0	WITHDRAW	700000.00	Withdrawal request	COMPLETED	BALANCE	\N	\N	\N	\N	2025-12-06 23:59:23.87113+07	\N	\N	\N	2
189	PRB-20251126134651-DBDDE8	PROFIT_COMMISSION	4443.20	Profit rebate L2 from 0800123456789 - Sistem Surgena	COMPLETED	BALANCE	\N	2	\N	\N	2025-11-26 20:46:51.832941+07	\N	\N	\N	2
190	PRB-20251126134651-FB2511	PROFIT_COMMISSION	2221.60	Profit rebate L3 from 0800123456789 - Sistem Surgena	COMPLETED	BALANCE	\N	3	\N	\N	2025-11-26 20:46:51.892645+07	\N	\N	\N	1
197	PRB-20251126134653-6D62A2	PROFIT_COMMISSION	2983.20	Profit rebate L2 from 0800123456789 - Sistem Vitaris	COMPLETED	BALANCE	\N	2	\N	\N	2025-11-26 20:46:53.219768+07	\N	\N	\N	2
198	PRB-20251126134653-B08666	PROFIT_COMMISSION	1491.60	Profit rebate L3 from 0800123456789 - Sistem Vitaris	COMPLETED	BALANCE	\N	3	\N	\N	2025-11-26 20:46:53.316446+07	\N	\N	\N	1
205	PRB-20251126134654-944834	PROFIT_COMMISSION	1580.80	Profit rebate L2 from 0800123456789 - Sistem Hermis	COMPLETED	BALANCE	\N	2	\N	\N	2025-11-26 20:46:54.299176+07	\N	\N	\N	2
1091	ATT-20251223220514-3B4CB0	ATTENDANCE	1000.00	Daily attendance claim	COMPLETED	BALANCE	\N	\N	\N	\N	2025-12-24 05:05:14.213931+07	\N	\N	\N	2
1974	CLM-20260219032825-9C19DA	INTEREST	36372.00	Profit claim from Proyek Konservasi-Penyu Laut investment	COMPLETED	BALANCE	\N	\N	\N	\N	2026-02-19 10:28:25.821405+07	22	\N	\N	106
1975	PRB-20260219032825-5A1DA5	PROFIT_COMMISSION	3637.20	Profit rebate L1 from +62812345678902 - Proyek Konservasi-Penyu Laut	COMPLETED	BALANCE	\N	1	\N	\N	2026-02-19 10:28:25.835269+07	22	1974	106	105
1976	PRB-20260219032825-1EC869	PROFIT_COMMISSION	1818.60	Profit rebate L2 from +62812345678902 - Proyek Konservasi-Penyu Laut	COMPLETED	BALANCE	\N	2	\N	\N	2026-02-19 10:28:25.838309+07	22	1974	106	2
1977	PRB-20260219032825-130333	PROFIT_COMMISSION	363.72	Profit rebate L3 from +62812345678902 - Proyek Konservasi-Penyu Laut	COMPLETED	BALANCE	\N	3	\N	\N	2026-02-19 10:28:25.839841+07	22	1974	106	1
1838	AUTO-20260216150312-6D94BC	INTEREST	577700.00	Automatic profit from DevAi-27491 investment	COMPLETED	BALANCE	\N	\N	\N	\N	2026-02-16 15:03:12.21879+07	\N	\N	\N	2
1839	AUTO-20260216150312-EA2CA1	INTEREST	577700.00	Automatic profit from DevAi-27491 investment	COMPLETED	BALANCE	\N	\N	\N	\N	2026-02-16 15:03:12.321551+07	\N	\N	\N	2
1886	DEP-20260218133607-99FD68	DEPOSIT	75000.00	Deposit via Jayapay (BALANCE_DEPOSIT)	FAILED	BALANCE_DEPOSIT	\N	\N	\N	\N	2026-02-18 13:36:07.982491+07	\N	\N	\N	2
1978	ATT-20260219032946-93BB05	ATTENDANCE	263.67	Daily attendance claim	COMPLETED	BALANCE	\N	\N	\N	\N	2026-02-19 10:29:46.546434+07	\N	\N	\N	106
1840	ATT-20260216100221-FE0D25	ATTENDANCE	1123.14	Daily attendance claim	COMPLETED	BALANCE	\N	\N	\N	\N	2026-02-16 17:02:21.218289+07	\N	\N	\N	2
1887	VCH-20260218134529-7F8B40	VOUCHER	10000.00	Voucher claim auto	COMPLETED	BALANCE	\N	\N	8	auto	2026-02-18 13:45:29.407693+07	\N	\N	\N	2
1542	DEP-20260121160756-1ADE4C	DEPOSIT	150000.00	Deposit via Jayapay (BALANCE_DEPOSIT)	FAILED	BALANCE_DEPOSIT	\N	\N	\N	\N	2026-01-21 16:07:56.748055+07	\N	\N	\N	2
1557	ATT-20260124062203-60F280	ATTENDANCE	100.00	Daily attendance claim	COMPLETED	BALANCE	\N	\N	\N	\N	2026-01-24 13:22:03.703251+07	\N	\N	\N	2
1979	WD-2E210314FD	WITHDRAW	35000.00	Withdrawal request	PENDING	BALANCE	\N	\N	\N	\N	2026-02-19 10:31:16.389698+07	\N	\N	\N	106
1980	WD-9618609303	WITHDRAW	35000.00	Withdrawal request	PENDING	BALANCE	\N	\N	\N	\N	2026-02-19 10:31:32.971016+07	\N	\N	\N	106
1842	AUTO-20260217000024-A9A909	INTEREST	7520.00	Automatic profit from Cloud AI investment	COMPLETED	BALANCE	\N	\N	\N	\N	2026-02-17 00:00:24.46799+07	\N	\N	\N	2
1131	AUTO-20251225083113-915EC6	INTEREST	1125000.00	Automatic profit from RBB B500 investment	COMPLETED	BALANCE	\N	\N	\N	\N	2025-12-25 08:31:13.240104+07	\N	\N	\N	2
1981	ADM-BALANCE-129-1771473210	CREDIT	60000.00	Admin increased balance by 60000	COMPLETED	BALANCE	\N	\N	\N	\N	2026-02-19 10:53:30.828015+07	\N	\N	\N	129
1647	DEP-20260125002943-92A228	DEPOSIT	50000.00	Deposit via Jayapay (BALANCE_DEPOSIT)	FAILED	BALANCE_DEPOSIT	\N	\N	\N	\N	2026-01-25 00:29:43.786837+07	\N	\N	\N	2
1648	DEP-20260125002949-6A2B14	DEPOSIT	150000.00	Deposit via Jayapay (BALANCE_DEPOSIT)	FAILED	BALANCE_DEPOSIT	\N	\N	\N	\N	2026-01-25 00:29:49.97533+07	\N	\N	\N	2
1846	ATT-20260216184708-3A2E07	ATTENDANCE	1025.49	Daily attendance claim	COMPLETED	BALANCE	\N	\N	\N	\N	2026-02-17 01:47:08.899924+07	\N	\N	\N	2
1708	AUTO-20260128154146-5AFB62	INTEREST	8800.00	Automatic profit from Cloud AI investment	COMPLETED	BALANCE	\N	\N	\N	\N	2026-01-28 15:41:46.944497+07	\N	\N	\N	2
1712	AUTO-20260128154147-CF9993	INTEREST	7520.00	Automatic profit from Cloud AI investment	COMPLETED	BALANCE	\N	\N	\N	\N	2026-01-28 15:41:47.014108+07	\N	\N	\N	2
1982	PUR-20260219035529-4EF10D	INVESTMENTS	60000.00	Purchase Proyek Konservasi-Uji Coba Biota (x1)	COMPLETED	BALANCE	1	\N	\N	\N	2026-02-19 10:55:29.711537+07	19	\N	\N	129
1254	DEP-20260110151041-0B5AFB	DEPOSIT	100000.00	Deposit via Jayapay (BALANCE_DEPOSIT)	FAILED	BALANCE_DEPOSIT	\N	\N	\N	\N	2026-01-10 15:10:41.304883+07	\N	\N	\N	2
1983	REB-20260219035529-E927AB	PURCHASE_COMMISSION	4800.00	Purchase rebate L1 from +628789456123 - Proyek Konservasi-Uji Coba Biota	COMPLETED	BALANCE	\N	1	\N	\N	2026-02-19 10:55:29.71754+07	19	1982	129	106
1255	DEP-20260110151042-BD0C00	DEPOSIT	100000.00	Deposit via Jayapay (BALANCE_DEPOSIT)	FAILED	BALANCE_DEPOSIT	\N	\N	\N	\N	2026-01-10 15:10:42.252471+07	\N	\N	\N	2
1984	REB-20260219035529-EDA01C	PURCHASE_COMMISSION	1800.00	Purchase rebate L2 from +628789456123 - Proyek Konservasi-Uji Coba Biota	COMPLETED	BALANCE	\N	2	\N	\N	2026-02-19 10:55:29.719086+07	19	1982	129	105
1985	CLM-20260219035536-710C81	INTEREST	2100.00	Profit claim from Proyek Konservasi-Uji Coba Biota investment	COMPLETED	BALANCE	\N	\N	\N	\N	2026-02-19 10:55:36.932863+07	19	\N	\N	129
1649	PUR-20260124173929-D70DA5	INVESTMENTS	88000.00	Purchase Cloud AI (x1)	COMPLETED	BALANCE_DEPOSIT	1	\N	\N	\N	2026-01-25 00:39:29.652492+07	\N	\N	\N	2
1650	REB-20260124173929-517D5A	PURCHASE_COMMISSION	17600.00	Purchase rebate L1 from +6289595959595 - Cloud AI	COMPLETED	BALANCE	\N	1	\N	\N	2026-01-25 00:39:29.673789+07	\N	1649	2	1
1502	MSN-20260113082110-2-1	MISSIONS	2000.00	Mission reward: Bagikan tautan undangan Anda dan dapatkan anggota untuk membuka manfaat IDR 2.000 (x1)	COMPLETED	BALANCE	\N	\N	\N	\N	2026-01-13 15:21:10.656033+07	\N	\N	\N	2
1521	WD-E131879501	WITHDRAW	50000.00	Withdrawal request	PENDING	BALANCE	\N	\N	\N	\N	2026-01-14 00:00:13.56786+07	\N	\N	\N	2
1543	DEP-20260121161355-0D5C69	DEPOSIT	50000.00	Deposit via Jayapay (BALANCE_DEPOSIT)	FAILED	BALANCE_DEPOSIT	\N	\N	\N	\N	2026-01-21 16:13:55.054791+07	\N	\N	\N	2
1558	DEP-20260124154307-D39222	DEPOSIT	50000.00	Deposit via Jayapay (BALANCE_DEPOSIT)	FAILED	BALANCE_DEPOSIT	\N	\N	\N	\N	2026-01-24 15:43:07.681875+07	\N	\N	\N	2
336	AUTO-20251126134718-2D6839	INTEREST	4680.00	Automatic profit from Sistem Celenix investment	COMPLETED	BALANCE	\N	\N	\N	\N	2025-11-26 20:47:18.556357+07	\N	\N	\N	2
337	PRB-20251126134718-C98DE9	PROFIT_COMMISSION	327.60	Profit rebate L1 from 89595959595 - Sistem Celenix	COMPLETED	BALANCE	\N	1	\N	\N	2025-11-26 20:47:18.62068+07	\N	336	2	1
1986	VCH-20260219120900-1DDCDF	VOUCHER	3000.00	Voucher claim auto	COMPLETED	BALANCE	\N	\N	8	auto	2026-02-19 12:09:00.072797+07	\N	\N	\N	106
1256	DEP-20260110151046-DEC9D9	DEPOSIT	50000.00	Deposit via Jayapay (BALANCE_DEPOSIT)	FAILED	BALANCE_DEPOSIT	\N	\N	\N	\N	2026-01-10 15:10:46.661658+07	\N	\N	\N	2
1257	DEP-20260110151050-A78441	DEPOSIT	50000.00	Deposit via Jayapay (BALANCE_DEPOSIT)	FAILED	BALANCE_DEPOSIT	\N	\N	\N	\N	2026-01-10 15:10:50.670498+07	\N	\N	\N	2
1258	DEP-20260110151057-846C2F	DEPOSIT	50000.00	Deposit via Jayapay (BALANCE_DEPOSIT)	FAILED	BALANCE_DEPOSIT	\N	\N	\N	\N	2026-01-10 15:10:57.511826+07	\N	\N	\N	2
1559	DEP-20260124154308-D72A29	DEPOSIT	50000.00	Deposit via Jayapay (BALANCE_DEPOSIT)	FAILED	BALANCE_DEPOSIT	\N	\N	\N	\N	2026-01-24 15:43:08.253671+07	\N	\N	\N	2
1522	CLM-20260113170848-AAD34B	INTEREST	1000.00	Profit claim from PowerVault AA investment	COMPLETED	BALANCE	\N	\N	\N	\N	2026-01-14 00:08:48.298572+07	\N	\N	\N	2
1259	ATT-20260110085350-43EB2B	ATTENDANCE	1000.00	Daily attendance claim	COMPLETED	BALANCE	\N	\N	\N	\N	2026-01-10 15:53:50.877568+07	\N	\N	\N	2
1987	ATT-20260219051531-EDA265	ATTENDANCE	142.99	Daily attendance claim	COMPLETED	BALANCE	\N	\N	\N	\N	2026-02-19 12:15:31.948832+07	\N	\N	\N	131
1546	MSN-20260121094937-2-36	MISSIONS	95000.00	Mission reward: Ketika Anda sudah mencapai target seorang agen kerja, Anda dapat klaim penghasilan tetap 3 kali dalam satu bulan IDR 95.000 (x1)	COMPLETED	BALANCE	\N	\N	\N	\N	2026-01-21 16:49:37.995509+07	\N	\N	\N	2
1560	DEP-20260124154308-47784B	DEPOSIT	50000.00	Deposit via Jayapay (BALANCE_DEPOSIT)	FAILED	BALANCE_DEPOSIT	\N	\N	\N	\N	2026-01-24 15:43:08.496334+07	\N	\N	\N	2
4	PUR-20251109170532-173620	INVESTMENTS	117000.00	Purchase Sistem Celenix (x1)	COMPLETED	BALANCE_DEPOSIT	1	\N	\N	\N	2025-11-10 00:05:32.133433+07	\N	\N	\N	2
5	REB-20251109170532-5839C2	PURCHASE_COMMISSION	11700.00	Purchase rebate L1 from 89595959595 - Sistem Celenix	COMPLETED	BALANCE	\N	1	\N	\N	2025-11-10 00:05:32.137672+07	\N	4	2	1
6	CBK-20251109170539-857541	CASHBACK	2340.00	Manual cashback claim 2.00% from Sistem Celenix purchase	COMPLETED	BALANCE	\N	\N	\N	\N	2025-11-10 00:05:39.815023+07	\N	4	\N	2
1988	VCH-20260219122225-6AF8B2	VOUCHER	3000.00	Voucher claim auto	COMPLETED	BALANCE	\N	\N	8	auto	2026-02-19 12:22:25.153626+07	\N	\N	\N	131
1811	AUTO-20260215015303-4B8897	INTEREST	8800.00	Automatic profit from Cloud AI investment	COMPLETED	BALANCE	\N	\N	\N	\N	2026-02-15 01:53:03.066407+07	\N	\N	\N	2
1547	DEP-20260123183736-0403F2	DEPOSIT	50000.00	Deposit via Jayapay (BALANCE_DEPOSIT)	FAILED	BALANCE_DEPOSIT	\N	\N	\N	\N	2026-01-23 18:37:36.287203+07	\N	\N	\N	2
1561	DEP-20260124154308-0FA7A3	DEPOSIT	50000.00	Deposit via Jayapay (BALANCE_DEPOSIT)	FAILED	BALANCE_DEPOSIT	\N	\N	\N	\N	2026-01-24 15:43:08.678465+07	\N	\N	\N	2
1817	AUTO-20260215015303-A7D641	INTEREST	7520.00	Automatic profit from Cloud AI investment	COMPLETED	BALANCE	\N	\N	\N	\N	2026-02-15 01:53:03.13592+07	\N	\N	\N	2
1260	PUR-20260110121200-0D3FB5	INVESTMENTS	97000.00	Purchase RBB B100 (x1)	COMPLETED	BALANCE_DEPOSIT	1	\N	\N	\N	2026-01-10 19:12:00.193921+07	\N	\N	\N	2
1261	REB-20260110121200-E6C8A0	PURCHASE_COMMISSION	23280.00	Purchase rebate L1 from 89595959595 - RBB B100	COMPLETED	BALANCE	\N	1	\N	\N	2026-01-10 19:12:00.214968+07	\N	1260	2	1
1262	PUR-20260110121212-30EAD0	INVESTMENTS	97000.00	Purchase RBB B100 (x1)	COMPLETED	BALANCE_DEPOSIT	1	\N	\N	\N	2026-01-10 19:12:12.421545+07	\N	\N	\N	2
1263	REB-20260110121212-C917B0	PURCHASE_COMMISSION	23280.00	Purchase rebate L1 from 89595959595 - RBB B100	COMPLETED	BALANCE	\N	1	\N	\N	2026-01-10 19:12:12.426145+07	\N	1262	2	1
1264	PUR-20260110121225-F3C8E2	INVESTMENTS	97000.00	Purchase RBB B100 (x1)	COMPLETED	BALANCE_DEPOSIT	1	\N	\N	\N	2026-01-10 19:12:25.609975+07	\N	\N	\N	2
1989	WD-98412A94E5	WITHDRAW	50000.00	Withdrawal request	PENDING	BALANCE	\N	\N	\N	\N	2026-02-19 14:10:19.522204+07	\N	\N	\N	2
1850	AUTO-20260217015528-FB5477	INTEREST	8800.00	Automatic profit from Cloud AI investment	COMPLETED	BALANCE	\N	\N	\N	\N	2026-02-17 01:55:28.283144+07	\N	\N	\N	2
1720	AUTO-20260129000207-94A34F	INTEREST	7520.00	Automatic profit from Cloud AI investment	COMPLETED	BALANCE	\N	\N	\N	\N	2026-01-29 00:02:07.128252+07	\N	\N	\N	2
1725	AUTO-20260129190737-AAD2B4	INTEREST	8800.00	Automatic profit from Cloud AI investment	COMPLETED	BALANCE	\N	\N	\N	\N	2026-01-29 19:07:37.791954+07	\N	\N	\N	2
1730	AUTO-20260209194413-76779E	INTEREST	8800.00	Automatic profit from Cloud AI investment	COMPLETED	BALANCE	\N	\N	\N	\N	2026-02-09 19:44:13.929939+07	\N	\N	\N	2
1736	AUTO-20260209194414-2563A2	INTEREST	7520.00	Automatic profit from Cloud AI investment	COMPLETED	BALANCE	\N	\N	\N	\N	2026-02-09 19:44:14.017481+07	\N	\N	\N	2
1304	WD-C02AD48A0F	WITHDRAW	50000.00	Withdrawal request	PENDING	BALANCE	\N	\N	\N	\N	2026-01-11 00:42:18.52688+07	\N	\N	\N	2
1990	ADM-BALANCE-132-1771485692	CREDIT	900000.00	Admin increased balance by 900000	COMPLETED	BALANCE	\N	\N	\N	\N	2026-02-19 14:21:32.600086+07	\N	\N	\N	132
1548	DEP-20260123183736-32D59A	DEPOSIT	50000.00	Deposit via Jayapay (BALANCE_DEPOSIT)	FAILED	BALANCE_DEPOSIT	\N	\N	\N	\N	2026-01-23 18:37:36.822144+07	\N	\N	\N	2
685	AUTO-20251130140034-3DF916	INTEREST	4680.00	Automatic profit from Sistem Celenix investment	COMPLETED	BALANCE	\N	\N	\N	\N	2025-11-30 21:00:34.873127+07	\N	\N	\N	2
686	PRB-20251130140034-DE8694	PROFIT_COMMISSION	327.60	Profit rebate L1 from 89595959595 - Sistem Celenix	COMPLETED	BALANCE	\N	1	\N	\N	2025-11-30 21:00:34.940178+07	\N	685	2	1
688	PUR-20251130144716-0116F0	INVESTMENTS	2600000.00	Purchase Exx 08 (x1)	COMPLETED	BALANCE_DEPOSIT	1	\N	\N	\N	2025-11-30 21:47:16.211329+07	\N	\N	\N	2
689	REB-20251130144716-31227B	PURCHASE_COMMISSION	650000.00	Purchase rebate L1 from 89595959595 - Exx 08	COMPLETED	BALANCE	\N	1	\N	\N	2025-11-30 21:47:16.372426+07	\N	688	2	1
690	PUR-20251130144741-292F0C	INVESTMENTS	1500000.00	Purchase Exx 07 (x1)	COMPLETED	BALANCE_DEPOSIT	1	\N	\N	\N	2025-11-30 21:47:41.14354+07	\N	\N	\N	2
691	REB-20251130144741-A18A39	PURCHASE_COMMISSION	375000.00	Purchase rebate L1 from 89595959595 - Exx 07	COMPLETED	BALANCE	\N	1	\N	\N	2025-11-30 21:47:41.283549+07	\N	690	2	1
1305	WD-7608E7292A	WITHDRAW	50000.00	Withdrawal request	PENDING	BALANCE	\N	\N	\N	\N	2026-01-11 00:45:30.105472+07	\N	\N	\N	2
1991	PUR-20260219072155-68FA36	INVESTMENTS	60000.00	Purchase Proyek Konservasi-Uji Coba Biota (x1)	COMPLETED	BALANCE	1	\N	\N	\N	2026-02-19 14:21:55.757576+07	19	\N	\N	132
1992	REB-20260219072155-40458A	PURCHASE_COMMISSION	4800.00	Purchase rebate L1 from +6289696969696 - Proyek Konservasi-Uji Coba Biota	COMPLETED	BALANCE	\N	1	\N	\N	2026-02-19 14:21:55.76684+07	19	1991	132	2
1993	REB-20260219072155-E1B3C7	PURCHASE_COMMISSION	1800.00	Purchase rebate L2 from +6289696969696 - Proyek Konservasi-Uji Coba Biota	COMPLETED	BALANCE	\N	2	\N	\N	2026-02-19 14:21:55.768406+07	19	1991	132	1
1994	CLM-20260219072205-1C1A26	INTEREST	2100.00	Profit claim from Proyek Konservasi-Uji Coba Biota investment	COMPLETED	BALANCE	\N	\N	\N	\N	2026-02-19 14:22:05.041026+07	19	\N	\N	132
1741	AUTO-20260210000128-5335AA	INTEREST	7520.00	Automatic profit from Cloud AI investment	COMPLETED	BALANCE	\N	\N	\N	\N	2026-02-10 00:01:28.632295+07	\N	\N	\N	2
1538	PUR-20260121090527-28871A	INVESTMENTS	188000.00	Purchase PowerVault S (x1)	COMPLETED	BALANCE_DEPOSIT	1	\N	\N	\N	2026-01-21 16:05:27.114422+07	\N	\N	\N	2
1539	REB-20260121090527-417698	PURCHASE_COMMISSION	18800.00	Purchase rebate L1 from +6289595959595 - PowerVault S	COMPLETED	BALANCE	\N	1	\N	\N	2026-01-21 16:05:27.131589+07	\N	1538	2	1
779	AUTO-20251201140229-0610AC	INTEREST	4680.00	Automatic profit from Exx 01 investment	COMPLETED	BALANCE	\N	\N	\N	\N	2025-12-01 21:02:29.877338+07	\N	\N	\N	2
1379	CLM-20260112033116-6AB024	INTEREST	1000.00	Profit claim from Produk Test 01 investment	COMPLETED	BALANCE	\N	\N	\N	\N	2026-01-12 10:31:16.231798+07	\N	\N	\N	2
1306	ATT-20260110195447-5C01C6	ATTENDANCE	1000.00	Daily attendance claim	COMPLETED	BALANCE	\N	\N	\N	\N	2026-01-11 02:54:47.565486+07	\N	\N	\N	2
1995	PUR-20260219072520-3B0E99	INVESTMENTS	60000.00	Purchase Proyek Konservasi-Uji Coba Biota (x1)	COMPLETED	BALANCE	1	\N	\N	\N	2026-02-19 14:25:20.358572+07	19	\N	\N	132
1996	REB-20260219072520-23EAEB	PURCHASE_COMMISSION	4800.00	Purchase rebate L1 from +6289696969696 - Proyek Konservasi-Uji Coba Biota	COMPLETED	BALANCE	\N	1	\N	\N	2026-02-19 14:25:20.377992+07	19	1995	132	2
1380	ATT-20260112045938-24A8C8	ATTENDANCE	300.00	Daily attendance claim	COMPLETED	BALANCE	\N	\N	\N	\N	2026-01-12 11:59:38.224677+07	\N	\N	\N	2
1997	REB-20260219072520-4EACA9	PURCHASE_COMMISSION	1800.00	Purchase rebate L2 from +6289696969696 - Proyek Konservasi-Uji Coba Biota	COMPLETED	BALANCE	\N	2	\N	\N	2026-02-19 14:25:20.380893+07	19	1995	132	1
1747	AUTO-20260210194529-7A7023	INTEREST	8800.00	Automatic profit from Cloud AI investment	COMPLETED	BALANCE	\N	\N	\N	\N	2026-02-10 19:45:29.423108+07	\N	\N	\N	2
1998	ATT-20260219073625-4ACF11	ATTENDANCE	110.50	Daily attendance claim	COMPLETED	BALANCE	\N	\N	\N	\N	2026-02-19 14:36:25.005043+07	\N	\N	\N	132
1753	AUTO-20260211000039-D69FD2	INTEREST	7520.00	Automatic profit from Cloud AI investment	COMPLETED	BALANCE	\N	\N	\N	\N	2026-02-11 00:00:39.854459+07	\N	\N	\N	2
1540	DEP-20260121160739-3DD937	DEPOSIT	150000.00	Deposit via Jayapay (BALANCE_DEPOSIT)	FAILED	BALANCE_DEPOSIT	\N	\N	\N	\N	2026-01-21 16:07:39.324632+07	\N	\N	\N	2
780	AUTO-20251201144840-3188E8	INTEREST	300000.00	Automatic profit from Exx 07 investment	COMPLETED	BALANCE	\N	\N	\N	\N	2025-12-01 21:48:40.867263+07	\N	\N	\N	2
781	AUTO-20251201144841-E5744B	INTEREST	520000.00	Automatic profit from Exx 08 investment	COMPLETED	BALANCE	\N	\N	\N	\N	2025-12-01 21:48:41.13906+07	\N	\N	\N	2
1307	PUR-20260111040143-D1DD0B	INVESTMENTS	20000.00	Purchase Produk Test 02 (x1)	COMPLETED	BALANCE_DEPOSIT	1	\N	\N	\N	2026-01-11 11:01:43.276491+07	\N	\N	\N	2
1308	REB-20260111040143-A8A571	PURCHASE_COMMISSION	2000.00	Purchase rebate L1 from 89595959595 - Produk Test 02	COMPLETED	BALANCE	\N	1	\N	\N	2026-01-11 11:01:43.291611+07	\N	1307	2	1
1999	ADM-BALANCE-133-1771487305	CREDIT	90000.00	Admin increased balance by 90000	COMPLETED	BALANCE	\N	\N	\N	\N	2026-02-19 14:48:25.935655+07	\N	\N	\N	133
1541	DEP-20260121160741-A754DA	DEPOSIT	150000.00	Deposit via Jayapay (BALANCE_DEPOSIT)	FAILED	BALANCE_DEPOSIT	\N	\N	\N	\N	2026-01-21 16:07:41.04445+07	\N	\N	\N	2
1309	PUR-20260111040144-F9CB5C	INVESTMENTS	20000.00	Purchase Produk Test 02 (x1)	COMPLETED	BALANCE_DEPOSIT	1	\N	\N	\N	2026-01-11 11:01:44.069058+07	\N	\N	\N	2
1310	REB-20260111040144-5D7A9C	PURCHASE_COMMISSION	2000.00	Purchase rebate L1 from 89595959595 - Produk Test 02	COMPLETED	BALANCE	\N	1	\N	\N	2026-01-11 11:01:44.077617+07	\N	1309	2	1
2000	PUR-20260219074838-AF7990	INVESTMENTS	60000.00	Purchase Proyek Konservasi-Uji Coba Biota (x1)	COMPLETED	BALANCE	1	\N	\N	\N	2026-02-19 14:48:38.766206+07	19	\N	\N	133
2001	REB-20260219074838-AEBB69	PURCHASE_COMMISSION	4800.00	Purchase rebate L1 from +6289797979797 - Proyek Konservasi-Uji Coba Biota	COMPLETED	BALANCE	\N	1	\N	\N	2026-02-19 14:48:38.773967+07	19	2000	133	132
2002	REB-20260219074838-98B6C8	PURCHASE_COMMISSION	1800.00	Purchase rebate L2 from +6289797979797 - Proyek Konservasi-Uji Coba Biota	COMPLETED	BALANCE	\N	2	\N	\N	2026-02-19 14:48:38.776021+07	19	2000	133	2
443	AUTO-20251127135214-1DAD5A	INTEREST	4680.00	Automatic profit from Sistem Celenix investment	COMPLETED	BALANCE	\N	\N	\N	\N	2025-11-27 20:52:14.200775+07	\N	\N	\N	2
444	PRB-20251127135214-ACE409	PROFIT_COMMISSION	327.60	Profit rebate L1 from 89595959595 - Sistem Celenix	COMPLETED	BALANCE	\N	1	\N	\N	2025-11-27 20:52:14.269338+07	\N	443	2	1
2003	ADM-BALANCE-133-1771487372	CREDIT	90000.00	Admin increased balance by 90000	COMPLETED	BALANCE	\N	\N	\N	\N	2026-02-19 14:49:32.531462+07	\N	\N	\N	133
846	AUTO-20251202140407-887C77	INTEREST	4680.00	Automatic profit from Exx 01 investment	COMPLETED	BALANCE	\N	\N	\N	\N	2025-12-02 21:04:07.547886+07	\N	\N	\N	2
550	AUTO-20251128135616-7BCBC2	INTEREST	4680.00	Automatic profit from Sistem Celenix investment	COMPLETED	BALANCE	\N	\N	\N	\N	2025-11-28 20:56:16.321945+07	\N	\N	\N	2
551	PRB-20251128135616-1CF0ED	PROFIT_COMMISSION	327.60	Profit rebate L1 from 89595959595 - Sistem Celenix	COMPLETED	BALANCE	\N	1	\N	\N	2025-11-28 20:56:16.404148+07	\N	550	2	1
847	AUTO-20251202144931-536C9D	INTEREST	300000.00	Automatic profit from Exx 07 investment	COMPLETED	BALANCE	\N	\N	\N	\N	2025-12-02 21:49:31.365936+07	\N	\N	\N	2
848	AUTO-20251202144931-ED7EAB	INTEREST	520000.00	Automatic profit from Exx 08 investment	COMPLETED	BALANCE	\N	\N	\N	\N	2025-12-02 21:49:31.655447+07	\N	\N	\N	2
2004	PUR-20260219074950-8DA8EE	INVESTMENTS	60000.00	Purchase Proyek Konservasi-Uji Coba Biota (x1)	COMPLETED	BALANCE	1	\N	\N	\N	2026-02-19 14:49:50.571244+07	19	\N	\N	133
2005	REB-20260219074950-F591B7	PURCHASE_COMMISSION	4800.00	Purchase rebate L1 from +6289797979797 - Proyek Konservasi-Uji Coba Biota	COMPLETED	BALANCE	\N	1	\N	\N	2026-02-19 14:49:50.580528+07	19	2004	133	132
2006	REB-20260219074950-F4254D	PURCHASE_COMMISSION	1800.00	Purchase rebate L2 from +6289797979797 - Proyek Konservasi-Uji Coba Biota	COMPLETED	BALANCE	\N	2	\N	\N	2026-02-19 14:49:50.583671+07	19	2004	133	2
658	AUTO-20251129135736-66A6A9	INTEREST	4680.00	Automatic profit from Sistem Celenix investment	COMPLETED	BALANCE	\N	\N	\N	\N	2025-11-29 20:57:36.434613+07	\N	\N	\N	2
659	PRB-20251129135736-04E7FC	PROFIT_COMMISSION	327.60	Profit rebate L1 from 89595959595 - Sistem Celenix	COMPLETED	BALANCE	\N	1	\N	\N	2025-11-29 20:57:36.498116+07	\N	658	2	1
873	AUTO-20251204152252-DC7AF6	INTEREST	300000.00	Automatic profit from Exx 07 investment	COMPLETED	BALANCE	\N	\N	\N	\N	2025-12-04 22:22:52.328093+07	\N	\N	\N	2
874	AUTO-20251204152252-1D8EDB	INTEREST	520000.00	Automatic profit from Exx 08 investment	COMPLETED	BALANCE	\N	\N	\N	\N	2025-12-04 22:22:52.56384+07	\N	\N	\N	2
880	AUTO-20251204152254-415408	INTEREST	4680.00	Automatic profit from Exx 01 investment	COMPLETED	BALANCE	\N	\N	\N	\N	2025-12-04 22:22:54.370945+07	\N	\N	\N	2
2007	VCH-20260219145623-12C7A0	VOUCHER	3000.00	Voucher claim auto	COMPLETED	BALANCE	\N	\N	8	auto	2026-02-19 14:56:23.139706+07	\N	\N	\N	132
898	AUTO-20251205152538-733111	INTEREST	300000.00	Automatic profit from Exx 07 investment	COMPLETED	BALANCE	\N	\N	\N	\N	2025-12-05 22:25:38.760305+07	\N	\N	\N	2
899	AUTO-20251205152539-198986	INTEREST	520000.00	Automatic profit from Exx 08 investment	COMPLETED	BALANCE	\N	\N	\N	\N	2025-12-05 22:25:39.045419+07	\N	\N	\N	2
905	AUTO-20251205152541-19C653	INTEREST	4680.00	Automatic profit from Exx 01 investment	COMPLETED	BALANCE	\N	\N	\N	\N	2025-12-05 22:25:41.026069+07	\N	\N	\N	2
923	AUTO-20251206152758-425B77	INTEREST	300000.00	Automatic profit from Exx 07 investment	COMPLETED	BALANCE	\N	\N	\N	\N	2025-12-06 22:27:58.559856+07	\N	\N	\N	2
924	AUTO-20251206152758-6EBB8E	INTEREST	520000.00	Automatic profit from Exx 08 investment	COMPLETED	BALANCE	\N	\N	\N	\N	2025-12-06 22:27:58.786335+07	\N	\N	\N	2
930	AUTO-20251206152800-DB6A67	INTEREST	4680.00	Automatic profit from Exx 01 investment	COMPLETED	BALANCE	\N	\N	\N	\N	2025-12-06 22:28:00.541091+07	\N	\N	\N	2
938	PUR-20251207093138-92C2A3	INVESTMENTS	470000.00	Purchase Exx 05 (x1)	COMPLETED	BALANCE_DEPOSIT	1	\N	\N	\N	2025-12-07 16:31:38.909389+07	\N	\N	\N	2
939	REB-20251207093139-C59786	PURCHASE_COMMISSION	117500.00	Purchase rebate L1 from 89595959595 - Exx 05	COMPLETED	BALANCE	\N	1	\N	\N	2025-12-07 16:31:39.105418+07	\N	938	2	1
940	PUR-20251207093144-46A69C	INVESTMENTS	700000.00	Purchase Exx 06 (x1)	COMPLETED	BALANCE_DEPOSIT	1	\N	\N	\N	2025-12-07 16:31:44.9628+07	\N	\N	\N	2
941	REB-20251207093145-43849F	PURCHASE_COMMISSION	175000.00	Purchase rebate L1 from 89595959595 - Exx 06	COMPLETED	BALANCE	\N	1	\N	\N	2025-12-07 16:31:45.101494+07	\N	940	2	1
942	PUR-20251207094041-66A22A	INVESTMENTS	300000.00	Purchase Exx 04 (x1)	COMPLETED	BALANCE_DEPOSIT	1	\N	\N	\N	2025-12-07 16:40:41.953445+07	\N	\N	\N	2
943	REB-20251207094042-77690E	PURCHASE_COMMISSION	75000.00	Purchase rebate L1 from 89595959595 - Exx 04	COMPLETED	BALANCE	\N	1	\N	\N	2025-12-07 16:40:42.100805+07	\N	942	2	1
2008	PUR-20260219082953-09E831	INVESTMENTS	350000.00	Purchase Proyek Konservasi-Kerang Laut (x1)	COMPLETED	BALANCE	1	\N	\N	\N	2026-02-19 15:29:53.711717+07	21	\N	\N	106
2009	REB-20260219082953-C0EC8A	PURCHASE_COMMISSION	42000.00	Purchase rebate L1 from +62812345678902 - Proyek Konservasi-Kerang Laut	COMPLETED	BALANCE	\N	1	\N	\N	2026-02-19 15:29:53.729757+07	21	2008	106	105
2010	REB-20260219082953-224C82	PURCHASE_COMMISSION	17500.00	Purchase rebate L2 from +62812345678902 - Proyek Konservasi-Kerang Laut	COMPLETED	BALANCE	\N	2	\N	\N	2026-02-19 15:29:53.731292+07	21	2008	106	2
978	AUTO-20251207223111-46B655	INTEREST	300000.00	Automatic profit from Exx 07 investment	COMPLETED	BALANCE	\N	\N	\N	\N	2025-12-07 22:31:11.59091+07	\N	\N	\N	2
979	AUTO-20251207223111-64245C	INTEREST	520000.00	Automatic profit from Exx 08 investment	COMPLETED	BALANCE	\N	\N	\N	\N	2025-12-07 22:31:11.819737+07	\N	\N	\N	2
985	AUTO-20251207223116-DEDA26	INTEREST	4680.00	Automatic profit from Exx 01 investment	COMPLETED	BALANCE	\N	\N	\N	\N	2025-12-07 22:31:16.591122+07	\N	\N	\N	2
986	PUR-20251207171137-1CE803	INVESTMENTS	100000.00	Purchase Exx 02 (x1)	COMPLETED	BALANCE_DEPOSIT	1	\N	\N	\N	2025-12-08 00:11:38.000137+07	\N	\N	\N	2
987	REB-20251207171138-437ADA	PURCHASE_COMMISSION	25000.00	Purchase rebate L1 from 89595959595 - Exx 02	COMPLETED	BALANCE	\N	1	\N	\N	2025-12-08 00:11:38.217273+07	\N	986	2	1
1003	AUTO-20251208163419-9113BE	INTEREST	140000.00	Automatic profit from RBB B300 investment	COMPLETED	BALANCE	\N	\N	\N	\N	2025-12-08 16:34:19.005824+07	\N	\N	\N	2
1004	AUTO-20251208163419-E24E22	INTEREST	94000.00	Automatic profit from RBR A300 investment	COMPLETED	BALANCE	\N	\N	\N	\N	2025-12-08 16:34:19.360715+07	\N	\N	\N	2
1005	AUTO-20251208164421-284B0C	INTEREST	60000.00	Automatic profit from RBB B200 investment	COMPLETED	BALANCE	\N	\N	\N	\N	2025-12-08 16:44:21.072112+07	\N	\N	\N	2
2011	ADM-BALANCE-106-1771489916	CREDIT	1000000.00	Admin increased balance by 1000000	COMPLETED	BALANCE	\N	\N	\N	\N	2026-02-19 15:31:56.800294+07	\N	\N	\N	106
1042	AUTO-20251208223259-2E0134	INTEREST	300000.00	Automatic profit from RBR A400 investment	COMPLETED	BALANCE	\N	\N	\N	\N	2025-12-08 22:32:59.376411+07	\N	\N	\N	2
1043	AUTO-20251208223259-1DE417	INTEREST	520000.00	Automatic profit from RBB B400 investment	COMPLETED	BALANCE	\N	\N	\N	\N	2025-12-08 22:32:59.711788+07	\N	\N	\N	2
1057	AUTO-20251223114547-1166DE	INTEREST	20000.00	Automatic profit from RBB B100 investment	COMPLETED	BALANCE	\N	\N	\N	\N	2025-12-23 11:45:47.453278+07	\N	\N	\N	2
1061	AUTO-20251223114547-8F51BC	INTEREST	60000.00	Automatic profit from RBB B200 investment	COMPLETED	BALANCE	\N	\N	\N	\N	2025-12-23 11:45:47.492746+07	\N	\N	\N	2
1062	AUTO-20251223114547-1F950E	INTEREST	140000.00	Automatic profit from RBB B300 investment	COMPLETED	BALANCE	\N	\N	\N	\N	2025-12-23 11:45:47.50163+07	\N	\N	\N	2
1063	AUTO-20251223114547-FFA5EA	INTEREST	94000.00	Automatic profit from RBR A300 investment	COMPLETED	BALANCE	\N	\N	\N	\N	2025-12-23 11:45:47.512133+07	\N	\N	\N	2
2012	WD-19E197F458	WITHDRAW	35000.00	Withdrawal request	PENDING	BALANCE	\N	\N	\N	\N	2026-02-19 15:34:25.534437+07	\N	\N	\N	106
1081	AUTO-20251223114547-48233C	INTEREST	300000.00	Automatic profit from RBR A400 investment	COMPLETED	BALANCE	\N	\N	\N	\N	2025-12-23 11:45:47.752367+07	\N	\N	\N	2
1082	AUTO-20251223114547-914E26	INTEREST	520000.00	Automatic profit from RBB B400 investment	COMPLETED	BALANCE	\N	\N	\N	\N	2025-12-23 11:45:47.762378+07	\N	\N	\N	2
1088	AUTO-20251223114547-5C0119	INTEREST	4680.00	Automatic profit from RBR A100 investment	COMPLETED	BALANCE	\N	\N	\N	\N	2025-12-23 11:45:47.818759+07	\N	\N	\N	2
1089	PUR-20251223212947-DE2CD3	INVESTMENTS	7500000.00	Purchase RBB B500 (x1)	COMPLETED	BALANCE_DEPOSIT	1	\N	\N	\N	2025-12-24 04:29:47.512402+07	\N	\N	\N	2
1090	REB-20251223212947-2507ED	PURCHASE_COMMISSION	1800000.00	Purchase rebate L1 from 89595959595 - RBB B500	COMPLETED	BALANCE	\N	1	\N	\N	2025-12-24 04:29:47.551533+07	\N	1089	2	1
1092	PUR-20251224012824-394008	INVESTMENTS	7500000.00	Purchase RBB B500 (x1)	COMPLETED	BALANCE_DEPOSIT	1	\N	\N	\N	2025-12-24 08:28:24.667693+07	\N	\N	\N	2
1093	REB-20251224012824-3C2BBA	PURCHASE_COMMISSION	1800000.00	Purchase rebate L1 from 89595959595 - RBB B500	COMPLETED	BALANCE	\N	1	\N	\N	2025-12-24 08:28:24.707154+07	\N	1092	2	1
1132	AUTO-20260107115346-2A04DF	INTEREST	1125000.00	Automatic profit from RBB B500 investment	COMPLETED	BALANCE	\N	\N	\N	\N	2026-01-07 18:53:46.94355+07	\N	\N	\N	2
1133	AUTO-20260107115346-C5DEA7	INTEREST	1125000.00	Automatic profit from RBB B500 investment	COMPLETED	BALANCE	\N	\N	\N	\N	2026-01-07 18:53:46.97892+07	\N	\N	\N	2
1138	AUTO-20260107115347-AA362A	INTEREST	20000.00	Automatic profit from RBB B100 investment	COMPLETED	BALANCE	\N	\N	\N	\N	2026-01-07 18:53:47.027068+07	\N	\N	\N	2
1142	AUTO-20260107115347-70E1B0	INTEREST	60000.00	Automatic profit from RBB B200 investment	COMPLETED	BALANCE	\N	\N	\N	\N	2026-01-07 18:53:47.062138+07	\N	\N	\N	2
1143	AUTO-20260107115347-73486A	INTEREST	140000.00	Automatic profit from RBB B300 investment	COMPLETED	BALANCE	\N	\N	\N	\N	2026-01-07 18:53:47.070316+07	\N	\N	\N	2
1144	AUTO-20260107115347-5DF031	INTEREST	94000.00	Automatic profit from RBR A300 investment	COMPLETED	BALANCE	\N	\N	\N	\N	2026-01-07 18:53:47.076987+07	\N	\N	\N	2
2013	ADM-BALANCE-134-1771490346	CREDIT	60000.00	Admin increased balance by 60000	COMPLETED	BALANCE	\N	\N	\N	\N	2026-02-19 15:39:06.497217+07	\N	\N	\N	134
1162	AUTO-20260107115347-C74F14	INTEREST	300000.00	Automatic profit from RBR A400 investment	COMPLETED	BALANCE	\N	\N	\N	\N	2026-01-07 18:53:47.251424+07	\N	\N	\N	2
1163	AUTO-20260107115347-E8D3CE	INTEREST	520000.00	Automatic profit from RBB B400 investment	COMPLETED	BALANCE	\N	\N	\N	\N	2026-01-07 18:53:47.25909+07	\N	\N	\N	2
1169	AUTO-20260107115347-D5C530	INTEREST	4680.00	Automatic profit from RBR A100 investment	COMPLETED	BALANCE	\N	\N	\N	\N	2026-01-07 18:53:47.315738+07	\N	\N	\N	2
1098	AUTO-20251224222115-7B7E34	INTEREST	20000.00	Automatic profit from RBB B100 investment	COMPLETED	BALANCE	\N	\N	\N	\N	2025-12-24 22:21:15.220828+07	\N	\N	\N	2
1102	AUTO-20251224222115-9D2439	INTEREST	60000.00	Automatic profit from RBB B200 investment	COMPLETED	BALANCE	\N	\N	\N	\N	2025-12-24 22:21:15.273094+07	\N	\N	\N	2
1103	AUTO-20251224222115-B9881D	INTEREST	140000.00	Automatic profit from RBB B300 investment	COMPLETED	BALANCE	\N	\N	\N	\N	2025-12-24 22:21:15.285848+07	\N	\N	\N	2
1104	AUTO-20251224222115-FA3E07	INTEREST	94000.00	Automatic profit from RBR A300 investment	COMPLETED	BALANCE	\N	\N	\N	\N	2025-12-24 22:21:15.299634+07	\N	\N	\N	2
2014	PUR-20260219084003-0DA99A	INVESTMENTS	60000.00	Purchase Proyek Konservasi-Uji Coba Biota (x1)	COMPLETED	BALANCE	1	\N	\N	\N	2026-02-19 15:40:03.59654+07	19	\N	\N	134
1122	AUTO-20251224222115-978178	INTEREST	300000.00	Automatic profit from RBR A400 investment	COMPLETED	BALANCE	\N	\N	\N	\N	2025-12-24 22:21:15.495767+07	\N	\N	\N	2
1123	AUTO-20251224222115-76D036	INTEREST	520000.00	Automatic profit from RBB B400 investment	COMPLETED	BALANCE	\N	\N	\N	\N	2025-12-24 22:21:15.495767+07	\N	\N	\N	2
2015	REB-20260219084003-EA8FE0	PURCHASE_COMMISSION	4800.00	Purchase rebate L1 from +62858292492719 - Proyek Konservasi-Uji Coba Biota	COMPLETED	BALANCE	\N	1	\N	\N	2026-02-19 15:40:03.602659+07	19	2014	134	106
2016	REB-20260219084003-4C5B56	PURCHASE_COMMISSION	1800.00	Purchase rebate L2 from +62858292492719 - Proyek Konservasi-Uji Coba Biota	COMPLETED	BALANCE	\N	2	\N	\N	2026-02-19 15:40:03.604192+07	19	2014	134	105
1129	AUTO-20251224222115-3CD10C	INTEREST	4680.00	Automatic profit from RBR A100 investment	COMPLETED	BALANCE	\N	\N	\N	\N	2025-12-24 22:21:15.562579+07	\N	\N	\N	2
1170	AUTO-20260108204737-C3F3C2	INTEREST	1125000.00	Automatic profit from RBB B500 investment	COMPLETED	BALANCE	\N	\N	\N	\N	2026-01-08 20:47:37.151465+07	\N	\N	\N	2
1171	AUTO-20260108204737-221E4F	INTEREST	1125000.00	Automatic profit from RBB B500 investment	COMPLETED	BALANCE	\N	\N	\N	\N	2026-01-08 20:47:37.178614+07	\N	\N	\N	2
1176	AUTO-20260108204737-1E734E	INTEREST	20000.00	Automatic profit from RBB B100 investment	COMPLETED	BALANCE	\N	\N	\N	\N	2026-01-08 20:47:37.248871+07	\N	\N	\N	2
1130	AUTO-20251225065107-9B950B	INTEREST	1125000.00	Automatic profit from RBB B500 investment	COMPLETED	BALANCE	\N	\N	\N	\N	2025-12-25 06:51:07.861205+07	\N	\N	\N	2
1180	AUTO-20260108204737-228255	INTEREST	60000.00	Automatic profit from RBB B200 investment	COMPLETED	BALANCE	\N	\N	\N	\N	2026-01-08 20:47:37.282801+07	\N	\N	\N	2
1181	AUTO-20260108204737-C6D550	INTEREST	140000.00	Automatic profit from RBB B300 investment	COMPLETED	BALANCE	\N	\N	\N	\N	2026-01-08 20:47:37.290137+07	\N	\N	\N	2
1182	AUTO-20260108204737-D21011	INTEREST	94000.00	Automatic profit from RBR A300 investment	COMPLETED	BALANCE	\N	\N	\N	\N	2026-01-08 20:47:37.296997+07	\N	\N	\N	2
1200	AUTO-20260108204737-7F190B	INTEREST	300000.00	Automatic profit from RBR A400 investment	COMPLETED	BALANCE	\N	\N	\N	\N	2026-01-08 20:47:37.530386+07	\N	\N	\N	2
1201	AUTO-20260108204737-06A221	INTEREST	520000.00	Automatic profit from RBB B400 investment	COMPLETED	BALANCE	\N	\N	\N	\N	2026-01-08 20:47:37.540851+07	\N	\N	\N	2
1207	AUTO-20260108204737-406FF6	INTEREST	4680.00	Automatic profit from RBR A100 investment	COMPLETED	BALANCE	\N	\N	\N	\N	2026-01-08 20:47:37.607953+07	\N	\N	\N	2
1313	AUTO-20260111184148-994C8F	INTEREST	7500.00	Automatic profit from RBR A100 investment	COMPLETED	BALANCE	\N	\N	\N	\N	2026-01-11 18:41:48.856198+07	\N	\N	\N	2
1314	AUTO-20260111184148-BB3FEE	INTEREST	7500.00	Automatic profit from RBR A100 investment	COMPLETED	BALANCE	\N	\N	\N	\N	2026-01-11 18:41:48.879269+07	\N	\N	\N	2
1315	AUTO-20260111184148-B1B24B	INTEREST	7500.00	Automatic profit from RBR A100 investment	COMPLETED	BALANCE	\N	\N	\N	\N	2026-01-11 18:41:48.888063+07	\N	\N	\N	2
1316	AUTO-20260111184148-4FB59E	INTEREST	7500.00	Automatic profit from RBR A100 investment	COMPLETED	BALANCE	\N	\N	\N	\N	2026-01-11 18:41:48.89575+07	\N	\N	\N	2
2017	PUR-20260219084227-D3FF9F	INVESTMENTS	60000.00	Purchase Proyek Konservasi-Uji Coba Biota (x1)	COMPLETED	BALANCE	1	\N	\N	\N	2026-02-19 15:42:27.407348+07	19	\N	\N	105
2018	REB-20260219084227-E104E6	PURCHASE_COMMISSION	4800.00	Purchase rebate L1 from +62812345678901 - Proyek Konservasi-Uji Coba Biota	COMPLETED	BALANCE	\N	1	\N	\N	2026-02-19 15:42:27.414117+07	19	2017	105	2
2019	REB-20260219084227-A7FEE4	PURCHASE_COMMISSION	1800.00	Purchase rebate L2 from +62812345678901 - Proyek Konservasi-Uji Coba Biota	COMPLETED	BALANCE	\N	2	\N	\N	2026-02-19 15:42:27.415658+07	19	2017	105	1
1208	AUTO-20260109205030-5A8ACE	INTEREST	1125000.00	Automatic profit from RBB B500 investment	COMPLETED	BALANCE	\N	\N	\N	\N	2026-01-09 20:50:30.096727+07	\N	\N	\N	2
1209	AUTO-20260109205030-A0C405	INTEREST	1125000.00	Automatic profit from RBB B500 investment	COMPLETED	BALANCE	\N	\N	\N	\N	2026-01-09 20:50:30.138849+07	\N	\N	\N	2
1214	AUTO-20260109205030-EE195D	INTEREST	20000.00	Automatic profit from RBB B100 investment	COMPLETED	BALANCE	\N	\N	\N	\N	2026-01-09 20:50:30.18636+07	\N	\N	\N	2
1218	AUTO-20260109205030-E73747	INTEREST	60000.00	Automatic profit from RBB B200 investment	COMPLETED	BALANCE	\N	\N	\N	\N	2026-01-09 20:50:30.223836+07	\N	\N	\N	2
1219	AUTO-20260109205030-AD5F2B	INTEREST	140000.00	Automatic profit from RBB B300 investment	COMPLETED	BALANCE	\N	\N	\N	\N	2026-01-09 20:50:30.232517+07	\N	\N	\N	2
1220	AUTO-20260109205030-9645D6	INTEREST	94000.00	Automatic profit from RBR A300 investment	COMPLETED	BALANCE	\N	\N	\N	\N	2026-01-09 20:50:30.24023+07	\N	\N	\N	2
1238	AUTO-20260109205030-F59C9A	INTEREST	300000.00	Automatic profit from RBR A400 investment	COMPLETED	BALANCE	\N	\N	\N	\N	2026-01-09 20:50:30.421361+07	\N	\N	\N	2
1239	AUTO-20260109205030-3D1597	INTEREST	520000.00	Automatic profit from RBB B400 investment	COMPLETED	BALANCE	\N	\N	\N	\N	2026-01-09 20:50:30.430668+07	\N	\N	\N	2
1245	AUTO-20260109205030-1FCCB2	INTEREST	4680.00	Automatic profit from RBR A100 investment	COMPLETED	BALANCE	\N	\N	\N	\N	2026-01-09 20:50:30.515598+07	\N	\N	\N	2
1317	PUR-20260111121556-2E27C3	INVESTMENTS	10000.00	Purchase Produk Test 01 (x1)	COMPLETED	BALANCE_DEPOSIT	1	\N	\N	\N	2026-01-11 19:15:56.77043+07	\N	\N	\N	2
1318	REB-20260111121556-AB0BF4	PURCHASE_COMMISSION	1000.00	Purchase rebate L1 from 89595959595 - Produk Test 01	COMPLETED	BALANCE	\N	1	\N	\N	2026-01-11 19:15:56.783202+07	\N	1317	2	1
2020	ATT-20260219091758-91E0CB	ATTENDANCE	346.46	Daily attendance claim	COMPLETED	BALANCE	\N	\N	\N	\N	2026-02-19 16:17:58.23535+07	\N	\N	\N	130
1246	PUR-20260110074522-9F474D	INVESTMENTS	50000.00	Purchase RBR A100 (x1)	COMPLETED	BALANCE_DEPOSIT	1	\N	\N	\N	2026-01-10 14:45:22.520021+07	\N	\N	\N	2
1247	REB-20260110074522-BDFBC8	PURCHASE_COMMISSION	12000.00	Purchase rebate L1 from 89595959595 - RBR A100	COMPLETED	BALANCE	\N	1	\N	\N	2026-01-10 14:45:22.538406+07	\N	1246	2	1
1248	PUR-20260110074523-01C444	INVESTMENTS	50000.00	Purchase RBR A100 (x1)	COMPLETED	BALANCE_DEPOSIT	1	\N	\N	\N	2026-01-10 14:45:23.698838+07	\N	\N	\N	2
1249	REB-20260110074523-E5A13B	PURCHASE_COMMISSION	12000.00	Purchase rebate L1 from 89595959595 - RBR A100	COMPLETED	BALANCE	\N	1	\N	\N	2026-01-10 14:45:23.703428+07	\N	1248	2	1
1250	PUR-20260110074524-46CEA9	INVESTMENTS	50000.00	Purchase RBR A100 (x1)	COMPLETED	BALANCE_DEPOSIT	1	\N	\N	\N	2026-01-10 14:45:24.499289+07	\N	\N	\N	2
1251	REB-20260110074524-104689	PURCHASE_COMMISSION	12000.00	Purchase rebate L1 from 89595959595 - RBR A100	COMPLETED	BALANCE	\N	1	\N	\N	2026-01-10 14:45:24.503871+07	\N	1250	2	1
1252	PUR-20260110074528-3EBDF3	INVESTMENTS	50000.00	Purchase RBR A100 (x1)	COMPLETED	BALANCE_DEPOSIT	1	\N	\N	\N	2026-01-10 14:45:28.3973+07	\N	\N	\N	2
1253	REB-20260110074528-194FE6	PURCHASE_COMMISSION	12000.00	Purchase rebate L1 from 89595959595 - RBR A100	COMPLETED	BALANCE	\N	1	\N	\N	2026-01-10 14:45:28.401878+07	\N	1252	2	1
2021	ATT-20260219091913-D97AEC	ATTENDANCE	244.23	Daily attendance claim	COMPLETED	BALANCE	\N	\N	\N	\N	2026-02-19 16:19:13.815665+07	\N	\N	\N	135
1544	PUR-20260121091726-B6FB49	INVESTMENTS	390465.00	Purchase PowerVault M (x1)	COMPLETED	BALANCE_DEPOSIT	1	\N	\N	\N	2026-01-21 16:17:26.470355+07	\N	\N	\N	2
1545	REB-20260121091726-531DEC	PURCHASE_COMMISSION	39046.50	Purchase rebate L1 from +6289595959595 - PowerVault M	COMPLETED	BALANCE	\N	1	\N	\N	2026-01-21 16:17:26.484337+07	\N	1544	2	1
1265	REB-20260110121225-1ACC40	PURCHASE_COMMISSION	23280.00	Purchase rebate L1 from 89595959595 - RBB B100	COMPLETED	BALANCE	\N	1	\N	\N	2026-01-10 19:12:25.615562+07	\N	1264	2	1
1266	AUTO-20260110205036-4B2D45	INTEREST	1125000.00	Automatic profit from RBB B500 investment	COMPLETED	BALANCE	\N	\N	\N	\N	2026-01-10 20:50:36.552287+07	\N	\N	\N	2
1267	AUTO-20260110205036-10F2B7	INTEREST	1125000.00	Automatic profit from RBB B500 investment	COMPLETED	BALANCE	\N	\N	\N	\N	2026-01-10 20:50:36.583484+07	\N	\N	\N	2
1272	AUTO-20260110205036-B70D6C	INTEREST	20000.00	Automatic profit from RBB B100 investment	COMPLETED	BALANCE	\N	\N	\N	\N	2026-01-10 20:50:36.64367+07	\N	\N	\N	2
1276	AUTO-20260110205036-3CA2CE	INTEREST	60000.00	Automatic profit from RBB B200 investment	COMPLETED	BALANCE	\N	\N	\N	\N	2026-01-10 20:50:36.701988+07	\N	\N	\N	2
1277	AUTO-20260110205036-A8D721	INTEREST	140000.00	Automatic profit from RBB B300 investment	COMPLETED	BALANCE	\N	\N	\N	\N	2026-01-10 20:50:36.714519+07	\N	\N	\N	2
1278	AUTO-20260110205036-4DFC4B	INTEREST	94000.00	Automatic profit from RBR A300 investment	COMPLETED	BALANCE	\N	\N	\N	\N	2026-01-10 20:50:36.726313+07	\N	\N	\N	2
2022	VCH-20260219162122-F3CFB5	VOUCHER	3000.00	Voucher claim auto	COMPLETED	BALANCE	\N	\N	8	auto	2026-02-19 16:21:22.271126+07	\N	\N	\N	135
1296	AUTO-20260110205036-C9A256	INTEREST	300000.00	Automatic profit from RBR A400 investment	COMPLETED	BALANCE	\N	\N	\N	\N	2026-01-10 20:50:36.976376+07	\N	\N	\N	2
1297	AUTO-20260110205036-C7F8DF	INTEREST	520000.00	Automatic profit from RBB B400 investment	COMPLETED	BALANCE	\N	\N	\N	\N	2026-01-10 20:50:36.985707+07	\N	\N	\N	2
1303	AUTO-20260110205037-F53534	INTEREST	4680.00	Automatic profit from RBR A100 investment	COMPLETED	BALANCE	\N	\N	\N	\N	2026-01-10 20:50:37.059624+07	\N	\N	\N	2
1536	PUR-20260121090021-124529	INVESTMENTS	115500.00	Purchase PowerVault AA (x1)	COMPLETED	BALANCE_DEPOSIT	1	\N	\N	\N	2026-01-21 16:00:21.258545+07	\N	\N	\N	2
1537	REB-20260121090021-3B5426	PURCHASE_COMMISSION	11550.00	Purchase rebate L1 from +6289595959595 - PowerVault AA	COMPLETED	BALANCE	\N	1	\N	\N	2026-01-21 16:00:21.31683+07	\N	1536	2	1
1549	PUR-20260123113828-E8C9BB	INVESTMENTS	390465.00	Purchase PowerVault M (x1)	COMPLETED	BALANCE_DEPOSIT	1	\N	\N	\N	2026-01-23 18:38:28.447596+07	\N	\N	\N	2
1550	REB-20260123113828-A1FE43	PURCHASE_COMMISSION	39046.50	Purchase rebate L1 from +6289595959595 - PowerVault M	COMPLETED	BALANCE	\N	1	\N	\N	2026-01-23 18:38:28.473538+07	\N	1549	2	1
1551	PUR-20260123113830-505D79	INVESTMENTS	593700.00	Purchase PowerVault L (x1)	COMPLETED	BALANCE_DEPOSIT	1	\N	\N	\N	2026-01-23 18:38:30.947973+07	\N	\N	\N	2
1552	REB-20260123113830-F3DB14	PURCHASE_COMMISSION	59370.00	Purchase rebate L1 from +6289595959595 - PowerVault L	COMPLETED	BALANCE	\N	1	\N	\N	2026-01-23 18:38:30.959086+07	\N	1551	2	1
2023	ATT-20260219092311-95C5F7	ATTENDANCE	132.05	Daily attendance claim	COMPLETED	BALANCE	\N	\N	\N	\N	2026-02-19 16:23:11.265536+07	\N	\N	\N	136
2024	VCH-20260219162325-65CE7A	VOUCHER	3000.00	Voucher claim auto	COMPLETED	BALANCE	\N	\N	8	auto	2026-02-19 16:23:25.343606+07	\N	\N	\N	136
2025	VCH-20260219162359-F628B5	VOUCHER	3000.00	Voucher claim auto	COMPLETED	BALANCE	\N	\N	8	auto	2026-02-19 16:23:59.046913+07	\N	\N	\N	130
1553	PUR-20260123113833-2182AD	INVESTMENTS	1564250.00	Purchase PowerVault Secure (x1)	COMPLETED	BALANCE_DEPOSIT	1	\N	\N	\N	2026-01-23 18:38:33.910414+07	\N	\N	\N	2
1554	REB-20260123113833-729AE3	PURCHASE_COMMISSION	156425.00	Purchase rebate L1 from +6289595959595 - PowerVault Secure	COMPLETED	BALANCE	\N	1	\N	\N	2026-01-23 18:38:33.923545+07	\N	1553	2	1
1555	PUR-20260123114111-AB55F9	INVESTMENTS	45103555.00	Purchase GridStorage Pro (x1)	COMPLETED	BALANCE_DEPOSIT	1	\N	\N	\N	2026-01-23 18:41:11.187658+07	\N	\N	\N	2
1556	REB-20260123114111-DB2F16	PURCHASE_COMMISSION	4510355.50	Purchase rebate L1 from +6289595959595 - GridStorage Pro	COMPLETED	BALANCE	\N	1	\N	\N	2026-01-23 18:41:11.19965+07	\N	1555	2	1
1759	AUTO-20260211203542-921C06	INTEREST	8800.00	Automatic profit from Cloud AI investment	COMPLETED	BALANCE	\N	\N	\N	\N	2026-02-11 20:35:42.18175+07	\N	\N	\N	2
1795	AUTO-20260213220248-886315	INTEREST	34800.00	Automatic profit from InsightAi-10382 investment	COMPLETED	BALANCE	\N	\N	\N	\N	2026-02-13 22:02:48.332651+07	\N	\N	\N	2
1808	AUTO-20260215015302-9DDEC9	INTEREST	34800.00	Automatic profit from InsightAi-10382 investment	COMPLETED	BALANCE	\N	\N	\N	\N	2026-02-15 01:53:02.995238+07	\N	\N	\N	2
1847	AUTO-20260217015528-CB09E4	INTEREST	34800.00	Automatic profit from InsightAi-10382 investment	COMPLETED	BALANCE	\N	\N	\N	\N	2026-02-17 01:55:28.241501+07	\N	\N	\N	2
1855	PUR-20260216191310-037B4B	INVESTMENTS	5770000.00	Purchase DevAi-27491 (x1)	COMPLETED	BALANCE_DEPOSIT	1	\N	\N	\N	2026-02-17 02:13:10.838966+07	\N	\N	\N	2
1856	REB-20260216191310-25173C	PURCHASE_COMMISSION	1154000.00	Purchase rebate L1 from +6289595959595 - DevAi-27491	COMPLETED	BALANCE	\N	1	\N	\N	2026-02-17 02:13:10.868251+07	\N	1855	2	1
2026	ADM-BALANCE-136-1771493078	CREDIT	60000.00	Admin increased balance by 60000	COMPLETED	BALANCE	\N	\N	\N	\N	2026-02-19 16:24:38.002722+07	\N	\N	\N	136
2027	PUR-20260219092510-71BF73	INVESTMENTS	60000.00	Purchase Proyek Konservasi-Uji Coba Biota (x1)	COMPLETED	BALANCE	1	\N	\N	\N	2026-02-19 16:25:10.863818+07	19	\N	\N	136
2028	REB-20260219092510-173235	PURCHASE_COMMISSION	4800.00	Purchase rebate L1 from +6281234456789 - Proyek Konservasi-Uji Coba Biota	COMPLETED	BALANCE	\N	1	\N	\N	2026-02-19 16:25:10.871802+07	19	2027	136	135
2029	REB-20260219092510-4B3D1B	PURCHASE_COMMISSION	1800.00	Purchase rebate L2 from +6281234456789 - Proyek Konservasi-Uji Coba Biota	COMPLETED	BALANCE	\N	2	\N	\N	2026-02-19 16:25:10.873363+07	19	2027	136	131
2030	ADM-BALANCE-131-1771493309	CREDIT	60000.00	Admin increased balance by 60000	COMPLETED	BALANCE	\N	\N	\N	\N	2026-02-19 16:28:29.291094+07	\N	\N	\N	131
2031	PUR-20260219092848-64C695	INVESTMENTS	60000.00	Purchase Proyek Konservasi-Uji Coba Biota (x1)	COMPLETED	BALANCE	1	\N	\N	\N	2026-02-19 16:28:48.429058+07	19	\N	\N	131
2032	REB-20260219092848-C2C2D0	PURCHASE_COMMISSION	4800.00	Purchase rebate L1 from +6281223456789 - Proyek Konservasi-Uji Coba Biota	COMPLETED	BALANCE	\N	1	\N	\N	2026-02-19 16:28:48.434695+07	19	2031	131	130
2033	REB-20260219092848-C581E1	PURCHASE_COMMISSION	1800.00	Purchase rebate L2 from +6281223456789 - Proyek Konservasi-Uji Coba Biota	COMPLETED	BALANCE	\N	2	\N	\N	2026-02-19 16:28:48.43623+07	19	2031	131	106
2034	ADM-BALANCE-135-1771493486	CREDIT	60000.00	Admin increased balance by 60000	COMPLETED	BALANCE	\N	\N	\N	\N	2026-02-19 16:31:26.247435+07	\N	\N	\N	135
467	PRB-20251128135102-4CFE40	PROFIT_COMMISSION	479.81	Profit rebate L2 from 0800123456789 - Sistem Omnisurg	COMPLETED	BALANCE	\N	2	\N	\N	2025-11-28 20:51:02.064964+07	\N	\N	\N	2
468	PRB-20251128135102-AEBD48	PROFIT_COMMISSION	239.90	Profit rebate L3 from 0800123456789 - Sistem Omnisurg	COMPLETED	BALANCE	\N	3	\N	\N	2025-11-28 20:51:02.150041+07	\N	\N	\N	1
2035	PUR-20260219093549-67343E	INVESTMENTS	60000.00	Purchase Proyek Konservasi-Uji Coba Biota (x1)	COMPLETED	BALANCE	1	\N	\N	\N	2026-02-19 16:35:49.328313+07	19	\N	\N	135
2036	REB-20260219093549-309498	PURCHASE_COMMISSION	4800.00	Purchase rebate L1 from +6281233456789 - Proyek Konservasi-Uji Coba Biota	COMPLETED	BALANCE	\N	1	\N	\N	2026-02-19 16:35:49.346729+07	19	2035	135	131
2037	REB-20260219093549-D732AC	PURCHASE_COMMISSION	1800.00	Purchase rebate L2 from +6281233456789 - Proyek Konservasi-Uji Coba Biota	COMPLETED	BALANCE	\N	2	\N	\N	2026-02-19 16:35:49.348236+07	19	2035	135	130
524	PRB-20251128135613-56E9FA	PROFIT_COMMISSION	2221.60	Profit rebate L3 from 80123456789 - Sistem Surgena	COMPLETED	BALANCE	\N	3	\N	\N	2025-11-28 20:56:13.366453+07	\N	\N	\N	2
528	PRB-20251128135613-A82FFB	PROFIT_COMMISSION	1491.60	Profit rebate L3 from 80123456789 - Sistem Vitaris	COMPLETED	BALANCE	\N	3	\N	\N	2025-11-28 20:56:13.756316+07	\N	\N	\N	2
532	PRB-20251128135614-F7512B	PROFIT_COMMISSION	790.40	Profit rebate L3 from 80123456789 - Sistem Hermis	COMPLETED	BALANCE	\N	3	\N	\N	2025-11-28 20:56:14.144019+07	\N	\N	\N	2
1915	REB-20260218122952-70B3F2	PURCHASE_COMMISSION	4800.00	Purchase rebate L1 from +6285770404473 - Proyek Konservasi-Uji Coba Biota	COMPLETED	BALANCE	\N	1	\N	\N	2026-02-18 19:29:52.587762+07	19	\N	\N	94
1916	REB-20260218122952-C866D2	PURCHASE_COMMISSION	3000.00	Purchase rebate L2 from +6285770404473 - Proyek Konservasi-Uji Coba Biota	COMPLETED	BALANCE	\N	2	\N	\N	2026-02-18 19:29:52.589314+07	19	\N	\N	2
536	PRB-20251128135614-E045E0	PROFIT_COMMISSION	452.96	Profit rebate L3 from 80123456789 - Sistem Lyvion	COMPLETED	BALANCE	\N	3	\N	\N	2025-11-28 20:56:14.538965+07	\N	\N	\N	2
540	PRB-20251128135614-C80F98	PROFIT_COMMISSION	239.90	Profit rebate L3 from 80123456789 - Sistem Omnisurg	COMPLETED	BALANCE	\N	3	\N	\N	2025-11-28 20:56:14.983699+07	\N	\N	\N	2
2038	ADM-BALANCE-136-1771493915	CREDIT	158000.00	Admin increased balance by 158000	COMPLETED	BALANCE	\N	\N	\N	\N	2026-02-19 16:38:35.448682+07	\N	\N	\N	136
559	PRB-20251129135223-F130AA	PROFIT_COMMISSION	4443.20	Profit rebate L2 from 0800123456789 - Sistem Surgena	COMPLETED	BALANCE	\N	2	\N	\N	2025-11-29 20:52:23.831233+07	\N	\N	\N	2
560	PRB-20251129135223-819BC1	PROFIT_COMMISSION	2221.60	Profit rebate L3 from 0800123456789 - Sistem Surgena	COMPLETED	BALANCE	\N	3	\N	\N	2025-11-29 20:52:23.926569+07	\N	\N	\N	1
2039	ADM-BALANCE-135-1771493931	CREDIT	158000.00	Admin increased balance by 158000	COMPLETED	BALANCE	\N	\N	\N	\N	2026-02-19 16:38:51.376916+07	\N	\N	\N	135
563	PRB-20251129135224-D75261	PROFIT_COMMISSION	2983.20	Profit rebate L2 from 0800123456789 - Sistem Vitaris	COMPLETED	BALANCE	\N	2	\N	\N	2025-11-29 20:52:24.463145+07	\N	\N	\N	2
571	PRB-20251129135225-77B347	PROFIT_COMMISSION	905.92	Profit rebate L2 from 0800123456789 - Sistem Lyvion	COMPLETED	BALANCE	\N	2	\N	\N	2025-11-29 20:52:25.699676+07	\N	\N	\N	2
572	PRB-20251129135225-9F17E9	PROFIT_COMMISSION	452.96	Profit rebate L3 from 0800123456789 - Sistem Lyvion	COMPLETED	BALANCE	\N	3	\N	\N	2025-11-29 20:52:25.778262+07	\N	\N	\N	1
575	PRB-20251129135226-6BA870	PROFIT_COMMISSION	479.81	Profit rebate L2 from 0800123456789 - Sistem Omnisurg	COMPLETED	BALANCE	\N	2	\N	\N	2025-11-29 20:52:26.175592+07	\N	\N	\N	2
576	PRB-20251129135226-1A5871	PROFIT_COMMISSION	239.90	Profit rebate L3 from 0800123456789 - Sistem Omnisurg	COMPLETED	BALANCE	\N	3	\N	\N	2025-11-29 20:52:26.254874+07	\N	\N	\N	1
632	PRB-20251129135733-903CA0	PROFIT_COMMISSION	2221.60	Profit rebate L3 from 80123456789 - Sistem Surgena	COMPLETED	BALANCE	\N	3	\N	\N	2025-11-29 20:57:33.504578+07	\N	\N	\N	2
636	PRB-20251129135733-94A84E	PROFIT_COMMISSION	1491.60	Profit rebate L3 from 80123456789 - Sistem Vitaris	COMPLETED	BALANCE	\N	3	\N	\N	2025-11-29 20:57:33.919141+07	\N	\N	\N	2
640	PRB-20251129135734-701FB5	PROFIT_COMMISSION	790.40	Profit rebate L3 from 80123456789 - Sistem Hermis	COMPLETED	BALANCE	\N	3	\N	\N	2025-11-29 20:57:34.323988+07	\N	\N	\N	2
644	PRB-20251129135734-AB8B1E	PROFIT_COMMISSION	452.96	Profit rebate L3 from 80123456789 - Sistem Lyvion	COMPLETED	BALANCE	\N	3	\N	\N	2025-11-29 20:57:34.774413+07	\N	\N	\N	2
648	PRB-20251129135735-DA7596	PROFIT_COMMISSION	239.90	Profit rebate L3 from 80123456789 - Sistem Omnisurg	COMPLETED	BALANCE	\N	3	\N	\N	2025-11-29 20:57:35.198832+07	\N	\N	\N	2
2040	ADM-BALANCE-131-1771493943	CREDIT	158000.00	Admin increased balance by 158000	COMPLETED	BALANCE	\N	\N	\N	\N	2026-02-19 16:39:03.869338+07	\N	\N	\N	131
2041	PUR-20260219093946-46E1A5	INVESTMENTS	158000.00	Purchase Proyek Konservasi-Kuda Laut (x1)	COMPLETED	BALANCE	1	\N	\N	\N	2026-02-19 16:39:46.023558+07	20	\N	\N	135
333	PRB-20251126134717-ED1F2C	PROFIT_COMMISSION	187.20	Profit rebate L2 from 88585858585 - Sistem Celenix	COMPLETED	BALANCE	\N	2	\N	\N	2025-11-26 20:47:17.995788+07	\N	\N	\N	1
2042	REB-20260219093946-266FA3	PURCHASE_COMMISSION	18960.00	Purchase rebate L1 from +6281233456789 - Proyek Konservasi-Kuda Laut	COMPLETED	BALANCE	\N	1	\N	\N	2026-02-19 16:39:46.029252+07	20	2041	135	131
2043	REB-20260219093946-2156A2	PURCHASE_COMMISSION	7900.00	Purchase rebate L2 from +6281233456789 - Proyek Konservasi-Kuda Laut	COMPLETED	BALANCE	\N	2	\N	\N	2026-02-19 16:39:46.032318+07	20	2041	135	130
1652	REB-20260124175246-46C52D	PURCHASE_COMMISSION	17600.00	Purchase rebate L1 from +6286565656565 - Cloud AI	COMPLETED	BALANCE	\N	1	\N	\N	2026-01-25 00:52:46.245625+07	\N	\N	\N	2
364	PRB-20251127134705-BCC92C	PROFIT_COMMISSION	187.20	Profit rebate L2 from 0800123456789 - Sistem Celenix	COMPLETED	BALANCE	\N	2	\N	\N	2025-11-27 20:47:05.11113+07	\N	\N	\N	2
365	PRB-20251127134705-0CC021	PROFIT_COMMISSION	93.60	Profit rebate L3 from 0800123456789 - Sistem Celenix	COMPLETED	BALANCE	\N	3	\N	\N	2025-11-27 20:47:05.175652+07	\N	\N	\N	1
754	REB-20251201102830-74D1AF	PURCHASE_COMMISSION	450.00	Purchase rebate L3 from 082122425470 - Exx 01	COMPLETED	BALANCE	\N	3	\N	\N	2025-12-01 17:28:30.795939+07	\N	\N	\N	2
1350	REB-20260111153212-20E1F9	PURCHASE_COMMISSION	1000.00	Purchase rebate L1 from 85770404123 - Produk Test 01	COMPLETED	BALANCE	\N	1	\N	\N	2026-01-11 22:32:12.509658+07	\N	\N	\N	2
1351	REB-20260111153212-988591	PURCHASE_COMMISSION	100.00	Purchase rebate L2 from 85770404123 - Produk Test 01	COMPLETED	BALANCE	\N	2	\N	\N	2026-01-11 22:32:12.512722+07	\N	\N	\N	1
38	REB-20251110022347-0C240D	PURCHASE_COMMISSION	5997.60	Purchase rebate L3 from 80123456789 - Sistem Omnisurg	COMPLETED	BALANCE	\N	3	\N	\N	2025-11-10 09:23:47.260175+07	\N	\N	\N	2
42	REB-20251110022349-45D7ED	PURCHASE_COMMISSION	11324.00	Purchase rebate L3 from 80123456789 - Sistem Lyvion	COMPLETED	BALANCE	\N	3	\N	\N	2025-11-10 09:23:49.924255+07	\N	\N	\N	2
46	REB-20251110022354-AAAF7A	PURCHASE_COMMISSION	19760.00	Purchase rebate L3 from 80123456789 - Sistem Hermis	COMPLETED	BALANCE	\N	3	\N	\N	2025-11-10 09:23:54.767883+07	\N	\N	\N	2
50	REB-20251110022357-B5F6F5	PURCHASE_COMMISSION	37290.00	Purchase rebate L3 from 80123456789 - Sistem Vitaris	COMPLETED	BALANCE	\N	3	\N	\N	2025-11-10 09:23:57.692006+07	\N	\N	\N	2
54	REB-20251110022400-B93E56	PURCHASE_COMMISSION	55540.00	Purchase rebate L3 from 80123456789 - Sistem Surgena	COMPLETED	BALANCE	\N	3	\N	\N	2025-11-10 09:24:00.289547+07	\N	\N	\N	2
2044	PUR-20260219094003-86CEE9	INVESTMENTS	158000.00	Purchase Proyek Konservasi-Kuda Laut (x1)	COMPLETED	BALANCE	1	\N	\N	\N	2026-02-19 16:40:03.362973+07	20	\N	\N	136
2045	REB-20260219094003-8670BA	PURCHASE_COMMISSION	18960.00	Purchase rebate L1 from +6281234456789 - Proyek Konservasi-Kuda Laut	COMPLETED	BALANCE	\N	1	\N	\N	2026-02-19 16:40:03.369664+07	20	2044	136	135
2046	REB-20260219094003-F30DF4	PURCHASE_COMMISSION	7900.00	Purchase rebate L2 from +6281234456789 - Proyek Konservasi-Kuda Laut	COMPLETED	BALANCE	\N	2	\N	\N	2026-02-19 16:40:03.370933+07	20	2044	136	131
2047	PUR-20260219094008-9B4DA1	INVESTMENTS	158000.00	Purchase Proyek Konservasi-Kuda Laut (x1)	COMPLETED	BALANCE	1	\N	\N	\N	2026-02-19 16:40:08.929503+07	20	\N	\N	131
2048	REB-20260219094008-0C9EB4	PURCHASE_COMMISSION	18960.00	Purchase rebate L1 from +6281223456789 - Proyek Konservasi-Kuda Laut	COMPLETED	BALANCE	\N	1	\N	\N	2026-02-19 16:40:08.933834+07	20	2047	131	130
2049	REB-20260219094008-89BDB7	PURCHASE_COMMISSION	7900.00	Purchase rebate L2 from +6281223456789 - Proyek Konservasi-Kuda Laut	COMPLETED	BALANCE	\N	2	\N	\N	2026-02-19 16:40:08.936906+07	20	2047	131	106
156	REB-20251110024800-0BB790	PURCHASE_COMMISSION	55935.00	Purchase rebate L2 from 0800123456789 - Sistem Vitaris	COMPLETED	BALANCE	\N	2	\N	\N	2025-11-10 09:48:00.499549+07	\N	\N	\N	2
157	REB-20251110024800-2FBC11	PURCHASE_COMMISSION	37290.00	Purchase rebate L3 from 0800123456789 - Sistem Vitaris	COMPLETED	BALANCE	\N	3	\N	\N	2025-11-10 09:48:00.500925+07	\N	\N	\N	1
160	REB-20251110024802-27773A	PURCHASE_COMMISSION	83310.00	Purchase rebate L2 from 0800123456789 - Sistem Surgena	COMPLETED	BALANCE	\N	2	\N	\N	2025-11-10 09:48:02.76614+07	\N	\N	\N	2
206	PRB-20251126134654-952880	PROFIT_COMMISSION	790.40	Profit rebate L3 from 0800123456789 - Sistem Hermis	COMPLETED	BALANCE	\N	3	\N	\N	2025-11-26 20:46:54.392545+07	\N	\N	\N	1
221	PRB-20251126134656-273625	PROFIT_COMMISSION	479.81	Profit rebate L2 from 0800123456789 - Sistem Omnisurg	COMPLETED	BALANCE	\N	2	\N	\N	2025-11-26 20:46:56.081586+07	\N	\N	\N	2
222	PRB-20251126134656-229B41	PROFIT_COMMISSION	239.90	Profit rebate L3 from 0800123456789 - Sistem Omnisurg	COMPLETED	BALANCE	\N	3	\N	\N	2025-11-26 20:46:56.142526+07	\N	\N	\N	1
2050	ADM-BALANCE-130-1771494184	CREDIT	10000000.00	Admin increased balance by 10000000	COMPLETED	BALANCE	\N	\N	\N	\N	2026-02-19 16:43:04.095889+07	\N	\N	\N	130
310	PRB-20251126134715-64FF68	PROFIT_COMMISSION	2221.60	Profit rebate L3 from 80123456789 - Sistem Surgena	COMPLETED	BALANCE	\N	3	\N	\N	2025-11-26 20:47:15.312616+07	\N	\N	\N	2
314	PRB-20251126134715-25082B	PROFIT_COMMISSION	1491.60	Profit rebate L3 from 80123456789 - Sistem Vitaris	COMPLETED	BALANCE	\N	3	\N	\N	2025-11-26 20:47:15.721434+07	\N	\N	\N	2
318	PRB-20251126134716-402A8C	PROFIT_COMMISSION	790.40	Profit rebate L3 from 80123456789 - Sistem Hermis	COMPLETED	BALANCE	\N	3	\N	\N	2025-11-26 20:47:16.146717+07	\N	\N	\N	2
322	PRB-20251126134716-E34BDE	PROFIT_COMMISSION	452.96	Profit rebate L3 from 80123456789 - Sistem Lyvion	COMPLETED	BALANCE	\N	3	\N	\N	2025-11-26 20:47:16.552075+07	\N	\N	\N	2
326	PRB-20251126134716-3778A0	PROFIT_COMMISSION	239.90	Profit rebate L3 from 80123456789 - Sistem Omnisurg	COMPLETED	BALANCE	\N	3	\N	\N	2025-11-26 20:47:16.949386+07	\N	\N	\N	2
344	PRB-20251127134701-F6DCD2	PROFIT_COMMISSION	4443.20	Profit rebate L2 from 0800123456789 - Sistem Surgena	COMPLETED	BALANCE	\N	2	\N	\N	2025-11-27 20:47:01.695139+07	\N	\N	\N	2
345	PRB-20251127134701-968675	PROFIT_COMMISSION	2221.60	Profit rebate L3 from 0800123456789 - Sistem Surgena	COMPLETED	BALANCE	\N	3	\N	\N	2025-11-27 20:47:01.758053+07	\N	\N	\N	1
348	PRB-20251127134702-6917F1	PROFIT_COMMISSION	2983.20	Profit rebate L2 from 0800123456789 - Sistem Vitaris	COMPLETED	BALANCE	\N	2	\N	\N	2025-11-27 20:47:02.078254+07	\N	\N	\N	2
349	PRB-20251127134702-EDACC1	PROFIT_COMMISSION	1491.60	Profit rebate L3 from 0800123456789 - Sistem Vitaris	COMPLETED	BALANCE	\N	3	\N	\N	2025-11-27 20:47:02.12993+07	\N	\N	\N	1
352	PRB-20251127134702-5E7A54	PROFIT_COMMISSION	1580.80	Profit rebate L2 from 0800123456789 - Sistem Hermis	COMPLETED	BALANCE	\N	2	\N	\N	2025-11-27 20:47:02.454489+07	\N	\N	\N	2
353	PRB-20251127134702-0A25A1	PROFIT_COMMISSION	790.40	Profit rebate L3 from 0800123456789 - Sistem Hermis	COMPLETED	BALANCE	\N	3	\N	\N	2025-11-27 20:47:02.519227+07	\N	\N	\N	1
356	PRB-20251127134704-B5275B	PROFIT_COMMISSION	905.92	Profit rebate L2 from 0800123456789 - Sistem Lyvion	COMPLETED	BALANCE	\N	2	\N	\N	2025-11-27 20:47:04.3576+07	\N	\N	\N	2
357	PRB-20251127134704-AB5B9B	PROFIT_COMMISSION	452.96	Profit rebate L3 from 0800123456789 - Sistem Lyvion	COMPLETED	BALANCE	\N	3	\N	\N	2025-11-27 20:47:04.422993+07	\N	\N	\N	1
360	PRB-20251127134704-88366C	PROFIT_COMMISSION	479.81	Profit rebate L2 from 0800123456789 - Sistem Omnisurg	COMPLETED	BALANCE	\N	2	\N	\N	2025-11-27 20:47:04.738953+07	\N	\N	\N	2
361	PRB-20251127134704-215148	PROFIT_COMMISSION	239.90	Profit rebate L3 from 0800123456789 - Sistem Omnisurg	COMPLETED	BALANCE	\N	3	\N	\N	2025-11-27 20:47:04.80176+07	\N	\N	\N	1
2051	MSN-20260219134742-130-51	MISSIONS	20000.00	Mission reward: Kelas 1-3 Tambahkan 3 orang Hadiah peti harta karun 20000 Rp (x1)	COMPLETED	BALANCE	\N	\N	\N	\N	2026-02-19 20:47:42.639343+07	\N	\N	\N	130
417	PRB-20251127135211-43A553	PROFIT_COMMISSION	2221.60	Profit rebate L3 from 80123456789 - Sistem Surgena	COMPLETED	BALANCE	\N	3	\N	\N	2025-11-27 20:52:11.385106+07	\N	\N	\N	2
421	PRB-20251127135211-6629C2	PROFIT_COMMISSION	1491.60	Profit rebate L3 from 80123456789 - Sistem Vitaris	COMPLETED	BALANCE	\N	3	\N	\N	2025-11-27 20:52:11.822046+07	\N	\N	\N	2
425	PRB-20251127135212-71FF5F	PROFIT_COMMISSION	790.40	Profit rebate L3 from 80123456789 - Sistem Hermis	COMPLETED	BALANCE	\N	3	\N	\N	2025-11-27 20:52:12.217155+07	\N	\N	\N	2
429	PRB-20251127135212-E93EAA	PROFIT_COMMISSION	452.96	Profit rebate L3 from 80123456789 - Sistem Lyvion	COMPLETED	BALANCE	\N	3	\N	\N	2025-11-27 20:52:12.617056+07	\N	\N	\N	2
433	PRB-20251127135213-83152E	PROFIT_COMMISSION	239.90	Profit rebate L3 from 80123456789 - Sistem Omnisurg	COMPLETED	BALANCE	\N	3	\N	\N	2025-11-27 20:52:13.002589+07	\N	\N	\N	2
451	PRB-20251128135057-770D23	PROFIT_COMMISSION	4443.20	Profit rebate L2 from 0800123456789 - Sistem Surgena	COMPLETED	BALANCE	\N	2	\N	\N	2025-11-28 20:50:57.416949+07	\N	\N	\N	2
452	PRB-20251128135058-273F36	PROFIT_COMMISSION	2221.60	Profit rebate L3 from 0800123456789 - Sistem Surgena	COMPLETED	BALANCE	\N	3	\N	\N	2025-11-28 20:50:58.106967+07	\N	\N	\N	1
455	PRB-20251128135059-D15984	PROFIT_COMMISSION	2983.20	Profit rebate L2 from 0800123456789 - Sistem Vitaris	COMPLETED	BALANCE	\N	2	\N	\N	2025-11-28 20:50:59.545485+07	\N	\N	\N	2
456	PRB-20251128135059-96241F	PROFIT_COMMISSION	1491.60	Profit rebate L3 from 0800123456789 - Sistem Vitaris	COMPLETED	BALANCE	\N	3	\N	\N	2025-11-28 20:50:59.660202+07	\N	\N	\N	1
459	PRB-20251128135100-83252F	PROFIT_COMMISSION	1580.80	Profit rebate L2 from 0800123456789 - Sistem Hermis	COMPLETED	BALANCE	\N	2	\N	\N	2025-11-28 20:51:00.369326+07	\N	\N	\N	2
460	PRB-20251128135100-2CAFD3	PROFIT_COMMISSION	790.40	Profit rebate L3 from 0800123456789 - Sistem Hermis	COMPLETED	BALANCE	\N	3	\N	\N	2025-11-28 20:51:00.483261+07	\N	\N	\N	1
14	REB-20251109174259-5146A6	PURCHASE_COMMISSION	8190.00	Purchase rebate L1 from 88585858585 - Sistem Celenix	COMPLETED	BALANCE	\N	1	\N	\N	2025-11-10 00:42:59.20934+07	\N	\N	\N	2
15	REB-20251109174259-A454F0	PURCHASE_COMMISSION	3510.00	Purchase rebate L2 from 88585858585 - Sistem Celenix	COMPLETED	BALANCE	\N	2	\N	\N	2025-11-10 00:42:59.210999+07	\N	\N	\N	1
668	PRB-20251130135531-EF9BFF	PROFIT_COMMISSION	187.20	Profit rebate L2 from 0800123456789 - Sistem Celenix	COMPLETED	BALANCE	\N	2	\N	\N	2025-11-30 20:55:31.707472+07	\N	\N	\N	2
2052	ADM-BALANCE-137-1771513495	CREDIT	210000.00	Admin increased balance by 210000	COMPLETED	BALANCE	\N	\N	\N	\N	2026-02-19 22:04:55.668959+07	\N	\N	\N	137
1359	REB-20260111172552-A5FF32	PURCHASE_COMMISSION	100.00	Purchase rebate L2 from 86565656565 - Produk Test 01	COMPLETED	BALANCE	\N	2	\N	\N	2026-01-12 00:25:52.241889+07	\N	\N	\N	2
140	REB-20251110024750-9851DA	PURCHASE_COMMISSION	3510.00	Purchase rebate L2 from 0800123456789 - Sistem Celenix	COMPLETED	BALANCE	\N	2	\N	\N	2025-11-10 09:47:50.997416+07	\N	\N	\N	2
141	REB-20251110024750-0FC251	PURCHASE_COMMISSION	2340.00	Purchase rebate L3 from 0800123456789 - Sistem Celenix	COMPLETED	BALANCE	\N	3	\N	\N	2025-11-10 09:47:50.998722+07	\N	\N	\N	1
707	REB-20251130154237-79C781	PURCHASE_COMMISSION	900.00	Purchase rebate L2 from 85764846494 - Exx 01	COMPLETED	BALANCE	\N	2	\N	\N	2025-11-30 22:42:37.492073+07	\N	\N	\N	2
708	REB-20251130154237-3131A3	PURCHASE_COMMISSION	450.00	Purchase rebate L3 from 85764846494 - Exx 01	COMPLETED	BALANCE	\N	3	\N	\N	2025-11-30 22:42:37.558732+07	\N	\N	\N	1
710	REB-20251130154358-5C24B6	PURCHASE_COMMISSION	11250.00	Purchase rebate L1 from 081808368210 - Exx 01	COMPLETED	BALANCE	\N	1	\N	\N	2025-11-30 22:43:58.494693+07	\N	\N	\N	2
711	REB-20251130154358-08F9C3	PURCHASE_COMMISSION	900.00	Purchase rebate L2 from 081808368210 - Exx 01	COMPLETED	BALANCE	\N	2	\N	\N	2025-11-30 22:43:58.557271+07	\N	\N	\N	1
714	REB-20251130154649-C1B029	PURCHASE_COMMISSION	25000.00	Purchase rebate L1 from 081808368210 - Exx 02	COMPLETED	BALANCE	\N	1	\N	\N	2025-11-30 22:46:49.412632+07	\N	\N	\N	2
715	REB-20251130154649-05BBEC	PURCHASE_COMMISSION	2000.00	Purchase rebate L2 from 081808368210 - Exx 02	COMPLETED	BALANCE	\N	2	\N	\N	2025-11-30 22:46:49.483567+07	\N	\N	\N	1
717	REB-20251130154706-EBABB6	PURCHASE_COMMISSION	45000.00	Purchase rebate L1 from 081808368210 - Exx 03	COMPLETED	BALANCE	\N	1	\N	\N	2025-11-30 22:47:06.656336+07	\N	\N	\N	2
734	REB-20251201075627-24134F	PURCHASE_COMMISSION	2000.00	Purchase rebate L2 from 081808368211 - Exx 02	COMPLETED	BALANCE	\N	2	\N	\N	2025-12-01 14:56:27.536795+07	\N	\N	\N	2
735	REB-20251201075627-14FA49	PURCHASE_COMMISSION	1000.00	Purchase rebate L3 from 081808368211 - Exx 02	COMPLETED	BALANCE	\N	3	\N	\N	2025-12-01 14:56:27.689352+07	\N	\N	\N	1
229	PRB-20251126134656-A928E4	PROFIT_COMMISSION	187.20	Profit rebate L2 from 0800123456789 - Sistem Celenix	COMPLETED	BALANCE	\N	2	\N	\N	2025-11-26 20:46:56.713136+07	\N	\N	\N	2
230	PRB-20251126134656-203096	PROFIT_COMMISSION	93.60	Profit rebate L3 from 0800123456789 - Sistem Celenix	COMPLETED	BALANCE	\N	3	\N	\N	2025-11-26 20:46:56.793896+07	\N	\N	\N	1
463	PRB-20251128135101-9318AE	PROFIT_COMMISSION	905.92	Profit rebate L2 from 0800123456789 - Sistem Lyvion	COMPLETED	BALANCE	\N	2	\N	\N	2025-11-28 20:51:01.477003+07	\N	\N	\N	2
464	PRB-20251128135101-AFE2E8	PROFIT_COMMISSION	452.96	Profit rebate L3 from 0800123456789 - Sistem Lyvion	COMPLETED	BALANCE	\N	3	\N	\N	2025-11-28 20:51:01.595223+07	\N	\N	\N	1
34	REB-20251110022338-CFDC58	PURCHASE_COMMISSION	2340.00	Purchase rebate L3 from 80123456789 - Sistem Celenix	COMPLETED	BALANCE	\N	3	\N	\N	2025-11-10 09:23:38.120118+07	\N	\N	\N	2
669	PRB-20251130135531-7E95AE	PROFIT_COMMISSION	93.60	Profit rebate L3 from 0800123456789 - Sistem Celenix	COMPLETED	BALANCE	\N	3	\N	\N	2025-11-30 20:55:31.780897+07	\N	\N	\N	1
2053	ATT-20260219150533-E6C385	ATTENDANCE	257.63	Daily attendance claim	COMPLETED	BALANCE	\N	\N	\N	\N	2026-02-19 22:05:33.803296+07	\N	\N	\N	137
1353	REB-20260111153418-1C0D4F	PURCHASE_COMMISSION	2000.00	Purchase rebate L1 from 85770404123 - Produk Test 02	COMPLETED	BALANCE	\N	1	\N	\N	2026-01-11 22:34:18.391091+07	\N	\N	\N	2
1354	REB-20260111153418-2917D0	PURCHASE_COMMISSION	200.00	Purchase rebate L2 from 85770404123 - Produk Test 02	COMPLETED	BALANCE	\N	2	\N	\N	2026-01-11 22:34:18.39524+07	\N	\N	\N	1
681	PRB-20251130140034-B8DAC9	PROFIT_COMMISSION	93.60	Profit rebate L3 from 80123456789 - Sistem Celenix	COMPLETED	BALANCE	\N	3	\N	\N	2025-11-30 21:00:34.299492+07	\N	\N	\N	2
683	PRB-20251130140034-ABFF91	PROFIT_COMMISSION	327.60	Profit rebate L1 from 88585858585 - Sistem Celenix	COMPLETED	BALANCE	\N	1	\N	\N	2025-11-30 21:00:34.615368+07	\N	\N	\N	2
684	PRB-20251130140034-6A8572	PROFIT_COMMISSION	187.20	Profit rebate L2 from 88585858585 - Sistem Celenix	COMPLETED	BALANCE	\N	2	\N	\N	2025-11-30 21:00:34.673774+07	\N	\N	\N	1
700	REB-20251130153742-FD7780	PURCHASE_COMMISSION	900.00	Purchase rebate L2 from 857649464994 - Exx 01	COMPLETED	BALANCE	\N	2	\N	\N	2025-11-30 22:37:42.558151+07	\N	\N	\N	2
701	REB-20251130153742-F8F8AB	PURCHASE_COMMISSION	450.00	Purchase rebate L3 from 857649464994 - Exx 01	COMPLETED	BALANCE	\N	3	\N	\N	2025-11-30 22:37:42.631807+07	\N	\N	\N	1
718	REB-20251130154706-AD4DFA	PURCHASE_COMMISSION	3600.00	Purchase rebate L2 from 081808368210 - Exx 03	COMPLETED	BALANCE	\N	2	\N	\N	2025-11-30 22:47:06.724312+07	\N	\N	\N	1
730	REB-20251201075228-361943	PURCHASE_COMMISSION	900.00	Purchase rebate L2 from 081808368211 - Exx 01	COMPLETED	BALANCE	\N	2	\N	\N	2025-12-01 14:52:28.396541+07	\N	\N	\N	2
731	REB-20251201075228-E26E7B	PURCHASE_COMMISSION	450.00	Purchase rebate L3 from 081808368211 - Exx 01	COMPLETED	BALANCE	\N	3	\N	\N	2025-12-01 14:52:28.488046+07	\N	\N	\N	1
330	PRB-20251126134717-5AB205	PROFIT_COMMISSION	93.60	Profit rebate L3 from 80123456789 - Sistem Celenix	COMPLETED	BALANCE	\N	3	\N	\N	2025-11-26 20:47:17.479331+07	\N	\N	\N	2
332	PRB-20251126134717-91EECE	PROFIT_COMMISSION	327.60	Profit rebate L1 from 88585858585 - Sistem Celenix	COMPLETED	BALANCE	\N	1	\N	\N	2025-11-26 20:47:17.92509+07	\N	\N	\N	2
437	PRB-20251127135213-1530BA	PROFIT_COMMISSION	93.60	Profit rebate L3 from 80123456789 - Sistem Celenix	COMPLETED	BALANCE	\N	3	\N	\N	2025-11-27 20:52:13.419555+07	\N	\N	\N	2
439	PRB-20251127135213-EC05F1	PROFIT_COMMISSION	327.60	Profit rebate L1 from 88585858585 - Sistem Celenix	COMPLETED	BALANCE	\N	1	\N	\N	2025-11-27 20:52:13.689078+07	\N	\N	\N	2
440	PRB-20251127135213-EA92A4	PROFIT_COMMISSION	187.20	Profit rebate L2 from 88585858585 - Sistem Celenix	COMPLETED	BALANCE	\N	2	\N	\N	2025-11-27 20:52:13.753219+07	\N	\N	\N	1
2054	PUR-20260219150619-71E94A	INVESTMENTS	60000.00	Purchase Proyek Konservasi-Uji Coba Biota (x1)	COMPLETED	BALANCE	1	\N	\N	\N	2026-02-19 22:06:19.838368+07	19	\N	\N	137
2055	REB-20260219150619-E8B068	PURCHASE_COMMISSION	4800.00	Purchase rebate L1 from +62857392729883 - Proyek Konservasi-Uji Coba Biota	COMPLETED	BALANCE	\N	1	\N	\N	2026-02-19 22:06:19.86278+07	19	2054	137	130
2056	REB-20260219150619-CCEADB	PURCHASE_COMMISSION	1800.00	Purchase rebate L2 from +62857392729883 - Proyek Konservasi-Uji Coba Biota	COMPLETED	BALANCE	\N	2	\N	\N	2026-02-19 22:06:19.865385+07	19	2054	137	106
471	PRB-20251128135103-D43B61	PROFIT_COMMISSION	187.20	Profit rebate L2 from 0800123456789 - Sistem Celenix	COMPLETED	BALANCE	\N	2	\N	\N	2025-11-28 20:51:03.057841+07	\N	\N	\N	2
472	PRB-20251128135103-0BCE39	PROFIT_COMMISSION	93.60	Profit rebate L3 from 0800123456789 - Sistem Celenix	COMPLETED	BALANCE	\N	3	\N	\N	2025-11-28 20:51:03.176811+07	\N	\N	\N	1
544	PRB-20251128135615-71308D	PROFIT_COMMISSION	93.60	Profit rebate L3 from 80123456789 - Sistem Celenix	COMPLETED	BALANCE	\N	3	\N	\N	2025-11-28 20:56:15.373876+07	\N	\N	\N	2
546	PRB-20251128135615-EB4828	PROFIT_COMMISSION	327.60	Profit rebate L1 from 88585858585 - Sistem Celenix	COMPLETED	BALANCE	\N	1	\N	\N	2025-11-28 20:56:15.63729+07	\N	\N	\N	2
547	PRB-20251128135615-CD0A46	PROFIT_COMMISSION	187.20	Profit rebate L2 from 88585858585 - Sistem Celenix	COMPLETED	BALANCE	\N	2	\N	\N	2025-11-28 20:56:15.741672+07	\N	\N	\N	1
579	PRB-20251129135226-CD2875	PROFIT_COMMISSION	187.20	Profit rebate L2 from 0800123456789 - Sistem Celenix	COMPLETED	BALANCE	\N	2	\N	\N	2025-11-29 20:52:26.629281+07	\N	\N	\N	2
580	PRB-20251129135226-9302EC	PROFIT_COMMISSION	93.60	Profit rebate L3 from 0800123456789 - Sistem Celenix	COMPLETED	BALANCE	\N	3	\N	\N	2025-11-29 20:52:26.726393+07	\N	\N	\N	1
652	PRB-20251129135735-985DAD	PROFIT_COMMISSION	93.60	Profit rebate L3 from 80123456789 - Sistem Celenix	COMPLETED	BALANCE	\N	3	\N	\N	2025-11-29 20:57:35.640752+07	\N	\N	\N	2
654	PRB-20251129135735-201C48	PROFIT_COMMISSION	327.60	Profit rebate L1 from 88585858585 - Sistem Celenix	COMPLETED	BALANCE	\N	1	\N	\N	2025-11-29 20:57:35.921034+07	\N	\N	\N	2
655	PRB-20251129135735-1DDFBA	PROFIT_COMMISSION	187.20	Profit rebate L2 from 88585858585 - Sistem Celenix	COMPLETED	BALANCE	\N	2	\N	\N	2025-11-29 20:57:35.986757+07	\N	\N	\N	1
950	REB-20251207104511-770ACE	PURCHASE_COMMISSION	75000.00	Purchase rebate L1 from 81808368210 - Exx 04	COMPLETED	BALANCE	\N	1	\N	\N	2025-12-07 17:45:11.854536+07	\N	\N	\N	2
951	REB-20251207104511-67310E	PURCHASE_COMMISSION	6000.00	Purchase rebate L2 from 81808368210 - Exx 04	COMPLETED	BALANCE	\N	2	\N	\N	2025-12-07 17:45:11.922925+07	\N	\N	\N	1
953	REB-20251207104557-078047	PURCHASE_COMMISSION	117500.00	Purchase rebate L1 from 81808368210 - Exx 05	COMPLETED	BALANCE	\N	1	\N	\N	2025-12-07 17:45:57.299357+07	\N	\N	\N	2
954	REB-20251207104557-18F0A1	PURCHASE_COMMISSION	9400.00	Purchase rebate L2 from 81808368210 - Exx 05	COMPLETED	BALANCE	\N	2	\N	\N	2025-12-07 17:45:57.368492+07	\N	\N	\N	1
959	REB-20251207105344-203225	PURCHASE_COMMISSION	900.00	Purchase rebate L2 from 887648454349 - Exx 01	COMPLETED	BALANCE	\N	2	\N	\N	2025-12-07 17:53:44.498966+07	\N	\N	\N	2
960	REB-20251207105344-6B1E2F	PURCHASE_COMMISSION	450.00	Purchase rebate L3 from 887648454349 - Exx 01	COMPLETED	BALANCE	\N	3	\N	\N	2025-12-07 17:53:44.57289+07	\N	\N	\N	1
995	REB-20251208000655-EF4FF9	PURCHASE_COMMISSION	11250.00	Purchase rebate L1 from 81808368210 - Exx 01	COMPLETED	BALANCE	\N	1	\N	\N	2025-12-08 07:06:55.517462+07	\N	\N	\N	2
996	REB-20251208000655-7D2B71	PURCHASE_COMMISSION	900.00	Purchase rebate L2 from 81808368210 - Exx 01	COMPLETED	BALANCE	\N	2	\N	\N	2025-12-08 07:06:55.603738+07	\N	\N	\N	1
2057	PUR-20260219150910-E577A1	INVESTMENTS	158000.00	Purchase Proyek Konservasi-Kuda Laut (x1)	COMPLETED	BALANCE	1	\N	\N	\N	2026-02-19 22:09:10.60475+07	20	\N	\N	137
1014	REB-20251208113152-EEFF57	PURCHASE_COMMISSION	500.00	Purchase rebate L2 from 87123456789 - RBR A100	COMPLETED	BALANCE	\N	2	\N	\N	2025-12-08 18:31:52.939967+07	\N	\N	\N	2
1015	REB-20251208113153-D5E62C	PURCHASE_COMMISSION	500.00	Purchase rebate L3 from 87123456789 - RBR A100	COMPLETED	BALANCE	\N	3	\N	\N	2025-12-08 18:31:53.01351+07	\N	\N	\N	1
2058	REB-20260219150910-A1614E	PURCHASE_COMMISSION	18960.00	Purchase rebate L1 from +62857392729883 - Proyek Konservasi-Kuda Laut	COMPLETED	BALANCE	\N	1	\N	\N	2026-02-19 22:09:10.621707+07	20	2057	137	130
1018	REB-20251208113200-470E05	PURCHASE_COMMISSION	500.00	Purchase rebate L2 from 87123456789 - RBR A100	COMPLETED	BALANCE	\N	2	\N	\N	2025-12-08 18:32:00.894105+07	\N	\N	\N	2
1019	REB-20251208113200-9EE98C	PURCHASE_COMMISSION	500.00	Purchase rebate L3 from 87123456789 - RBR A100	COMPLETED	BALANCE	\N	3	\N	\N	2025-12-08 18:32:00.985269+07	\N	\N	\N	1
2059	REB-20260219150910-558A7F	PURCHASE_COMMISSION	7900.00	Purchase rebate L2 from +62857392729883 - Proyek Konservasi-Kuda Laut	COMPLETED	BALANCE	\N	2	\N	\N	2026-02-19 22:09:10.624786+07	20	2057	137	106
2060	MSN-20260219150924-130-52	MISSIONS	45000.00	Mission reward: Kelas 1-3 Tambahkan 4 orang Hadiah peti harta karun 45000 Rp (x1)	COMPLETED	BALANCE	\N	\N	\N	\N	2026-02-19 22:09:24.600975+07	\N	\N	\N	130
1024	REB-20251208113317-CD9BAC	PURCHASE_COMMISSION	500.00	Purchase rebate L3 from 87558825888 - RBR A100	COMPLETED	BALANCE	\N	3	\N	\N	2025-12-08 18:33:17.690995+07	\N	\N	\N	2
1602	REB-20260124115352-11C9CF	PURCHASE_COMMISSION	11550.00	Purchase rebate L1 from +6286565656565 - PowerVault AA	COMPLETED	BALANCE	\N	1	\N	\N	2026-01-24 18:53:52.56204+07	\N	\N	\N	2
1603	REB-20260124115352-D751D5	PURCHASE_COMMISSION	1155.00	Purchase rebate L2 from +6286565656565 - PowerVault AA	COMPLETED	BALANCE	\N	2	\N	\N	2026-01-24 18:53:52.568202+07	\N	\N	\N	1
1360	REB-20260111172552-C03B43	PURCHASE_COMMISSION	100.00	Purchase rebate L3 from 86565656565 - Produk Test 01	COMPLETED	BALANCE	\N	3	\N	\N	2026-01-12 00:25:52.244471+07	\N	\N	\N	1
2061	ATT-20260219151437-078A24	ATTENDANCE	213.92	Daily attendance claim	COMPLETED	BALANCE	\N	\N	\N	\N	2026-02-19 22:14:37.674421+07	\N	\N	\N	138
\.


--
-- Data for Name: user_banks; Type: TABLE DATA; Schema: public; Owner: postgres
--

COPY public.user_banks (id, account_name, account_number, is_default, created_at, updated_at, bank_id, user_id) FROM stdin;
43	Yuyun	6372828228	t	2026-02-19 15:49:42.160233+07	2026-02-19 15:49:42.161765+07	15	105
44	Pinky	124567754332	t	2026-02-19 22:28:40.375706+07	2026-02-19 22:28:40.377242+07	15	138
45	Bibi	12346474	t	2026-02-19 23:43:48.896703+07	2026-02-19 23:43:48.899795+07	15	106
\.


--
-- Data for Name: voucher_usages; Type: TABLE DATA; Schema: public; Owner: postgres
--

COPY public.voucher_usages (id, voucher_code, amount_credited, amount_received, balance_type, used_at, transaction_id, user_id, voucher_id) FROM stdin;
38	auto	10000.00	10000.00	BALANCE_DEPOSIT	2026-02-12 19:12:44.456+07	1777	2	8
39	auto	10000.00	10000.00	BALANCE_DEPOSIT	2026-02-13 14:09:32.888829+07	1794	2	8
40	auto	10000.00	10000.00	BALANCE	2026-02-17 17:25:05.971749+07	1861	94	8
41	auto	10000.00	10000.00	BALANCE	2026-02-17 19:57:46.141342+07	1867	2	8
42	auto	10000.00	10000.00	BALANCE	2026-02-18 13:45:29.409238+07	1887	2	8
45	auto	5000.00	5000.00	BALANCE	2026-02-18 23:29:58.373158+07	1941	105	8
46	auto	5000.00	5000.00	BALANCE	2026-02-18 23:30:29.168991+07	1942	106	8
47	auto	5000.00	5000.00	BALANCE	2026-02-19 00:08:00.849226+07	1966	105	8
48	auto	3000.00	3000.00	BALANCE	2026-02-19 12:09:00.090213+07	1986	106	8
49	auto	3000.00	3000.00	BALANCE	2026-02-19 12:22:25.166509+07	1988	131	8
50	auto	3000.00	3000.00	BALANCE	2026-02-19 14:56:23.152054+07	2007	132	8
51	auto	3000.00	3000.00	BALANCE	2026-02-19 16:21:22.27264+07	2022	135	8
52	auto	3000.00	3000.00	BALANCE	2026-02-19 16:23:25.343606+07	2024	136	8
53	auto	3000.00	3000.00	BALANCE	2026-02-19 16:23:59.046913+07	2025	130	8
54	auto	10000.00	10000.00	BALANCE	2026-02-19 22:18:21.292323+07	2062	137	8
55	auto	10000.00	10000.00	BALANCE	2026-02-19 22:18:22.953821+07	2063	138	8
\.


--
-- Data for Name: vouchers; Type: TABLE DATA; Schema: public; Owner: postgres
--

COPY public.vouchers (id, code, type, amount, max_amount, balance_type, usage_limit, used_count, is_active, expires_at, created_at, updated_at, min_amount, rank_rewards, start_at, claim_mode, is_daily_claim) FROM stdin;
8	auto	fixed	10000.00	0.00	BALANCE	1000	18	t	2026-02-20 22:17:48+07	2026-02-12 15:54:05.354128+07	2026-02-19 22:18:15.26215+07	0.00	{}	2026-02-19 14:55:56+07	automatic	t
\.


--
-- Data for Name: withdrawal_jayapay; Type: TABLE DATA; Schema: public; Owner: postgres
--

COPY public.withdrawal_jayapay (id, request_params, response_payload, created_at, updated_at, withdrawal_id) FROM stdin;
\.


--
-- Data for Name: withdrawal_services; Type: TABLE DATA; Schema: public; Owner: postgres
--

COPY public.withdrawal_services (id, name, description, duration_hours, fee_percent, is_active, sort_order, created_at, updated_at) FROM stdin;
1	Tarif biaya 13%-5 Jam Proses	-	5	13.00	t	0	2026-02-16 14:34:53.054972+07	2026-02-18 12:54:45.43561+07
2	Tarif biaya 9%-24 Jam Proses	-	24	9.00	t	0	2026-02-16 14:42:11.268122+07	2026-02-18 12:55:33.120418+07
3	Tarif biaya 5%-48 Jam Proses	-	48	5.00	t	0	2026-02-16 14:42:31.342537+07	2026-02-18 12:56:09.941461+07
\.


--
-- Data for Name: withdrawal_settings; Type: TABLE DATA; Schema: public; Owner: postgres
--

COPY public.withdrawal_settings (id, is_active, require_bank_account, minimum_product_quantity, created_at, updated_at, required_product_id, balance_source, require_pin, require_active_investment) FROM stdin;
1	t	t	1	2025-10-05 15:24:34.149825+07	2026-02-19 15:34:10.415281+07	\N	balance	t	t
\.


--
-- Data for Name: withdrawals; Type: TABLE DATA; Schema: public; Owner: postgres
--

COPY public.withdrawals (id, amount, fee, net_amount, status, note, created_at, updated_at, bank_account_id, user_id, transaction_id, withdrawal_service_id) FROM stdin;
45	35000.00	4550.00	30450.00	PENDING		2026-02-18 23:34:44.598526+07	2026-02-18 23:34:44.598526+07	\N	106	1944	1
46	90000.00	4500.00	85500.00	PENDING		2026-02-19 01:51:35.442617+07	2026-02-19 01:51:35.442617+07	\N	2	1968	3
47	35000.00	4550.00	30450.00	PENDING		2026-02-19 10:31:16.398405+07	2026-02-19 10:31:16.398405+07	\N	106	1979	1
48	35000.00	4550.00	30450.00	PENDING		2026-02-19 10:31:32.972524+07	2026-02-19 10:31:32.972524+07	\N	106	1980	1
49	50000.00	6500.00	43500.00	PENDING		2026-02-19 14:10:19.541603+07	2026-02-19 14:10:19.541603+07	\N	2	1989	1
50	35000.00	4550.00	30450.00	PENDING		2026-02-19 15:34:25.550804+07	2026-02-19 15:34:25.550804+07	\N	106	2012	1
51	35000.00	4550.00	30450.00	CANCELLED		2026-02-19 22:29:33.423672+07	2026-02-19 22:32:36.735058+07	44	138	2121	1
52	35000.00	3150.00	31850.00	PROCESSING		2026-02-19 22:30:32.809581+07	2026-02-19 22:32:46.618893+07	44	138	2122	2
53	35000.00	1750.00	33250.00	COMPLETED		2026-02-19 22:31:13.200472+07	2026-02-19 22:33:09.748047+07	44	138	2123	3
54	180213.00	23427.69	156785.31	PENDING		2026-02-19 22:34:08.184857+07	2026-02-19 22:34:08.184857+07	44	138	2125	1
55	1942839.00	252569.07	1690269.93	PENDING		2026-02-19 23:44:07.611758+07	2026-02-19 23:44:07.613576+07	45	106	2150	1
\.


--
-- Name: accounts_generalsetting_id_seq; Type: SEQUENCE SET; Schema: public; Owner: postgres
--

SELECT pg_catalog.setval('public.accounts_generalsetting_id_seq', 1, false);


--
-- Name: accounts_phoneotp_id_seq; Type: SEQUENCE SET; Schema: public; Owner: postgres
--

SELECT pg_catalog.setval('public.accounts_phoneotp_id_seq', 10, true);


--
-- Name: accounts_user_groups_id_seq; Type: SEQUENCE SET; Schema: public; Owner: postgres
--

SELECT pg_catalog.setval('public.accounts_user_groups_id_seq', 1, false);


--
-- Name: accounts_user_id_seq; Type: SEQUENCE SET; Schema: public; Owner: postgres
--

SELECT pg_catalog.setval('public.accounts_user_id_seq', 141, true);


--
-- Name: accounts_user_user_permissions_id_seq; Type: SEQUENCE SET; Schema: public; Owner: postgres
--

SELECT pg_catalog.setval('public.accounts_user_user_permissions_id_seq', 1, false);


--
-- Name: accounts_useraddress_id_seq; Type: SEQUENCE SET; Schema: public; Owner: postgres
--

SELECT pg_catalog.setval('public.accounts_useraddress_id_seq', 5, true);


--
-- Name: attendance_logs_id_seq; Type: SEQUENCE SET; Schema: public; Owner: postgres
--

SELECT pg_catalog.setval('public.attendance_logs_id_seq', 62, true);


--
-- Name: attendance_settings_id_seq; Type: SEQUENCE SET; Schema: public; Owner: postgres
--

SELECT pg_catalog.setval('public.attendance_settings_id_seq', 3, true);


--
-- Name: auth_group_id_seq; Type: SEQUENCE SET; Schema: public; Owner: postgres
--

SELECT pg_catalog.setval('public.auth_group_id_seq', 1, false);


--
-- Name: auth_group_permissions_id_seq; Type: SEQUENCE SET; Schema: public; Owner: postgres
--

SELECT pg_catalog.setval('public.auth_group_permissions_id_seq', 1, false);


--
-- Name: auth_permission_id_seq; Type: SEQUENCE SET; Schema: public; Owner: postgres
--

SELECT pg_catalog.setval('public.auth_permission_id_seq', 152, true);


--
-- Name: bank_settings_id_seq; Type: SEQUENCE SET; Schema: public; Owner: postgres
--

SELECT pg_catalog.setval('public.bank_settings_id_seq', 1, true);


--
-- Name: banks_id_seq; Type: SEQUENCE SET; Schema: public; Owner: postgres
--

SELECT pg_catalog.setval('public.banks_id_seq', 62, true);


--
-- Name: claim_history_id_seq; Type: SEQUENCE SET; Schema: public; Owner: postgres
--

SELECT pg_catalog.setval('public.claim_history_id_seq', 763, true);


--
-- Name: deposits_gatewaysettings_id_seq; Type: SEQUENCE SET; Schema: public; Owner: postgres
--

SELECT pg_catalog.setval('public.deposits_gatewaysettings_id_seq', 1, true);


--
-- Name: deposits_id_seq; Type: SEQUENCE SET; Schema: public; Owner: postgres
--

SELECT pg_catalog.setval('public.deposits_id_seq', 96, true);


--
-- Name: django_admin_log_id_seq; Type: SEQUENCE SET; Schema: public; Owner: postgres
--

SELECT pg_catalog.setval('public.django_admin_log_id_seq', 904, true);


--
-- Name: django_content_type_id_seq; Type: SEQUENCE SET; Schema: public; Owner: postgres
--

SELECT pg_catalog.setval('public.django_content_type_id_seq', 38, true);


--
-- Name: django_migrations_id_seq; Type: SEQUENCE SET; Schema: public; Owner: postgres
--

SELECT pg_catalog.setval('public.django_migrations_id_seq', 100, true);


--
-- Name: investments_id_seq; Type: SEQUENCE SET; Schema: public; Owner: postgres
--

SELECT pg_catalog.setval('public.investments_id_seq', 189, true);


--
-- Name: mission_user_states_id_seq; Type: SEQUENCE SET; Schema: public; Owner: postgres
--

SELECT pg_catalog.setval('public.mission_user_states_id_seq', 23, true);


--
-- Name: missions_id_seq; Type: SEQUENCE SET; Schema: public; Owner: postgres
--

SELECT pg_catalog.setval('public.missions_id_seq', 60, true);


--
-- Name: news_news_id_seq; Type: SEQUENCE SET; Schema: public; Owner: postgres
--

SELECT pg_catalog.setval('public.news_news_id_seq', 20, true);


--
-- Name: products_id_seq; Type: SEQUENCE SET; Schema: public; Owner: postgres
--

SELECT pg_catalog.setval('public.products_id_seq', 24, true);


--
-- Name: rank_levels_id_seq; Type: SEQUENCE SET; Schema: public; Owner: postgres
--

SELECT pg_catalog.setval('public.rank_levels_id_seq', 13, true);


--
-- Name: support_supportchatmessage_id_seq; Type: SEQUENCE SET; Schema: public; Owner: postgres
--

SELECT pg_catalog.setval('public.support_supportchatmessage_id_seq', 41, true);


--
-- Name: support_supportchatthread_id_seq; Type: SEQUENCE SET; Schema: public; Owner: postgres
--

SELECT pg_catalog.setval('public.support_supportchatthread_id_seq', 23, true);


--
-- Name: support_supportlink_id_seq; Type: SEQUENCE SET; Schema: public; Owner: postgres
--

SELECT pg_catalog.setval('public.support_supportlink_id_seq', 4, true);


--
-- Name: transactions_id_seq; Type: SEQUENCE SET; Schema: public; Owner: postgres
--

SELECT pg_catalog.setval('public.transactions_id_seq', 2164, true);


--
-- Name: user_banks_id_seq; Type: SEQUENCE SET; Schema: public; Owner: postgres
--

SELECT pg_catalog.setval('public.user_banks_id_seq', 45, true);


--
-- Name: voucher_usages_id_seq; Type: SEQUENCE SET; Schema: public; Owner: postgres
--

SELECT pg_catalog.setval('public.voucher_usages_id_seq', 55, true);


--
-- Name: vouchers_id_seq; Type: SEQUENCE SET; Schema: public; Owner: postgres
--

SELECT pg_catalog.setval('public.vouchers_id_seq', 14, true);


--
-- Name: withdrawal_jayapay_id_seq; Type: SEQUENCE SET; Schema: public; Owner: postgres
--

SELECT pg_catalog.setval('public.withdrawal_jayapay_id_seq', 1, false);


--
-- Name: withdrawal_services_id_seq; Type: SEQUENCE SET; Schema: public; Owner: postgres
--

SELECT pg_catalog.setval('public.withdrawal_services_id_seq', 3, true);


--
-- Name: withdrawal_settings_id_seq; Type: SEQUENCE SET; Schema: public; Owner: postgres
--

SELECT pg_catalog.setval('public.withdrawal_settings_id_seq', 1, false);


--
-- Name: withdrawals_id_seq; Type: SEQUENCE SET; Schema: public; Owner: postgres
--

SELECT pg_catalog.setval('public.withdrawals_id_seq', 55, true);


--
-- Name: accounts_generalsetting accounts_generalsetting_pkey; Type: CONSTRAINT; Schema: public; Owner: postgres
--

ALTER TABLE ONLY public.accounts_generalsetting
    ADD CONSTRAINT accounts_generalsetting_pkey PRIMARY KEY (id);


--
-- Name: accounts_phoneotp accounts_phoneotp_phone_key; Type: CONSTRAINT; Schema: public; Owner: postgres
--

ALTER TABLE ONLY public.accounts_phoneotp
    ADD CONSTRAINT accounts_phoneotp_phone_key UNIQUE (phone);


--
-- Name: accounts_phoneotp accounts_phoneotp_pkey; Type: CONSTRAINT; Schema: public; Owner: postgres
--

ALTER TABLE ONLY public.accounts_phoneotp
    ADD CONSTRAINT accounts_phoneotp_pkey PRIMARY KEY (id);


--
-- Name: accounts_user accounts_user_email_key; Type: CONSTRAINT; Schema: public; Owner: postgres
--

ALTER TABLE ONLY public.accounts_user
    ADD CONSTRAINT accounts_user_email_key UNIQUE (email);


--
-- Name: accounts_user_groups accounts_user_groups_pkey; Type: CONSTRAINT; Schema: public; Owner: postgres
--

ALTER TABLE ONLY public.accounts_user_groups
    ADD CONSTRAINT accounts_user_groups_pkey PRIMARY KEY (id);


--
-- Name: accounts_user_groups accounts_user_groups_user_id_group_id_59c0b32f_uniq; Type: CONSTRAINT; Schema: public; Owner: postgres
--

ALTER TABLE ONLY public.accounts_user_groups
    ADD CONSTRAINT accounts_user_groups_user_id_group_id_59c0b32f_uniq UNIQUE (user_id, group_id);


--
-- Name: accounts_user accounts_user_phone_key; Type: CONSTRAINT; Schema: public; Owner: postgres
--

ALTER TABLE ONLY public.accounts_user
    ADD CONSTRAINT accounts_user_phone_key UNIQUE (phone);


--
-- Name: accounts_user accounts_user_pkey; Type: CONSTRAINT; Schema: public; Owner: postgres
--

ALTER TABLE ONLY public.accounts_user
    ADD CONSTRAINT accounts_user_pkey PRIMARY KEY (id);


--
-- Name: accounts_user accounts_user_referral_code_key; Type: CONSTRAINT; Schema: public; Owner: postgres
--

ALTER TABLE ONLY public.accounts_user
    ADD CONSTRAINT accounts_user_referral_code_key UNIQUE (referral_code);


--
-- Name: accounts_user_user_permissions accounts_user_user_permi_user_id_permission_id_2ab516c2_uniq; Type: CONSTRAINT; Schema: public; Owner: postgres
--

ALTER TABLE ONLY public.accounts_user_user_permissions
    ADD CONSTRAINT accounts_user_user_permi_user_id_permission_id_2ab516c2_uniq UNIQUE (user_id, permission_id);


--
-- Name: accounts_user_user_permissions accounts_user_user_permissions_pkey; Type: CONSTRAINT; Schema: public; Owner: postgres
--

ALTER TABLE ONLY public.accounts_user_user_permissions
    ADD CONSTRAINT accounts_user_user_permissions_pkey PRIMARY KEY (id);


--
-- Name: accounts_user accounts_user_username_key; Type: CONSTRAINT; Schema: public; Owner: postgres
--

ALTER TABLE ONLY public.accounts_user
    ADD CONSTRAINT accounts_user_username_key UNIQUE (username);


--
-- Name: accounts_useraddress accounts_useraddress_pkey; Type: CONSTRAINT; Schema: public; Owner: postgres
--

ALTER TABLE ONLY public.accounts_useraddress
    ADD CONSTRAINT accounts_useraddress_pkey PRIMARY KEY (id);


--
-- Name: attendance_logs attendance_logs_pkey; Type: CONSTRAINT; Schema: public; Owner: postgres
--

ALTER TABLE ONLY public.attendance_logs
    ADD CONSTRAINT attendance_logs_pkey PRIMARY KEY (id);


--
-- Name: attendance_settings attendance_settings_pkey; Type: CONSTRAINT; Schema: public; Owner: postgres
--

ALTER TABLE ONLY public.attendance_settings
    ADD CONSTRAINT attendance_settings_pkey PRIMARY KEY (id);


--
-- Name: auth_group auth_group_name_key; Type: CONSTRAINT; Schema: public; Owner: postgres
--

ALTER TABLE ONLY public.auth_group
    ADD CONSTRAINT auth_group_name_key UNIQUE (name);


--
-- Name: auth_group_permissions auth_group_permissions_group_id_permission_id_0cd325b0_uniq; Type: CONSTRAINT; Schema: public; Owner: postgres
--

ALTER TABLE ONLY public.auth_group_permissions
    ADD CONSTRAINT auth_group_permissions_group_id_permission_id_0cd325b0_uniq UNIQUE (group_id, permission_id);


--
-- Name: auth_group_permissions auth_group_permissions_pkey; Type: CONSTRAINT; Schema: public; Owner: postgres
--

ALTER TABLE ONLY public.auth_group_permissions
    ADD CONSTRAINT auth_group_permissions_pkey PRIMARY KEY (id);


--
-- Name: auth_group auth_group_pkey; Type: CONSTRAINT; Schema: public; Owner: postgres
--

ALTER TABLE ONLY public.auth_group
    ADD CONSTRAINT auth_group_pkey PRIMARY KEY (id);


--
-- Name: auth_permission auth_permission_content_type_id_codename_01ab375a_uniq; Type: CONSTRAINT; Schema: public; Owner: postgres
--

ALTER TABLE ONLY public.auth_permission
    ADD CONSTRAINT auth_permission_content_type_id_codename_01ab375a_uniq UNIQUE (content_type_id, codename);


--
-- Name: auth_permission auth_permission_pkey; Type: CONSTRAINT; Schema: public; Owner: postgres
--

ALTER TABLE ONLY public.auth_permission
    ADD CONSTRAINT auth_permission_pkey PRIMARY KEY (id);


--
-- Name: authtoken_token authtoken_token_pkey; Type: CONSTRAINT; Schema: public; Owner: postgres
--

ALTER TABLE ONLY public.authtoken_token
    ADD CONSTRAINT authtoken_token_pkey PRIMARY KEY (key);


--
-- Name: authtoken_token authtoken_token_user_id_key; Type: CONSTRAINT; Schema: public; Owner: postgres
--

ALTER TABLE ONLY public.authtoken_token
    ADD CONSTRAINT authtoken_token_user_id_key UNIQUE (user_id);


--
-- Name: bank_settings bank_settings_pkey; Type: CONSTRAINT; Schema: public; Owner: postgres
--

ALTER TABLE ONLY public.bank_settings
    ADD CONSTRAINT bank_settings_pkey PRIMARY KEY (id);


--
-- Name: banks banks_code_key; Type: CONSTRAINT; Schema: public; Owner: postgres
--

ALTER TABLE ONLY public.banks
    ADD CONSTRAINT banks_code_key UNIQUE (code);


--
-- Name: banks banks_pkey; Type: CONSTRAINT; Schema: public; Owner: postgres
--

ALTER TABLE ONLY public.banks
    ADD CONSTRAINT banks_pkey PRIMARY KEY (id);


--
-- Name: claim_history claim_history_investment_id_claim_number_a73b2e06_uniq; Type: CONSTRAINT; Schema: public; Owner: postgres
--

ALTER TABLE ONLY public.claim_history
    ADD CONSTRAINT claim_history_investment_id_claim_number_a73b2e06_uniq UNIQUE (investment_id, claim_number);


--
-- Name: claim_history claim_history_pkey; Type: CONSTRAINT; Schema: public; Owner: postgres
--

ALTER TABLE ONLY public.claim_history
    ADD CONSTRAINT claim_history_pkey PRIMARY KEY (id);


--
-- Name: deposits_gatewaysettings deposits_gatewaysettings_pkey; Type: CONSTRAINT; Schema: public; Owner: postgres
--

ALTER TABLE ONLY public.deposits_gatewaysettings
    ADD CONSTRAINT deposits_gatewaysettings_pkey PRIMARY KEY (id);


--
-- Name: deposits deposits_order_num_key; Type: CONSTRAINT; Schema: public; Owner: postgres
--

ALTER TABLE ONLY public.deposits
    ADD CONSTRAINT deposits_order_num_key UNIQUE (order_num);


--
-- Name: deposits deposits_pkey; Type: CONSTRAINT; Schema: public; Owner: postgres
--

ALTER TABLE ONLY public.deposits
    ADD CONSTRAINT deposits_pkey PRIMARY KEY (id);


--
-- Name: django_admin_log django_admin_log_pkey; Type: CONSTRAINT; Schema: public; Owner: postgres
--

ALTER TABLE ONLY public.django_admin_log
    ADD CONSTRAINT django_admin_log_pkey PRIMARY KEY (id);


--
-- Name: django_content_type django_content_type_app_label_model_76bd3d3b_uniq; Type: CONSTRAINT; Schema: public; Owner: postgres
--

ALTER TABLE ONLY public.django_content_type
    ADD CONSTRAINT django_content_type_app_label_model_76bd3d3b_uniq UNIQUE (app_label, model);


--
-- Name: django_content_type django_content_type_pkey; Type: CONSTRAINT; Schema: public; Owner: postgres
--

ALTER TABLE ONLY public.django_content_type
    ADD CONSTRAINT django_content_type_pkey PRIMARY KEY (id);


--
-- Name: django_migrations django_migrations_pkey; Type: CONSTRAINT; Schema: public; Owner: postgres
--

ALTER TABLE ONLY public.django_migrations
    ADD CONSTRAINT django_migrations_pkey PRIMARY KEY (id);


--
-- Name: django_session django_session_pkey; Type: CONSTRAINT; Schema: public; Owner: postgres
--

ALTER TABLE ONLY public.django_session
    ADD CONSTRAINT django_session_pkey PRIMARY KEY (session_key);


--
-- Name: investments investments_pkey; Type: CONSTRAINT; Schema: public; Owner: postgres
--

ALTER TABLE ONLY public.investments
    ADD CONSTRAINT investments_pkey PRIMARY KEY (id);


--
-- Name: mission_user_states mission_user_states_pkey; Type: CONSTRAINT; Schema: public; Owner: postgres
--

ALTER TABLE ONLY public.mission_user_states
    ADD CONSTRAINT mission_user_states_pkey PRIMARY KEY (id);


--
-- Name: mission_user_states mission_user_states_user_id_mission_id_3970c6ef_uniq; Type: CONSTRAINT; Schema: public; Owner: postgres
--

ALTER TABLE ONLY public.mission_user_states
    ADD CONSTRAINT mission_user_states_user_id_mission_id_3970c6ef_uniq UNIQUE (user_id, mission_id);


--
-- Name: missions missions_pkey; Type: CONSTRAINT; Schema: public; Owner: postgres
--

ALTER TABLE ONLY public.missions
    ADD CONSTRAINT missions_pkey PRIMARY KEY (id);


--
-- Name: news_news news_news_pkey; Type: CONSTRAINT; Schema: public; Owner: postgres
--

ALTER TABLE ONLY public.news_news
    ADD CONSTRAINT news_news_pkey PRIMARY KEY (id);


--
-- Name: news_news news_news_slug_key; Type: CONSTRAINT; Schema: public; Owner: postgres
--

ALTER TABLE ONLY public.news_news
    ADD CONSTRAINT news_news_slug_key UNIQUE (slug);


--
-- Name: products products_pkey; Type: CONSTRAINT; Schema: public; Owner: postgres
--

ALTER TABLE ONLY public.products
    ADD CONSTRAINT products_pkey PRIMARY KEY (id);


--
-- Name: rank_levels rank_levels_pkey; Type: CONSTRAINT; Schema: public; Owner: postgres
--

ALTER TABLE ONLY public.rank_levels
    ADD CONSTRAINT rank_levels_pkey PRIMARY KEY (id);


--
-- Name: rank_levels rank_levels_rank_key; Type: CONSTRAINT; Schema: public; Owner: postgres
--

ALTER TABLE ONLY public.rank_levels
    ADD CONSTRAINT rank_levels_rank_key UNIQUE (rank);


--
-- Name: support_supportchatmessage support_supportchatmessage_pkey; Type: CONSTRAINT; Schema: public; Owner: postgres
--

ALTER TABLE ONLY public.support_supportchatmessage
    ADD CONSTRAINT support_supportchatmessage_pkey PRIMARY KEY (id);


--
-- Name: support_supportchatthread support_supportchatthread_pkey; Type: CONSTRAINT; Schema: public; Owner: postgres
--

ALTER TABLE ONLY public.support_supportchatthread
    ADD CONSTRAINT support_supportchatthread_pkey PRIMARY KEY (id);


--
-- Name: support_supportlink support_supportlink_pkey; Type: CONSTRAINT; Schema: public; Owner: postgres
--

ALTER TABLE ONLY public.support_supportlink
    ADD CONSTRAINT support_supportlink_pkey PRIMARY KEY (id);


--
-- Name: transactions transactions_pkey; Type: CONSTRAINT; Schema: public; Owner: postgres
--

ALTER TABLE ONLY public.transactions
    ADD CONSTRAINT transactions_pkey PRIMARY KEY (id);


--
-- Name: transactions transactions_trx_id_key; Type: CONSTRAINT; Schema: public; Owner: postgres
--

ALTER TABLE ONLY public.transactions
    ADD CONSTRAINT transactions_trx_id_key UNIQUE (trx_id);


--
-- Name: user_banks unique_user_bank_combination; Type: CONSTRAINT; Schema: public; Owner: postgres
--

ALTER TABLE ONLY public.user_banks
    ADD CONSTRAINT unique_user_bank_combination UNIQUE (user_id, bank_id);


--
-- Name: attendance_logs unique_user_date_attendance; Type: CONSTRAINT; Schema: public; Owner: postgres
--

ALTER TABLE ONLY public.attendance_logs
    ADD CONSTRAINT unique_user_date_attendance UNIQUE (user_id, date);


--
-- Name: user_banks user_banks_pkey; Type: CONSTRAINT; Schema: public; Owner: postgres
--

ALTER TABLE ONLY public.user_banks
    ADD CONSTRAINT user_banks_pkey PRIMARY KEY (id);


--
-- Name: voucher_usages voucher_usages_pkey; Type: CONSTRAINT; Schema: public; Owner: postgres
--

ALTER TABLE ONLY public.voucher_usages
    ADD CONSTRAINT voucher_usages_pkey PRIMARY KEY (id);


--
-- Name: vouchers vouchers_code_key; Type: CONSTRAINT; Schema: public; Owner: postgres
--

ALTER TABLE ONLY public.vouchers
    ADD CONSTRAINT vouchers_code_key UNIQUE (code);


--
-- Name: vouchers vouchers_pkey; Type: CONSTRAINT; Schema: public; Owner: postgres
--

ALTER TABLE ONLY public.vouchers
    ADD CONSTRAINT vouchers_pkey PRIMARY KEY (id);


--
-- Name: withdrawal_jayapay withdrawal_jayapay_pkey; Type: CONSTRAINT; Schema: public; Owner: postgres
--

ALTER TABLE ONLY public.withdrawal_jayapay
    ADD CONSTRAINT withdrawal_jayapay_pkey PRIMARY KEY (id);


--
-- Name: withdrawal_jayapay withdrawal_jayapay_withdrawal_id_key; Type: CONSTRAINT; Schema: public; Owner: postgres
--

ALTER TABLE ONLY public.withdrawal_jayapay
    ADD CONSTRAINT withdrawal_jayapay_withdrawal_id_key UNIQUE (withdrawal_id);


--
-- Name: withdrawal_services withdrawal_services_pkey; Type: CONSTRAINT; Schema: public; Owner: postgres
--

ALTER TABLE ONLY public.withdrawal_services
    ADD CONSTRAINT withdrawal_services_pkey PRIMARY KEY (id);


--
-- Name: withdrawal_settings withdrawal_settings_pkey; Type: CONSTRAINT; Schema: public; Owner: postgres
--

ALTER TABLE ONLY public.withdrawal_settings
    ADD CONSTRAINT withdrawal_settings_pkey PRIMARY KEY (id);


--
-- Name: withdrawals withdrawals_pkey; Type: CONSTRAINT; Schema: public; Owner: postgres
--

ALTER TABLE ONLY public.withdrawals
    ADD CONSTRAINT withdrawals_pkey PRIMARY KEY (id);


--
-- Name: accounts_phoneotp_phone_edf50850_like; Type: INDEX; Schema: public; Owner: postgres
--

CREATE INDEX accounts_phoneotp_phone_edf50850_like ON public.accounts_phoneotp USING btree (phone varchar_pattern_ops);


--
-- Name: accounts_user_email_b2644a56_like; Type: INDEX; Schema: public; Owner: postgres
--

CREATE INDEX accounts_user_email_b2644a56_like ON public.accounts_user USING btree (email varchar_pattern_ops);


--
-- Name: accounts_user_groups_group_id_bd11a704; Type: INDEX; Schema: public; Owner: postgres
--

CREATE INDEX accounts_user_groups_group_id_bd11a704 ON public.accounts_user_groups USING btree (group_id);


--
-- Name: accounts_user_groups_user_id_52b62117; Type: INDEX; Schema: public; Owner: postgres
--

CREATE INDEX accounts_user_groups_user_id_52b62117 ON public.accounts_user_groups USING btree (user_id);


--
-- Name: accounts_user_phone_c603acdd_like; Type: INDEX; Schema: public; Owner: postgres
--

CREATE INDEX accounts_user_phone_c603acdd_like ON public.accounts_user USING btree (phone varchar_pattern_ops);


--
-- Name: accounts_user_referral_by_id_a5a4c579; Type: INDEX; Schema: public; Owner: postgres
--

CREATE INDEX accounts_user_referral_by_id_a5a4c579 ON public.accounts_user USING btree (referral_by_id);


--
-- Name: accounts_user_referral_code_3613e89e_like; Type: INDEX; Schema: public; Owner: postgres
--

CREATE INDEX accounts_user_referral_code_3613e89e_like ON public.accounts_user USING btree (referral_code varchar_pattern_ops);


--
-- Name: accounts_user_user_permissions_permission_id_113bb443; Type: INDEX; Schema: public; Owner: postgres
--

CREATE INDEX accounts_user_user_permissions_permission_id_113bb443 ON public.accounts_user_user_permissions USING btree (permission_id);


--
-- Name: accounts_user_user_permissions_user_id_e4f0a161; Type: INDEX; Schema: public; Owner: postgres
--

CREATE INDEX accounts_user_user_permissions_user_id_e4f0a161 ON public.accounts_user_user_permissions USING btree (user_id);


--
-- Name: accounts_user_username_6088629e_like; Type: INDEX; Schema: public; Owner: postgres
--

CREATE INDEX accounts_user_username_6088629e_like ON public.accounts_user USING btree (username varchar_pattern_ops);


--
-- Name: accounts_useraddress_user_id_5348f16c; Type: INDEX; Schema: public; Owner: postgres
--

CREATE INDEX accounts_useraddress_user_id_5348f16c ON public.accounts_useraddress USING btree (user_id);


--
-- Name: attendance_logs_user_id_6910cf35; Type: INDEX; Schema: public; Owner: postgres
--

CREATE INDEX attendance_logs_user_id_6910cf35 ON public.attendance_logs USING btree (user_id);


--
-- Name: auth_group_name_a6ea08ec_like; Type: INDEX; Schema: public; Owner: postgres
--

CREATE INDEX auth_group_name_a6ea08ec_like ON public.auth_group USING btree (name varchar_pattern_ops);


--
-- Name: auth_group_permissions_group_id_b120cbf9; Type: INDEX; Schema: public; Owner: postgres
--

CREATE INDEX auth_group_permissions_group_id_b120cbf9 ON public.auth_group_permissions USING btree (group_id);


--
-- Name: auth_group_permissions_permission_id_84c5c92e; Type: INDEX; Schema: public; Owner: postgres
--

CREATE INDEX auth_group_permissions_permission_id_84c5c92e ON public.auth_group_permissions USING btree (permission_id);


--
-- Name: auth_permission_content_type_id_2f476e4b; Type: INDEX; Schema: public; Owner: postgres
--

CREATE INDEX auth_permission_content_type_id_2f476e4b ON public.auth_permission USING btree (content_type_id);


--
-- Name: authtoken_token_key_10f0b77e_like; Type: INDEX; Schema: public; Owner: postgres
--

CREATE INDEX authtoken_token_key_10f0b77e_like ON public.authtoken_token USING btree (key varchar_pattern_ops);


--
-- Name: banks_code_91603e83_like; Type: INDEX; Schema: public; Owner: postgres
--

CREATE INDEX banks_code_91603e83_like ON public.banks USING btree (code varchar_pattern_ops);


--
-- Name: claim_history_investment_id_097f58b7; Type: INDEX; Schema: public; Owner: postgres
--

CREATE INDEX claim_history_investment_id_097f58b7 ON public.claim_history USING btree (investment_id);


--
-- Name: claim_history_transaction_id_b73db819; Type: INDEX; Schema: public; Owner: postgres
--

CREATE INDEX claim_history_transaction_id_b73db819 ON public.claim_history USING btree (transaction_id);


--
-- Name: claim_history_user_id_7d5c22fc; Type: INDEX; Schema: public; Owner: postgres
--

CREATE INDEX claim_history_user_id_7d5c22fc ON public.claim_history USING btree (user_id);


--
-- Name: deposits_order_num_e1e24968_like; Type: INDEX; Schema: public; Owner: postgres
--

CREATE INDEX deposits_order_num_e1e24968_like ON public.deposits USING btree (order_num varchar_pattern_ops);


--
-- Name: deposits_transaction_id_0c0da442; Type: INDEX; Schema: public; Owner: postgres
--

CREATE INDEX deposits_transaction_id_0c0da442 ON public.deposits USING btree (transaction_id);


--
-- Name: deposits_user_id_437dc111; Type: INDEX; Schema: public; Owner: postgres
--

CREATE INDEX deposits_user_id_437dc111 ON public.deposits USING btree (user_id);


--
-- Name: django_admin_log_content_type_id_c4bce8eb; Type: INDEX; Schema: public; Owner: postgres
--

CREATE INDEX django_admin_log_content_type_id_c4bce8eb ON public.django_admin_log USING btree (content_type_id);


--
-- Name: django_admin_log_user_id_c564eba6; Type: INDEX; Schema: public; Owner: postgres
--

CREATE INDEX django_admin_log_user_id_c564eba6 ON public.django_admin_log USING btree (user_id);


--
-- Name: django_session_expire_date_a5c62663; Type: INDEX; Schema: public; Owner: postgres
--

CREATE INDEX django_session_expire_date_a5c62663 ON public.django_session USING btree (expire_date);


--
-- Name: django_session_session_key_c0390e0f_like; Type: INDEX; Schema: public; Owner: postgres
--

CREATE INDEX django_session_session_key_c0390e0f_like ON public.django_session USING btree (session_key varchar_pattern_ops);


--
-- Name: investments_product_id_ccbd4c74; Type: INDEX; Schema: public; Owner: postgres
--

CREATE INDEX investments_product_id_ccbd4c74 ON public.investments USING btree (product_id);


--
-- Name: investments_transaction_id_28987300; Type: INDEX; Schema: public; Owner: postgres
--

CREATE INDEX investments_transaction_id_28987300 ON public.investments USING btree (transaction_id);


--
-- Name: investments_user_id_c642b863; Type: INDEX; Schema: public; Owner: postgres
--

CREATE INDEX investments_user_id_c642b863 ON public.investments USING btree (user_id);


--
-- Name: mission_user_states_mission_id_9c88bc39; Type: INDEX; Schema: public; Owner: postgres
--

CREATE INDEX mission_user_states_mission_id_9c88bc39 ON public.mission_user_states USING btree (mission_id);


--
-- Name: mission_user_states_user_id_55e31f2f; Type: INDEX; Schema: public; Owner: postgres
--

CREATE INDEX mission_user_states_user_id_55e31f2f ON public.mission_user_states USING btree (user_id);


--
-- Name: news_news_slug_2b9132f1_like; Type: INDEX; Schema: public; Owner: postgres
--

CREATE INDEX news_news_slug_2b9132f1_like ON public.news_news USING btree (slug varchar_pattern_ops);


--
-- Name: support_supportchatmessage_sender_user_id_3f4f5dd3; Type: INDEX; Schema: public; Owner: postgres
--

CREATE INDEX support_supportchatmessage_sender_user_id_3f4f5dd3 ON public.support_supportchatmessage USING btree (sender_user_id);


--
-- Name: support_supportchatmessage_thread_id_80d96895; Type: INDEX; Schema: public; Owner: postgres
--

CREATE INDEX support_supportchatmessage_thread_id_80d96895 ON public.support_supportchatmessage USING btree (thread_id);


--
-- Name: support_supportchatthread_user_id_ed2cdead; Type: INDEX; Schema: public; Owner: postgres
--

CREATE INDEX support_supportchatthread_user_id_ed2cdead ON public.support_supportchatthread USING btree (user_id);


--
-- Name: transactions_created_at_3143a260; Type: INDEX; Schema: public; Owner: postgres
--

CREATE INDEX transactions_created_at_3143a260 ON public.transactions USING btree (created_at);


--
-- Name: transactions_product_id_b82fbdba; Type: INDEX; Schema: public; Owner: postgres
--

CREATE INDEX transactions_product_id_b82fbdba ON public.transactions USING btree (product_id);


--
-- Name: transactions_related_transaction_id_f6dce13d; Type: INDEX; Schema: public; Owner: postgres
--

CREATE INDEX transactions_related_transaction_id_f6dce13d ON public.transactions USING btree (related_transaction_id);


--
-- Name: transactions_trx_id_1160859c_like; Type: INDEX; Schema: public; Owner: postgres
--

CREATE INDEX transactions_trx_id_1160859c_like ON public.transactions USING btree (trx_id varchar_pattern_ops);


--
-- Name: transactions_upline_user_id_0de0709a; Type: INDEX; Schema: public; Owner: postgres
--

CREATE INDEX transactions_upline_user_id_0de0709a ON public.transactions USING btree (upline_user_id);


--
-- Name: transactions_user_id_766cc893; Type: INDEX; Schema: public; Owner: postgres
--

CREATE INDEX transactions_user_id_766cc893 ON public.transactions USING btree (user_id);


--
-- Name: trx_type_idx; Type: INDEX; Schema: public; Owner: postgres
--

CREATE INDEX trx_type_idx ON public.transactions USING btree (type);


--
-- Name: trx_upline_type_idx; Type: INDEX; Schema: public; Owner: postgres
--

CREATE INDEX trx_upline_type_idx ON public.transactions USING btree (upline_user_id, type);


--
-- Name: trx_user_type_stat_cr_idx; Type: INDEX; Schema: public; Owner: postgres
--

CREATE INDEX trx_user_type_stat_cr_idx ON public.transactions USING btree (user_id, type, status, created_at);


--
-- Name: trx_wallet_type_idx; Type: INDEX; Schema: public; Owner: postgres
--

CREATE INDEX trx_wallet_type_idx ON public.transactions USING btree (wallet_type);


--
-- Name: unique_default_bank_per_user; Type: INDEX; Schema: public; Owner: postgres
--

CREATE UNIQUE INDEX unique_default_bank_per_user ON public.user_banks USING btree (user_id) WHERE is_default;


--
-- Name: user_banks_bank_id_02ef65ce; Type: INDEX; Schema: public; Owner: postgres
--

CREATE INDEX user_banks_bank_id_02ef65ce ON public.user_banks USING btree (bank_id);


--
-- Name: user_banks_user_id_f462cb60; Type: INDEX; Schema: public; Owner: postgres
--

CREATE INDEX user_banks_user_id_f462cb60 ON public.user_banks USING btree (user_id);


--
-- Name: voucher_usages_transaction_id_db1862fb; Type: INDEX; Schema: public; Owner: postgres
--

CREATE INDEX voucher_usages_transaction_id_db1862fb ON public.voucher_usages USING btree (transaction_id);


--
-- Name: voucher_usages_user_id_77b95d1c; Type: INDEX; Schema: public; Owner: postgres
--

CREATE INDEX voucher_usages_user_id_77b95d1c ON public.voucher_usages USING btree (user_id);


--
-- Name: voucher_usages_voucher_id_717e9ac6; Type: INDEX; Schema: public; Owner: postgres
--

CREATE INDEX voucher_usages_voucher_id_717e9ac6 ON public.voucher_usages USING btree (voucher_id);


--
-- Name: vouchers_code_55f32f4c_like; Type: INDEX; Schema: public; Owner: postgres
--

CREATE INDEX vouchers_code_55f32f4c_like ON public.vouchers USING btree (code varchar_pattern_ops);


--
-- Name: withdrawal_settings_required_product_id_b3a97a5a; Type: INDEX; Schema: public; Owner: postgres
--

CREATE INDEX withdrawal_settings_required_product_id_b3a97a5a ON public.withdrawal_settings USING btree (required_product_id);


--
-- Name: withdrawals_bank_account_id_08139113; Type: INDEX; Schema: public; Owner: postgres
--

CREATE INDEX withdrawals_bank_account_id_08139113 ON public.withdrawals USING btree (bank_account_id);


--
-- Name: withdrawals_transaction_id_8c683100; Type: INDEX; Schema: public; Owner: postgres
--

CREATE INDEX withdrawals_transaction_id_8c683100 ON public.withdrawals USING btree (transaction_id);


--
-- Name: withdrawals_user_id_2bbaba4d; Type: INDEX; Schema: public; Owner: postgres
--

CREATE INDEX withdrawals_user_id_2bbaba4d ON public.withdrawals USING btree (user_id);


--
-- Name: withdrawals_withdrawal_service_id_6b45f209; Type: INDEX; Schema: public; Owner: postgres
--

CREATE INDEX withdrawals_withdrawal_service_id_6b45f209 ON public.withdrawals USING btree (withdrawal_service_id);


--
-- Name: accounts_user_groups accounts_user_groups_group_id_bd11a704_fk_auth_group_id; Type: FK CONSTRAINT; Schema: public; Owner: postgres
--

ALTER TABLE ONLY public.accounts_user_groups
    ADD CONSTRAINT accounts_user_groups_group_id_bd11a704_fk_auth_group_id FOREIGN KEY (group_id) REFERENCES public.auth_group(id) DEFERRABLE INITIALLY DEFERRED;


--
-- Name: accounts_user_groups accounts_user_groups_user_id_52b62117_fk_accounts_user_id; Type: FK CONSTRAINT; Schema: public; Owner: postgres
--

ALTER TABLE ONLY public.accounts_user_groups
    ADD CONSTRAINT accounts_user_groups_user_id_52b62117_fk_accounts_user_id FOREIGN KEY (user_id) REFERENCES public.accounts_user(id) DEFERRABLE INITIALLY DEFERRED;


--
-- Name: accounts_user accounts_user_referral_by_id_a5a4c579_fk_accounts_user_id; Type: FK CONSTRAINT; Schema: public; Owner: postgres
--

ALTER TABLE ONLY public.accounts_user
    ADD CONSTRAINT accounts_user_referral_by_id_a5a4c579_fk_accounts_user_id FOREIGN KEY (referral_by_id) REFERENCES public.accounts_user(id) DEFERRABLE INITIALLY DEFERRED;


--
-- Name: accounts_user_user_permissions accounts_user_user_p_permission_id_113bb443_fk_auth_perm; Type: FK CONSTRAINT; Schema: public; Owner: postgres
--

ALTER TABLE ONLY public.accounts_user_user_permissions
    ADD CONSTRAINT accounts_user_user_p_permission_id_113bb443_fk_auth_perm FOREIGN KEY (permission_id) REFERENCES public.auth_permission(id) DEFERRABLE INITIALLY DEFERRED;


--
-- Name: accounts_user_user_permissions accounts_user_user_p_user_id_e4f0a161_fk_accounts_; Type: FK CONSTRAINT; Schema: public; Owner: postgres
--

ALTER TABLE ONLY public.accounts_user_user_permissions
    ADD CONSTRAINT accounts_user_user_p_user_id_e4f0a161_fk_accounts_ FOREIGN KEY (user_id) REFERENCES public.accounts_user(id) DEFERRABLE INITIALLY DEFERRED;


--
-- Name: accounts_useraddress accounts_useraddress_user_id_5348f16c_fk_accounts_user_id; Type: FK CONSTRAINT; Schema: public; Owner: postgres
--

ALTER TABLE ONLY public.accounts_useraddress
    ADD CONSTRAINT accounts_useraddress_user_id_5348f16c_fk_accounts_user_id FOREIGN KEY (user_id) REFERENCES public.accounts_user(id) DEFERRABLE INITIALLY DEFERRED;


--
-- Name: attendance_logs attendance_logs_user_id_6910cf35_fk_accounts_user_id; Type: FK CONSTRAINT; Schema: public; Owner: postgres
--

ALTER TABLE ONLY public.attendance_logs
    ADD CONSTRAINT attendance_logs_user_id_6910cf35_fk_accounts_user_id FOREIGN KEY (user_id) REFERENCES public.accounts_user(id) DEFERRABLE INITIALLY DEFERRED;


--
-- Name: auth_group_permissions auth_group_permissio_permission_id_84c5c92e_fk_auth_perm; Type: FK CONSTRAINT; Schema: public; Owner: postgres
--

ALTER TABLE ONLY public.auth_group_permissions
    ADD CONSTRAINT auth_group_permissio_permission_id_84c5c92e_fk_auth_perm FOREIGN KEY (permission_id) REFERENCES public.auth_permission(id) DEFERRABLE INITIALLY DEFERRED;


--
-- Name: auth_group_permissions auth_group_permissions_group_id_b120cbf9_fk_auth_group_id; Type: FK CONSTRAINT; Schema: public; Owner: postgres
--

ALTER TABLE ONLY public.auth_group_permissions
    ADD CONSTRAINT auth_group_permissions_group_id_b120cbf9_fk_auth_group_id FOREIGN KEY (group_id) REFERENCES public.auth_group(id) DEFERRABLE INITIALLY DEFERRED;


--
-- Name: auth_permission auth_permission_content_type_id_2f476e4b_fk_django_co; Type: FK CONSTRAINT; Schema: public; Owner: postgres
--

ALTER TABLE ONLY public.auth_permission
    ADD CONSTRAINT auth_permission_content_type_id_2f476e4b_fk_django_co FOREIGN KEY (content_type_id) REFERENCES public.django_content_type(id) DEFERRABLE INITIALLY DEFERRED;


--
-- Name: authtoken_token authtoken_token_user_id_35299eff_fk_accounts_user_id; Type: FK CONSTRAINT; Schema: public; Owner: postgres
--

ALTER TABLE ONLY public.authtoken_token
    ADD CONSTRAINT authtoken_token_user_id_35299eff_fk_accounts_user_id FOREIGN KEY (user_id) REFERENCES public.accounts_user(id) DEFERRABLE INITIALLY DEFERRED;


--
-- Name: claim_history claim_history_investment_id_097f58b7_fk_investments_id; Type: FK CONSTRAINT; Schema: public; Owner: postgres
--

ALTER TABLE ONLY public.claim_history
    ADD CONSTRAINT claim_history_investment_id_097f58b7_fk_investments_id FOREIGN KEY (investment_id) REFERENCES public.investments(id) DEFERRABLE INITIALLY DEFERRED;


--
-- Name: claim_history claim_history_transaction_id_b73db819_fk_transactions_id; Type: FK CONSTRAINT; Schema: public; Owner: postgres
--

ALTER TABLE ONLY public.claim_history
    ADD CONSTRAINT claim_history_transaction_id_b73db819_fk_transactions_id FOREIGN KEY (transaction_id) REFERENCES public.transactions(id) DEFERRABLE INITIALLY DEFERRED;


--
-- Name: claim_history claim_history_user_id_7d5c22fc_fk_accounts_user_id; Type: FK CONSTRAINT; Schema: public; Owner: postgres
--

ALTER TABLE ONLY public.claim_history
    ADD CONSTRAINT claim_history_user_id_7d5c22fc_fk_accounts_user_id FOREIGN KEY (user_id) REFERENCES public.accounts_user(id) DEFERRABLE INITIALLY DEFERRED;


--
-- Name: deposits deposits_transaction_id_0c0da442_fk_transactions_id; Type: FK CONSTRAINT; Schema: public; Owner: postgres
--

ALTER TABLE ONLY public.deposits
    ADD CONSTRAINT deposits_transaction_id_0c0da442_fk_transactions_id FOREIGN KEY (transaction_id) REFERENCES public.transactions(id) DEFERRABLE INITIALLY DEFERRED;


--
-- Name: deposits deposits_user_id_437dc111_fk_accounts_user_id; Type: FK CONSTRAINT; Schema: public; Owner: postgres
--

ALTER TABLE ONLY public.deposits
    ADD CONSTRAINT deposits_user_id_437dc111_fk_accounts_user_id FOREIGN KEY (user_id) REFERENCES public.accounts_user(id) DEFERRABLE INITIALLY DEFERRED;


--
-- Name: django_admin_log django_admin_log_content_type_id_c4bce8eb_fk_django_co; Type: FK CONSTRAINT; Schema: public; Owner: postgres
--

ALTER TABLE ONLY public.django_admin_log
    ADD CONSTRAINT django_admin_log_content_type_id_c4bce8eb_fk_django_co FOREIGN KEY (content_type_id) REFERENCES public.django_content_type(id) DEFERRABLE INITIALLY DEFERRED;


--
-- Name: django_admin_log django_admin_log_user_id_c564eba6_fk_accounts_user_id; Type: FK CONSTRAINT; Schema: public; Owner: postgres
--

ALTER TABLE ONLY public.django_admin_log
    ADD CONSTRAINT django_admin_log_user_id_c564eba6_fk_accounts_user_id FOREIGN KEY (user_id) REFERENCES public.accounts_user(id) DEFERRABLE INITIALLY DEFERRED;


--
-- Name: investments investments_product_id_ccbd4c74_fk_products_id; Type: FK CONSTRAINT; Schema: public; Owner: postgres
--

ALTER TABLE ONLY public.investments
    ADD CONSTRAINT investments_product_id_ccbd4c74_fk_products_id FOREIGN KEY (product_id) REFERENCES public.products(id) DEFERRABLE INITIALLY DEFERRED;


--
-- Name: investments investments_transaction_id_28987300_fk_transactions_id; Type: FK CONSTRAINT; Schema: public; Owner: postgres
--

ALTER TABLE ONLY public.investments
    ADD CONSTRAINT investments_transaction_id_28987300_fk_transactions_id FOREIGN KEY (transaction_id) REFERENCES public.transactions(id) DEFERRABLE INITIALLY DEFERRED;


--
-- Name: investments investments_user_id_c642b863_fk_accounts_user_id; Type: FK CONSTRAINT; Schema: public; Owner: postgres
--

ALTER TABLE ONLY public.investments
    ADD CONSTRAINT investments_user_id_c642b863_fk_accounts_user_id FOREIGN KEY (user_id) REFERENCES public.accounts_user(id) DEFERRABLE INITIALLY DEFERRED;


--
-- Name: mission_user_states mission_user_states_mission_id_9c88bc39_fk_missions_id; Type: FK CONSTRAINT; Schema: public; Owner: postgres
--

ALTER TABLE ONLY public.mission_user_states
    ADD CONSTRAINT mission_user_states_mission_id_9c88bc39_fk_missions_id FOREIGN KEY (mission_id) REFERENCES public.missions(id) DEFERRABLE INITIALLY DEFERRED;


--
-- Name: mission_user_states mission_user_states_user_id_55e31f2f_fk_accounts_user_id; Type: FK CONSTRAINT; Schema: public; Owner: postgres
--

ALTER TABLE ONLY public.mission_user_states
    ADD CONSTRAINT mission_user_states_user_id_55e31f2f_fk_accounts_user_id FOREIGN KEY (user_id) REFERENCES public.accounts_user(id) DEFERRABLE INITIALLY DEFERRED;


--
-- Name: support_supportchatmessage support_supportchatm_sender_user_id_3f4f5dd3_fk_accounts_; Type: FK CONSTRAINT; Schema: public; Owner: postgres
--

ALTER TABLE ONLY public.support_supportchatmessage
    ADD CONSTRAINT support_supportchatm_sender_user_id_3f4f5dd3_fk_accounts_ FOREIGN KEY (sender_user_id) REFERENCES public.accounts_user(id) DEFERRABLE INITIALLY DEFERRED;


--
-- Name: support_supportchatmessage support_supportchatm_thread_id_80d96895_fk_support_s; Type: FK CONSTRAINT; Schema: public; Owner: postgres
--

ALTER TABLE ONLY public.support_supportchatmessage
    ADD CONSTRAINT support_supportchatm_thread_id_80d96895_fk_support_s FOREIGN KEY (thread_id) REFERENCES public.support_supportchatthread(id) DEFERRABLE INITIALLY DEFERRED;


--
-- Name: support_supportchatthread support_supportchatthread_user_id_ed2cdead_fk_accounts_user_id; Type: FK CONSTRAINT; Schema: public; Owner: postgres
--

ALTER TABLE ONLY public.support_supportchatthread
    ADD CONSTRAINT support_supportchatthread_user_id_ed2cdead_fk_accounts_user_id FOREIGN KEY (user_id) REFERENCES public.accounts_user(id) DEFERRABLE INITIALLY DEFERRED;


--
-- Name: transactions transactions_product_id_b82fbdba_fk_products_id; Type: FK CONSTRAINT; Schema: public; Owner: postgres
--

ALTER TABLE ONLY public.transactions
    ADD CONSTRAINT transactions_product_id_b82fbdba_fk_products_id FOREIGN KEY (product_id) REFERENCES public.products(id) DEFERRABLE INITIALLY DEFERRED;


--
-- Name: transactions transactions_related_transaction_id_f6dce13d_fk_transactions_id; Type: FK CONSTRAINT; Schema: public; Owner: postgres
--

ALTER TABLE ONLY public.transactions
    ADD CONSTRAINT transactions_related_transaction_id_f6dce13d_fk_transactions_id FOREIGN KEY (related_transaction_id) REFERENCES public.transactions(id) DEFERRABLE INITIALLY DEFERRED;


--
-- Name: transactions transactions_upline_user_id_0de0709a_fk_accounts_user_id; Type: FK CONSTRAINT; Schema: public; Owner: postgres
--

ALTER TABLE ONLY public.transactions
    ADD CONSTRAINT transactions_upline_user_id_0de0709a_fk_accounts_user_id FOREIGN KEY (upline_user_id) REFERENCES public.accounts_user(id) DEFERRABLE INITIALLY DEFERRED;


--
-- Name: transactions transactions_user_id_766cc893_fk_accounts_user_id; Type: FK CONSTRAINT; Schema: public; Owner: postgres
--

ALTER TABLE ONLY public.transactions
    ADD CONSTRAINT transactions_user_id_766cc893_fk_accounts_user_id FOREIGN KEY (user_id) REFERENCES public.accounts_user(id) DEFERRABLE INITIALLY DEFERRED;


--
-- Name: user_banks user_banks_bank_id_02ef65ce_fk_banks_id; Type: FK CONSTRAINT; Schema: public; Owner: postgres
--

ALTER TABLE ONLY public.user_banks
    ADD CONSTRAINT user_banks_bank_id_02ef65ce_fk_banks_id FOREIGN KEY (bank_id) REFERENCES public.banks(id) DEFERRABLE INITIALLY DEFERRED;


--
-- Name: user_banks user_banks_user_id_f462cb60_fk_accounts_user_id; Type: FK CONSTRAINT; Schema: public; Owner: postgres
--

ALTER TABLE ONLY public.user_banks
    ADD CONSTRAINT user_banks_user_id_f462cb60_fk_accounts_user_id FOREIGN KEY (user_id) REFERENCES public.accounts_user(id) DEFERRABLE INITIALLY DEFERRED;


--
-- Name: voucher_usages voucher_usages_transaction_id_db1862fb_fk_transactions_id; Type: FK CONSTRAINT; Schema: public; Owner: postgres
--

ALTER TABLE ONLY public.voucher_usages
    ADD CONSTRAINT voucher_usages_transaction_id_db1862fb_fk_transactions_id FOREIGN KEY (transaction_id) REFERENCES public.transactions(id) DEFERRABLE INITIALLY DEFERRED;


--
-- Name: voucher_usages voucher_usages_user_id_77b95d1c_fk_accounts_user_id; Type: FK CONSTRAINT; Schema: public; Owner: postgres
--

ALTER TABLE ONLY public.voucher_usages
    ADD CONSTRAINT voucher_usages_user_id_77b95d1c_fk_accounts_user_id FOREIGN KEY (user_id) REFERENCES public.accounts_user(id) DEFERRABLE INITIALLY DEFERRED;


--
-- Name: voucher_usages voucher_usages_voucher_id_717e9ac6_fk_vouchers_id; Type: FK CONSTRAINT; Schema: public; Owner: postgres
--

ALTER TABLE ONLY public.voucher_usages
    ADD CONSTRAINT voucher_usages_voucher_id_717e9ac6_fk_vouchers_id FOREIGN KEY (voucher_id) REFERENCES public.vouchers(id) DEFERRABLE INITIALLY DEFERRED;


--
-- Name: withdrawal_jayapay withdrawal_jayapay_withdrawal_id_cda2e873_fk_withdrawals_id; Type: FK CONSTRAINT; Schema: public; Owner: postgres
--

ALTER TABLE ONLY public.withdrawal_jayapay
    ADD CONSTRAINT withdrawal_jayapay_withdrawal_id_cda2e873_fk_withdrawals_id FOREIGN KEY (withdrawal_id) REFERENCES public.withdrawals(id) DEFERRABLE INITIALLY DEFERRED;


--
-- Name: withdrawal_settings withdrawal_settings_required_product_id_b3a97a5a_fk_products_id; Type: FK CONSTRAINT; Schema: public; Owner: postgres
--

ALTER TABLE ONLY public.withdrawal_settings
    ADD CONSTRAINT withdrawal_settings_required_product_id_b3a97a5a_fk_products_id FOREIGN KEY (required_product_id) REFERENCES public.products(id) DEFERRABLE INITIALLY DEFERRED;


--
-- Name: withdrawals withdrawals_bank_account_id_08139113_fk_user_banks_id; Type: FK CONSTRAINT; Schema: public; Owner: postgres
--

ALTER TABLE ONLY public.withdrawals
    ADD CONSTRAINT withdrawals_bank_account_id_08139113_fk_user_banks_id FOREIGN KEY (bank_account_id) REFERENCES public.user_banks(id) DEFERRABLE INITIALLY DEFERRED;


--
-- Name: withdrawals withdrawals_transaction_id_8c683100_fk_transactions_id; Type: FK CONSTRAINT; Schema: public; Owner: postgres
--

ALTER TABLE ONLY public.withdrawals
    ADD CONSTRAINT withdrawals_transaction_id_8c683100_fk_transactions_id FOREIGN KEY (transaction_id) REFERENCES public.transactions(id) DEFERRABLE INITIALLY DEFERRED;


--
-- Name: withdrawals withdrawals_user_id_2bbaba4d_fk_accounts_user_id; Type: FK CONSTRAINT; Schema: public; Owner: postgres
--

ALTER TABLE ONLY public.withdrawals
    ADD CONSTRAINT withdrawals_user_id_2bbaba4d_fk_accounts_user_id FOREIGN KEY (user_id) REFERENCES public.accounts_user(id) DEFERRABLE INITIALLY DEFERRED;


--
-- Name: withdrawals withdrawals_withdrawal_service_i_6b45f209_fk_withdrawa; Type: FK CONSTRAINT; Schema: public; Owner: postgres
--

ALTER TABLE ONLY public.withdrawals
    ADD CONSTRAINT withdrawals_withdrawal_service_i_6b45f209_fk_withdrawa FOREIGN KEY (withdrawal_service_id) REFERENCES public.withdrawal_services(id) DEFERRABLE INITIALLY DEFERRED;


--
-- PostgreSQL database dump complete
--

\unrestrict HZfYcssM0u1frqUVTIbNCHp2Vl37ndYETd6QRbbF96mT1awiGlPFsBdaqZMgdrR

